caller_entry,caller_name,callee_entry,callee_name
"00100250","FUN_00100250","0010cd50","FUN_0010cd50"
"00100250","FUN_00100250","0053bfa0","FUN_0053bfa0"
"00100250","FUN_00100250","0054dfe0","FUN_0054dfe0"
"00100780","FUN_00100780","00100230","thunk_FUN_0053bfe0"
"00100780","FUN_00100780","00100240","thunk_FUN_0053bfc0"
"00100780","FUN_00100780","001015f0","FUN_001015f0"
"00100780","FUN_00100780","0010d2c0","FUN_0010d2c0"
"00100d20","FUN_00100d20","00100230","thunk_FUN_0053bfe0"
"00100f00","FUN_00100f00","00100230","thunk_FUN_0053bfe0"
"00100f00","FUN_00100f00","00100240","thunk_FUN_0053bfc0"
"00100f00","FUN_00100f00","001015f0","FUN_001015f0"
"00100f00","FUN_00100f00","0010d2c0","FUN_0010d2c0"
"00100fd0","FUN_00100fd0","00100230","thunk_FUN_0053bfe0"
"00100fd0","FUN_00100fd0","00100240","thunk_FUN_0053bfc0"
"00100fd0","FUN_00100fd0","0010dd70","FUN_0010dd70"
"00101670","FUN_00101670","00101d00","FUN_00101d00"
"001016c0","FUN_001016c0","00101d30","FUN_00101d30"
"001018e0","FUN_001018e0","00100230","thunk_FUN_0053bfe0"
"001018e0","FUN_001018e0","00100240","thunk_FUN_0053bfc0"
"001018e0","FUN_001018e0","0010d2c0","FUN_0010d2c0"
"00101be0","FUN_00101be0","00100230","thunk_FUN_0053bfe0"
"00101be0","FUN_00101be0","00100240","thunk_FUN_0053bfc0"
"00101be0","FUN_00101be0","0010d2c0","FUN_0010d2c0"
"00101d50","FUN_00101d50","0010ab60","FUN_0010ab60"
"00101d50","FUN_00101d50","004d67d0","FUN_004d67d0"
"00101db0","FUN_00101db0","00111f30","FUN_00111f30"
"00101db0","FUN_00101db0","004d67d0","FUN_004d67d0"
"00101e00","FUN_00101e00","0010b010","FUN_0010b010"
"00101e00","FUN_00101e00","001106c0","FUN_001106c0"
"00101e00","FUN_00101e00","003749d0","FUN_003749d0"
"00101ec0","FUN_00101ec0","0010b010","FUN_0010b010"
"00101f00","FUN_00101f00","00291ff0","FUN_00291ff0"
"001021a0","FUN_001021a0","0033f7b8","FUN_0033f7b8"
"00102210","FUN_00102210","0033f7b8","FUN_0033f7b8"
"00102260","FUN_00102260","00102050","FUN_00102050"
"00102260","FUN_00102260","0010e870","FUN_0010e870"
"00102260","FUN_00102260","001106c0","FUN_001106c0"
"00102260","FUN_00102260","0033f7b8","FUN_0033f7b8"
"00102260","FUN_00102260","003749d0","FUN_003749d0"
"00102460","FUN_00102460","004d67d0","FUN_004d67d0"
"00103410","FUN_00103410","00103450","FUN_00103450"
"00105b40","FUN_00105b40","00102350","FUN_00102350"
"00106d00","FUN_00106d00","00106dc0","FUN_00106dc0"
"001077a0","FUN_001077a0","00101650","FUN_00101650"
"001077a0","FUN_001077a0","00101670","FUN_00101670"
"001077a0","FUN_001077a0","001016c0","FUN_001016c0"
"001077a0","FUN_001077a0","0010a0a0","FUN_0010a0a0"
"001077a0","FUN_001077a0","0010a0c0","FUN_0010a0c0"
"001077a0","FUN_001077a0","0010a0e0","FUN_0010a0e0"
"001077a0","FUN_001077a0","0010a140","FUN_0010a140"
"001077a0","FUN_001077a0","0010c800","FUN_0010c800"
"001077a0","FUN_001077a0","0010cac0","FUN_0010cac0"
"00107900","FUN_00107900","0010a140","FUN_0010a140"
"00107a90","FUN_00107a90","004d67d0","FUN_004d67d0"
"00107b70","FUN_00107b70","0010b7a0","FUN_0010b7a0"
"00108360","FUN_00108360","00101a00","FUN_00101a00"
"00108360","FUN_00108360","001086d0","FUN_001086d0"
"00108360","FUN_00108360","00108a40","FUN_00108a40"
"00108360","FUN_00108360","00556c90","FUN_00556c90"
"00108a40","FUN_00108a40","00108a90","FUN_00108a90"
"00108a40","FUN_00108a40","003381c0","FUN_003381c0"
"00108a40","FUN_00108a40","00338270","FUN_00338270"
"00109e60","FUN_00109e60","0010c3f0","FUN_0010c3f0"
"0010a1c0","FUN_0010a1c0","001018e0","FUN_001018e0"
"0010a1c0","FUN_0010a1c0","0010a460","FUN_0010a460"
"0010a360","FUN_0010a360","001005e0","FUN_001005e0"
"0010a460","FUN_0010a460","00100780","FUN_00100780"
"0010a490","FUN_0010a490","0010a620","FUN_0010a620"
"0010a500","FUN_0010a500","0010a790","FUN_0010a790"
"0010a500","FUN_0010a500","0010a920","FUN_0010a920"
"0010a570","FUN_0010a570","001018e0","FUN_001018e0"
"0010a570","FUN_0010a570","0010a040","FUN_0010a040"
"0010a570","FUN_0010a570","0010a8f0","FUN_0010a8f0"
"0010a790","FUN_0010a790","0010a850","FUN_0010a850"
"0010a8f0","FUN_0010a8f0","00100f00","FUN_00100f00"
"0010a920","FUN_0010a920","0010a020","FUN_0010a020"
"0010af00","FUN_0010af00","00100f00","FUN_00100f00"
"0010af00","FUN_0010af00","001018e0","FUN_001018e0"
"0010afa0","FUN_0010afa0","00100d40","FUN_00100d40"
"0010afa0","FUN_0010afa0","00100f00","FUN_00100f00"
"0010b0c0","FUN_0010b0c0","001018e0","FUN_001018e0"
"0010b0c0","FUN_0010b0c0","0010b6e0","FUN_0010b6e0"
"0010b6e0","FUN_0010b6e0","00556a50","FUN_00556a50"
"0010b720","FUN_0010b720","004d67d0","FUN_004d67d0"
"0010b7c0","FUN_0010b7c0","004d67d0","FUN_004d67d0"
"0010b880","FUN_0010b880","00101700","FUN_00101700"
"0010b880","FUN_0010b880","001077a0","FUN_001077a0"
"0010b880","FUN_0010b880","0010a500","FUN_0010a500"
"0010b910","FUN_0010b910","00100780","FUN_00100780"
"0010b910","FUN_0010b910","001018e0","FUN_001018e0"
"0010b980","FUN_0010b980","004d67d0","FUN_004d67d0"
"0010bfd0","FUN_0010bfd0","0010c000","FUN_0010c000"
"0010c2f0","FUN_0010c2f0","00100fd0","FUN_00100fd0"
"0010c390","FUN_0010c390","001018e0","FUN_001018e0"
"0010c390","FUN_0010c390","0010c760","FUN_0010c760"
"0010c3f0","FUN_0010c3f0","0010c760","FUN_0010c760"
"0010c420","FUN_0010c420","004d67d0","FUN_004d67d0"
"0010c760","FUN_0010c760","00100780","FUN_00100780"
"0010c760","FUN_0010c760","00107900","FUN_00107900"
"0010c760","FUN_0010c760","00556a50","FUN_00556a50"
"0010d2c0","FUN_0010d2c0","0010dba0","FUN_0010dba0"
"0010d2c0","FUN_0010d2c0","0054ffd0","FUN_0054ffd0"
"0010e800","FUN_0010e800","001023d0","FUN_001023d0"
"0010e800","FUN_0010e800","0010af00","FUN_0010af00"
"0010e870","FUN_0010e870","00101700","FUN_00101700"
"0010e870","FUN_0010e870","0010aee0","FUN_0010aee0"
"0010e9f0","FUN_0010e9f0","00379eb0","FUN_00379eb0"
"0010e9f0","FUN_0010e9f0","003c0be0","FUN_003c0be0"
"0010eae0","FUN_0010eae0","003c0f28","FUN_003c0f28"
"0010eb70","FUN_0010eb70","0010ec10","FUN_0010ec10"
"0010eba0","FUN_0010eba0","001018e0","FUN_001018e0"
"0010eba0","FUN_0010eba0","00335320","FUN_00335320"
"0010ec80","FUN_0010ec80","00335320","FUN_00335320"
"0010ed50","FUN_0010ed50","0010ed80","FUN_0010ed80"
"0010ed80","FUN_0010ed80","00335760","FUN_00335760"
"0010f010","FUN_0010f010","0053b638","FUN_0053b638"
"0010f080","FUN_0010f080","0053b638","FUN_0053b638"
"0010f100","FUN_0010f100","0053b638","FUN_0053b638"
"0010f180","FUN_0010f180","0053b638","FUN_0053b638"
"0010f3c0","FUN_0010f3c0","0053b638","FUN_0053b638"
"0010f480","FUN_0010f480","0053b638","FUN_0053b638"
"0010f540","FUN_0010f540","0053b638","FUN_0053b638"
"0010fb60","FUN_0010fb60","00335760","FUN_00335760"
"0010fc70","FUN_0010fc70","0010eb40","FUN_0010eb40"
"0010fc70","FUN_0010fc70","0010eba0","FUN_0010eba0"
"0010fc70","FUN_0010fc70","0010edf0","FUN_0010edf0"
"0010fc70","FUN_0010fc70","001f7d80","FUN_001f7d80"
"0010fc70","FUN_0010fc70","0024cf90","FUN_0024cf90"
"0010fc70","FUN_0010fc70","0024f260","FUN_0024f260"
"0010fc70","FUN_0010fc70","0053b638","FUN_0053b638"
"0010fd70","FUN_0010fd70","0010eb40","FUN_0010eb40"
"0010fd70","FUN_0010fd70","00335320","FUN_00335320"
"0010fe90","FUN_0010fe90","00110060","FUN_00110060"
"00110310","FUN_00110310","00101670","FUN_00101670"
"00110310","FUN_00110310","001016c0","FUN_001016c0"
"00110310","FUN_00110310","00101700","FUN_00101700"
"00110310","FUN_00110310","00199050","FUN_00199050"
"00110310","FUN_00110310","0019cc40","FUN_0019cc40"
"00110310","FUN_00110310","001a00c0","FUN_001a00c0"
"00110310","FUN_00110310","001a0190","FUN_001a0190"
"00110310","FUN_00110310","001a0260","FUN_001a0260"
"00110310","FUN_00110310","001adf70","FUN_001adf70"
"00110310","FUN_00110310","001ecd80","FUN_001ecd80"
"00110310","FUN_00110310","00225270","FUN_00225270"
"00110310","FUN_00110310","0024c910","FUN_0024c910"
"00110310","FUN_00110310","00264190","FUN_00264190"
"00110310","FUN_00110310","003e7590","FUN_003e7590"
"00110310","FUN_00110310","003fccc0","FUN_003fccc0"
"00110310","FUN_00110310","00418e50","FUN_00418e50"
"00110310","FUN_00110310","0045fe20","FUN_0045fe20"
"00110310","FUN_00110310","004601e0","FUN_004601e0"
"00110310","FUN_00110310","00472310","FUN_00472310"
"00110310","FUN_00110310","00480e50","FUN_00480e50"
"00110310","FUN_00110310","0055d0d0","FUN_0055d0d0"
"00110310","FUN_00110310","00564f40","FUN_00564f40"
"00110310","FUN_00110310","005815c0","FUN_005815c0"
"001106c0","FUN_001106c0","00379358","FUN_00379358"
"00110740","FUN_00110740","00379358","FUN_00379358"
"00110780","FUN_00110780","0033f298","FUN_0033f298"
"001107c0","FUN_001107c0","0033f7b8","FUN_0033f7b8"
"00110800","FUN_00110800","003469d0","FUN_003469d0"
"00110c50","FUN_00110c50","00374930","FUN_00374930"
"00110c80","FUN_00110c80","00379358","FUN_00379358"
"00110cb0","FUN_00110cb0","0033f7b8","FUN_0033f7b8"
"00110cb0","FUN_00110cb0","0039e790","FUN_0039e790"
"00110d10","FUN_00110d10","0033f7b8","FUN_0033f7b8"
"00110d10","FUN_00110d10","0039e790","FUN_0039e790"
"00110d90","FUN_00110d90","0033f7b8","FUN_0033f7b8"
"00110d90","FUN_00110d90","0039e790","FUN_0039e790"
"00111100","FUN_00111100","00374930","FUN_00374930"
"00111100","FUN_00111100","003749d0","FUN_003749d0"
"00111100","FUN_00111100","003c10e8","FUN_003c10e8"
"001111a0","FUN_001111a0","0037c988","FUN_0037c988"
"00111330","FUN_00111330","0027b440","FUN_0027b440"
"00111354","FUN_00111354","00111354","FUN_00111354"
"00111354","FUN_00111354","0027b460","FUN_0027b460"
"00111378","FUN_00111378","00111378","FUN_00111378"
"00111378","FUN_00111378","0027b480","FUN_0027b480"
"001114a4","FUN_001114a4","001114a4","FUN_001114a4"
"001114e8","FUN_001114e8","001114e8","FUN_001114e8"
"0011152c","FUN_0011152c","0011152c","FUN_0011152c"
"0011152c","FUN_0011152c","0037d488","FUN_0037d488"
"00111760","FUN_00111760","0037d488","FUN_0037d488"
"00111990","FUN_00111990","0037d488","FUN_0037d488"
"00111a00","FUN_00111a00","0037d488","FUN_0037d488"
"00111a60","FUN_00111a60","0037d488","FUN_0037d488"
"00111aa4","FUN_00111aa4","00111aa4","FUN_00111aa4"
"00111ac8","FUN_00111ac8","00111ac8","FUN_00111ac8"
"00111aec","FUN_00111aec","00111aec","FUN_00111aec"
"00111b10","FUN_00111b10","00111b10","FUN_00111b10"
"00111b34","FUN_00111b34","00111b34","FUN_00111b34"
"00111b58","FUN_00111b58","00111b58","FUN_00111b58"
"00111b58","FUN_00111b58","0037d488","FUN_0037d488"
"00111bf0","FUN_00111bf0","0037d488","FUN_0037d488"
"00111cb0","FUN_00111cb0","0037d488","FUN_0037d488"
"00111da0","FUN_00111da0","00552580","FUN_00552580"
"00111de0","FUN_00111de0","00337e68","FUN_00337e68"
"00111ec0","FUN_00111ec0","0033b7c0","FUN_0033b7c0"
"00111ec0","FUN_00111ec0","0033fe90","FUN_0033fe90"
"001122e0","FUN_001122e0","004d67d0","FUN_004d67d0"
"001122e0","FUN_001122e0","0054ffd0","FUN_0054ffd0"
"00112380","FUN_00112380","00551ea0","FUN_00551ea0"
"001125f0","FUN_001125f0","00112450","FUN_00112450"
"00112620","FUN_00112620","00112e10","FUN_00112e10"
"001126a0","FUN_001126a0","00333538","FUN_00333538"
"00112e10","FUN_00112e10","00541be0","FUN_00541be0"
"00112e50","FUN_00112e50","00333538","FUN_00333538"
"00112e50","FUN_00112e50","00335b60","FUN_00335b60"
"00112fd0","FUN_00112fd0","00333538","FUN_00333538"
"00112fd0","FUN_00112fd0","003366a8","FUN_003366a8"
"00113080","FUN_00113080","0033ec80","FUN_0033ec80"
"00113120","FUN_00113120","00301080","FUN_00301080"
"00113120","FUN_00113120","00301680","FUN_00301680"
"00113120","FUN_00113120","003016d0","FUN_003016d0"
"00113120","FUN_00113120","003016f0","FUN_003016f0"
"00113120","FUN_00113120","00345d00","FUN_00345d00"
"00115190","FUN_00115190","00115200","FUN_00115200"
"00115200","FUN_00115200","0019deb0","FUN_0019deb0"
"0011ba10","FUN_0011ba10","0011c5e0","FUN_0011c5e0"
"0011ec80","FUN_0011ec80","001018e0","FUN_001018e0"
"0011ee90","FUN_0011ee90","0012b260","FUN_0012b260"
"0011ee90","FUN_0011ee90","0039f2e0","FUN_0039f2e0"
"0011eed0","FUN_0011eed0","002c3f30","FUN_002c3f30"
"0011eed0","FUN_0011eed0","0039fa60","FUN_0039fa60"
"0011ef00","FUN_0011ef00","0011ef30","FUN_0011ef30"
"0011ef30","FUN_0011ef30","0012b220","FUN_0012b220"
"0011ef30","FUN_0011ef30","0012b240","FUN_0012b240"
"0011ef30","FUN_0011ef30","0012b330","FUN_0012b330"
"0011ef30","FUN_0011ef30","0012b390","FUN_0012b390"
"0011ef30","FUN_0011ef30","0012bca0","FUN_0012bca0"
"0011ef30","FUN_0011ef30","0012bdc0","FUN_0012bdc0"
"0011ef30","FUN_0011ef30","0012be00","FUN_0012be00"
"0011ef30","FUN_0011ef30","0012be30","FUN_0012be30"
"0011f000","FUN_0011f000","0011f030","FUN_0011f030"
"0011f030","FUN_0011f030","0012b390","FUN_0012b390"
"0011f030","FUN_0011f030","0012bdc0","FUN_0012bdc0"
"0011f030","FUN_0011f030","0012be30","FUN_0012be30"
"00128600","FUN_00128600","002ebd70","FUN_002ebd70"
"0012b260","FUN_0012b260","00101a00","FUN_00101a00"
"0012b260","FUN_0012b260","00556c90","FUN_00556c90"
"0012b460","FUN_0012b460","00100780","FUN_00100780"
"0012b460","FUN_0012b460","0011f030","FUN_0011f030"
"0012bdc0","FUN_0012bdc0","00100780","FUN_00100780"
"0012bec0","FUN_0012bec0","00100780","FUN_00100780"
"0012bec0","FUN_0012bec0","001018e0","FUN_001018e0"
"0012bec0","FUN_0012bec0","0012b460","FUN_0012b460"
"0012bec0","FUN_0012bec0","0012bf60","FUN_0012bf60"
"0012bf60","FUN_0012bf60","0012c330","FUN_0012c330"
"0012bff0","FUN_0012bff0","00101700","FUN_00101700"
"0012c2c0","FUN_0012c2c0","00100780","FUN_00100780"
"0012c2c0","FUN_0012c2c0","001018e0","FUN_001018e0"
"0012c2c0","FUN_0012c2c0","0011f030","FUN_0011f030"
"0012c2c0","FUN_0012c2c0","0012b460","FUN_0012b460"
"0012cee0","FUN_0012cee0","001410b0","FUN_001410b0"
"00131560","FUN_00131560","0012e1e0","FUN_0012e1e0"
"00132bc0","FUN_00132bc0","00132cc0","FUN_00132cc0"
"00132bc0","FUN_00132bc0","0026ba60","FUN_0026ba60"
"00132bc0","FUN_00132bc0","0027e100","FUN_0027e100"
"00132bc0","FUN_00132bc0","003d5b20","FUN_003d5b20"
"00133860","FUN_00133860","0013ccf0","FUN_0013ccf0"
"001338d0","FUN_001338d0","0012cdd0","FUN_0012cdd0"
"001338d0","FUN_001338d0","0012e0e0","thunk_FUN_0012e0f0"
"001338d0","FUN_001338d0","001301c0","FUN_001301c0"
"001338d0","FUN_001338d0","00132d10","FUN_00132d10"
"00133920","FUN_00133920","0012d090","FUN_0012d090"
"00133920","FUN_00133920","0012f950","FUN_0012f950"
"00133920","FUN_00133920","00131650","FUN_00131650"
"00133920","FUN_00133920","00133170","FUN_00133170"
"00133a40","FUN_00133a40","001410b0","FUN_001410b0"
"00134570","FUN_00134570","0013aaf0","FUN_0013aaf0"
"00134570","FUN_00134570","001410b0","FUN_001410b0"
"00134570","FUN_00134570","002d4010","FUN_002d4010"
"00134570","FUN_00134570","00564e80","FUN_00564e80"
"00138370","FUN_00138370","003de500","FUN_003de500"
"00138370","FUN_00138370","003ea860","FUN_003ea860"
"001397d0","FUN_001397d0","002d2c30","FUN_002d2c30"
"001397d0","FUN_001397d0","002e0130","FUN_002e0130"
"0013ccf0","FUN_0013ccf0","001410b0","FUN_001410b0"
"0013ccf0","FUN_0013ccf0","0019a1c0","FUN_0019a1c0"
"0013d790","FUN_0013d790","001410b0","FUN_001410b0"
"0013dd30","FUN_0013dd30","00248fc0","FUN_00248fc0"
"0013ef50","FUN_0013ef50","0013f0f0","FUN_0013f0f0"
"0013ef50","FUN_0013ef50","003d4850","FUN_003d4850"
"0013ef50","FUN_0013ef50","003d5830","FUN_003d5830"
"0013ef50","FUN_0013ef50","003d5d50","FUN_003d5d50"
"0013ef50","FUN_0013ef50","003d5e20","FUN_003d5e20"
"0013ef50","FUN_0013ef50","003d6950","FUN_003d6950"
"0013ef50","FUN_0013ef50","003d6c30","FUN_003d6c30"
"0013ef50","FUN_0013ef50","00489380","FUN_00489380"
"0013ef50","FUN_0013ef50","00551ea0","FUN_00551ea0"
"0013f0f0","FUN_0013f0f0","003d5b20","FUN_003d5b20"
"0013f140","FUN_0013f140","0019cc40","FUN_0019cc40"
"0013f2b0","FUN_0013f2b0","003de4f0","FUN_003de4f0"
"0013f2b0","FUN_0013f2b0","003ea7d0","FUN_003ea7d0"
"0013f450","FUN_0013f450","001018e0","FUN_001018e0"
"0013f4a0","FUN_0013f4a0","00301080","FUN_00301080"
"0013f4a0","FUN_0013f4a0","00301680","FUN_00301680"
"0013f4a0","FUN_0013f4a0","003016d0","FUN_003016d0"
"0013f4a0","FUN_0013f4a0","003016f0","FUN_003016f0"
"0013f4a0","FUN_0013f4a0","00345d00","FUN_00345d00"
"00141370","FUN_00141370","001018e0","FUN_001018e0"
"00141fc0","FUN_00141fc0","00159a30","FUN_00159a30"
"00141fc0","FUN_00141fc0","001678b0","FUN_001678b0"
"00141fc0","FUN_00141fc0","00167b90","FUN_00167b90"
"00141fc0","FUN_00141fc0","003d5b20","FUN_003d5b20"
"00141fc0","FUN_00141fc0","0056ff30","FUN_0056ff30"
"00142050","FUN_00142050","00142080","FUN_00142080"
"00142050","FUN_00142050","00168c20","FUN_00168c20"
"00142080","FUN_00142080","0028b4f0","FUN_0028b4f0"
"00144e70","FUN_00144e70","0033fac0","FUN_0033fac0"
"001453c0","FUN_001453c0","002ebd70","FUN_002ebd70"
"001453c0","FUN_001453c0","003de500","FUN_003de500"
"001453c0","FUN_001453c0","003df0e0","FUN_003df0e0"
"001454f0","FUN_001454f0","00163a20","FUN_00163a20"
"00147b40","FUN_00147b40","003de500","FUN_003de500"
"00147b40","FUN_00147b40","003ea860","FUN_003ea860"
"0014ee60","FUN_0014ee60","0010eb40","FUN_0010eb40"
"0014ee60","FUN_0014ee60","0010eba0","FUN_0010eba0"
"0014ee60","FUN_0014ee60","0010edf0","FUN_0010edf0"
"0014ee60","FUN_0014ee60","0024cc90","FUN_0024cc90"
"0014ee60","FUN_0014ee60","0024cd30","FUN_0024cd30"
"0014ee60","FUN_0014ee60","0024e470","FUN_0024e470"
"0014ee60","FUN_0014ee60","0024f260","FUN_0024f260"
"0014f910","FUN_0014f910","0010f200","FUN_0010f200"
"0014f910","FUN_0014f910","0027e040","FUN_0027e040"
"0014f910","FUN_0014f910","0027e100","FUN_0027e100"
"00150010","FUN_00150010","00162620","FUN_00162620"
"00154700","FUN_00154700","0037e2b0","FUN_0037e2b0"
"00154750","FUN_00154750","00346720","FUN_00346720"
"00154750","FUN_00154750","0037e2b0","FUN_0037e2b0"
"00156d70","FUN_00156d70","0010eb70","FUN_0010eb70"
"00156d70","FUN_00156d70","0010eba0","FUN_0010eba0"
"00156d70","FUN_00156d70","0010ed50","FUN_0010ed50"
"00156d70","FUN_00156d70","0010efc0","FUN_0010efc0"
"00156d70","FUN_00156d70","00162520","FUN_00162520"
"00156d70","FUN_00156d70","001714e0","FUN_001714e0"
"00156f20","FUN_00156f20","00147e20","FUN_00147e20"
"00156f20","FUN_00156f20","00147fe0","FUN_00147fe0"
"00156f20","FUN_00156f20","00148210","FUN_00148210"
"00157050","FUN_00157050","00550a48","FUN_00550a48"
"001571b0","FUN_001571b0","001eb720","FUN_001eb720"
"00157210","FUN_00157210","00263f30","FUN_00263f30"
"00158a10","FUN_00158a10","00110140","FUN_00110140"
"00158a10","FUN_00158a10","0019cc40","FUN_0019cc40"
"00158a10","FUN_00158a10","001a0b80","FUN_001a0b80"
"00158a10","FUN_00158a10","00248fc0","FUN_00248fc0"
"00158a10","FUN_00158a10","00249100","FUN_00249100"
"00158a10","FUN_00158a10","00249190","FUN_00249190"
"00158a10","FUN_00158a10","0053bb28","FUN_0053bb28"
"00159510","FUN_00159510","001018e0","FUN_001018e0"
"00159570","FUN_00159570","0019cc40","FUN_0019cc40"
"00159570","FUN_00159570","001a0b80","FUN_001a0b80"
"00159570","FUN_00159570","00249720","FUN_00249720"
"00159a30","FUN_00159a30","003d5b20","FUN_003d5b20"
"0015a1e0","FUN_0015a1e0","00110310","FUN_00110310"
"0015a290","FUN_0015a290","00110310","FUN_00110310"
"0015a290","FUN_0015a290","0033fac0","FUN_0033fac0"
"0015a8c0","FUN_0015a8c0","0019cc40","FUN_0019cc40"
"0015a8c0","FUN_0015a8c0","002ebd70","FUN_002ebd70"
"0015b200","FUN_0015b200","0010eb70","FUN_0010eb70"
"0015b200","FUN_0015b200","0010eba0","FUN_0010eba0"
"0015b200","FUN_0015b200","0010ed50","FUN_0010ed50"
"0015b200","FUN_0015b200","0010f200","FUN_0010f200"
"0015b200","FUN_0015b200","00162620","FUN_00162620"
"0015eb00","FUN_0015eb00","003de4f0","FUN_003de4f0"
"0015eb00","FUN_0015eb00","003ea7d0","FUN_003ea7d0"
"0015f100","FUN_0015f100","0015f130","FUN_0015f130"
"0015f100","FUN_0015f100","00168c20","FUN_00168c20"
"0015f130","FUN_0015f130","0028b4f0","FUN_0028b4f0"
"0015f930","FUN_0015f930","00167f50","FUN_00167f50"
"0015f930","FUN_0015f930","00369e18","FUN_00369e18"
"0015f930","FUN_0015f930","0036a500","FUN_0036a500"
"0015f930","FUN_0015f930","0036a5a8","FUN_0036a5a8"
"00160280","FUN_00160280","00248fc0","FUN_00248fc0"
"00161530","FUN_00161530","0010f200","FUN_0010f200"
"00161530","FUN_00161530","0027e040","FUN_0027e040"
"00161530","FUN_00161530","0027e100","FUN_0027e100"
"00166590","FUN_00166590","0054ed68","FUN_0054ed68"
"00166ee0","FUN_00166ee0","001018e0","FUN_001018e0"
"00167b80","FUN_00167b80","0017f010","FUN_0017f010"
"00167b90","FUN_00167b90","0017efc0","FUN_0017efc0"
"00167c80","FUN_00167c80","00301760","FUN_00301760"
"00167ce0","FUN_00167ce0","00301760","FUN_00301760"
"00167e00","FUN_00167e00","001790e0","FUN_001790e0"
"00167e00","FUN_00167e00","0029a240","FUN_0029a240"
"00167f50","FUN_00167f50","00110800","FUN_00110800"
"00167f50","FUN_00167f50","0028f770","FUN_0028f770"
"00167f50","FUN_00167f50","002902b0","FUN_002902b0"
"00167f50","FUN_00167f50","002c1620","FUN_002c1620"
"00167f50","FUN_00167f50","00301710","FUN_00301710"
"00167f50","FUN_00167f50","00301760","FUN_00301760"
"00168c20","FUN_00168c20","00168d60","FUN_00168d60"
"00168c20","FUN_00168c20","0022dbc0","FUN_0022dbc0"
"00168c20","FUN_00168c20","0028fd50","FUN_0028fd50"
"00168d60","FUN_00168d60","0028fcf0","FUN_0028fcf0"
"00168d60","FUN_00168d60","0028fd10","FUN_0028fd10"
"00168d60","FUN_00168d60","004a4d20","FUN_004a4d20"
"00168e00","FUN_00168e00","00346720","FUN_00346720"
"0016ae60","FUN_0016ae60","0024c7a0","FUN_0024c7a0"
"0016ae60","FUN_0016ae60","002ebb00","FUN_002ebb00"
"0016b250","FUN_0016b250","002ebd70","FUN_002ebd70"
"0016b330","FUN_0016b330","002ebb00","FUN_002ebb00"
"0016b330","FUN_0016b330","002ebd70","FUN_002ebd70"
"0016b610","FUN_0016b610","00199050","FUN_00199050"
"0016b610","FUN_0016b610","00199490","FUN_00199490"
"0016b610","FUN_0016b610","0019cc40","FUN_0019cc40"
"0016b610","FUN_0016b610","001a30b0","FUN_001a30b0"
"0016b610","FUN_0016b610","00264190","FUN_00264190"
"0016b610","FUN_0016b610","002c76a0","FUN_002c76a0"
"0016b610","FUN_0016b610","002ebd70","FUN_002ebd70"
"0016b7e0","FUN_0016b7e0","001adbf0","FUN_001adbf0"
"0016bba0","FUN_0016bba0","0016c600","FUN_0016c600"
"0016bc80","FUN_0016bc80","0019cc40","FUN_0019cc40"
"0016c280","FUN_0016c280","00232bb0","FUN_00232bb0"
"0016c520","FUN_0016c520","0016c580","FUN_0016c580"
"0016c580","FUN_0016c580","0017ef60","FUN_0017ef60"
"0016c6a0","FUN_0016c6a0","001626b0","FUN_001626b0"
"0016c6a0","FUN_0016c6a0","001626e0","FUN_001626e0"
"0016c6a0","FUN_0016c6a0","0029e970","FUN_0029e970"
"0016c770","FUN_0016c770","00264190","FUN_00264190"
"0016c770","FUN_0016c770","002e8510","FUN_002e8510"
"0016c820","FUN_0016c820","002ebb00","FUN_002ebb00"
"00171410","FUN_00171410","00290ce0","FUN_00290ce0"
"00171480","FUN_00171480","0033f298","FUN_0033f298"
"001714e0","FUN_001714e0","0033f298","FUN_0033f298"
"001716f0","FUN_001716f0","0010ec10","FUN_0010ec10"
"001716f0","FUN_001716f0","0053bb28","FUN_0053bb28"
"00173ea0","FUN_00173ea0","0037c988","FUN_0037c988"
"00173f90","FUN_00173f90","00550a48","FUN_00550a48"
"00176dc0","FUN_00176dc0","0028b470","FUN_0028b470"
"00176dc0","FUN_00176dc0","0033f298","FUN_0033f298"
"00176e00","FUN_00176e00","0028b470","FUN_0028b470"
"00176e00","FUN_00176e00","0033f298","FUN_0033f298"
"001771f0","FUN_001771f0","00159a80","FUN_00159a80"
"001771f0","FUN_001771f0","005817a0","FUN_005817a0"
"001773a0","FUN_001773a0","00159a80","FUN_00159a80"
"001773a0","FUN_001773a0","005817a0","FUN_005817a0"
"001775f0","FUN_001775f0","00290bd0","FUN_00290bd0"
"001775f0","FUN_001775f0","00290ce0","FUN_00290ce0"
"00177710","FUN_00177710","0033f298","FUN_0033f298"
"001777e0","FUN_001777e0","00290bc0","FUN_00290bc0"
"001777e0","FUN_001777e0","00290ce0","FUN_00290ce0"
"00177850","FUN_00177850","002905a0","FUN_002905a0"
"00177850","FUN_00177850","00290bd0","FUN_00290bd0"
"00177850","FUN_00177850","00379690","FUN_00379690"
"00177850","FUN_00177850","00379970","FUN_00379970"
"00178180","FUN_00178180","0028b470","FUN_0028b470"
"00178180","FUN_00178180","0033f298","FUN_0033f298"
"001781e0","FUN_001781e0","00379358","FUN_00379358"
"00178240","FUN_00178240","00176e40","FUN_00176e40"
"001784d0","FUN_001784d0","003af0d0","FUN_003af0d0"
"00178510","FUN_00178510","003af0d0","FUN_003af0d0"
"00178550","FUN_00178550","00110310","FUN_00110310"
"001785f0","FUN_001785f0","00110310","FUN_00110310"
"001790e0","FUN_001790e0","0019a740","FUN_0019a740"
"0017b610","FUN_0017b610","00130220","FUN_00130220"
"0017b610","FUN_0017b610","00179a00","FUN_00179a00"
"0017b610","FUN_0017b610","0019cc40","FUN_0019cc40"
"0017b610","FUN_0017b610","00248fc0","FUN_00248fc0"
"0017bc90","FUN_0017bc90","00249680","FUN_00249680"
"0017d170","FUN_0017d170","0017ce60","FUN_0017ce60"
"0017d170","FUN_0017d170","0017d030","FUN_0017d030"
"0017ee90","FUN_0017ee90","001e25d0","FUN_001e25d0"
"00182130","FUN_00182130","00183a90","FUN_00183a90"
"00182130","FUN_00182130","00188710","FUN_00188710"
"00182130","FUN_00182130","00244f40","FUN_00244f40"
"001839d0","FUN_001839d0","0017fce0","FUN_0017fce0"
"00184050","FUN_00184050","0010ed80","FUN_0010ed80"
"00184050","FUN_00184050","00110390","FUN_00110390"
"00184050","FUN_00184050","0022f4d0","FUN_0022f4d0"
"00184050","FUN_00184050","0025e490","FUN_0025e490"
"00184050","FUN_00184050","0025fb70","FUN_0025fb70"
"00184050","FUN_00184050","0025fc10","FUN_0025fc10"
"00184050","FUN_00184050","002601e0","FUN_002601e0"
"001861b0","FUN_001861b0","0053b520","FUN_0053b520"
"001861b0","FUN_001861b0","0053b738","FUN_0053b738"
"00186350","FUN_00186350","00184050","FUN_00184050"
"00186350","FUN_00186350","00186a40","FUN_00186a40"
"00186350","FUN_00186350","00187240","FUN_00187240"
"0018ab00","FUN_0018ab00","00264190","FUN_00264190"
"0018ae90","FUN_0018ae90","0018c410","FUN_0018c410"
"0018b1e0","FUN_0018b1e0","0018c270","FUN_0018c270"
"0018d390","FUN_0018d390","0018c270","FUN_0018c270"
"0018d940","FUN_0018d940","0018d680","FUN_0018d680"
"0018d9c0","FUN_0018d9c0","0018bb40","FUN_0018bb40"
"0018d9c0","FUN_0018d9c0","002a9150","FUN_002a9150"
"0018e7e0","FUN_0018e7e0","00551ea0","FUN_00551ea0"
"0018ecb0","FUN_0018ecb0","00101be0","FUN_00101be0"
"0018ecb0","FUN_0018ecb0","0018d9c0","FUN_0018d9c0"
"0018ed90","FUN_0018ed90","004d67d0","FUN_004d67d0"
"0018ed90","FUN_0018ed90","00551710","FUN_00551710"
"0018f0d0","FUN_0018f0d0","0018fd10","FUN_0018fd10"
"0018f0d0","FUN_0018f0d0","00190e10","FUN_00190e10"
"0018f0d0","FUN_0018f0d0","00561ce0","FUN_00561ce0"
"0018f130","FUN_0018f130","00190ac0","FUN_00190ac0"
"0018f130","FUN_0018f130","00190d60","FUN_00190d60"
"0018f190","FUN_0018f190","0013cd70","FUN_0013cd70"
"0018f190","FUN_0018f190","00194b00","FUN_00194b00"
"0018f210","FUN_0018f210","0018fd10","FUN_0018fd10"
"0018f210","FUN_0018f210","00190e10","FUN_00190e10"
"0018f210","FUN_0018f210","00198ee0","FUN_00198ee0"
"0018f210","FUN_0018f210","00199050","FUN_00199050"
"0018f210","FUN_0018f210","002ebd70","FUN_002ebd70"
"0018f210","FUN_0018f210","00561ce0","FUN_00561ce0"
"0018f540","FUN_0018f540","0018fa60","FUN_0018fa60"
"0018f540","FUN_0018f540","00190ac0","FUN_00190ac0"
"0018f540","FUN_0018f540","00190d60","FUN_00190d60"
"0018f540","FUN_0018f540","00264190","FUN_00264190"
"0018f540","FUN_0018f540","002641d0","FUN_002641d0"
"0018f540","FUN_0018f540","0027dcb0","FUN_0027dcb0"
"0018f540","FUN_0018f540","002ebd70","FUN_002ebd70"
"0018f7e0","FUN_0018f7e0","002ebb00","FUN_002ebb00"
"0018f7e0","FUN_0018f7e0","002ebd70","FUN_002ebd70"
"0018fa60","FUN_0018fa60","002ebd70","FUN_002ebd70"
"0018fb70","FUN_0018fb70","0018fd10","FUN_0018fd10"
"0018fb70","FUN_0018fb70","00190e10","FUN_00190e10"
"0018fb70","FUN_0018fb70","00561ce0","FUN_00561ce0"
"0018fbd0","FUN_0018fbd0","00190ac0","FUN_00190ac0"
"0018fbd0","FUN_0018fbd0","00190d60","FUN_00190d60"
"0018fc30","FUN_0018fc30","0013cd70","FUN_0013cd70"
"0018fc30","FUN_0018fc30","0018fd00","FUN_0018fd00"
"0018fc30","FUN_0018fc30","00194b00","FUN_00194b00"
"0018fc30","FUN_0018fc30","00198510","FUN_00198510"
"00190a40","FUN_00190a40","003de500","FUN_003de500"
"00190a40","FUN_00190a40","003e75f0","FUN_003e75f0"
"00190ac0","FUN_00190ac0","00190d60","FUN_00190d60"
"00190ac0","FUN_00190ac0","001997f0","FUN_001997f0"
"00190ac0","FUN_00190ac0","0019dea0","FUN_0019dea0"
"00190ac0","FUN_00190ac0","0019e0d0","FUN_0019e0d0"
"00190ac0","FUN_00190ac0","0019fa20","FUN_0019fa20"
"00190ac0","FUN_00190ac0","001adf70","FUN_001adf70"
"00190ac0","FUN_00190ac0","0024bb50","FUN_0024bb50"
"00190ac0","FUN_00190ac0","0026ba60","FUN_0026ba60"
"00190ac0","FUN_00190ac0","0027e100","FUN_0027e100"
"00190ac0","FUN_00190ac0","0029e970","FUN_0029e970"
"00190ac0","FUN_00190ac0","002c78e0","FUN_002c78e0"
"00190ac0","FUN_00190ac0","002ebd70","FUN_002ebd70"
"00190ac0","FUN_00190ac0","00481140","FUN_00481140"
"00190ac0","FUN_00190ac0","004d1260","FUN_004d1260"
"00190ac0","FUN_00190ac0","004d8020","FUN_004d8020"
"00190ac0","FUN_00190ac0","00556af0","FUN_00556af0"
"00190ac0","FUN_00190ac0","0055d120","FUN_0055d120"
"00190ac0","FUN_00190ac0","00564f70","FUN_00564f70"
"00190ac0","FUN_00190ac0","0056a5d0","FUN_0056a5d0"
"00190ac0","FUN_00190ac0","0056d590","FUN_0056d590"
"00190d40","FUN_00190d40","0019fb90","FUN_0019fb90"
"00190d60","FUN_00190d60","0019fb40","FUN_0019fb40"
"00190d70","FUN_00190d70","0019fc40","FUN_0019fc40"
"00190d70","FUN_00190d70","00442a70","FUN_00442a70"
"00190da0","FUN_00190da0","00191010","FUN_00191010"
"00190da0","FUN_00190da0","0019cc40","FUN_0019cc40"
"00190da0","FUN_00190da0","00481350","FUN_00481350"
"00190da0","FUN_00190da0","00481360","FUN_00481360"
"00190e10","FUN_00190e10","00101f40","FUN_00101f40"
"00190e10","FUN_00190e10","00102260","FUN_00102260"
"00190e10","FUN_00190e10","00190fe0","FUN_00190fe0"
"00190e10","FUN_00190e10","00191010","FUN_00191010"
"00190e10","FUN_00190e10","0022dbc0","FUN_0022dbc0"
"00190e10","FUN_00190e10","004f4ff0","FUN_004f4ff0"
"00190e10","FUN_00190e10","00550a48","FUN_00550a48"
"00191010","FUN_00191010","0019cc40","FUN_0019cc40"
"00191010","FUN_00191010","004812d0","FUN_004812d0"
"00192e70","FUN_00192e70","001025d0","FUN_001025d0"
"00192e70","FUN_00192e70","00105b40","FUN_00105b40"
"00192ec0","FUN_00192ec0","001025d0","FUN_001025d0"
"00192ec0","FUN_00192ec0","00105b40","FUN_00105b40"
"00192f60","FUN_00192f60","002ebd70","FUN_002ebd70"
"00193040","FUN_00193040","0019c840","FUN_0019c840"
"00193040","FUN_00193040","0019cc40","FUN_0019cc40"
"001931c0","FUN_001931c0","001410b0","FUN_001410b0"
"001931c0","FUN_001931c0","0019a1a0","FUN_0019a1a0"
"00193ad0","FUN_00193ad0","0010f010","FUN_0010f010"
"00193ad0","FUN_00193ad0","00110060","FUN_00110060"
"00193ad0","FUN_00193ad0","0019cc40","FUN_0019cc40"
"00193ad0","FUN_00193ad0","0024cb60","FUN_0024cb60"
"00193ad0","FUN_00193ad0","00276660","FUN_00276660"
"00193ad0","FUN_00193ad0","00481b60","FUN_00481b60"
"00193ad0","FUN_00193ad0","00481c80","FUN_00481c80"
"001941a0","FUN_001941a0","0010f200","FUN_0010f200"
"001941a0","FUN_001941a0","00198510","FUN_00198510"
"00194250","FUN_00194250","00198510","FUN_00198510"
"00194250","FUN_00194250","0019f7e0","FUN_0019f7e0"
"00198460","FUN_00198460","0053bb28","FUN_0053bb28"
"00198510","FUN_00198510","0019de60","FUN_0019de60"
"00198650","FUN_00198650","00264190","FUN_00264190"
"00198650","FUN_00198650","0048ee70","FUN_0048ee70"
"001992b0","FUN_001992b0","001410b0","FUN_001410b0"
"001992e0","FUN_001992e0","001410b0","FUN_001410b0"
"001993b0","FUN_001993b0","001410b0","FUN_001410b0"
"00199490","FUN_00199490","001410b0","FUN_001410b0"
"00199550","FUN_00199550","001410b0","FUN_001410b0"
"001997f0","FUN_001997f0","00133a40","FUN_00133a40"
"001997f0","FUN_001997f0","001410b0","FUN_001410b0"
"001997f0","FUN_001997f0","00198910","FUN_00198910"
"001997f0","FUN_001997f0","002905a0","FUN_002905a0"
"001997f0","FUN_001997f0","002921f0","FUN_002921f0"
"00199990","FUN_00199990","001410b0","FUN_001410b0"
"00199c50","FUN_00199c50","001410b0","FUN_001410b0"
"00199c50","FUN_00199c50","0019cc40","FUN_0019cc40"
"00199de0","FUN_00199de0","001410b0","FUN_001410b0"
"00199ea0","FUN_00199ea0","001410b0","FUN_001410b0"
"0019a1a0","FUN_0019a1a0","0019a1c0","FUN_0019a1c0"
"0019a2d0","FUN_0019a2d0","002d2ba0","FUN_002d2ba0"
"0019a710","FUN_0019a710","0019a740","FUN_0019a740"
"0019c0d0","FUN_0019c0d0","0019cc40","FUN_0019cc40"
"0019c0d0","FUN_0019c0d0","00481d50","FUN_00481d50"
"0019c840","FUN_0019c840","00192f10","FUN_00192f10"
"0019c840","FUN_0019c840","00193040","FUN_00193040"
"0019c840","FUN_0019c840","0019cc40","FUN_0019cc40"
"0019cb20","FUN_0019cb20","0019cc40","FUN_0019cc40"
"0019cb20","FUN_0019cb20","0027e040","FUN_0027e040"
"0019cb20","FUN_0019cb20","0027e100","FUN_0027e100"
"0019cb20","FUN_0019cb20","002ebd70","FUN_002ebd70"
"0019cb20","FUN_0019cb20","0045ffe0","FUN_0045ffe0"
"0019cb20","FUN_0019cb20","00482440","FUN_00482440"
"0019cc70","FUN_0019cc70","0019ccf0","FUN_0019ccf0"
"0019cc70","FUN_0019cc70","00232af0","FUN_00232af0"
"0019cc70","FUN_0019cc70","00264190","FUN_00264190"
"0019ccf0","FUN_0019ccf0","0019fa60","FUN_0019fa60"
"0019d2c0","FUN_0019d2c0","0016b250","FUN_0016b250"
"0019d2c0","FUN_0019d2c0","0016c520","FUN_0016c520"
"0019d2c0","FUN_0019d2c0","0019f7e0","FUN_0019f7e0"
"0019d2c0","FUN_0019d2c0","002ebd70","FUN_002ebd70"
"0019d410","FUN_0019d410","00550a48","FUN_00550a48"
"0019d880","FUN_0019d880","00108020","FUN_00108020"
"0019d880","FUN_0019d880","001410b0","FUN_001410b0"
"0019d880","FUN_0019d880","001a3f40","FUN_001a3f40"
"0019d880","FUN_0019d880","0024c6d0","FUN_0024c6d0"
"0019d880","FUN_0019d880","0025fc10","FUN_0025fc10"
"0019d880","FUN_0019d880","002601e0","FUN_002601e0"
"0019ddf0","FUN_0019ddf0","0027e040","FUN_0027e040"
"0019e0d0","FUN_0019e0d0","0050e2b0","FUN_0050e2b0"
"0019e110","FUN_0019e110","0045ffe0","FUN_0045ffe0"
"0019e1b0","FUN_0019e1b0","0027e100","FUN_0027e100"
"0019e1b0","FUN_0019e1b0","0045ffe0","FUN_0045ffe0"
"0019e1b0","FUN_0019e1b0","00473d70","FUN_00473d70"
"0019f730","FUN_0019f730","0045ffe0","FUN_0045ffe0"
"0019f760","FUN_0019f760","0045ffe0","FUN_0045ffe0"
"0019f7e0","FUN_0019f7e0","0019fa20","FUN_0019fa20"
"0019f7e0","FUN_0019f7e0","0026ba60","FUN_0026ba60"
"0019f7e0","FUN_0019f7e0","0050e2b0","FUN_0050e2b0"
"0019f870","FUN_0019f870","001077a0","FUN_001077a0"
"0019f870","FUN_0019f870","00107b70","FUN_00107b70"
"0019f940","FUN_0019f940","003de4f0","FUN_003de4f0"
"0019f940","FUN_0019f940","003e7590","FUN_003e7590"
"0019f9e0","FUN_0019f9e0","0019fac0","FUN_0019fac0"
"0019fc40","FUN_0019fc40","00101a00","FUN_00101a00"
"0019fc40","FUN_0019fc40","0019fd40","FUN_0019fd40"
"0019fc40","FUN_0019fc40","00556c90","FUN_00556c90"
"0019fcc0","FUN_0019fcc0","001018e0","FUN_001018e0"
"0019fd30","FUN_0019fd30","00556a50","FUN_00556a50"
"001a00e0","FUN_001a00e0","00101be0","FUN_00101be0"
"001a03d0","FUN_001a03d0","0018fd10","FUN_0018fd10"
"001a03d0","FUN_001a03d0","00190e10","FUN_00190e10"
"001a03d0","FUN_001a03d0","0019f7e0","FUN_0019f7e0"
"001a03d0","FUN_001a03d0","001a0940","FUN_001a0940"
"001a03d0","FUN_001a03d0","00265fa0","FUN_00265fa0"
"001a03d0","FUN_001a03d0","002ebd70","FUN_002ebd70"
"001a05c0","FUN_001a05c0","0010a040","FUN_0010a040"
"001a05c0","FUN_001a05c0","00190ac0","FUN_00190ac0"
"001a05c0","FUN_001a05c0","00190d60","FUN_00190d60"
"001a05c0","FUN_001a05c0","00495c40","FUN_00495c40"
"001a06e0","FUN_001a06e0","0010f200","FUN_0010f200"
"001a06e0","FUN_001a06e0","00190d40","FUN_00190d40"
"001a06e0","FUN_001a06e0","001a03d0","FUN_001a03d0"
"001a06e0","FUN_001a06e0","0027e040","FUN_0027e040"
"001a0940","FUN_001a0940","00193040","FUN_00193040"
"001a0940","FUN_001a0940","00193150","FUN_00193150"
"001a0940","FUN_001a0940","0019f7e0","FUN_0019f7e0"
"001a0940","FUN_001a0940","0029e970","FUN_0029e970"
"001a0940","FUN_001a0940","005a0c70","FUN_005a0c70"
"001a0b80","FUN_001a0b80","00248fc0","FUN_00248fc0"
"001a0bd0","FUN_001a0bd0","00198510","FUN_00198510"
"001a0bd0","FUN_001a0bd0","0019de60","FUN_0019de60"
"001a0bd0","FUN_001a0bd0","002a1e70","FUN_002a1e70"
"001a0bd0","FUN_001a0bd0","004602b0","FUN_004602b0"
"001a2170","FUN_001a2170","0025f7d0","FUN_0025f7d0"
"001a3210","FUN_001a3210","0013d7c0","FUN_0013d7c0"
"001a3210","FUN_001a3210","0013e200","FUN_0013e200"
"001a3210","FUN_001a3210","001410b0","FUN_001410b0"
"001a3210","FUN_001a3210","001a3750","FUN_001a3750"
"001a3210","FUN_001a3210","0024a570","FUN_0024a570"
"001a3210","FUN_001a3210","0024a5c0","FUN_0024a5c0"
"001a3210","FUN_001a3210","002a1e70","FUN_002a1e70"
"001a3210","FUN_001a3210","002d1990","FUN_002d1990"
"001a3210","FUN_001a3210","00306a60","FUN_00306a60"
"001a3210","FUN_001a3210","004819a0","FUN_004819a0"
"001a3210","FUN_001a3210","00481c80","FUN_00481c80"
"001a3700","FUN_001a3700","0013d7c0","FUN_0013d7c0"
"001a3750","FUN_001a3750","001a3790","FUN_001a3790"
"001a3790","FUN_001a3790","0013f0f0","FUN_0013f0f0"
"001a3790","FUN_001a3790","00192f10","FUN_00192f10"
"001a3790","FUN_001a3790","001993b0","FUN_001993b0"
"001a3790","FUN_001a3790","0021a7a0","FUN_0021a7a0"
"001a3f40","FUN_001a3f40","0013f6f0","FUN_0013f6f0"
"001a3f40","FUN_001a3f40","0021a7a0","FUN_0021a7a0"
"001a3f40","FUN_001a3f40","002ebd70","FUN_002ebd70"
"001a3fa0","FUN_001a3fa0","001410b0","FUN_001410b0"
"001a3fa0","FUN_001a3fa0","0019a1a0","FUN_0019a1a0"
"001a5460","FUN_001a5460","0045ffe0","FUN_0045ffe0"
"001a5460","FUN_001a5460","00496610","FUN_00496610"
"001a5a40","FUN_001a5a40","0027c390","FUN_0027c390"
"001a5a60","FUN_001a5a60","0027c4e0","FUN_0027c4e0"
"001a5a80","FUN_001a5a80","0027c480","FUN_0027c480"
"001a5c50","FUN_001a5c50","001410b0","FUN_001410b0"
"001a5c50","FUN_001a5c50","0019a1c0","FUN_0019a1c0"
"001a61e0","FUN_001a61e0","0021a7a0","FUN_0021a7a0"
"001a62b0","FUN_001a62b0","001a21c0","FUN_001a21c0"
"001a6970","FUN_001a6970","001a73b0","FUN_001a73b0"
"001a69e0","FUN_001a69e0","001a73b0","FUN_001a73b0"
"001a6a50","FUN_001a6a50","002ec250","FUN_002ec250"
"001a6a50","FUN_001a6a50","0048e9c0","FUN_0048e9c0"
"001a6a50","FUN_001a6a50","0048ef70","FUN_0048ef70"
"001a70e0","FUN_001a70e0","002ebd70","FUN_002ebd70"
"001a70e0","FUN_001a70e0","003de4a0","FUN_003de4a0"
"001a70e0","FUN_001a70e0","003de500","FUN_003de500"
"001a77a0","FUN_001a77a0","003de500","FUN_003de500"
"001a77a0","FUN_001a77a0","003eba70","FUN_003eba70"
"001a7800","FUN_001a7800","0048ee40","FUN_0048ee40"
"001a78e0","FUN_001a78e0","0048ee40","FUN_0048ee40"
"001a79c0","FUN_001a79c0","002d8e40","FUN_002d8e40"
"001a7f20","FUN_001a7f20","002d8e40","FUN_002d8e40"
"001a80b0","FUN_001a80b0","003de500","FUN_003de500"
"001a80b0","FUN_001a80b0","003eba70","FUN_003eba70"
"001a8130","FUN_001a8130","003de4f0","FUN_003de4f0"
"001a8130","FUN_001a8130","003eba00","FUN_003eba00"
"001a81e0","FUN_001a81e0","003de4f0","FUN_003de4f0"
"001a81e0","FUN_001a81e0","003eba00","FUN_003eba00"
"001a8270","FUN_001a8270","003de480","FUN_003de480"
"001a8270","FUN_001a8270","003de4f0","FUN_003de4f0"
"001a8310","FUN_001a8310","002ebd70","FUN_002ebd70"
"001a8310","FUN_001a8310","003de4a0","FUN_003de4a0"
"001a8310","FUN_001a8310","003de500","FUN_003de500"
"001a83d0","FUN_001a83d0","003de480","FUN_003de480"
"001a83d0","FUN_001a83d0","003de4f0","FUN_003de4f0"
"001a87d0","FUN_001a87d0","001aa4e0","FUN_001aa4e0"
"001a87d0","FUN_001a87d0","001ae160","FUN_001ae160"
"001a87d0","FUN_001a87d0","001af3b0","FUN_001af3b0"
"001a87d0","FUN_001a87d0","00264210","FUN_00264210"
"001a8930","FUN_001a8930","001b1820","FUN_001b1820"
"001a9a20","FUN_001a9a20","001a9e50","FUN_001a9e50"
"001a9a20","FUN_001a9a20","001b0910","FUN_001b0910"
"001a9a20","FUN_001a9a20","001b1890","FUN_001b1890"
"001a9a20","FUN_001a9a20","0027e040","FUN_0027e040"
"001a9a20","FUN_001a9a20","0027e100","FUN_0027e100"
"001a9a20","FUN_001a9a20","002ebdd0","FUN_002ebdd0"
"001a9c20","FUN_001a9c20","001a9db0","FUN_001a9db0"
"001a9c20","FUN_001a9c20","001b09b0","FUN_001b09b0"
"001a9c20","FUN_001a9c20","0027e040","FUN_0027e040"
"001a9c20","FUN_001a9c20","0027e100","FUN_0027e100"
"001a9db0","FUN_001a9db0","0022f410","FUN_0022f410"
"001a9db0","FUN_001a9db0","00285340","FUN_00285340"
"001ac5d0","FUN_001ac5d0","0027e100","FUN_0027e100"
"001ad380","FUN_001ad380","002766c0","FUN_002766c0"
"001ad380","FUN_001ad380","00282140","FUN_00282140"
"001aed30","FUN_001aed30","002c1620","FUN_002c1620"
"001aed30","FUN_001aed30","002c8f10","FUN_002c8f10"
"001aee50","FUN_001aee50","002c8f10","FUN_002c8f10"
"001aee50","FUN_001aee50","00550a48","FUN_00550a48"
"001aef70","FUN_001aef70","002c76a0","FUN_002c76a0"
"001aef70","FUN_001aef70","002c8f10","FUN_002c8f10"
"001b07f0","FUN_001b07f0","001b0820","FUN_001b0820"
"001b0870","FUN_001b0870","0022d580","FUN_0022d580"
"001b08b0","FUN_001b08b0","0022d5d0","FUN_0022d5d0"
"001b08b0","FUN_001b08b0","0022d640","FUN_0022d640"
"001b0910","FUN_001b0910","001b10a0","FUN_001b10a0"
"001b0910","FUN_001b0910","004d06c0","FUN_004d06c0"
"001b09b0","FUN_001b09b0","0010ed80","FUN_0010ed80"
"001b09b0","FUN_001b09b0","0022eb50","FUN_0022eb50"
"001b09b0","FUN_001b09b0","0022ecd0","FUN_0022ecd0"
"001b09b0","FUN_001b09b0","0025fb70","FUN_0025fb70"
"001b0b30","FUN_001b0b30","001b1130","FUN_001b1130"
"001b0b30","FUN_001b0b30","0024b790","FUN_0024b790"
"001b0c20","FUN_001b0c20","001106c0","FUN_001106c0"
"001b0c20","FUN_001b0c20","001b1130","FUN_001b1130"
"001b0c20","FUN_001b0c20","0022dc00","FUN_0022dc00"
"001b0c20","FUN_001b0c20","0022eb50","FUN_0022eb50"
"001b0c20","FUN_001b0c20","0022ecd0","FUN_0022ecd0"
"001b0c20","FUN_001b0c20","0024b790","FUN_0024b790"
"001b0c20","FUN_001b0c20","0025fc10","FUN_0025fc10"
"001b0c20","FUN_001b0c20","0025fd10","FUN_0025fd10"
"001b0c20","FUN_001b0c20","002601e0","FUN_002601e0"
"001b0c20","FUN_001b0c20","004c04e0","FUN_004c04e0"
"001b0d60","FUN_001b0d60","00132cc0","FUN_00132cc0"
"001b0d60","FUN_001b0d60","001b0fa0","FUN_001b0fa0"
"001b0d60","FUN_001b0d60","001b5d50","FUN_001b5d50"
"001b0d60","FUN_001b0d60","001ec020","FUN_001ec020"
"001b0d60","FUN_001b0d60","0024bb50","FUN_0024bb50"
"001b0d60","FUN_001b0d60","0026ba60","FUN_0026ba60"
"001b0d60","FUN_001b0d60","002905a0","FUN_002905a0"
"001b0d60","FUN_001b0d60","0029e970","FUN_0029e970"
"001b0d60","FUN_001b0d60","002c78e0","FUN_002c78e0"
"001b0d60","FUN_001b0d60","00301760","FUN_00301760"
"001b0d60","FUN_001b0d60","0039f7c0","FUN_0039f7c0"
"001b0d60","FUN_001b0d60","004d1260","FUN_004d1260"
"001b0f80","FUN_001b0f80","001b6290","FUN_001b6290"
"001b0fa0","FUN_001b0fa0","001b6230","FUN_001b6230"
"001b10a0","FUN_001b10a0","001b0c20","FUN_001b0c20"
"001b10a0","FUN_001b10a0","001b5780","FUN_001b5780"
"001b10a0","FUN_001b10a0","001b6290","FUN_001b6290"
"001b10a0","FUN_001b10a0","003b8c50","FUN_003b8c50"
"001b17f0","FUN_001b17f0","0022e850","FUN_0022e850"
"001b1890","FUN_001b1890","002ebb00","FUN_002ebb00"
"001b2de0","FUN_001b2de0","002313c0","FUN_002313c0"
"001b2de0","FUN_001b2de0","0028f770","FUN_0028f770"
"001b4fb0","FUN_001b4fb0","001b5010","FUN_001b5010"
"001b5010","FUN_001b5010","0012e1e0","FUN_0012e1e0"
"001b5010","FUN_001b5010","00264190","FUN_00264190"
"001b56b0","FUN_001b56b0","0010ed80","FUN_0010ed80"
"001b56b0","FUN_001b56b0","0022f4d0","FUN_0022f4d0"
"001b56b0","FUN_001b56b0","0025fb70","FUN_0025fb70"
"001b56b0","FUN_001b56b0","0027e040","FUN_0027e040"
"001b56b0","FUN_001b56b0","0027e100","FUN_0027e100"
"001b5be0","FUN_001b5be0","003af0d0","FUN_003af0d0"
"001b5c20","FUN_001b5c20","003af0d0","FUN_003af0d0"
"001b5c60","FUN_001b5c60","003af0d0","FUN_003af0d0"
"001b5ca0","FUN_001b5ca0","003af0d0","FUN_003af0d0"
"001b5ce0","FUN_001b5ce0","002677f0","FUN_002677f0"
"001b5d50","FUN_001b5d50","00267800","FUN_00267800"
"001b6070","FUN_001b6070","001b60d0","FUN_001b60d0"
"001b6660","FUN_001b6660","001b0b30","FUN_001b0b30"
"001b6660","FUN_001b6660","001b3bd0","FUN_001b3bd0"
"001b6660","FUN_001b6660","0022dbc0","FUN_0022dbc0"
"001b6750","FUN_001b6750","001b0d60","FUN_001b0d60"
"001b6750","FUN_001b6750","001b0fa0","FUN_001b0fa0"
"001bc5b0","FUN_001bc5b0","001e1320","FUN_001e1320"
"001bca90","FUN_001bca90","001e1320","FUN_001e1320"
"001bccb0","FUN_001bccb0","001e1320","FUN_001e1320"
"001bced0","FUN_001bced0","001bc5b0","FUN_001bc5b0"
"001bd8f0","FUN_001bd8f0","002ebb00","FUN_002ebb00"
"001bd9f0","FUN_001bd9f0","002641d0","FUN_002641d0"
"001bdae0","FUN_001bdae0","00263f30","FUN_00263f30"
"001bdae0","FUN_001bdae0","002641d0","FUN_002641d0"
"001bdb70","FUN_001bdb70","002641d0","FUN_002641d0"
"001be0d0","FUN_001be0d0","002641d0","FUN_002641d0"
"001be730","FUN_001be730","00550a48","FUN_00550a48"
"001be820","FUN_001be820","001b0090","FUN_001b0090"
"001be8e0","FUN_001be8e0","001413f0","FUN_001413f0"
"001be8e0","FUN_001be8e0","00167b80","FUN_00167b80"
"001beb10","FUN_001beb10","00550a48","FUN_00550a48"
"001c0510","FUN_001c0510","001c0690","FUN_001c0690"
"001c0510","FUN_001c0510","001e1b70","FUN_001e1b70"
"001c0510","FUN_001c0510","002a3710","FUN_002a3710"
"001c0510","FUN_001c0510","002b9370","FUN_002b9370"
"001c0510","FUN_001c0510","0031e520","FUN_0031e520"
"001c0510","FUN_001c0510","0051fd80","FUN_0051fd80"
"001c5dd0","FUN_001c5dd0","00168e40","FUN_00168e40"
"001c5dd0","FUN_001c5dd0","0021b030","FUN_0021b030"
"001c5dd0","FUN_001c5dd0","00231560","FUN_00231560"
"001c5dd0","FUN_001c5dd0","00264210","FUN_00264210"
"001c5dd0","FUN_001c5dd0","0027e100","FUN_0027e100"
"001c5dd0","FUN_001c5dd0","00292220","FUN_00292220"
"001c5dd0","FUN_001c5dd0","002d1480","FUN_002d1480"
"001c7660","FUN_001c7660","001bc5a0","FUN_001bc5a0"
"001c7660","FUN_001c7660","001c6d00","FUN_001c6d00"
"001c7660","FUN_001c7660","001ffd30","FUN_001ffd30"
"001c7660","FUN_001c7660","002013f0","FUN_002013f0"
"001cbd00","FUN_001cbd00","001cc760","FUN_001cc760"
"001cbd00","FUN_001cbd00","001ceab0","FUN_001ceab0"
"001cbd00","FUN_001cbd00","001cfad0","FUN_001cfad0"
"001cbd00","FUN_001cbd00","00263de0","FUN_00263de0"
"001d0840","FUN_001d0840","0015aa00","FUN_0015aa00"
"001d0840","FUN_001d0840","00162580","FUN_00162580"
"001d0840","FUN_001d0840","0032de30","FUN_0032de30"
"001d0840","FUN_001d0840","003a0280","FUN_003a0280"
"001d1860","FUN_001d1860","001d0840","FUN_001d0840"
"001d1860","FUN_001d1860","001d2260","FUN_001d2260"
"001d1860","FUN_001d1860","001edcd0","FUN_001edcd0"
"001dc740","FUN_001dc740","00245260","FUN_00245260"
"001dc7b0","FUN_001dc7b0","00263de0","FUN_00263de0"
"001dc7b0","FUN_001dc7b0","00263ec0","FUN_00263ec0"
"001dccd0","FUN_001dccd0","001dcd30","FUN_001dcd30"
"001dccd0","FUN_001dccd0","00263f30","FUN_00263f30"
"001dccd0","FUN_001dccd0","00264190","FUN_00264190"
"001dcd30","FUN_001dcd30","00245260","FUN_00245260"
"001df800","FUN_001df800","00245260","FUN_00245260"
"001dfb90","FUN_001dfb90","00245260","FUN_00245260"
"001dfd90","FUN_001dfd90","00245260","FUN_00245260"
"001e0960","FUN_001e0960","00263de0","FUN_00263de0"
"001e1320","FUN_001e1320","001b6c10","FUN_001b6c10"
"001e1320","FUN_001e1320","001e0a50","FUN_001e0a50"
"001e1320","FUN_001e1320","001e1480","FUN_001e1480"
"001e1320","FUN_001e1320","001e5990","FUN_001e5990"
"001e1320","FUN_001e1320","001e6790","FUN_001e6790"
"001e1b70","FUN_001e1b70","00263de0","FUN_00263de0"
"001e1b70","FUN_001e1b70","00264190","FUN_00264190"
"001e1b70","FUN_001e1b70","0029be60","FUN_0029be60"
"001e1b70","FUN_001e1b70","002c9010","FUN_002c9010"
"001e1b70","FUN_001e1b70","002c9d80","FUN_002c9d80"
"001e1b70","FUN_001e1b70","003041a0","FUN_003041a0"
"001e1b70","FUN_001e1b70","003043d0","FUN_003043d0"
"001e1b70","FUN_001e1b70","005229d0","FUN_005229d0"
"001e24f0","FUN_001e24f0","001e1320","FUN_001e1320"
"001e24f0","FUN_001e24f0","001e1db0","FUN_001e1db0"
"001e27c0","FUN_001e27c0","001e2d00","FUN_001e2d00"
"001e27c0","FUN_001e27c0","001e5990","FUN_001e5990"
"001e27c0","FUN_001e27c0","00263de0","FUN_00263de0"
"001e4590","FUN_001e4590","001e45c0","FUN_001e45c0"
"001e5170","FUN_001e5170","0053b968","FUN_0053b968"
"001e53a0","FUN_001e53a0","001edcc0","FUN_001edcc0"
"001eb3f0","FUN_001eb3f0","001e8f80","FUN_001e8f80"
"001ee6e0","FUN_001ee6e0","001e8f80","FUN_001e8f80"
"001ef4d0","FUN_001ef4d0","001ef520","FUN_001ef520"
"001f01c0","FUN_001f01c0","00100780","FUN_00100780"
"001f0560","FUN_001f0560","001f05e0","FUN_001f05e0"
"001f05e0","FUN_001f05e0","00100780","FUN_00100780"
"001f1840","FUN_001f1840","001f1240","FUN_001f1240"
"001f1ae0","FUN_001f1ae0","005517a8","FUN_005517a8"
"001f1e20","FUN_001f1e20","00100780","FUN_00100780"
"001f1ea0","FUN_001f1ea0","00233270","FUN_00233270"
"001f1ea0","FUN_001f1ea0","002332b0","FUN_002332b0"
"001f1ea0","FUN_001f1ea0","002333d0","FUN_002333d0"
"001f6340","FUN_001f6340","001f62e0","FUN_001f62e0"
"001f82b0","FUN_001f82b0","001f7170","FUN_001f7170"
"001f8360","FUN_001f8360","001f7170","FUN_001f7170"
"001f8680","FUN_001f8680","00551ea0","FUN_00551ea0"
"001f8770","FUN_001f8770","002b0950","FUN_002b0950"
"001f8770","FUN_001f8770","00301080","FUN_00301080"
"001f8770","FUN_001f8770","003015e0","FUN_003015e0"
"001f9900","FUN_001f9900","001018e0","FUN_001018e0"
"001f9a20","FUN_001f9a20","00501c40","FUN_00501c40"
"001f9b90","FUN_001f9b90","003fccd0","FUN_003fccd0"
"001f9b90","FUN_001f9b90","003fcd10","FUN_003fcd10"
"001f9c60","FUN_001f9c60","001f8680","FUN_001f8680"
"001f9d00","FUN_001f9d00","001f8680","FUN_001f8680"
"001fa3a0","FUN_001fa3a0","001f8680","FUN_001f8680"
"001fa780","FUN_001fa780","001fa8d0","FUN_001fa8d0"
"001fa780","FUN_001fa780","00304a80","FUN_00304a80"
"001fa780","FUN_001fa780","0030aa10","FUN_0030aa10"
"001fa780","FUN_001fa780","005010b0","FUN_005010b0"
"001ff980","FUN_001ff980","0021a980","FUN_0021a980"
"001ff980","FUN_001ff980","00248fc0","FUN_00248fc0"
"001ff9f0","FUN_001ff9f0","003fccd0","FUN_003fccd0"
"001ff9f0","FUN_001ff9f0","003fcd10","FUN_003fcd10"
"001ffa60","FUN_001ffa60","003fccc0","FUN_003fccc0"
"001ffa60","FUN_001ffa60","003fcce0","FUN_003fcce0"
"001ffb30","FUN_001ffb30","003fccc0","FUN_003fccc0"
"001ffb30","FUN_001ffb30","003fcce0","FUN_003fcce0"
"001ffc60","FUN_001ffc60","001018e0","FUN_001018e0"
"001ffcc0","FUN_001ffcc0","001018e0","FUN_001018e0"
"002004d0","FUN_002004d0","002a3710","FUN_002a3710"
"00200540","FUN_00200540","002a3710","FUN_002a3710"
"002005d0","FUN_002005d0","002004d0","FUN_002004d0"
"002005d0","FUN_002005d0","002a3710","FUN_002a3710"
"00200620","FUN_00200620","00200540","FUN_00200540"
"00200620","FUN_00200620","002a3710","FUN_002a3710"
"002013f0","FUN_002013f0","00168ba0","FUN_00168ba0"
"002015f0","FUN_002015f0","00245260","FUN_00245260"
"002015f0","FUN_002015f0","0025fc10","FUN_0025fc10"
"002015f0","FUN_002015f0","002601e0","FUN_002601e0"
"00201670","FUN_00201670","00201570","FUN_00201570"
"00201670","FUN_00201670","002015f0","FUN_002015f0"
"00201720","FUN_00201720","0022d810","FUN_0022d810"
"00201790","FUN_00201790","002c1a60","FUN_002c1a60"
"00201800","FUN_00201800","00201990","FUN_00201990"
"00201830","FUN_00201830","0022f4d0","FUN_0022f4d0"
"00201830","FUN_00201830","0022f500","FUN_0022f500"
"00201830","FUN_00201830","0022fa60","FUN_0022fa60"
"00201870","FUN_00201870","00201a00","FUN_00201a00"
"00201870","FUN_00201870","0022db20","FUN_0022db20"
"00201920","FUN_00201920","00201a00","FUN_00201a00"
"00201920","FUN_00201920","0022db20","FUN_0022db20"
"002032a0","FUN_002032a0","00166530","FUN_00166530"
"00203320","FUN_00203320","00110390","FUN_00110390"
"00203440","FUN_00203440","00206b40","FUN_00206b40"
"00203440","FUN_00203440","0020b970","FUN_0020b970"
"00204c20","FUN_00204c20","0053bb58","FUN_0053bb58"
"00204ce0","FUN_00204ce0","00204c20","FUN_00204c20"
"002069f0","FUN_002069f0","00207c60","FUN_00207c60"
"00206b40","FUN_00206b40","00248fc0","FUN_00248fc0"
"00206be0","FUN_00206be0","00206b40","FUN_00206b40"
"00206be0","FUN_00206be0","002070a0","FUN_002070a0"
"00206be0","FUN_00206be0","00207bf0","FUN_00207bf0"
"00206be0","FUN_00206be0","00207c60","FUN_00207c60"
"00206be0","FUN_00206be0","00207d50","FUN_00207d50"
"002070a0","FUN_002070a0","00206e60","FUN_00206e60"
"00207bf0","FUN_00207bf0","00248fc0","FUN_00248fc0"
"00207d50","FUN_00207d50","00207d90","FUN_00207d90"
"00207d50","FUN_00207d50","00264190","FUN_00264190"
"00209c40","FUN_00209c40","00209bc0","FUN_00209bc0"
"0020b9a0","FUN_0020b9a0","00232bb0","FUN_00232bb0"
"0020bb40","FUN_0020bb40","0027e180","FUN_0027e180"
"0020c690","FUN_0020c690","0019cc40","FUN_0019cc40"
"0020c690","FUN_0020c690","00248fc0","FUN_00248fc0"
"0020e4c0","FUN_0020e4c0","00110060","FUN_00110060"
"0020e4c0","FUN_0020e4c0","001100d0","FUN_001100d0"
"0020e4c0","FUN_0020e4c0","00110310","FUN_00110310"
"0020e4c0","FUN_0020e4c0","00168ba0","FUN_00168ba0"
"0020e4c0","FUN_0020e4c0","00180d80","FUN_00180d80"
"0020e4c0","FUN_0020e4c0","00232bb0","FUN_00232bb0"
"0020e4c0","FUN_0020e4c0","0025fc10","FUN_0025fc10"
"0020e4c0","FUN_0020e4c0","002601e0","FUN_002601e0"
"0020e4c0","FUN_0020e4c0","0053b638","FUN_0053b638"
"00211980","FUN_00211980","0027faf0","FUN_0027faf0"
"00214120","FUN_00214120","0025fc60","FUN_0025fc60"
"00214120","FUN_00214120","00556b60","FUN_00556b60"
"00214210","FUN_00214210","001018e0","FUN_001018e0"
"00214280","FUN_00214280","001018e0","FUN_001018e0"
"002142e0","FUN_002142e0","001018e0","FUN_001018e0"
"00214330","FUN_00214330","00203440","FUN_00203440"
"00214360","FUN_00214360","0010eba0","FUN_0010eba0"
"00214360","FUN_00214360","00556af0","FUN_00556af0"
"0021aa80","FUN_0021aa80","002207c0","FUN_002207c0"
"0021ae00","FUN_0021ae00","0053b290","FUN_0053b290"
"0021ae00","FUN_0021ae00","0053ba50","FUN_0053ba50"
"0021c7e0","FUN_0021c7e0","00128600","FUN_00128600"
"0021c7e0","FUN_0021c7e0","00214ee0","FUN_00214ee0"
"0021c7e0","FUN_0021c7e0","0021f1d0","FUN_0021f1d0"
"0021c7e0","FUN_0021c7e0","0021f340","FUN_0021f340"
"0021c7e0","FUN_0021c7e0","0021fee0","FUN_0021fee0"
"0021c7e0","FUN_0021c7e0","00221d90","FUN_00221d90"
"0021c7e0","FUN_0021c7e0","002275c0","FUN_002275c0"
"0021c7e0","FUN_0021c7e0","00264190","FUN_00264190"
"0021c7e0","FUN_0021c7e0","002ebb00","FUN_002ebb00"
"0021c7e0","FUN_0021c7e0","0033ddb8","FUN_0033ddb8"
"0021ecb0","FUN_0021ecb0","0010edf0","FUN_0010edf0"
"0021ecb0","FUN_0021ecb0","0021e570","FUN_0021e570"
"0021ecb0","FUN_0021ecb0","0021f0c0","FUN_0021f0c0"
"0021ed20","FUN_0021ed20","0021e570","FUN_0021e570"
"0021ed20","FUN_0021ed20","0021f0c0","FUN_0021f0c0"
"0021ed20","FUN_0021ed20","0025fd10","FUN_0025fd10"
"0021ed70","FUN_0021ed70","0010eba0","FUN_0010eba0"
"0021ed70","FUN_0021ed70","0010edf0","FUN_0010edf0"
"0021ed70","FUN_0021ed70","0010fae0","FUN_0010fae0"
"0021ed70","FUN_0021ed70","0021eb20","FUN_0021eb20"
"0021f4d0","FUN_0021f4d0","0018ed90","FUN_0018ed90"
"0021f4d0","FUN_0021f4d0","0021b190","FUN_0021b190"
"0021f4d0","FUN_0021f4d0","002a9370","FUN_002a9370"
"0021f690","FUN_0021f690","0018ed90","FUN_0018ed90"
"0021f690","FUN_0021f690","0021b190","FUN_0021b190"
"0021f690","FUN_0021f690","002a9370","FUN_002a9370"
"0021f850","FUN_0021f850","00180d80","FUN_00180d80"
"0021f8f0","FUN_0021f8f0","0018ed90","FUN_0018ed90"
"0021f8f0","FUN_0021f8f0","0021b190","FUN_0021b190"
"0021f8f0","FUN_0021f8f0","0021f850","FUN_0021f850"
"0021f8f0","FUN_0021f8f0","002a9370","FUN_002a9370"
"0021faf0","FUN_0021faf0","0018ed90","FUN_0018ed90"
"0021faf0","FUN_0021faf0","0021b190","FUN_0021b190"
"0021faf0","FUN_0021faf0","0021f850","FUN_0021f850"
"0021faf0","FUN_0021faf0","002a9370","FUN_002a9370"
"0021fcf0","FUN_0021fcf0","0018ed90","FUN_0018ed90"
"0021fcf0","FUN_0021fcf0","0021b190","FUN_0021b190"
"0021fcf0","FUN_0021fcf0","002a9370","FUN_002a9370"
"0021ff50","FUN_0021ff50","005a0bc0","FUN_005a0bc0"
"0021ff90","FUN_0021ff90","00263f30","FUN_00263f30"
"0021ff90","FUN_0021ff90","002ebb00","FUN_002ebb00"
"0021ff90","FUN_0021ff90","002ebd70","FUN_002ebd70"
"00220190","FUN_00220190","00263f30","FUN_00263f30"
"00220190","FUN_00220190","002ebb00","FUN_002ebb00"
"00220190","FUN_00220190","002ebd70","FUN_002ebd70"
"002204a0","FUN_002204a0","00245260","FUN_00245260"
"002204a0","FUN_002204a0","00264190","FUN_00264190"
"002204f0","FUN_002204f0","00245260","FUN_00245260"
"002204f0","FUN_002204f0","00264190","FUN_00264190"
"00220540","FUN_00220540","002ebb00","FUN_002ebb00"
"00220540","FUN_00220540","002ebd70","FUN_002ebd70"
"00220910","FUN_00220910","0010ec10","FUN_0010ec10"
"00220910","FUN_00220910","005a0bd0","FUN_005a0bd0"
"002209f0","FUN_002209f0","00168ba0","FUN_00168ba0"
"002209f0","FUN_002209f0","0021b100","FUN_0021b100"
"002209f0","FUN_002209f0","00220990","FUN_00220990"
"00225270","FUN_00225270","00110060","FUN_00110060"
"00225590","FUN_00225590","00110390","FUN_00110390"
"00226350","FUN_00226350","00225af0","FUN_00225af0"
"002263d0","FUN_002263d0","00225af0","FUN_00225af0"
"002264b0","FUN_002264b0","00481a80","FUN_00481a80"
"00226660","FUN_00226660","00481bc0","FUN_00481bc0"
"002266c0","FUN_002266c0","00226660","FUN_00226660"
"00226e30","FUN_00226e30","0053b968","FUN_0053b968"
"00226f90","FUN_00226f90","0053b968","FUN_0053b968"
"002270f0","FUN_002270f0","0053b968","FUN_0053b968"
"002275c0","FUN_002275c0","00226c00","FUN_00226c00"
"002275c0","FUN_002275c0","00226c90","FUN_00226c90"
"002275c0","FUN_002275c0","00226da0","FUN_00226da0"
"00227600","FUN_00227600","0021c510","FUN_0021c510"
"00227650","FUN_00227650","0028ced0","FUN_0028ced0"
"00228000","FUN_00228000","00110060","FUN_00110060"
"00228b70","FUN_00228b70","00550a48","FUN_00550a48"
"0022c4d0","FUN_0022c4d0","00227d30","FUN_00227d30"
"0022c9e0","FUN_0022c9e0","00110390","FUN_00110390"
"0022c9e0","FUN_0022c9e0","00203320","FUN_00203320"
"0022c9e0","FUN_0022c9e0","00214460","FUN_00214460"
"0022cc90","FUN_0022cc90","0010eba0","FUN_0010eba0"
"0022ccf0","FUN_0022ccf0","002280e0","FUN_002280e0"
"0022cf30","FUN_0022cf30","002d2c30","FUN_002d2c30"
"0022d580","FUN_0022d580","0022d810","FUN_0022d810"
"0022d5d0","FUN_0022d5d0","0022d640","FUN_0022d640"
"0022d5d0","FUN_0022d5d0","0022db20","FUN_0022db20"
"0022d640","FUN_0022d640","0022d6f0","FUN_0022d6f0"
"0022db20","FUN_0022db20","001018e0","FUN_001018e0"
"0022db20","FUN_0022db20","0022ee10","FUN_0022ee10"
"0022db20","FUN_0022db20","0025fc90","FUN_0025fc90"
"0022db20","FUN_0022db20","002ebdd0","FUN_002ebdd0"
"0022dc00","FUN_0022dc00","0022f6b0","FUN_0022f6b0"
"0022dc00","FUN_0022dc00","004c1b60","FUN_004c1b60"
"0022eb50","FUN_0022eb50","0010ece0","FUN_0010ece0"
"0022eb50","FUN_0022eb50","0022dd30","FUN_0022dd30"
"0022eb50","FUN_0022eb50","0024c420","FUN_0024c420"
"0022eb50","FUN_0022eb50","0025fc10","FUN_0025fc10"
"0022eb50","FUN_0022eb50","002601e0","FUN_002601e0"
"0022eb50","FUN_0022eb50","002677f0","FUN_002677f0"
"0022eb50","FUN_0022eb50","00290580","FUN_00290580"
"0022eb50","FUN_0022eb50","002c5910","FUN_002c5910"
"0022ecd0","FUN_0022ecd0","002905a0","FUN_002905a0"
"0022ee10","FUN_0022ee10","001106c0","FUN_001106c0"
"0022ee10","FUN_0022ee10","002905a0","FUN_002905a0"
"0022ee10","FUN_0022ee10","0033fca0","FUN_0033fca0"
"0022ee10","FUN_0022ee10","003749d0","FUN_003749d0"
"0022ee10","FUN_0022ee10","00377e20","FUN_00377e20"
"0022ee10","FUN_0022ee10","00379358","FUN_00379358"
"0022ee10","FUN_0022ee10","00379970","FUN_00379970"
"0022f000","FUN_0022f000","00110310","FUN_00110310"
"0022f000","FUN_0022f000","0025fad0","FUN_0025fad0"
"0022f410","FUN_0022f410","00110310","FUN_00110310"
"0022f410","FUN_0022f410","0025fad0","FUN_0025fad0"
"0022f4d0","FUN_0022f4d0","0033fb00","FUN_0033fb00"
"0022f500","FUN_0022f500","001106c0","FUN_001106c0"
"0022f500","FUN_0022f500","00110c80","FUN_00110c80"
"0022f500","FUN_0022f500","003749d0","FUN_003749d0"
"0022f500","FUN_0022f500","0039dba8","FUN_0039dba8"
"0022f580","FUN_0022f580","00102930","FUN_00102930"
"0022f580","FUN_0022f580","00105b40","FUN_00105b40"
"0022f580","FUN_0022f580","00231560","FUN_00231560"
"0022f6b0","FUN_0022f6b0","002016a0","FUN_002016a0"
"0022f6b0","FUN_0022f6b0","002906d0","FUN_002906d0"
"0022fa00","FUN_0022fa00","004ff298","FUN_004ff298"
"0022fa00","FUN_0022fa00","004ffb90","FUN_004ffb90"
"0022fa00","FUN_0022fa00","004ffd50","FUN_004ffd50"
"00231510","FUN_00231510","00231560","FUN_00231560"
"00231560","FUN_00231560","0010ed80","FUN_0010ed80"
"00231560","FUN_00231560","00110310","FUN_00110310"
"00231560","FUN_00231560","0022f4d0","FUN_0022f4d0"
"00231560","FUN_00231560","0025fad0","FUN_0025fad0"
"00231560","FUN_00231560","0025fb70","FUN_0025fb70"
"00231560","FUN_00231560","0027e040","FUN_0027e040"
"00232620","FUN_00232620","00232bb0","FUN_00232bb0"
"00232990","FUN_00232990","0010eb70","FUN_0010eb70"
"00232990","FUN_00232990","0010eba0","FUN_0010eba0"
"00232990","FUN_00232990","0010ed50","FUN_0010ed50"
"00232990","FUN_00232990","0010f010","FUN_0010f010"
"00232990","FUN_00232990","0033fb00","FUN_0033fb00"
"00232a80","FUN_00232a80","00320ec0","FUN_00320ec0"
"00232ea0","FUN_00232ea0","00232f40","FUN_00232f40"
"00232eb0","FUN_00232eb0","00232f40","FUN_00232f40"
"00233060","FUN_00233060","00112380","FUN_00112380"
"00233070","FUN_00233070","00112380","FUN_00112380"
"00233070","FUN_00233070","00551a98","FUN_00551a98"
"00233070","FUN_00233070","00551ea0","FUN_00551ea0"
"00233070","FUN_00233070","00551fb8","FUN_00551fb8"
"00233110","FUN_00233110","00551ea0","FUN_00551ea0"
"00233270","FUN_00233270","00333538","FUN_00333538"
"002333d0","FUN_002333d0","00333538","FUN_00333538"
"00233400","FUN_00233400","0051d988","FUN_0051d988"
"00233400","FUN_00233400","0051e2e8","FUN_0051e2e8"
"00233400","FUN_00233400","0051e470","FUN_0051e470"
"00233430","FUN_00233430","0051d670","FUN_0051d670"
"00233430","FUN_00233430","0051de88","FUN_0051de88"
"00233430","FUN_00233430","0051e0a8","FUN_0051e0a8"
"00233460","FUN_00233460","00112210","FUN_00112210"
"002334d0","FUN_002334d0","00556b60","FUN_00556b60"
"00233620","FUN_00233620","0023e1f0","FUN_0023e1f0"
"00233620","FUN_00233620","002937b0","FUN_002937b0"
"00233cd0","FUN_00233cd0","0018df90","FUN_0018df90"
"00233cd0","FUN_00233cd0","0018e7e0","FUN_0018e7e0"
"00233cd0","FUN_00233cd0","0018e7f0","FUN_0018e7f0"
"00233cd0","FUN_00233cd0","0027b5f0","FUN_0027b5f0"
"00233cd0","FUN_00233cd0","0027ba20","FUN_0027ba20"
"00233cd0","FUN_00233cd0","0048e1a0","FUN_0048e1a0"
"00233cd0","FUN_00233cd0","0048e1c0","FUN_0048e1c0"
"00233df0","FUN_00233df0","001105d0","FUN_001105d0"
"00233df0","FUN_00233df0","00233f30","FUN_00233f30"
"00233df0","FUN_00233df0","0023e130","FUN_0023e130"
"00233df0","FUN_00233df0","002a5ae0","FUN_002a5ae0"
"00233df0","FUN_00233df0","002a8c90","FUN_002a8c90"
"00233df0","FUN_00233df0","002b0a90","FUN_002b0a90"
"0023a030","FUN_0023a030","0023ae00","FUN_0023ae00"
"0023a030","FUN_0023a030","0023d1c0","FUN_0023d1c0"
"0023a030","FUN_0023a030","0023e260","FUN_0023e260"
"0023a030","FUN_0023a030","0023eda0","FUN_0023eda0"
"0023a030","FUN_0023a030","00248f30","FUN_00248f30"
"0023ae00","FUN_0023ae00","00233620","FUN_00233620"
"0023ae00","FUN_0023ae00","002337e0","FUN_002337e0"
"0023ae00","FUN_0023ae00","00246050","FUN_00246050"
"0023ae00","FUN_0023ae00","00246390","FUN_00246390"
"0023ae00","FUN_0023ae00","00248fc0","FUN_00248fc0"
"0023ae00","FUN_0023ae00","003c6cb0","FUN_003c6cb0"
"0023ae00","FUN_0023ae00","00580f70","FUN_00580f70"
"0023ae00","FUN_0023ae00","005815b0","FUN_005815b0"
"0023ae00","FUN_0023ae00","005817e0","FUN_005817e0"
"0023b2f0","FUN_0023b2f0","0021a980","FUN_0021a980"
"0023b2f0","FUN_0023b2f0","0021f1d0","FUN_0021f1d0"
"0023b2f0","FUN_0023b2f0","00220690","FUN_00220690"
"0023b2f0","FUN_0023b2f0","0026baf0","FUN_0026baf0"
"0023b2f0","FUN_0023b2f0","002d7070","FUN_002d7070"
"0023b2f0","FUN_0023b2f0","00559bb0","FUN_00559bb0"
"0023b2f0","FUN_0023b2f0","00581230","FUN_00581230"
"0023b400","FUN_0023b400","002412d0","FUN_002412d0"
"0023b400","FUN_0023b400","00248fc0","FUN_00248fc0"
"0023b400","FUN_0023b400","00581780","FUN_00581780"
"0023b400","FUN_0023b400","00581790","FUN_00581790"
"0023b400","FUN_0023b400","005a0bd0","FUN_005a0bd0"
"0023b400","FUN_0023b400","005a0c10","FUN_005a0c10"
"0023b620","FUN_0023b620","002412d0","FUN_002412d0"
"0023b620","FUN_0023b620","00581510","FUN_00581510"
"0023b620","FUN_0023b620","00581540","FUN_00581540"
"0023b810","FUN_0023b810","00233a80","FUN_00233a80"
"0023b8f0","FUN_0023b8f0","00248fc0","FUN_00248fc0"
"0023b950","FUN_0023b950","00248fc0","FUN_00248fc0"
"0023b9b0","FUN_0023b9b0","00581740","FUN_00581740"
"0023b9b0","FUN_0023b9b0","00581b30","FUN_00581b30"
"0023fea0","FUN_0023fea0","00233a80","FUN_00233a80"
"0023fea0","FUN_0023fea0","0023b810","FUN_0023b810"
"00241190","FUN_00241190","0023e9c0","FUN_0023e9c0"
"002412e0","FUN_002412e0","00512a40","FUN_00512a40"
"00242ae0","FUN_00242ae0","00233060","FUN_00233060"
"00242ae0","FUN_00242ae0","003001d0","FUN_003001d0"
"00242b10","FUN_00242b10","00110490","FUN_00110490"
"00242b10","FUN_00242b10","00111670","FUN_00111670"
"00242b10","FUN_00242b10","00112150","FUN_00112150"
"00242b10","FUN_00242b10","00265130","FUN_00265130"
"00242b10","FUN_00242b10","00290b60","FUN_00290b60"
"00242b10","FUN_00242b10","002a5a60","FUN_002a5a60"
"00242b10","FUN_00242b10","002a8ed0","FUN_002a8ed0"
"00242b10","FUN_00242b10","00389010","FUN_00389010"
"00242b10","FUN_00242b10","0038b3f8","FUN_0038b3f8"
"00242b10","FUN_00242b10","0039be50","FUN_0039be50"
"00242b10","FUN_00242b10","00592e10","FUN_00592e10"
"00242bc0","FUN_00242bc0","001a00e0","FUN_001a00e0"
"00242bc0","FUN_00242bc0","00300260","FUN_00300260"
"00242bc0","FUN_00242bc0","00300f60","FUN_00300f60"
"00242bf0","FUN_00242bf0","001f9e30","FUN_001f9e30"
"00242bf0","FUN_00242bf0","001fa3a0","FUN_001fa3a0"
"00242bf0","FUN_00242bf0","0021c7e0","FUN_0021c7e0"
"00242bf0","FUN_00242bf0","00246730","FUN_00246730"
"00242bf0","FUN_00242bf0","003c6cb0","FUN_003c6cb0"
"00242bf0","FUN_00242bf0","003c6dc0","FUN_003c6dc0"
"00242bf0","FUN_00242bf0","0058c810","FUN_0058c810"
"00242bf0","FUN_00242bf0","0058cb00","FUN_0058cb00"
"00242ce0","FUN_00242ce0","00101670","FUN_00101670"
"00242ce0","FUN_00242ce0","001016c0","FUN_001016c0"
"00242ce0","FUN_00242ce0","001130c0","FUN_001130c0"
"00242ce0","FUN_00242ce0","001338d0","FUN_001338d0"
"00242ce0","FUN_00242ce0","0018ae90","FUN_0018ae90"
"00242ce0","FUN_00242ce0","00190d70","FUN_00190d70"
"00242ce0","FUN_00242ce0","001a8460","FUN_001a8460"
"00242ce0","FUN_00242ce0","001be820","FUN_001be820"
"00242ce0","FUN_00242ce0","001e53a0","FUN_001e53a0"
"00242ce0","FUN_00242ce0","001f0060","FUN_001f0060"
"00242ce0","FUN_00242ce0","001f1ea0","FUN_001f1ea0"
"00242ce0","FUN_00242ce0","001f8b30","FUN_001f8b30"
"00242ce0","FUN_00242ce0","001f9e30","FUN_001f9e30"
"00242ce0","FUN_00242ce0","001fa3a0","FUN_001fa3a0"
"00242ce0","FUN_00242ce0","0021c7e0","FUN_0021c7e0"
"00242ce0","FUN_00242ce0","00220910","FUN_00220910"
"00242ce0","FUN_00242ce0","0022cd20","FUN_0022cd20"
"00242ce0","FUN_00242ce0","00248fc0","FUN_00248fc0"
"00242ce0","FUN_00242ce0","00260410","FUN_00260410"
"00242ce0","FUN_00242ce0","00267bb0","FUN_00267bb0"
"00242ce0","FUN_00242ce0","0027b560","FUN_0027b560"
"00242ce0","FUN_00242ce0","0027bbc0","FUN_0027bbc0"
"00242ce0","FUN_00242ce0","00294e30","FUN_00294e30"
"00242ce0","FUN_00242ce0","00296b00","FUN_00296b00"
"00242ce0","FUN_00242ce0","0029bc00","FUN_0029bc00"
"00242ce0","FUN_00242ce0","0029fac0","FUN_0029fac0"
"00242ce0","FUN_00242ce0","002a0450","FUN_002a0450"
"00242ce0","FUN_00242ce0","002a8f30","FUN_002a8f30"
"00242ce0","FUN_00242ce0","002b5150","FUN_002b5150"
"00242ce0","FUN_00242ce0","002bc6a0","FUN_002bc6a0"
"00242ce0","FUN_00242ce0","002c8ea0","FUN_002c8ea0"
"00242ce0","FUN_00242ce0","002cca20","FUN_002cca20"
"00242ce0","FUN_00242ce0","002d0110","FUN_002d0110"
"00242ce0","FUN_00242ce0","002d1450","FUN_002d1450"
"00242ce0","FUN_00242ce0","002d1490","FUN_002d1490"
"00242ce0","FUN_00242ce0","002d2a60","FUN_002d2a60"
"00242ce0","FUN_00242ce0","002e0f30","FUN_002e0f30"
"00242ce0","FUN_00242ce0","002e2de0","FUN_002e2de0"
"00242ce0","FUN_00242ce0","002f2f90","FUN_002f2f90"
"00242ce0","FUN_00242ce0","002fd8b0","FUN_002fd8b0"
"00242ce0","FUN_00242ce0","00300460","FUN_00300460"
"00242ce0","FUN_00242ce0","00303320","FUN_00303320"
"00242ce0","FUN_00242ce0","0031f6c0","FUN_0031f6c0"
"00242ce0","FUN_00242ce0","003ab0e0","FUN_003ab0e0"
"00242ce0","FUN_00242ce0","003b8070","FUN_003b8070"
"00242ce0","FUN_00242ce0","003c6cb0","FUN_003c6cb0"
"00242ce0","FUN_00242ce0","0047e2a0","FUN_0047e2a0"
"00242ce0","FUN_00242ce0","0050c3e0","FUN_0050c3e0"
"00242ce0","FUN_00242ce0","00511d50","FUN_00511d50"
"00242ce0","FUN_00242ce0","00513900","FUN_00513900"
"00242ce0","FUN_00242ce0","0051e630","FUN_0051e630"
"00242ce0","FUN_00242ce0","0052c710","FUN_0052c710"
"00242ce0","FUN_00242ce0","005814e0","FUN_005814e0"
"00242f90","FUN_00242f90","0019fd30","FUN_0019fd30"
"00242f90","FUN_00242f90","001f01c0","FUN_001f01c0"
"00242f90","FUN_00242f90","002339c0","FUN_002339c0"
"00242f90","FUN_00242f90","00244590","FUN_00244590"
"00242f90","FUN_00242f90","00260410","FUN_00260410"
"00242f90","FUN_00242f90","0026d7c0","FUN_0026d7c0"
"00242f90","FUN_00242f90","0027b5e0","FUN_0027b5e0"
"00242f90","FUN_00242f90","0027df20","FUN_0027df20"
"00242f90","FUN_00242f90","00293750","FUN_00293750"
"00242f90","FUN_00242f90","0029bd10","FUN_0029bd10"
"00242f90","FUN_00242f90","002a25d0","FUN_002a25d0"
"00242f90","FUN_00242f90","002bfe00","FUN_002bfe00"
"00242f90","FUN_00242f90","002e0f60","thunk_FUN_002e1b70"
"00242f90","FUN_00242f90","002f3130","FUN_002f3130"
"00242f90","FUN_00242f90","00317190","FUN_00317190"
"00242f90","FUN_00242f90","00317200","FUN_00317200"
"00242f90","FUN_00242f90","003ab1f0","FUN_003ab1f0"
"00242f90","FUN_00242f90","003af220","FUN_003af220"
"00242f90","FUN_00242f90","003b80d0","FUN_003b80d0"
"00242f90","FUN_00242f90","00485370","FUN_00485370"
"00242f90","FUN_00242f90","004a3270","FUN_004a3270"
"00242f90","FUN_00242f90","004aa560","FUN_004aa560"
"00242f90","FUN_00242f90","004bb600","FUN_004bb600"
"00242f90","FUN_00242f90","004c1b10","FUN_004c1b10"
"00242f90","FUN_00242f90","004d6e70","FUN_004d6e70"
"00242f90","FUN_00242f90","004d82b0","FUN_004d82b0"
"00242f90","FUN_00242f90","004f1de0","FUN_004f1de0"
"00242f90","FUN_00242f90","004fa0c0","FUN_004fa0c0"
"00242f90","FUN_00242f90","004face0","FUN_004face0"
"00242f90","FUN_00242f90","0050e400","FUN_0050e400"
"00242f90","FUN_00242f90","00511dc0","FUN_00511dc0"
"002433d0","FUN_002433d0","00244a00","FUN_00244a00"
"002433d0","FUN_002433d0","00247a90","FUN_00247a90"
"002433d0","FUN_002433d0","0027b9e0","FUN_0027b9e0"
"002433d0","FUN_002433d0","0027b9f0","FUN_0027b9f0"
"002433d0","FUN_002433d0","00595c00","FUN_00595c00"
"00243fd0","FUN_00243fd0","00243e00","FUN_00243e00"
"00244f70","FUN_00244f70","00244fa0","FUN_00244fa0"
"00245770","FUN_00245770","00240a10","FUN_00240a10"
"00245770","FUN_00245770","00245880","FUN_00245880"
"00245770","FUN_00245770","002459f0","FUN_002459f0"
"00245770","FUN_00245770","00245ab0","FUN_00245ab0"
"00245770","FUN_00245770","00246760","FUN_00246760"
"00245770","FUN_00245770","0039b5d0","FUN_0039b5d0"
"00245770","FUN_00245770","003c6cb0","FUN_003c6cb0"
"00245770","FUN_00245770","0053d018","FUN_0053d018"
"00245770","FUN_00245770","00556e90","FUN_00556e90"
"00245770","FUN_00245770","00592c70","FUN_00592c70"
"00245880","FUN_00245880","00100250","FUN_00100250"
"00245880","FUN_00245880","00233400","FUN_00233400"
"00245880","FUN_00245880","00233430","FUN_00233430"
"00245880","FUN_00245880","00245af0","FUN_00245af0"
"00245880","FUN_00245880","00245b90","FUN_00245b90"
"00245880","FUN_00245880","00245eb0","FUN_00245eb0"
"00245880","FUN_00245880","00245ff0","FUN_00245ff0"
"00245880","FUN_00245880","00247530","FUN_00247530"
"00245880","FUN_00245880","00248fc0","FUN_00248fc0"
"00245880","FUN_00245880","0048e180","FUN_0048e180"
"00245880","FUN_00245880","00544250","FUN_00544250"
"00245880","FUN_00245880","005853c0","FUN_005853c0"
"002459f0","FUN_002459f0","00359ea0","FUN_00359ea0"
"002459f0","FUN_002459f0","0035adb8","FUN_0035adb8"
"002459f0","FUN_002459f0","003c6cb0","FUN_003c6cb0"
"002459f0","FUN_002459f0","003c6dc0","FUN_003c6dc0"
"00245ab0","FUN_00245ab0","003c6cb0","FUN_003c6cb0"
"00245af0","FUN_00245af0","00233400","FUN_00233400"
"00245af0","FUN_00245af0","0053f560","FUN_0053f560"
"00245af0","FUN_00245af0","005410c0","FUN_005410c0"
"00245af0","FUN_00245af0","00544930","FUN_00544930"
"00245af0","FUN_00245af0","00545680","FUN_00545680"
"00245af0","FUN_00245af0","005456d0","FUN_005456d0"
"00245af0","FUN_00245af0","00551710","FUN_00551710"
"00245b90","FUN_00245b90","00551ea0","FUN_00551ea0"
"00245eb0","FUN_00245eb0","00551ea0","FUN_00551ea0"
"00245ff0","FUN_00245ff0","0053bda0","FUN_0053bda0"
"00245ff0","FUN_00245ff0","0053d0e0","FUN_0053d0e0"
"002461a0","FUN_002461a0","0021a980","FUN_0021a980"
"002461a0","FUN_002461a0","0021f1d0","FUN_0021f1d0"
"002461a0","FUN_002461a0","0021f340","FUN_0021f340"
"002461a0","FUN_002461a0","00220690","FUN_00220690"
"002461a0","FUN_002461a0","002b2290","FUN_002b2290"
"00246390","FUN_00246390","001104a0","FUN_001104a0"
"00246390","FUN_00246390","0022d570","FUN_0022d570"
"00246390","FUN_00246390","0033db00","FUN_0033db00"
"00246390","FUN_00246390","0039b5b0","thunk_FUN_0039b520"
"002463d0","FUN_002463d0","0010e9f0","FUN_0010e9f0"
"002463d0","FUN_002463d0","00111ec0","FUN_00111ec0"
"002463d0","FUN_002463d0","002909c0","FUN_002909c0"
"002463d0","FUN_002463d0","00300f10","FUN_00300f10"
"002463d0","FUN_002463d0","00374810","FUN_00374810"
"002463d0","FUN_002463d0","00389620","FUN_00389620"
"002463d0","FUN_002463d0","00399c98","FUN_00399c98"
"002463d0","FUN_002463d0","0039e800","FUN_0039e800"
"002463d0","FUN_002463d0","003c0ba8","FUN_003c0ba8"
"002463d0","FUN_002463d0","003c1988","FUN_003c1988"
"002463d0","FUN_002463d0","003c1a68","FUN_003c1a68"
"002463d0","FUN_002463d0","003c8f20","FUN_003c8f20"
"002463d0","FUN_002463d0","0048d7c8","FUN_0048d7c8"
"002463d0","FUN_002463d0","004a0d60","FUN_004a0d60"
"002463d0","FUN_002463d0","004a4140","FUN_004a4140"
"002463d0","FUN_002463d0","004c01f0","FUN_004c01f0"
"002463d0","FUN_002463d0","004d6990","FUN_004d6990"
"002463d0","FUN_002463d0","004ff860","FUN_004ff860"
"00246730","FUN_00246730","005935c0","FUN_005935c0"
"00246fd0","FUN_00246fd0","0013f780","FUN_0013f780"
"00246fd0","FUN_00246fd0","001f1ad0","FUN_001f1ad0"
"00246fd0","FUN_00246fd0","00270020","FUN_00270020"
"00246fd0","FUN_00246fd0","002929c0","FUN_002929c0"
"00246fd0","FUN_00246fd0","00297240","FUN_00297240"
"00246fd0","FUN_00246fd0","002a4500","FUN_002a4500"
"00246fd0","FUN_00246fd0","002d0280","FUN_002d0280"
"00246fd0","FUN_00246fd0","002e0fb0","FUN_002e0fb0"
"00246fd0","FUN_00246fd0","002f31b0","FUN_002f31b0"
"00246fd0","FUN_00246fd0","002fde80","FUN_002fde80"
"00246fd0","FUN_00246fd0","002ff5c0","FUN_002ff5c0"
"00246fd0","FUN_00246fd0","002ff670","FUN_002ff670"
"00246fd0","FUN_00246fd0","00303620","FUN_00303620"
"00246fd0","FUN_00246fd0","0031fb80","FUN_0031fb80"
"00246fd0","FUN_00246fd0","003ab190","FUN_003ab190"
"00246fd0","FUN_00246fd0","00485360","FUN_00485360"
"00246fd0","FUN_00246fd0","0049ab80","FUN_0049ab80"
"00246fd0","FUN_00246fd0","004ba8d0","FUN_004ba8d0"
"00246fd0","FUN_00246fd0","00514300","FUN_00514300"
"00247390","FUN_00247390","00233df0","FUN_00233df0"
"002473c0","FUN_002473c0","0018b460","FUN_0018b460"
"002473c0","FUN_002473c0","002a8820","thunk_FUN_002a6180"
"002473c0","FUN_002473c0","002b0430","FUN_002b0430"
"00247410","FUN_00247410","00111f50","FUN_00111f50"
"00247410","FUN_00247410","00242ae0","FUN_00242ae0"
"00247410","FUN_00247410","00242b10","FUN_00242b10"
"00247410","FUN_00247410","00242bc0","FUN_00242bc0"
"00247410","FUN_00247410","002463d0","FUN_002463d0"
"00247410","FUN_00247410","0039b760","FUN_0039b760"
"00247410","FUN_00247410","0039b950","FUN_0039b950"
"00247410","FUN_00247410","0053ba50","FUN_0053ba50"
"00247700","FUN_00247700","00247860","FUN_00247860"
"00247a90","FUN_00247a90","00248fc0","FUN_00248fc0"
"00248eb0","FUN_00248eb0","00248fc0","FUN_00248fc0"
"00248f30","FUN_00248f30","00248fc0","FUN_00248fc0"
"00248f70","FUN_00248f70","005334d0","FUN_005334d0"
"0024b380","FUN_0024b380","002140f0","FUN_002140f0"
"0024b710","FUN_0024b710","001018e0","FUN_001018e0"
"0024b760","FUN_0024b760","00247700","FUN_00247700"
"0024bb50","FUN_0024bb50","001018e0","FUN_001018e0"
"0024bb50","FUN_0024bb50","0022db20","FUN_0022db20"
"0024bb50","FUN_0024bb50","00232eb0","FUN_00232eb0"
"0024bbd0","FUN_0024bbd0","0022f410","FUN_0022f410"
"0024bf00","FUN_0024bf00","00231e70","FUN_00231e70"
"0024bf00","FUN_0024bf00","00232ea0","FUN_00232ea0"
"0024bf00","FUN_0024bf00","00267800","FUN_00267800"
"0024c420","FUN_0024c420","002677f0","FUN_002677f0"
"0024c4a0","FUN_0024c4a0","00267800","FUN_00267800"
"0024c7a0","FUN_0024c7a0","00110060","FUN_00110060"
"0024c7a0","FUN_0024c7a0","001100d0","FUN_001100d0"
"0024c910","FUN_0024c910","00110060","FUN_00110060"
"0024c910","FUN_0024c910","001100d0","FUN_001100d0"
"0024cb60","FUN_0024cb60","00110060","FUN_00110060"
"0024cb60","FUN_0024cb60","001100d0","FUN_001100d0"
"0024db80","FUN_0024db80","00257b50","FUN_00257b50"
"0024db80","FUN_0024db80","0053bb58","FUN_0053bb58"
"0024e010","FUN_0024e010","00110060","FUN_00110060"
"0024e010","FUN_0024e010","001100d0","FUN_001100d0"
"0024e260","FUN_0024e260","001100d0","FUN_001100d0"
"0024e260","FUN_0024e260","0024c910","FUN_0024c910"
"0024e260","FUN_0024e260","0024db80","FUN_0024db80"
"0024e260","FUN_0024e260","0024de80","FUN_0024de80"
"0024e260","FUN_0024e260","002ebd70","FUN_002ebd70"
"0024e470","FUN_0024e470","002ebd70","FUN_002ebd70"
"0024f570","FUN_0024f570","0025cbd0","FUN_0025cbd0"
"0024f570","FUN_0024f570","00284480","FUN_00284480"
"0025d9e0","FUN_0025d9e0","002ebb00","FUN_002ebb00"
"0025f6e0","FUN_0025f6e0","0027b4d0","FUN_0027b4d0"
"0025f6e0","FUN_0025f6e0","0027b4f0","FUN_0027b4f0"
"0025f6e0","FUN_0025f6e0","0027b510","FUN_0027b510"
"0025fa60","FUN_0025fa60","0010eba0","FUN_0010eba0"
"0025fc10","FUN_0025fc10","0010efc0","FUN_0010efc0"
"0025fc10","FUN_0025fc10","0010f010","FUN_0010f010"
"0025fc90","FUN_0025fc90","001018e0","FUN_001018e0"
"0025fc90","FUN_0025fc90","00260300","FUN_00260300"
"0025fd10","FUN_0025fd10","0010edf0","FUN_0010edf0"
"0025ff70","FUN_0025ff70","00101a00","FUN_00101a00"
"0025ff70","FUN_0025ff70","00556c90","FUN_00556c90"
"00260080","FUN_00260080","00260300","FUN_00260300"
"002601e0","FUN_002601e0","00260300","FUN_00260300"
"00260300","FUN_00260300","0053bb28","FUN_0053bb28"
"002603d0","FUN_002603d0","0012be60","FUN_0012be60"
"002603d0","FUN_002603d0","00265ca0","FUN_00265ca0"
"00260410","FUN_00260410","00265260","FUN_00265260"
"00260580","FUN_00260580","002ebb00","FUN_002ebb00"
"00260580","FUN_00260580","002ebd70","FUN_002ebd70"
"00264530","FUN_00264530","004bc7b0","FUN_004bc7b0"
"002646e0","FUN_002646e0","0053bb28","FUN_0053bb28"
"002648c0","FUN_002648c0","0018bcd0","FUN_0018bcd0"
"002648c0","FUN_002648c0","0018ed90","FUN_0018ed90"
"002648c0","FUN_002648c0","002d19c0","FUN_002d19c0"
"002648c0","FUN_002648c0","002d2c30","FUN_002d2c30"
"00264930","FUN_00264930","002d19c0","FUN_002d19c0"
"00264930","FUN_00264930","002d2c30","FUN_002d2c30"
"00264980","FUN_00264980","00248fc0","FUN_00248fc0"
"00265090","FUN_00265090","00300a40","FUN_00300a40"
"00265400","FUN_00265400","00199050","FUN_00199050"
"00265ca0","FUN_00265ca0","00265dc0","FUN_00265dc0"
"00265dc0","FUN_00265dc0","002d8e40","FUN_002d8e40"
"00265fa0","FUN_00265fa0","00101700","FUN_00101700"
"00265fa0","FUN_00265fa0","0027ba90","FUN_0027ba90"
"00265fa0","FUN_00265fa0","004c08e0","FUN_004c08e0"
"00265fa0","FUN_00265fa0","004c0910","FUN_004c0910"
"00266060","FUN_00266060","00101700","FUN_00101700"
"00266060","FUN_00266060","00266290","thunk_FUN_001016c0"
"00266060","FUN_00266060","002662a0","thunk_FUN_00101670"
"00266060","FUN_00266060","00266690","FUN_00266690"
"00266060","FUN_00266060","002667a0","FUN_002667a0"
"00266060","FUN_00266060","002668b0","FUN_002668b0"
"00266060","FUN_00266060","002669c0","FUN_002669c0"
"00266060","FUN_00266060","00266ad0","FUN_00266ad0"
"00266060","FUN_00266060","00266bf0","FUN_00266bf0"
"00266060","FUN_00266060","00266d00","FUN_00266d00"
"00266060","FUN_00266060","00266e10","FUN_00266e10"
"00266060","FUN_00266060","00266f20","FUN_00266f20"
"00266060","FUN_00266060","002670c0","FUN_002670c0"
"00266060","FUN_00266060","00267260","FUN_00267260"
"00266060","FUN_00266060","00267370","FUN_00267370"
"00266060","FUN_00266060","00267490","FUN_00267490"
"00266060","FUN_00266060","002675b0","FUN_002675b0"
"00266060","FUN_00266060","002676c0","FUN_002676c0"
"002663d0","FUN_002663d0","00266410","FUN_00266410"
"002663d0","FUN_002663d0","00266420","FUN_00266420"
"002664d0","FUN_002664d0","00132bc0","FUN_00132bc0"
"002664d0","FUN_002664d0","001b0b80","FUN_001b0b80"
"002664d0","FUN_002664d0","001b0f80","FUN_001b0f80"
"002664d0","FUN_002664d0","00266430","FUN_00266430"
"002664d0","FUN_002664d0","00266440","FUN_00266440"
"002664d0","FUN_002664d0","00266490","FUN_00266490"
"002664d0","FUN_002664d0","002664c0","FUN_002664c0"
"002664d0","FUN_002664d0","00266600","FUN_00266600"
"002664d0","FUN_002664d0","0027e100","FUN_0027e100"
"002664d0","FUN_002664d0","0054ebb0","FUN_0054ebb0"
"00267800","FUN_00267800","00267a90","FUN_00267a90"
"00267810","FUN_00267810","00267990","FUN_00267990"
"002678b0","FUN_002678b0","00267a90","FUN_00267a90"
"00267bb0","FUN_00267bb0","0026b8d0","FUN_0026b8d0"
"00267bb0","FUN_00267bb0","00301080","FUN_00301080"
"00267bb0","FUN_00267bb0","00551710","FUN_00551710"
"00267c60","FUN_00267c60","002b09a0","FUN_002b09a0"
"00267c60","FUN_00267c60","00301080","FUN_00301080"
"00267c60","FUN_00267c60","00301680","FUN_00301680"
"00267c60","FUN_00267c60","003016d0","FUN_003016d0"
"00267c60","FUN_00267c60","003016f0","FUN_003016f0"
"00267d60","FUN_00267d60","00263140","FUN_00263140"
"00267d60","FUN_00267d60","00263ec0","FUN_00263ec0"
"00267d60","FUN_00267d60","00263f30","FUN_00263f30"
"00267d60","FUN_00267d60","00264190","FUN_00264190"
"00267d60","FUN_00267d60","00264530","FUN_00264530"
"00267d60","FUN_00267d60","0026b070","FUN_0026b070"
"00267d60","FUN_00267d60","0026f1e0","FUN_0026f1e0"
"00267d60","FUN_00267d60","002a1e70","FUN_002a1e70"
"00268100","FUN_00268100","0026b070","FUN_0026b070"
"00268100","FUN_00268100","002a55c0","FUN_002a55c0"
"00269b10","FUN_00269b10","0026ce90","FUN_0026ce90"
"00269b10","FUN_00269b10","002a55c0","FUN_002a55c0"
"0026a6c0","FUN_0026a6c0","00264530","FUN_00264530"
"0026a6c0","FUN_0026a6c0","00268100","FUN_00268100"
"0026a6c0","FUN_0026a6c0","0026acf0","FUN_0026acf0"
"0026a6c0","FUN_0026a6c0","0026b010","FUN_0026b010"
"0026b580","FUN_0026b580","0026b2e0","FUN_0026b2e0"
"0026baf0","FUN_0026baf0","0026b8d0","FUN_0026b8d0"
"0026bc20","FUN_0026bc20","00293980","FUN_00293980"
"0026bcd0","FUN_0026bcd0","00264190","FUN_00264190"
"0026d550","FUN_0026d550","002646e0","FUN_002646e0"
"0026d550","FUN_0026d550","0053b638","FUN_0053b638"
"0026d6a0","FUN_0026d6a0","002c1620","FUN_002c1620"
"0026d740","FUN_0026d740","002c1a60","FUN_002c1a60"
"0026d7c0","FUN_0026d7c0","002c1a60","FUN_002c1a60"
"0026e4a0","FUN_0026e4a0","00110800","FUN_00110800"
"0026e4a0","FUN_0026e4a0","002a55c0","FUN_002a55c0"
"0026e4a0","FUN_0026e4a0","002b1770","FUN_002b1770"
"0026f130","FUN_0026f130","0026d860","FUN_0026d860"
"0026f130","FUN_0026f130","0053b520","FUN_0053b520"
"0026f130","FUN_0026f130","0053b738","FUN_0053b738"
"0026f5e0","FUN_0026f5e0","0021c510","FUN_0021c510"
"0026f5e0","FUN_0026f5e0","00264190","FUN_00264190"
"0026f5e0","FUN_0026f5e0","002f9ee0","FUN_002f9ee0"
"0026f5e0","FUN_0026f5e0","00306ec0","FUN_00306ec0"
"0026f5e0","FUN_0026f5e0","003b1870","FUN_003b1870"
"0026f5e0","FUN_0026f5e0","0053c898","FUN_0053c898"
"0026f8d0","FUN_0026f8d0","0011c780","FUN_0011c780"
"0026f8d0","FUN_0026f8d0","002ff700","FUN_002ff700"
"0026faa0","FUN_0026faa0","00111a40","FUN_00111a40"
"0026fb90","FUN_0026fb90","00111a40","FUN_00111a40"
"0026fc10","FUN_0026fc10","00111a40","FUN_00111a40"
"00270020","FUN_00270020","00270140","FUN_00270140"
"002700d0","FUN_002700d0","0051a440","FUN_0051a440"
"002700d0","FUN_002700d0","0051a470","FUN_0051a470"
"002700d0","FUN_002700d0","0051a490","FUN_0051a490"
"00270140","FUN_00270140","00154700","FUN_00154700"
"00270140","FUN_00270140","00154750","FUN_00154750"
"00270140","FUN_00270140","00179040","FUN_00179040"
"00270140","FUN_00270140","00290d10","FUN_00290d10"
"00270140","FUN_00270140","00292230","FUN_00292230"
"00270140","FUN_00270140","00292430","FUN_00292430"
"00270140","FUN_00270140","00516a60","FUN_00516a60"
"00270140","FUN_00270140","00517250","FUN_00517250"
"00270140","FUN_00270140","0051a440","FUN_0051a440"
"00270140","FUN_00270140","0051a470","FUN_0051a470"
"00270140","FUN_00270140","0051a490","FUN_0051a490"
"00270370","FUN_00270370","00111a50","FUN_00111a50"
"00270370","FUN_00270370","00111a90","FUN_00111a90"
"00270370","FUN_00270370","002a3f80","FUN_002a3f80"
"00270370","FUN_00270370","003ab050","FUN_003ab050"
"002703f0","FUN_002703f0","00111a40","FUN_00111a40"
"002703f0","FUN_002703f0","00111a60","FUN_00111a60"
"002703f0","FUN_002703f0","003ab050","FUN_003ab050"
"00270430","FUN_00270430","00111760","FUN_00111760"
"00270430","FUN_00270430","00111a50","FUN_00111a50"
"00270430","FUN_00270430","00270530","FUN_00270530"
"00270430","FUN_00270430","003ab050","FUN_003ab050"
"002704d0","FUN_002704d0","00111a40","FUN_00111a40"
"002704d0","FUN_002704d0","00111a60","FUN_00111a60"
"002704d0","FUN_002704d0","00270660","FUN_00270660"
"002704d0","FUN_002704d0","003ab050","FUN_003ab050"
"00270530","FUN_00270530","00111760","FUN_00111760"
"00270530","FUN_00270530","0025f6e0","FUN_0025f6e0"
"00270530","FUN_00270530","002a3f80","FUN_002a3f80"
"00270660","FUN_00270660","002a44f0","FUN_002a44f0"
"002706a0","FUN_002706a0","00111760","FUN_00111760"
"002706a0","FUN_002706a0","00111a50","FUN_00111a50"
"002706a0","FUN_002706a0","0025f6e0","FUN_0025f6e0"
"002706a0","FUN_002706a0","002a3f80","FUN_002a3f80"
"002706a0","FUN_002706a0","003ab050","FUN_003ab050"
"002707e0","FUN_002707e0","00111a40","FUN_00111a40"
"002707e0","FUN_002707e0","00111a60","FUN_00111a60"
"002707e0","FUN_002707e0","002a44f0","FUN_002a44f0"
"002707e0","FUN_002707e0","003ab050","FUN_003ab050"
"00270830","FUN_00270830","00111760","FUN_00111760"
"00270830","FUN_00270830","00111a50","FUN_00111a50"
"00270830","FUN_00270830","0025f6e0","FUN_0025f6e0"
"00270830","FUN_00270830","002a3f80","FUN_002a3f80"
"00270830","FUN_00270830","003ab050","FUN_003ab050"
"00270970","FUN_00270970","00111a40","FUN_00111a40"
"00270970","FUN_00270970","00111a60","FUN_00111a60"
"00270970","FUN_00270970","002a44f0","FUN_002a44f0"
"00270970","FUN_00270970","003ab050","FUN_003ab050"
"002709c0","FUN_002709c0","00111760","FUN_00111760"
"002709c0","FUN_002709c0","00111a50","FUN_00111a50"
"002709c0","FUN_002709c0","0025f6e0","FUN_0025f6e0"
"002709c0","FUN_002709c0","002a3f80","FUN_002a3f80"
"002709c0","FUN_002709c0","003ab050","FUN_003ab050"
"00270b00","FUN_00270b00","00111a40","FUN_00111a40"
"00270b00","FUN_00270b00","00111a60","FUN_00111a60"
"00270b00","FUN_00270b00","002a44f0","FUN_002a44f0"
"00270b00","FUN_00270b00","003ab050","FUN_003ab050"
"00270b50","FUN_00270b50","00284480","FUN_00284480"
"00270b50","FUN_00270b50","00292240","FUN_00292240"
"00271280","FUN_00271280","00292310","FUN_00292310"
"00272ed0","FUN_00272ed0","00272fd0","FUN_00272fd0"
"00273090","FUN_00273090","002731b0","FUN_002731b0"
"00273090","FUN_00273090","003350f0","FUN_003350f0"
"00273090","FUN_00273090","00335648","FUN_00335648"
"002739f0","FUN_002739f0","00284480","FUN_00284480"
"00273eb0","FUN_00273eb0","00271280","FUN_00271280"
"00273eb0","FUN_00273eb0","002c1620","FUN_002c1620"
"00274170","FUN_00274170","002741b0","FUN_002741b0"
"00274170","FUN_00274170","00274370","FUN_00274370"
"00274170","FUN_00274170","00274c30","FUN_00274c30"
"00274370","FUN_00274370","00233270","FUN_00233270"
"00274370","FUN_00274370","002333d0","FUN_002333d0"
"00274370","FUN_00274370","00274e30","FUN_00274e30"
"00274370","FUN_00274370","003c73c0","FUN_003c73c0"
"00274370","FUN_00274370","005517a8","FUN_005517a8"
"00274370","FUN_00274370","00551d58","FUN_00551d58"
"00274e30","FUN_00274e30","00551d58","FUN_00551d58"
"00278320","FUN_00278320","00278380","FUN_00278380"
"0027ae00","FUN_0027ae00","00278380","FUN_00278380"
"0027b2e0","FUN_0027b2e0","0051a490","FUN_0051a490"
"0027b550","thunk_FUN_00547208","00547208","FUN_00547208"
"0027b560","FUN_0027b560","0027b550","thunk_FUN_00547208"
"0027b5f0","FUN_0027b5f0","0039be60","FUN_0039be60"
"0027b9f0","FUN_0027b9f0","00547208","FUN_00547208"
"0027ba90","FUN_0027ba90","0027ca50","FUN_0027ca50"
"0027bbe0","FUN_0027bbe0","0027ba90","FUN_0027ba90"
"0027bbe0","FUN_0027bbe0","0027c7b0","FUN_0027c7b0"
"0027c040","FUN_0027c040","002d2c30","FUN_002d2c30"
"0027c2f0","FUN_0027c2f0","0027ca90","FUN_0027ca90"
"0027c390","FUN_0027c390","0027c040","FUN_0027c040"
"0027c390","FUN_0027c390","0027ca50","FUN_0027ca50"
"0027c480","FUN_0027c480","0027c040","FUN_0027c040"
"0027c480","FUN_0027c480","0027c390","FUN_0027c390"
"0027c480","FUN_0027c480","0027c5b0","FUN_0027c5b0"
"0027c4e0","FUN_0027c4e0","0027c390","FUN_0027c390"
"0027c540","FUN_0027c540","002d2c30","FUN_002d2c30"
"0027d180","FUN_0027d180","0027d250","FUN_0027d250"
"0027dd60","FUN_0027dd60","0027d760","FUN_0027d760"
"0027de00","FUN_0027de00","002641d0","FUN_002641d0"
"0027e040","FUN_0027e040","0010ed80","FUN_0010ed80"
"0027e040","FUN_0027e040","0022f4d0","FUN_0022f4d0"
"0027e040","FUN_0027e040","0024c420","FUN_0024c420"
"0027e040","FUN_0027e040","0025fb70","FUN_0025fb70"
"0027e100","FUN_0027e100","0024c4a0","FUN_0024c4a0"
"00284420","FUN_00284420","00482c30","FUN_00482c30"
"00286b60","FUN_00286b60","0011ee10","FUN_0011ee10"
"00286b60","FUN_00286b60","002824e0","FUN_002824e0"
"00286b60","FUN_00286b60","00284480","FUN_00284480"
"00286b60","FUN_00286b60","0053b738","FUN_0053b738"
"00287bc0","FUN_00287bc0","00288720","FUN_00288720"
"00287bc0","FUN_00287bc0","0029d250","FUN_0029d250"
"00287bc0","FUN_00287bc0","0029f700","FUN_0029f700"
"00288df0","FUN_00288df0","001ac5d0","FUN_001ac5d0"
"00288df0","FUN_00288df0","0024c4a0","FUN_0024c4a0"
"00288df0","FUN_00288df0","00264190","FUN_00264190"
"0028a300","FUN_0028a300","002eb7d0","FUN_002eb7d0"
"0028a910","FUN_0028a910","001018e0","FUN_001018e0"
"0028a910","FUN_0028a910","00267810","FUN_00267810"
"0028a980","FUN_0028a980","001018e0","FUN_001018e0"
"0028a980","FUN_0028a980","00556af0","FUN_00556af0"
"0028a9e0","FUN_0028a9e0","001018e0","FUN_001018e0"
"0028a9e0","FUN_0028a9e0","002678b0","FUN_002678b0"
"0028aa40","FUN_0028aa40","00556b60","FUN_00556b60"
"0028aa90","FUN_0028aa90","001018e0","FUN_001018e0"
"0028aa90","FUN_0028aa90","00267810","FUN_00267810"
"0028aa90","FUN_0028aa90","002678b0","FUN_002678b0"
"0028ab10","FUN_0028ab10","001018e0","FUN_001018e0"
"0028ab10","FUN_0028ab10","0012bec0","FUN_0012bec0"
"0028ab10","FUN_0028ab10","00265d20","FUN_00265d20"
"0028ab80","FUN_0028ab80","00290450","FUN_00290450"
"0028abc0","FUN_0028abc0","0010a040","FUN_0010a040"
"0028abc0","FUN_0028abc0","00110740","FUN_00110740"
"0028abc0","FUN_0028abc0","00290570","FUN_00290570"
"0028abc0","FUN_0028abc0","00290680","FUN_00290680"
"0028abc0","FUN_0028abc0","00377e20","FUN_00377e20"
"0028aca0","FUN_0028aca0","00110d10","FUN_00110d10"
"0028aca0","FUN_0028aca0","00374918","FUN_00374918"
"0028acf0","FUN_0028acf0","003ab060","FUN_003ab060"
"0028acf0","FUN_0028acf0","003c8f50","FUN_003c8f50"
"0028acf0","FUN_0028acf0","003c91d0","FUN_003c91d0"
"0028acf0","FUN_0028acf0","004c03e0","FUN_004c03e0"
"0028acf0","FUN_0028acf0","004c04e0","FUN_004c04e0"
"0028acf0","FUN_0028acf0","0050f050","FUN_0050f050"
"0028acf0","FUN_0028acf0","0050f140","FUN_0050f140"
"0028ad80","FUN_0028ad80","0010a020","FUN_0010a020"
"0028ad80","FUN_0028ad80","00110740","FUN_00110740"
"0028ad80","FUN_0028ad80","00290560","FUN_00290560"
"0028ad80","FUN_0028ad80","00292140","FUN_00292140"
"0028ad80","FUN_0028ad80","00379358","FUN_00379358"
"0028b170","FUN_0028b170","00101a00","FUN_00101a00"
"0028b170","FUN_0028b170","005519c0","FUN_005519c0"
"0028b170","FUN_0028b170","00551ea0","FUN_00551ea0"
"0028b170","FUN_0028b170","00551fb8","FUN_00551fb8"
"0028b1e0","FUN_0028b1e0","001079d0","FUN_001079d0"
"0028b240","FUN_0028b240","00291ef0","FUN_00291ef0"
"0028b270","FUN_0028b270","00111f30","FUN_00111f30"
"0028b270","FUN_0028b270","0033f7b8","FUN_0033f7b8"
"0028b270","FUN_0028b270","005519c0","FUN_005519c0"
"0028b2f0","FUN_0028b2f0","00111f30","FUN_00111f30"
"0028b2f0","FUN_0028b2f0","00291ff0","FUN_00291ff0"
"0028b2f0","FUN_0028b2f0","0033f7b8","FUN_0033f7b8"
"0028b2f0","FUN_0028b2f0","005519c0","FUN_005519c0"
"0028b410","FUN_0028b410","00291ff0","FUN_00291ff0"
"0028b410","FUN_0028b410","0033f7b8","FUN_0033f7b8"
"0028b470","FUN_0028b470","0033f7b8","FUN_0033f7b8"
"0028b4b0","FUN_0028b4b0","0033f7b8","FUN_0033f7b8"
"0028b4f0","FUN_0028b4f0","0033f7b8","FUN_0033f7b8"
"0028b5b0","FUN_0028b5b0","001018e0","FUN_001018e0"
"0028b630","FUN_0028b630","0028bb60","FUN_0028bb60"
"0028b630","FUN_0028b630","002904f0","FUN_002904f0"
"0028b630","FUN_0028b630","002905c0","FUN_002905c0"
"0028b880","FUN_0028b880","004d67d0","FUN_004d67d0"
"0028b9e0","FUN_0028b9e0","0028b880","FUN_0028b880"
"0028ba20","FUN_0028ba20","004d67d0","FUN_004d67d0"
"0028be70","FUN_0028be70","0028ab80","FUN_0028ab80"
"0028c170","FUN_0028c170","001018e0","FUN_001018e0"
"0028c170","FUN_0028c170","0012bec0","FUN_0012bec0"
"0028c200","FUN_0028c200","00290430","FUN_00290430"
"0028c250","FUN_0028c250","001018e0","FUN_001018e0"
"0028c2a0","FUN_0028c2a0","001018e0","FUN_001018e0"
"0028c310","FUN_0028c310","00290430","FUN_00290430"
"0028c350","FUN_0028c350","001018e0","FUN_001018e0"
"0028c3c0","FUN_0028c3c0","00290430","FUN_00290430"
"0028c400","FUN_0028c400","001018e0","FUN_001018e0"
"0028c480","FUN_0028c480","00290430","FUN_00290430"
"0028c4e0","FUN_0028c4e0","001018e0","FUN_001018e0"
"0028c550","FUN_0028c550","00290430","FUN_00290430"
"0028c5a0","FUN_0028c5a0","001018e0","FUN_001018e0"
"0028c610","FUN_0028c610","00290430","FUN_00290430"
"0028c660","FUN_0028c660","001018e0","FUN_001018e0"
"0028c6d0","FUN_0028c6d0","00290430","FUN_00290430"
"0028c710","FUN_0028c710","001018e0","FUN_001018e0"
"0028c770","FUN_0028c770","00290430","FUN_00290430"
"0028c850","FUN_0028c850","0028ad80","FUN_0028ad80"
"0028c850","FUN_0028c850","0028b510","FUN_0028b510"
"0028c850","FUN_0028c850","0028c910","FUN_0028c910"
"0028c850","FUN_0028c850","00379358","FUN_00379358"
"0028c8d0","FUN_0028c8d0","0012bec0","FUN_0012bec0"
"0028c8d0","FUN_0028c8d0","0028abc0","FUN_0028abc0"
"0028d120","FUN_0028d120","00556b60","FUN_00556b60"
"0028d210","FUN_0028d210","001018e0","FUN_001018e0"
"0028d310","FUN_0028d310","003468a8","FUN_003468a8"
"0028d310","FUN_0028d310","00346998","FUN_00346998"
"0028d310","FUN_0028d310","00551ea0","FUN_00551ea0"
"0028d310","FUN_0028d310","005523c8","FUN_005523c8"
"0028d3b0","FUN_0028d3b0","003463a8","FUN_003463a8"
"0028d3b0","FUN_0028d3b0","003463c0","FUN_003463c0"
"0028d3e0","FUN_0028d3e0","003463c0","FUN_003463c0"
"0028d400","FUN_0028d400","00290430","FUN_00290430"
"0028d4a0","FUN_0028d4a0","00101a00","FUN_00101a00"
"0028d4a0","FUN_0028d4a0","005519c0","FUN_005519c0"
"0028d4a0","FUN_0028d4a0","00551ea0","FUN_00551ea0"
"0028d4a0","FUN_0028d4a0","00551fb8","FUN_00551fb8"
"0028d510","FUN_0028d510","001079d0","FUN_001079d0"
"0028d570","FUN_0028d570","0028ad80","FUN_0028ad80"
"0028d570","FUN_0028d570","0028b510","FUN_0028b510"
"0028d570","FUN_0028d570","0028d120","FUN_0028d120"
"0028d570","FUN_0028d570","0028e060","FUN_0028e060"
"0028d570","FUN_0028d570","0028e420","FUN_0028e420"
"0028d570","FUN_0028d570","0028f750","FUN_0028f750"
"0028d570","FUN_0028d570","0028fc60","FUN_0028fc60"
"0028d570","FUN_0028d570","0028fc70","FUN_0028fc70"
"0028d570","FUN_0028d570","002901c0","FUN_002901c0"
"0028d570","FUN_0028d570","00290370","FUN_00290370"
"0028d8f0","FUN_0028d8f0","0033f7b8","FUN_0033f7b8"
"0028d950","FUN_0028d950","003794d0","FUN_003794d0"
"0028d980","FUN_0028d980","00290ce0","FUN_00290ce0"
"0028dd00","FUN_0028dd00","00111f30","FUN_00111f30"
"0028dd00","FUN_0028dd00","00290c20","FUN_00290c20"
"0028dd00","FUN_0028dd00","00291ef0","FUN_00291ef0"
"0028dd00","FUN_0028dd00","0037c988","FUN_0037c988"
"0028dd00","FUN_0028dd00","00552790","FUN_00552790"
"0028df50","FUN_0028df50","00111f30","FUN_00111f30"
"0028df50","FUN_0028df50","00290c20","FUN_00290c20"
"0028df50","FUN_0028df50","00291ef0","FUN_00291ef0"
"0028df50","FUN_0028df50","0037c988","FUN_0037c988"
"0028df50","FUN_0028df50","00552790","FUN_00552790"
"0028e060","FUN_0028e060","00379358","FUN_00379358"
"0028e150","FUN_0028e150","00290c20","FUN_00290c20"
"0028e180","FUN_0028e180","00290c70","FUN_00290c70"
"0028e1b0","FUN_0028e1b0","00290ce0","FUN_00290ce0"
"0028ed30","FUN_0028ed30","0028b470","FUN_0028b470"
"0028ef80","FUN_0028ef80","00550a48","FUN_00550a48"
"0028f330","FUN_0028f330","00550a48","FUN_00550a48"
"0028fbd0","FUN_0028fbd0","00301080","FUN_00301080"
"0028fbd0","FUN_0028fbd0","00301680","FUN_00301680"
"0028fbd0","FUN_0028fbd0","003016d0","FUN_003016d0"
"0028fbd0","FUN_0028fbd0","003016f0","FUN_003016f0"
"0028fbd0","FUN_0028fbd0","00345d00","FUN_00345d00"
"0028fc70","FUN_0028fc70","0028fd10","FUN_0028fd10"
"0028fc70","FUN_0028fc70","004a46e0","FUN_004a46e0"
"0028fc70","FUN_0028fc70","004a4a50","FUN_004a4a50"
"0028fd10","FUN_0028fd10","00552580","FUN_00552580"
"00290490","FUN_00290490","00290680","FUN_00290680"
"002904f0","FUN_002904f0","00300f70","FUN_00300f70"
"002904f0","FUN_002904f0","00301080","FUN_00301080"
"00290560","FUN_00290560","00301710","FUN_00301710"
"00290570","FUN_00290570","00301760","FUN_00301760"
"00290580","FUN_00290580","00301710","FUN_00301710"
"002905a0","FUN_002905a0","00301760","FUN_00301760"
"00290680","FUN_00290680","0012bec0","FUN_0012bec0"
"00290820","FUN_00290820","0028bf30","FUN_0028bf30"
"002909c0","FUN_002909c0","0033fe90","FUN_0033fe90"
"002909c0","FUN_002909c0","00379e68","FUN_00379e68"
"002909c0","FUN_002909c0","00379eb0","FUN_00379eb0"
"00290a80","FUN_00290a80","00292b20","FUN_00292b20"
"00290b60","FUN_00290b60","00292be0","FUN_00292be0"
"00290c60","FUN_00290c60","00379358","FUN_00379358"
"00290d10","FUN_00290d10","00292ac0","FUN_00292ac0"
"00290d10","FUN_00290d10","0053bb28","FUN_0053bb28"
"00290da0","FUN_00290da0","00379308","FUN_00379308"
"00290eb0","FUN_00290eb0","00290dd0","FUN_00290dd0"
"00291d90","FUN_00291d90","00292ac0","FUN_00292ac0"
"00291e10","FUN_00291e10","00290dd0","FUN_00290dd0"
"00291e10","FUN_00291e10","00292220","FUN_00292220"
"00291e10","FUN_00291e10","00379308","FUN_00379308"
"00292010","FUN_00292010","00292ac0","FUN_00292ac0"
"002920c0","FUN_002920c0","003392a0","FUN_003392a0"
"002920c0","FUN_002920c0","0033dfd0","FUN_0033dfd0"
"002920c0","FUN_002920c0","0033fac0","FUN_0033fac0"
"00292230","FUN_00292230","00292c20","FUN_00292c20"
"00292240","FUN_00292240","00292c20","FUN_00292c20"
"00292290","FUN_00292290","00292cb0","FUN_00292cb0"
"002922d0","FUN_002922d0","00292cb0","FUN_00292cb0"
"00292310","FUN_00292310","002923f0","FUN_002923f0"
"00292310","FUN_00292310","00292cb0","FUN_00292cb0"
"002923b0","FUN_002923b0","00292cb0","FUN_00292cb0"
"002923f0","FUN_002923f0","00292cb0","FUN_00292cb0"
"00292430","FUN_00292430","00292830","FUN_00292830"
"002929c0","FUN_002929c0","00111a40","FUN_00111a40"
"002929c0","FUN_002929c0","00111a60","FUN_00111a60"
"002929c0","FUN_002929c0","003ab050","FUN_003ab050"
"00292ac0","FUN_00292ac0","0033fac0","FUN_0033fac0"
"00292be0","FUN_00292be0","00101be0","FUN_00101be0"
"00292c20","FUN_00292c20","00292c70","FUN_00292c70"
"00292c70","FUN_00292c70","00292d60","FUN_00292d60"
"00292c70","FUN_00292c70","00292d80","FUN_00292d80"
"00292cb0","FUN_00292cb0","00292d60","FUN_00292d60"
"00292cb0","FUN_00292cb0","00292d80","FUN_00292d80"
"00293190","FUN_00293190","00292da0","FUN_00292da0"
"002931c0","FUN_002931c0","00552580","FUN_00552580"
"00293240","FUN_00293240","00552580","FUN_00552580"
"002933e0","FUN_002933e0","0018ed90","FUN_0018ed90"
"002936d0","FUN_002936d0","002937b0","FUN_002937b0"
"002937b0","FUN_002937b0","00263de0","FUN_00263de0"
"00294330","FUN_00294330","00551ea0","FUN_00551ea0"
"00294b60","FUN_00294b60","002933e0","FUN_002933e0"
"00294b60","FUN_00294b60","00294520","FUN_00294520"
"00294b60","FUN_00294b60","004bc7b0","FUN_004bc7b0"
"00294c70","FUN_00294c70","00294520","FUN_00294520"
"00294c70","FUN_00294c70","00294df0","FUN_00294df0"
"00294c70","FUN_00294c70","004bc7b0","FUN_004bc7b0"
"00294df0","FUN_00294df0","002933e0","FUN_002933e0"
"00294df0","FUN_00294df0","002a9340","FUN_002a9340"
"00294e30","FUN_00294e30","00292ed0","FUN_00292ed0"
"00294e60","FUN_00294e60","0018ed90","FUN_0018ed90"
"00294e60","FUN_00294e60","00293190","FUN_00293190"
"00294e60","FUN_00294e60","00294c70","FUN_00294c70"
"00294e60","FUN_00294e60","002a97e0","FUN_002a97e0"
"00294f30","FUN_00294f30","00551ea0","FUN_00551ea0"
"00294fa0","FUN_00294fa0","00294fd0","FUN_00294fd0"
"00295d40","FUN_00295d40","001ffbd0","FUN_001ffbd0"
"00295d40","FUN_00295d40","00294fe0","FUN_00294fe0"
"00295d40","FUN_00295d40","00296280","FUN_00296280"
"002968f0","FUN_002968f0","00264030","FUN_00264030"
"002968f0","FUN_002968f0","00295d40","FUN_00295d40"
"00296bb0","FUN_00296bb0","0027e180","FUN_0027e180"
"00299580","FUN_00299580","002995f0","FUN_002995f0"
"00299e30","FUN_00299e30","00244f30","FUN_00244f30"
"0029bac0","FUN_0029bac0","0029baf0","FUN_0029baf0"
"0029bbb0","FUN_0029bbb0","001018e0","FUN_001018e0"
"0029bd10","FUN_0029bd10","0029e970","FUN_0029e970"
"0029bd70","FUN_0029bd70","0029e970","FUN_0029e970"
"0029e970","FUN_0029e970","002ebd70","FUN_002ebd70"
"0029e970","FUN_0029e970","003d5b20","FUN_003d5b20"
"0029f590","FUN_0029f590","0029e970","FUN_0029e970"
"002a0480","FUN_002a0480","0018bb40","FUN_0018bb40"
"002a0480","FUN_002a0480","001e0950","FUN_001e0950"
"002a0480","FUN_002a0480","002206d0","FUN_002206d0"
"002a0480","FUN_002a0480","00248fc0","FUN_00248fc0"
"002a0480","FUN_002a0480","00263d50","FUN_00263d50"
"002a0480","FUN_002a0480","00288f40","FUN_00288f40"
"002a0480","FUN_002a0480","002a1f40","FUN_002a1f40"
"002a0480","FUN_002a0480","002a2010","FUN_002a2010"
"002a0480","FUN_002a0480","002a2410","FUN_002a2410"
"002a0480","FUN_002a0480","0053bb28","FUN_0053bb28"
"002a1890","FUN_002a1890","0021a980","FUN_0021a980"
"002a1890","FUN_002a1890","00220690","FUN_00220690"
"002a1910","FUN_002a1910","00481c80","FUN_00481c80"
"002a1df0","FUN_002a1df0","002a1e70","FUN_002a1e70"
"002a1eb0","FUN_002a1eb0","0027e100","FUN_0027e100"
"002a1eb0","FUN_002a1eb0","004c1480","FUN_004c1480"
"002a25d0","FUN_002a25d0","0021a980","FUN_0021a980"
"002a25d0","FUN_002a25d0","00220690","FUN_00220690"
"002a25d0","FUN_002a25d0","00248fc0","FUN_00248fc0"
"002a2660","FUN_002a2660","00263f30","FUN_00263f30"
"002a2660","FUN_002a2660","00264190","FUN_00264190"
"002a2660","FUN_002a2660","00481b60","FUN_00481b60"
"002a27b0","FUN_002a27b0","00248fc0","FUN_00248fc0"
"002a27b0","FUN_002a27b0","00263de0","FUN_00263de0"
"002a27b0","FUN_002a27b0","0027b930","FUN_0027b930"
"002a27b0","FUN_002a27b0","002a2660","FUN_002a2660"
"002a27b0","FUN_002a27b0","002c43c0","FUN_002c43c0"
"002a27b0","FUN_002a27b0","002c4700","FUN_002c4700"
"002a3710","FUN_002a3710","00263de0","FUN_00263de0"
"002a44f0","FUN_002a44f0","00111940","FUN_00111940"
"002a5a60","FUN_002a5a60","002b0950","FUN_002b0950"
"002a5a60","FUN_002a5a60","00300f70","FUN_00300f70"
"002a5a60","FUN_002a5a60","00300fd0","FUN_00300fd0"
"002a5a60","FUN_002a5a60","00301080","FUN_00301080"
"002a5ae0","FUN_002a5ae0","002a8d90","FUN_002a8d90"
"002a5ae0","FUN_002a5ae0","003c50d0","FUN_003c50d0"
"002a6f50","FUN_002a6f50","002a71d0","FUN_002a71d0"
"002a71d0","FUN_002a71d0","002a71f0","FUN_002a71f0"
"002a7920","FUN_002a7920","002a71f0","FUN_002a71f0"
"002a8ed0","FUN_002a8ed0","002b0950","FUN_002b0950"
"002a8ed0","FUN_002a8ed0","00300fd0","FUN_00300fd0"
"002a8ed0","FUN_002a8ed0","00301080","FUN_00301080"
"002a96c0","FUN_002a96c0","0018af60","FUN_0018af60"
"002a96c0","FUN_002a96c0","0018afa0","FUN_0018afa0"
"002a96c0","FUN_002a96c0","0018c470","FUN_0018c470"
"002a96c0","FUN_002a96c0","0018cb90","FUN_0018cb90"
"002ac960","FUN_002ac960","00263f30","FUN_00263f30"
"002ac960","FUN_002ac960","00264190","FUN_00264190"
"002ac960","FUN_002ac960","00267d60","FUN_00267d60"
"002ac960","FUN_002ac960","002681d0","FUN_002681d0"
"002ac960","FUN_002ac960","002a55c0","FUN_002a55c0"
"002ac960","FUN_002ac960","002b0b60","FUN_002b0b60"
"002ac960","FUN_002ac960","002b2290","FUN_002b2290"
"002ac960","FUN_002ac960","0053bb28","FUN_0053bb28"
"002acfa0","FUN_002acfa0","0021af60","FUN_0021af60"
"002acfa0","FUN_002acfa0","0021af80","FUN_0021af80"
"002ae060","FUN_002ae060","0018afa0","FUN_0018afa0"
"002ae060","FUN_002ae060","0018b0f0","FUN_0018b0f0"
"002ae060","FUN_002ae060","002a71d0","FUN_002a71d0"
"002ae060","FUN_002ae060","002a8bf0","FUN_002a8bf0"
"002ae060","FUN_002ae060","002a8c60","FUN_002a8c60"
"002ae060","FUN_002ae060","002a8d90","FUN_002a8d90"
"002ae060","FUN_002ae060","002a8de0","FUN_002a8de0"
"002ae060","FUN_002ae060","002a8e40","FUN_002a8e40"
"002ae060","FUN_002ae060","002a8e50","FUN_002a8e50"
"002ae060","FUN_002ae060","005815b0","FUN_005815b0"
"002aef80","FUN_002aef80","002a1e70","FUN_002a1e70"
"002aef80","FUN_002aef80","002a55c0","FUN_002a55c0"
"002aef80","FUN_002aef80","002a7020","FUN_002a7020"
"002aef80","FUN_002aef80","002a8a00","FUN_002a8a00"
"002aef80","FUN_002aef80","002a8a20","FUN_002a8a20"
"002aef80","FUN_002aef80","002a8b00","FUN_002a8b00"
"002aef80","FUN_002aef80","002a8bf0","FUN_002a8bf0"
"002aef80","FUN_002aef80","002a8c70","FUN_002a8c70"
"002aef80","FUN_002aef80","002a8ca0","FUN_002a8ca0"
"002aef80","FUN_002aef80","002a8d90","FUN_002a8d90"
"002aef80","FUN_002aef80","002a8dd0","FUN_002a8dd0"
"002aef80","FUN_002aef80","002a8de0","FUN_002a8de0"
"002aef80","FUN_002aef80","002a8e00","FUN_002a8e00"
"002aef80","FUN_002aef80","002a8e50","FUN_002a8e50"
"002af890","FUN_002af890","002a55c0","FUN_002a55c0"
"002af890","FUN_002af890","002a6f50","FUN_002a6f50"
"002af890","FUN_002af890","002a7020","FUN_002a7020"
"002af890","FUN_002af890","002a8a20","FUN_002a8a20"
"002af890","FUN_002af890","002a8b00","FUN_002a8b00"
"002af890","FUN_002af890","002a8bf0","FUN_002a8bf0"
"002af890","FUN_002af890","002a8c70","FUN_002a8c70"
"002af890","FUN_002af890","002a8ca0","FUN_002a8ca0"
"002af890","FUN_002af890","002a8db0","FUN_002a8db0"
"002af890","FUN_002af890","002a8dd0","FUN_002a8dd0"
"002af890","FUN_002af890","002a8de0","FUN_002a8de0"
"002af890","FUN_002af890","002a8e40","FUN_002a8e40"
"002af890","FUN_002af890","002a8e50","FUN_002a8e50"
"002af890","FUN_002af890","005821c0","FUN_005821c0"
"002b01a0","FUN_002b01a0","00248fc0","FUN_00248fc0"
"002b01a0","FUN_002b01a0","0026a7a0","FUN_0026a7a0"
"002b01a0","FUN_002b01a0","002aa4d0","FUN_002aa4d0"
"002b01a0","FUN_002b01a0","002aa9f0","FUN_002aa9f0"
"002b01a0","FUN_002b01a0","002ab500","FUN_002ab500"
"002b01a0","FUN_002b01a0","002acf90","FUN_002acf90"
"002b01a0","FUN_002b01a0","002ad660","FUN_002ad660"
"002b01a0","FUN_002b01a0","002adb60","FUN_002adb60"
"002b01a0","FUN_002b01a0","002ae060","FUN_002ae060"
"002b01a0","FUN_002b01a0","002aed60","FUN_002aed60"
"002b01a0","FUN_002b01a0","002aef80","FUN_002aef80"
"002b01a0","FUN_002b01a0","002af220","FUN_002af220"
"002b01a0","FUN_002b01a0","002af630","FUN_002af630"
"002b01a0","FUN_002b01a0","002af890","FUN_002af890"
"002b01a0","FUN_002b01a0","0052cbe0","FUN_0052cbe0"
"002b0430","FUN_002b0430","00263f30","FUN_00263f30"
"002b0430","FUN_002b0430","002acfa0","FUN_002acfa0"
"002b0430","FUN_002b0430","002aed60","FUN_002aed60"
"002b0430","FUN_002b0430","002aef80","FUN_002aef80"
"002b0430","FUN_002b0430","002af890","FUN_002af890"
"002b0430","FUN_002b0430","002afe10","FUN_002afe10"
"002b08f0","FUN_002b08f0","001018e0","FUN_001018e0"
"002b08f0","FUN_002b08f0","002b0950","FUN_002b0950"
"002b0950","FUN_002b0950","00346720","FUN_00346720"
"002b09a0","FUN_002b09a0","00345d00","FUN_00345d00"
"002b09a0","FUN_002b09a0","00346720","FUN_00346720"
"002b0a00","FUN_002b0a00","00345d00","FUN_00345d00"
"002b0ad0","FUN_002b0ad0","002b1770","FUN_002b1770"
"002b0ad0","FUN_002b0ad0","002b2230","FUN_002b2230"
"002b0b60","FUN_002b0b60","002b1770","FUN_002b1770"
"002b0b60","FUN_002b0b60","002b2230","FUN_002b2230"
"002b0bd0","FUN_002b0bd0","002b1c10","FUN_002b1c10"
"002b0bd0","FUN_002b0bd0","002b2230","FUN_002b2230"
"002b0c40","FUN_002b0c40","002b1c10","FUN_002b1c10"
"002b2b60","FUN_002b2b60","001239e0","FUN_001239e0"
"002b2b60","FUN_002b2b60","00288720","FUN_00288720"
"002b38d0","FUN_002b38d0","0053bb28","FUN_0053bb28"
"002b4640","FUN_002b4640","00282140","FUN_00282140"
"002b4b60","FUN_002b4b60","001678b0","FUN_001678b0"
"002b4b60","FUN_002b4b60","00167b90","FUN_00167b90"
"002b4b60","FUN_002b4b60","0056ff30","FUN_0056ff30"
"002b4bd0","FUN_002b4bd0","00168c20","FUN_00168c20"
"002b4bd0","FUN_002b4bd0","0028b4f0","FUN_0028b4f0"
"002b4c20","FUN_002b4c20","00167e00","FUN_00167e00"
"002b4c20","FUN_002b4c20","0017d660","FUN_0017d660"
"002b5150","FUN_002b5150","002b4cd0","FUN_002b4cd0"
"002b5150","FUN_002b5150","002b9230","FUN_002b9230"
"002b8e80","FUN_002b8e80","0027e100","FUN_0027e100"
"002baa50","FUN_002baa50","002ba1c0","FUN_002ba1c0"
"002baac0","FUN_002baac0","0010f200","FUN_0010f200"
"002baac0","FUN_002baac0","0027e040","FUN_0027e040"
"002baac0","FUN_002baac0","0027e100","FUN_0027e100"
"002bac10","FUN_002bac10","002943f0","FUN_002943f0"
"002bac10","FUN_002bac10","002baef0","FUN_002baef0"
"002bac10","FUN_002bac10","002d2ba0","FUN_002d2ba0"
"002bacd0","FUN_002bacd0","002943f0","FUN_002943f0"
"002bacd0","FUN_002bacd0","002baef0","FUN_002baef0"
"002bacd0","FUN_002bacd0","002d2ba0","FUN_002d2ba0"
"002bb1a0","FUN_002bb1a0","002ebd70","FUN_002ebd70"
"002bb1a0","FUN_002bb1a0","003fccd0","FUN_003fccd0"
"002bb1a0","FUN_002bb1a0","003fcdb0","FUN_003fcdb0"
"002bb5f0","FUN_002bb5f0","002bc090","FUN_002bc090"
"002bb5f0","FUN_002bb5f0","002bc3f0","FUN_002bc3f0"
"002bc450","FUN_002bc450","002bafe0","FUN_002bafe0"
"002bc450","FUN_002bc450","003fccc0","FUN_003fccc0"
"002bc500","FUN_002bc500","003fccd0","FUN_003fccd0"
"002bc500","FUN_002bc500","0042f330","FUN_0042f330"
"002bc5f0","FUN_002bc5f0","0042f790","FUN_0042f790"
"002be060","FUN_002be060","00263de0","FUN_00263de0"
"002bf8c0","FUN_002bf8c0","00110390","FUN_00110390"
"002bf8c0","FUN_002bf8c0","0053b638","FUN_0053b638"
"002bfc60","FUN_002bfc60","002bfd20","FUN_002bfd20"
"002bfe00","FUN_002bfe00","002c1a60","FUN_002c1a60"
"002bfe00","FUN_002bfe00","002c4230","FUN_002c4230"
"002bfe00","FUN_002bfe00","002c4740","FUN_002c4740"
"002bfe00","FUN_002bfe00","002c51f0","FUN_002c51f0"
"002bfe00","FUN_002bfe00","002c78e0","FUN_002c78e0"
"002bfe00","FUN_002bfe00","00501550","FUN_00501550"
"002bfed0","FUN_002bfed0","00101650","FUN_00101650"
"002bfed0","FUN_002bfed0","0021c510","FUN_0021c510"
"002bfed0","FUN_002bfed0","00263de0","FUN_00263de0"
"002bfed0","FUN_002bfed0","002c3df0","FUN_002c3df0"
"002c0220","FUN_002c0220","002c1a60","FUN_002c1a60"
"002c1f30","FUN_002c1f30","002c1620","FUN_002c1620"
"002c3df0","FUN_002c3df0","002c2cd0","FUN_002c2cd0"
"002c3df0","FUN_002c3df0","002c3680","FUN_002c3680"
"002c4150","FUN_002c4150","002c2cd0","FUN_002c2cd0"
"002c4150","FUN_002c4150","00300390","FUN_00300390"
"002c4230","FUN_002c4230","002c1a60","FUN_002c1a60"
"002c4230","FUN_002c4230","002c2cd0","FUN_002c2cd0"
"002c4230","FUN_002c4230","00300390","FUN_00300390"
"002c4700","FUN_002c4700","002c3f30","FUN_002c3f30"
"002c4700","FUN_002c4700","0039fa60","FUN_0039fa60"
"002c4700","FUN_002c4700","004dce70","FUN_004dce70"
"002c52b0","FUN_002c52b0","002c1a60","FUN_002c1a60"
"002c52b0","FUN_002c52b0","002c71c0","FUN_002c71c0"
"002c52b0","FUN_002c52b0","002cfbb0","FUN_002cfbb0"
"002c52b0","FUN_002c52b0","00301820","FUN_00301820"
"002c5890","FUN_002c5890","002c5480","FUN_002c5480"
"002c5890","FUN_002c5890","002c5e40","FUN_002c5e40"
"002c5910","FUN_002c5910","002cffc0","FUN_002cffc0"
"002c5a00","FUN_002c5a00","002cff80","FUN_002cff80"
"002c5a00","FUN_002c5a00","002cffa0","FUN_002cffa0"
"002c5a50","FUN_002c5a50","002d0020","FUN_002d0020"
"002c76a0","FUN_002c76a0","002c1a60","FUN_002c1a60"
"002c77b0","FUN_002c77b0","002c1a60","FUN_002c1a60"
"002c78e0","FUN_002c78e0","00290660","FUN_00290660"
"002c78e0","FUN_002c78e0","002bfb60","FUN_002bfb60"
"002c78e0","FUN_002c78e0","002bfbd0","FUN_002bfbd0"
"002c78e0","FUN_002c78e0","002c1a60","FUN_002c1a60"
"002c78e0","FUN_002c78e0","002c78e0","FUN_002c78e0"
"002c78e0","FUN_002c78e0","002c8080","FUN_002c8080"
"002c78e0","FUN_002c78e0","002c8090","FUN_002c8090"
"002c78e0","FUN_002c78e0","002c80a0","FUN_002c80a0"
"002c78e0","FUN_002c78e0","002c80b0","FUN_002c80b0"
"002c8620","FUN_002c8620","002c1620","FUN_002c1620"
"002c8650","FUN_002c8650","002c1620","FUN_002c1620"
"002c8f10","FUN_002c8f10","00550a48","FUN_00550a48"
"002c9010","FUN_002c9010","002c1620","FUN_002c1620"
"002c9010","FUN_002c9010","002c1a60","FUN_002c1a60"
"002c9d80","FUN_002c9d80","002c1620","FUN_002c1620"
"002c9d80","FUN_002c9d80","002c1a60","FUN_002c1a60"
"002cc8c0","FUN_002cc8c0","002c1a60","FUN_002c1a60"
"002cca20","FUN_002cca20","002c1a60","FUN_002c1a60"
"002cca20","FUN_002cca20","004f4e90","FUN_004f4e90"
"002ccef0","FUN_002ccef0","00290660","FUN_00290660"
"002ccef0","FUN_002ccef0","002bfb60","FUN_002bfb60"
"002ccef0","FUN_002ccef0","002bfbd0","FUN_002bfbd0"
"002ccef0","FUN_002ccef0","002c1a60","FUN_002c1a60"
"002ccef0","FUN_002ccef0","002c78e0","FUN_002c78e0"
"002ccef0","FUN_002ccef0","002c8080","FUN_002c8080"
"002ccef0","FUN_002ccef0","002c8090","FUN_002c8090"
"002ccef0","FUN_002ccef0","002c80a0","FUN_002c80a0"
"002ccef0","FUN_002ccef0","002c80b0","FUN_002c80b0"
"002cd5a0","FUN_002cd5a0","001c5730","FUN_001c5730"
"002cd5a0","FUN_002cd5a0","002946b0","FUN_002946b0"
"002cd5a0","FUN_002cd5a0","002c1620","FUN_002c1620"
"002cd5a0","FUN_002cd5a0","004f5340","FUN_004f5340"
"002cd5f0","FUN_002cd5f0","001b01c0","FUN_001b01c0"
"002cd5f0","FUN_002cd5f0","001c5730","FUN_001c5730"
"002cd5f0","FUN_002cd5f0","002c1620","FUN_002c1620"
"002cd5f0","FUN_002cd5f0","002cc000","FUN_002cc000"
"002cd5f0","FUN_002cd5f0","004f5340","FUN_004f5340"
"002cd5f0","FUN_002cd5f0","00550a48","FUN_00550a48"
"002cd830","FUN_002cd830","001b01c0","FUN_001b01c0"
"002cd830","FUN_002cd830","00263f30","FUN_00263f30"
"002cd830","FUN_002cd830","002cb5b0","FUN_002cb5b0"
"002cd830","FUN_002cd830","002cbe70","FUN_002cbe70"
"002cd830","FUN_002cd830","002cd5f0","FUN_002cd5f0"
"002ce6e0","FUN_002ce6e0","00550a48","FUN_00550a48"
"002cf930","FUN_002cf930","002c1a60","FUN_002c1a60"
"002cfbb0","FUN_002cfbb0","001b01b0","FUN_001b01b0"
"002cfbb0","FUN_002cfbb0","001b01c0","FUN_001b01c0"
"002cfbb0","FUN_002cfbb0","002c1a60","FUN_002c1a60"
"002d0060","FUN_002d0060","00301080","FUN_00301080"
"002d0060","FUN_002d0060","00301680","FUN_00301680"
"002d0060","FUN_002d0060","003016d0","FUN_003016d0"
"002d0060","FUN_002d0060","003016f0","FUN_003016f0"
"002d0060","FUN_002d0060","00345d00","FUN_00345d00"
"002d14a0","FUN_002d14a0","001a5a40","FUN_001a5a40"
"002d14a0","FUN_002d14a0","00264190","FUN_00264190"
"002d14a0","FUN_002d14a0","002d26c0","FUN_002d26c0"
"002d14a0","FUN_002d14a0","002d2c30","FUN_002d2c30"
"002d14a0","FUN_002d14a0","005815b0","FUN_005815b0"
"002d1640","FUN_002d1640","0018bcd0","FUN_0018bcd0"
"002d1640","FUN_002d1640","0018ed90","FUN_0018ed90"
"002d1640","FUN_002d1640","002a55c0","FUN_002a55c0"
"002d1640","FUN_002d1640","002a55e0","FUN_002a55e0"
"002d1640","FUN_002d1640","002a7020","FUN_002a7020"
"002d1640","FUN_002d1640","002a8a00","FUN_002a8a00"
"002d1640","FUN_002d1640","002a8b00","FUN_002a8b00"
"002d1640","FUN_002d1640","002a8bf0","FUN_002a8bf0"
"002d1640","FUN_002d1640","002a8c60","FUN_002a8c60"
"002d1640","FUN_002d1640","002a8c80","FUN_002a8c80"
"002d1640","FUN_002d1640","002a8ca0","FUN_002a8ca0"
"002d1640","FUN_002d1640","002a8db0","FUN_002a8db0"
"002d1640","FUN_002d1640","002a8dd0","FUN_002a8dd0"
"002d1640","FUN_002d1640","002a8de0","FUN_002a8de0"
"002d1640","FUN_002d1640","002a8e50","FUN_002a8e50"
"002d1640","FUN_002d1640","002a92b0","FUN_002a92b0"
"002d1640","FUN_002d1640","00551710","FUN_00551710"
"002d1640","FUN_002d1640","005821c0","FUN_005821c0"
"002d19c0","FUN_002d19c0","002a9370","FUN_002a9370"
"002d19c0","FUN_002d19c0","002d26c0","FUN_002d26c0"
"002d1a30","FUN_002d1a30","002a9370","FUN_002a9370"
"002d1a30","FUN_002d1a30","002d26c0","FUN_002d26c0"
"002d1e50","FUN_002d1e50","00264190","FUN_00264190"
"002d1e50","FUN_002d1e50","002d2c30","FUN_002d2c30"
"002d1e50","FUN_002d1e50","002d2fe0","FUN_002d2fe0"
"002d1e50","FUN_002d1e50","0048eec0","FUN_0048eec0"
"002d1f60","FUN_002d1f60","00168ba0","FUN_00168ba0"
"002d1f60","FUN_002d1f60","0016c600","FUN_0016c600"
"002d1f60","FUN_002d1f60","002d2180","FUN_002d2180"
"002d1f60","FUN_002d1f60","002d2c30","FUN_002d2c30"
"002d1f60","FUN_002d1f60","005815b0","FUN_005815b0"
"002d2a60","FUN_002d2a60","002d3130","FUN_002d3130"
"002d2a60","FUN_002d2a60","002d34a0","FUN_002d34a0"
"002d2a60","FUN_002d2a60","002d6dd0","FUN_002d6dd0"
"002d2a60","FUN_002d2a60","002d6ef0","FUN_002d6ef0"
"002d3130","FUN_002d3130","002d6bf0","FUN_002d6bf0"
"002d34a0","FUN_002d34a0","00581810","FUN_00581810"
"002d3570","FUN_002d3570","0018ed90","FUN_0018ed90"
"002d3570","FUN_002d3570","002d3dd0","FUN_002d3dd0"
"002d6610","FUN_002d6610","0048e1e0","FUN_0048e1e0"
"002d6bf0","FUN_002d6bf0","00248fc0","FUN_00248fc0"
"002d6ef0","FUN_002d6ef0","00233110","FUN_00233110"
"002d6ef0","FUN_002d6ef0","00233270","FUN_00233270"
"002d6ef0","FUN_002d6ef0","002333d0","FUN_002333d0"
"002d6ef0","FUN_002d6ef0","003c73c0","FUN_003c73c0"
"002d6ef0","FUN_002d6ef0","005517a8","FUN_005517a8"
"002d73e0","FUN_002d73e0","00263de0","FUN_00263de0"
"002d73e0","FUN_002d73e0","00263f30","FUN_00263f30"
"002d73e0","FUN_002d73e0","002ebb00","FUN_002ebb00"
"002d9540","FUN_002d9540","002d9410","FUN_002d9410"
"002d9540","FUN_002d9540","002dc2a0","FUN_002dc2a0"
"002d9e70","FUN_002d9e70","001410b0","FUN_001410b0"
"002d9ef0","FUN_002d9ef0","002dc2a0","FUN_002dc2a0"
"002d9ef0","FUN_002d9ef0","002e00d0","FUN_002e00d0"
"002d9f30","FUN_002d9f30","002e00d0","FUN_002e00d0"
"002dc2a0","FUN_002dc2a0","0026ba60","FUN_0026ba60"
"002dc2a0","FUN_002dc2a0","002dc5a0","FUN_002dc5a0"
"002dc2a0","FUN_002dc2a0","002e00b0","FUN_002e00b0"
"002dc5a0","FUN_002dc5a0","0027e100","FUN_0027e100"
"002dc600","FUN_002dc600","0013d7d0","FUN_0013d7d0"
"002dc600","FUN_002dc600","001fa440","FUN_001fa440"
"002dc600","FUN_002dc600","00264190","FUN_00264190"
"002dc600","FUN_002dc600","002a1e70","FUN_002a1e70"
"002dc600","FUN_002dc600","002d1990","FUN_002d1990"
"002dc600","FUN_002dc600","0048e1e0","FUN_0048e1e0"
"002dc600","FUN_002dc600","0048e230","FUN_0048e230"
"002dde90","FUN_002dde90","0053b638","FUN_0053b638"
"002de9b0","FUN_002de9b0","002dea70","FUN_002dea70"
"002de9b0","FUN_002de9b0","0048e240","FUN_0048e240"
"002df660","FUN_002df660","001a5a40","FUN_001a5a40"
"002df660","FUN_002df660","001a79c0","FUN_001a79c0"
"002df660","FUN_002df660","00264190","FUN_00264190"
"002df660","FUN_002df660","002d2c30","FUN_002d2c30"
"002df660","FUN_002df660","002e0820","FUN_002e0820"
"002df660","FUN_002df660","002e0910","FUN_002e0910"
"002df660","FUN_002df660","003e9300","FUN_003e9300"
"002df660","FUN_002df660","003e9370","FUN_003e9370"
"002df660","FUN_002df660","003edae0","FUN_003edae0"
"002df660","FUN_002df660","003fccc0","FUN_003fccc0"
"002df660","FUN_002df660","004cb940","FUN_004cb940"
"002df660","FUN_002df660","005815b0","FUN_005815b0"
"002e0820","FUN_002e0820","002d2c30","FUN_002d2c30"
"002e0820","FUN_002e0820","005815b0","FUN_005815b0"
"002e0910","FUN_002e0910","002d2c30","FUN_002d2c30"
"002e0910","FUN_002e0910","005815b0","FUN_005815b0"
"002e0a30","FUN_002e0a30","0027e100","FUN_0027e100"
"002e0af0","FUN_002e0af0","001410b0","FUN_001410b0"
"002e0b50","FUN_002e0b50","005519c0","FUN_005519c0"
"002e0c00","FUN_002e0c00","00481880","FUN_00481880"
"002e0f30","FUN_002e0f30","002a3b00","FUN_002a3b00"
"002e0f30","FUN_002e0f30","002e12f0","FUN_002e12f0"
"002e0f30","FUN_002e0f30","002e1a40","FUN_002e1a40"
"002e0fc0","FUN_002e0fc0","00369e18","FUN_00369e18"
"002e0fc0","FUN_002e0fc0","0036a500","FUN_0036a500"
"002e0fc0","FUN_002e0fc0","0036a5a8","FUN_0036a5a8"
"002e1a40","FUN_002e1a40","002e1b70","FUN_002e1b70"
"002e1a40","FUN_002e1a40","002e2b70","FUN_002e2b70"
"002e1b10","FUN_002e1b10","002e2060","FUN_002e2060"
"002e1b70","FUN_002e1b70","002e2b70","FUN_002e2b70"
"002e2c40","FUN_002e2c40","00266620","FUN_00266620"
"002e2c80","FUN_002e2c80","0010eba0","FUN_0010eba0"
"002e2de0","FUN_002e2de0","002e3b10","FUN_002e3b10"
"002e2de0","FUN_002e2de0","0059d120","FUN_0059d120"
"002e2ea0","FUN_002e2ea0","002a1e70","FUN_002a1e70"
"002e2ea0","FUN_002e2ea0","002e3fe0","FUN_002e3fe0"
"002e6fc0","FUN_002e6fc0","00263f30","FUN_00263f30"
"002e6fc0","FUN_002e6fc0","00264190","FUN_00264190"
"002e6fc0","FUN_002e6fc0","0045ffe0","FUN_0045ffe0"
"002e7780","FUN_002e7780","00263f30","FUN_00263f30"
"002e7780","FUN_002e7780","00264190","FUN_00264190"
"002e7780","FUN_002e7780","002e7490","FUN_002e7490"
"002e8290","FUN_002e8290","0018c470","FUN_0018c470"
"002e8290","FUN_002e8290","0018ed90","FUN_0018ed90"
"002e8290","FUN_002e8290","002a55c0","FUN_002a55c0"
"002e8290","FUN_002e8290","002a7020","FUN_002a7020"
"002e8290","FUN_002e8290","002a8a00","FUN_002a8a00"
"002e8290","FUN_002e8290","002a8b00","FUN_002a8b00"
"002e8290","FUN_002e8290","002a8bf0","FUN_002a8bf0"
"002e8290","FUN_002e8290","002a8c70","FUN_002a8c70"
"002e8290","FUN_002e8290","002a8ca0","FUN_002a8ca0"
"002e8290","FUN_002e8290","002a8db0","FUN_002a8db0"
"002e8290","FUN_002e8290","002a8dd0","FUN_002a8dd0"
"002e8290","FUN_002e8290","002a8de0","FUN_002a8de0"
"002e8290","FUN_002e8290","002a8e50","FUN_002a8e50"
"002e8290","FUN_002e8290","005821c0","FUN_005821c0"
"002e8470","FUN_002e8470","0016c600","FUN_0016c600"
"002e8610","FUN_002e8610","002ebb00","FUN_002ebb00"
"002e89f0","FUN_002e89f0","00167be0","FUN_00167be0"
"002e9d10","FUN_002e9d10","002ea6c0","FUN_002ea6c0"
"002e9e20","FUN_002e9e20","001410b0","FUN_001410b0"
"002e9e20","FUN_002e9e20","00264190","FUN_00264190"
"002ea220","FUN_002ea220","002ea290","FUN_002ea290"
"002ead90","FUN_002ead90","002e89f0","FUN_002e89f0"
"002ead90","FUN_002ead90","002eac10","FUN_002eac10"
"002eb8c0","FUN_002eb8c0","001018e0","FUN_001018e0"
"002eb8c0","FUN_002eb8c0","0056a5d0","FUN_0056a5d0"
"002ebed0","FUN_002ebed0","00263f30","FUN_00263f30"
"002ebed0","FUN_002ebed0","00264190","FUN_00264190"
"002ebed0","FUN_002ebed0","002ebdd0","FUN_002ebdd0"
"002ebed0","FUN_002ebed0","0048eaf0","FUN_0048eaf0"
"002ebed0","FUN_002ebed0","004952d0","FUN_004952d0"
"002ec1c0","FUN_002ec1c0","00561e20","FUN_00561e20"
"002ec1d0","FUN_002ec1d0","00561e40","FUN_00561e40"
"002ec1e0","FUN_002ec1e0","00561e80","FUN_00561e80"
"002ec250","FUN_002ec250","0055fcd0","FUN_0055fcd0"
"002ec2b0","FUN_002ec2b0","00301080","FUN_00301080"
"002ec2b0","FUN_002ec2b0","00301680","FUN_00301680"
"002ec2b0","FUN_002ec2b0","003016d0","FUN_003016d0"
"002ec2b0","FUN_002ec2b0","003016f0","FUN_003016f0"
"002ec2b0","FUN_002ec2b0","00345d00","FUN_00345d00"
"002ec350","FUN_002ec350","0053b968","FUN_0053b968"
"002ede60","FUN_002ede60","00110390","FUN_00110390"
"002ede60","FUN_002ede60","0053b638","FUN_0053b638"
"002f2f90","FUN_002f2f90","002f3970","FUN_002f3970"
"002f2f90","FUN_002f2f90","002f4ce0","FUN_002f4ce0"
"002f2f90","FUN_002f2f90","002f5430","FUN_002f5430"
"002f2f90","FUN_002f2f90","002f60e0","FUN_002f60e0"
"002f2f90","FUN_002f2f90","002f7280","FUN_002f7280"
"002f2f90","FUN_002f2f90","002f9300","FUN_002f9300"
"002f2f90","FUN_002f2f90","00301080","FUN_00301080"
"002f2f90","FUN_002f2f90","00301680","FUN_00301680"
"002f2f90","FUN_002f2f90","003016d0","FUN_003016d0"
"002f2f90","FUN_002f2f90","003016f0","FUN_003016f0"
"002f2f90","FUN_002f2f90","00345d00","FUN_00345d00"
"002f3130","FUN_002f3130","002f7430","FUN_002f7430"
"002f3130","FUN_002f3130","002f9e90","FUN_002f9e90"
"002f3130","FUN_002f3130","00346720","FUN_00346720"
"002f3170","FUN_002f3170","002f4c50","FUN_002f4c50"
"002f3170","FUN_002f3170","002f4d10","FUN_002f4d10"
"002f3170","FUN_002f3170","002f7540","FUN_002f7540"
"002f3170","FUN_002f3170","002f9550","FUN_002f9550"
"002f31b0","FUN_002f31b0","002f45b0","FUN_002f45b0"
"002f31b0","FUN_002f31b0","002f4d70","FUN_002f4d70"
"002f31b0","FUN_002f31b0","002f5440","FUN_002f5440"
"002f31b0","FUN_002f31b0","002f60f0","FUN_002f60f0"
"002f31b0","FUN_002f31b0","002f7680","FUN_002f7680"
"002f31b0","FUN_002f31b0","002f9990","FUN_002f9990"
"002f4c50","FUN_002f4c50","002f4cb0","FUN_002f4cb0"
"002f4d10","FUN_002f4d10","002f5140","FUN_002f5140"
"002f5de0","FUN_002f5de0","0024b700","FUN_0024b700"
"002f5de0","FUN_002f5de0","00369e18","FUN_00369e18"
"002f5de0","FUN_002f5de0","0036a500","FUN_0036a500"
"002f5de0","FUN_002f5de0","0036a5a8","FUN_0036a5a8"
"002f65d0","FUN_002f65d0","0024b700","FUN_0024b700"
"002f65d0","FUN_002f65d0","00369e18","FUN_00369e18"
"002f65d0","FUN_002f65d0","0036a500","FUN_0036a500"
"002f65d0","FUN_002f65d0","0036a5a8","FUN_0036a5a8"
"002f7280","FUN_002f7280","00233070","FUN_00233070"
"002f7280","FUN_002f7280","002f75d0","FUN_002f75d0"
"002f7280","FUN_002f7280","00301080","FUN_00301080"
"002f7280","FUN_002f7280","00301680","FUN_00301680"
"002f7280","FUN_002f7280","003016d0","FUN_003016d0"
"002f7280","FUN_002f7280","003016f0","FUN_003016f0"
"002f7400","FUN_002f7400","002905a0","FUN_002905a0"
"002f7400","FUN_002f7400","00290bd0","FUN_00290bd0"
"002f7540","FUN_002f7540","0010ed50","FUN_0010ed50"
"002f7540","FUN_002f7540","0033fb00","FUN_0033fb00"
"002f9470","FUN_002f9470","00110390","FUN_00110390"
"002f9470","FUN_002f9470","00531930","FUN_00531930"
"002f9470","FUN_002f9470","00532568","FUN_00532568"
"002f9470","FUN_002f9470","0053ab70","FUN_0053ab70"
"002f9470","FUN_002f9470","0053b158","FUN_0053b158"
"002f9990","FUN_002f9990","002f8da0","FUN_002f8da0"
"002f9e40","FUN_002f9e40","00343120","FUN_00343120"
"002f9e90","FUN_002f9e90","00343120","FUN_00343120"
"002fa580","FUN_002fa580","001104b0","FUN_001104b0"
"002fa580","FUN_002fa580","0021ecb0","FUN_0021ecb0"
"002fa580","FUN_002fa580","0021ed20","FUN_0021ed20"
"002fa580","FUN_002fa580","00246cf0","FUN_00246cf0"
"002fa580","FUN_002fa580","0033db00","FUN_0033db00"
"002fa580","FUN_002fa580","0033db20","FUN_0033db20"
"002fa580","FUN_002fa580","0039b5c0","thunk_FUN_0039b500"
"002fa650","FUN_002fa650","00343020","FUN_00343020"
"002fa650","FUN_002fa650","00369168","FUN_00369168"
"002fb0f0","FUN_002fb0f0","0010f000","FUN_0010f000"
"002fb0f0","FUN_002fb0f0","00110390","FUN_00110390"
"002fb250","FUN_002fb250","0010eba0","FUN_0010eba0"
"002fb300","FUN_002fb300","001413f0","FUN_001413f0"
"002fb300","FUN_002fb300","001625a0","FUN_001625a0"
"002fb300","FUN_002fb300","00550a48","FUN_00550a48"
"002fd850","FUN_002fd850","001624c0","FUN_001624c0"
"002ffca0","FUN_002ffca0","0012e1e0","FUN_0012e1e0"
"002ffca0","FUN_002ffca0","00147e20","FUN_00147e20"
"002ffca0","FUN_002ffca0","00148210","FUN_00148210"
"002ffca0","FUN_002ffca0","00148c70","FUN_00148c70"
"002ffca0","FUN_002ffca0","00162c90","FUN_00162c90"
"002ffca0","FUN_002ffca0","0016ba90","FUN_0016ba90"
"002ffca0","FUN_002ffca0","0016c590","FUN_0016c590"
"002ffca0","FUN_002ffca0","0021a5f0","FUN_0021a5f0"
"002ffca0","FUN_002ffca0","00263f30","FUN_00263f30"
"002ffca0","FUN_002ffca0","00264190","FUN_00264190"
"002ffca0","FUN_002ffca0","00290c60","FUN_00290c60"
"002ffca0","FUN_002ffca0","0029d510","FUN_0029d510"
"002ffca0","FUN_002ffca0","002d1f60","FUN_002d1f60"
"002ffca0","FUN_002ffca0","0033f298","FUN_0033f298"
"002ffca0","FUN_002ffca0","00550a48","FUN_00550a48"
"003001d0","FUN_003001d0","0053f560","FUN_0053f560"
"003001d0","FUN_003001d0","0053fd08","FUN_0053fd08"
"00300270","FUN_00300270","0053fee8","FUN_0053fee8"
"003002e0","FUN_003002e0","0053fee8","FUN_0053fee8"
"00300340","FUN_00300340","0053fee8","FUN_0053fee8"
"00300390","FUN_00300390","0053fee8","FUN_0053fee8"
"00300410","FUN_00300410","001018e0","FUN_001018e0"
"00300460","FUN_00300460","00300500","FUN_00300500"
"00300750","FUN_00300750","0010f010","FUN_0010f010"
"00300750","FUN_00300750","001413f0","FUN_001413f0"
"00300750","FUN_00300750","00167b80","FUN_00167b80"
"00300750","FUN_00300750","001e0a50","FUN_001e0a50"
"00300750","FUN_00300750","00232620","FUN_00232620"
"00300750","FUN_00300750","00286d50","FUN_00286d50"
"00300750","FUN_00300750","0028c050","FUN_0028c050"
"00300750","FUN_00300750","0028c0e0","FUN_0028c0e0"
"00300750","FUN_00300750","002fb300","FUN_002fb300"
"00300750","FUN_00300750","00319a60","FUN_00319a60"
"00300a40","FUN_00300a40","0017ee90","FUN_0017ee90"
"00300a40","FUN_00300a40","0017ef20","FUN_0017ef20"
"00300a40","FUN_00300a40","001f55e0","FUN_001f55e0"
"00300e70","FUN_00300e70","00101700","FUN_00101700"
"00300e70","FUN_00300e70","00300f70","FUN_00300f70"
"00300e70","FUN_00300e70","00301b50","FUN_00301b50"
"00300e70","FUN_00300e70","00346388","FUN_00346388"
"00300e70","FUN_00300e70","003463c0","FUN_003463c0"
"00300f10","FUN_00300f10","00346b00","FUN_00346b00"
"00300f60","FUN_00300f60","00301940","FUN_00301940"
"00300f70","FUN_00300f70","00301a90","FUN_00301a90"
"00300f70","FUN_00300f70","004d67d0","FUN_004d67d0"
"00300fd0","FUN_00300fd0","00301a30","FUN_00301a30"
"00300fd0","FUN_00300fd0","003465e8","FUN_003465e8"
"00301080","FUN_00301080","004d67d0","FUN_004d67d0"
"00301380","FUN_00301380","00332c58","FUN_00332c58"
"00301380","FUN_00301380","0039bb70","FUN_0039bb70"
"00301420","FUN_00301420","00301710","FUN_00301710"
"00301420","FUN_00301420","00301890","FUN_00301890"
"00301420","FUN_00301420","0039bd20","FUN_0039bd20"
"00301530","FUN_00301530","00346530","FUN_00346530"
"00301590","FUN_00301590","00346720","FUN_00346720"
"003015e0","FUN_003015e0","00301760","FUN_00301760"
"003015e0","FUN_003015e0","003465e8","FUN_003465e8"
"003015e0","FUN_003015e0","003469d0","FUN_003469d0"
"00301680","FUN_00301680","003469b0","FUN_003469b0"
"003016d0","FUN_003016d0","00346998","FUN_00346998"
"003016f0","FUN_003016f0","003469b0","FUN_003469b0"
"00301760","FUN_00301760","002c1a60","FUN_002c1a60"
"003018b0","FUN_003018b0","003468a8","FUN_003468a8"
"003018b0","FUN_003018b0","00346998","FUN_00346998"
"00301940","FUN_00301940","001018e0","FUN_001018e0"
"00301940","FUN_00301940","003019a0","FUN_003019a0"
"003019a0","FUN_003019a0","00101be0","FUN_00101be0"
"00301b50","FUN_00301b50","00101a00","FUN_00101a00"
"00301d70","FUN_00301d70","005a06a0","FUN_005a06a0"
"00303320","FUN_00303320","00301d70","FUN_00301d70"
"003035b0","FUN_003035b0","00301ea0","FUN_00301ea0"
"003035b0","FUN_003035b0","005a0840","FUN_005a0840"
"00303620","FUN_00303620","00302080","FUN_00302080"
"003040e0","FUN_003040e0","001018e0","FUN_001018e0"
"003040e0","FUN_003040e0","0056a5d0","FUN_0056a5d0"
"003040e0","FUN_003040e0","005a06d0","FUN_005a06d0"
"003041a0","FUN_003041a0","00101700","FUN_00101700"
"003041a0","FUN_003041a0","003041f0","FUN_003041f0"
"003041f0","FUN_003041f0","00556b60","FUN_00556b60"
"003042b0","FUN_003042b0","001018e0","FUN_001018e0"
"00304320","FUN_00304320","002ebb00","FUN_002ebb00"
"00304610","FUN_00304610","00101700","FUN_00101700"
"00304610","FUN_00304610","00304be0","FUN_00304be0"
"00304670","FUN_00304670","00551ea0","FUN_00551ea0"
"003046d0","FUN_003046d0","00304b60","FUN_00304b60"
"003046d0","FUN_003046d0","00304ce0","FUN_00304ce0"
"003046d0","FUN_003046d0","003c6cb0","FUN_003c6cb0"
"00304730","FUN_00304730","003048f0","FUN_003048f0"
"00304730","FUN_00304730","00304bb0","FUN_00304bb0"
"00304730","FUN_00304730","003c6dc0","FUN_003c6dc0"
"00304780","FUN_00304780","00244470","FUN_00244470"
"00304780","FUN_00304780","00263de0","FUN_00263de0"
"00304a80","FUN_00304a80","00248fc0","FUN_00248fc0"
"00304ac0","FUN_00304ac0","00551ea0","FUN_00551ea0"
"00304b60","FUN_00304b60","00264190","FUN_00264190"
"00304b60","FUN_00304b60","002c1620","FUN_002c1620"
"00304b60","FUN_00304b60","004c1640","FUN_004c1640"
"00304be0","FUN_00304be0","00101a00","FUN_00101a00"
"00304c40","FUN_00304c40","0054ffd0","FUN_0054ffd0"
"00305010","FUN_00305010","0048e210","FUN_0048e210"
"00305010","FUN_00305010","0054ffd0","FUN_0054ffd0"
"00306b30","FUN_00306b30","0021afd0","FUN_0021afd0"
"00306b30","FUN_00306b30","00263de0","FUN_00263de0"
"00306b30","FUN_00306b30","00306ce0","FUN_00306ce0"
"00307280","FUN_00307280","00263de0","FUN_00263de0"
"0030aa10","FUN_0030aa10","0018bc40","FUN_0018bc40"
"0030aa10","FUN_0030aa10","002648a0","FUN_002648a0"
"0030aa10","FUN_0030aa10","002648b0","FUN_002648b0"
"0030ab30","FUN_0030ab30","00248fc0","FUN_00248fc0"
"0030b2c0","FUN_0030b2c0","001024d0","FUN_001024d0"
"0030b2c0","FUN_0030b2c0","0019cc40","FUN_0019cc40"
"0030b440","FUN_0030b440","0016b250","FUN_0016b250"
"0030b440","FUN_0030b440","0016b610","FUN_0016b610"
"0030b440","FUN_0030b440","0016c590","FUN_0016c590"
"0030b440","FUN_0030b440","0016c600","FUN_0016c600"
"0030b440","FUN_0030b440","002871e0","FUN_002871e0"
"0030b990","FUN_0030b990","0017ee90","FUN_0017ee90"
"0030b990","FUN_0030b990","001e0910","FUN_001e0910"
"0030b990","FUN_0030b990","001f0560","FUN_001f0560"
"00316da0","FUN_00316da0","003158f0","FUN_003158f0"
"00316ea0","FUN_00316ea0","00316560","FUN_00316560"
"00317190","FUN_00317190","00201790","FUN_00201790"
"00319ef0","FUN_00319ef0","0014a960","FUN_0014a960"
"00319ef0","FUN_00319ef0","00162580","FUN_00162580"
"00319ef0","FUN_00319ef0","00179170","FUN_00179170"
"00319ef0","FUN_00319ef0","00248fc0","FUN_00248fc0"
"0031d410","FUN_0031d410","001624c0","FUN_001624c0"
"0031d410","FUN_0031d410","001625a0","FUN_001625a0"
"0031f190","FUN_0031f190","0012e1e0","FUN_0012e1e0"
"0031f190","FUN_0031f190","00147e20","FUN_00147e20"
"0031f190","FUN_0031f190","00148210","FUN_00148210"
"0031f190","FUN_0031f190","00148c70","FUN_00148c70"
"0031f190","FUN_0031f190","00162c90","FUN_00162c90"
"0031f190","FUN_0031f190","0016ba90","FUN_0016ba90"
"0031f190","FUN_0031f190","0016c590","FUN_0016c590"
"0031f190","FUN_0031f190","0021a5f0","FUN_0021a5f0"
"0031f190","FUN_0031f190","00263f30","FUN_00263f30"
"0031f190","FUN_0031f190","00264190","FUN_00264190"
"0031f190","FUN_0031f190","00290c60","FUN_00290c60"
"0031f190","FUN_0031f190","0029d510","FUN_0029d510"
"0031f190","FUN_0031f190","002d1f60","FUN_002d1f60"
"0031f190","FUN_0031f190","0033f298","FUN_0033f298"
"0031f190","FUN_0031f190","00550a48","FUN_00550a48"
"0031f780","FUN_0031f780","0031f7e0","FUN_0031f7e0"
"0031fb80","FUN_0031fb80","0031fd40","FUN_0031fd40"
"0031fb80","FUN_0031fb80","00320fe0","FUN_00320fe0"
"0031fb80","FUN_0031fb80","00321040","FUN_00321040"
"0031fb80","FUN_0031fb80","003c50c0","FUN_003c50c0"
"0031fb80","FUN_0031fb80","003c50d0","FUN_003c50d0"
"003216e0","FUN_003216e0","00550a48","FUN_00550a48"
"00322970","FUN_00322970","0010eba0","FUN_0010eba0"
"00322a20","FUN_00322a20","0053b968","FUN_0053b968"
"00323030","FUN_00323030","00100780","FUN_00100780"
"00323030","FUN_00323030","0033b958","FUN_0033b958"
"00323030","FUN_00323030","0037cb80","FUN_0037cb80"
"003230c0","FUN_003230c0","003c6cb0","FUN_003c6cb0"
"00323620","FUN_00323620","0010eba0","FUN_0010eba0"
"00323620","FUN_00323620","00166ee0","FUN_00166ee0"
"00323620","FUN_00323620","0056ff30","FUN_0056ff30"
"003236b0","FUN_003236b0","00168c20","FUN_00168c20"
"003236b0","FUN_003236b0","003236e0","FUN_003236e0"
"003236e0","FUN_003236e0","0028b4f0","FUN_0028b4f0"
"00323fd0","FUN_00323fd0","0033fac0","FUN_0033fac0"
"00323fd0","FUN_00323fd0","0054ffd0","FUN_0054ffd0"
"00324080","FUN_00324080","0019a2d0","FUN_0019a2d0"
"0032a6d0","FUN_0032a6d0","0010eb40","FUN_0010eb40"
"0032a6d0","FUN_0032a6d0","0010eba0","FUN_0010eba0"
"0032a6d0","FUN_0032a6d0","0010edf0","FUN_0010edf0"
"0032a6d0","FUN_0032a6d0","0024cc90","FUN_0024cc90"
"0032a6d0","FUN_0032a6d0","0024cd30","FUN_0024cd30"
"0032a6d0","FUN_0032a6d0","0024e470","FUN_0024e470"
"0032a6d0","FUN_0032a6d0","0024f260","FUN_0024f260"
"0032a870","FUN_0032a870","0010f200","FUN_0010f200"
"0032a870","FUN_0032a870","0027e040","FUN_0027e040"
"0032a870","FUN_0032a870","0027e100","FUN_0027e100"
"0032a870","FUN_0032a870","0032a9c0","FUN_0032a9c0"
"0032bc00","FUN_0032bc00","00167f50","FUN_00167f50"
"0032bc00","FUN_0032bc00","0017c550","FUN_0017c550"
"0032bc00","FUN_0032bc00","0032e2d0","FUN_0032e2d0"
"0032dc80","FUN_0032dc80","00550a48","FUN_00550a48"
"0032de30","FUN_0032de30","00232bb0","FUN_00232bb0"
"0032de30","FUN_0032de30","00282140","FUN_00282140"
"0032de30","FUN_0032de30","0053b290","FUN_0053b290"
"0032de30","FUN_0032de30","0053b638","FUN_0053b638"
"0032e2d0","FUN_0032e2d0","0010edf0","FUN_0010edf0"
"0032e2d0","FUN_0032e2d0","0010f080","FUN_0010f080"
"0032e2d0","FUN_0032e2d0","0010f480","FUN_0010f480"
"0032e2d0","FUN_0032e2d0","0010fc70","FUN_0010fc70"
"0032e2d0","FUN_0032e2d0","0053b638","FUN_0053b638"
"0032e660","FUN_0032e660","0032e6c0","FUN_0032e6c0"
"00332fe0","FUN_00332fe0","00337e68","FUN_00337e68"
"003330d0","FUN_003330d0","00337e68","FUN_00337e68"
"003330f8","FUN_003330f8","00337e68","FUN_00337e68"
"00334ab0","FUN_00334ab0","00110310","FUN_00110310"
"00334ab0","FUN_00334ab0","0025fc10","FUN_0025fc10"
"00334ab0","FUN_00334ab0","002601e0","FUN_002601e0"
"00334ab0","FUN_00334ab0","00333368","FUN_00333368"
"00334ab0","FUN_00334ab0","00333430","FUN_00333430"
"00334ab0","FUN_00334ab0","003366a8","FUN_003366a8"
"00334ab0","FUN_00334ab0","003755e0","FUN_003755e0"
"00334ab0","FUN_00334ab0","003fccc0","FUN_003fccc0"
"00334ab0","FUN_00334ab0","00450b60","FUN_00450b60"
"00334ab0","FUN_00334ab0","00475370","FUN_00475370"
"00334ab0","FUN_00334ab0","0054ed68","FUN_0054ed68"
"00334ab0","FUN_00334ab0","00550a48","FUN_00550a48"
"00334ab0","FUN_00334ab0","00585630","FUN_00585630"
"00334ab0","FUN_00334ab0","00586870","thunk_FUN_00586880"
"00334d38","FUN_00334d38","00334210","FUN_00334210"
"00334eb0","FUN_00334eb0","00333368","FUN_00333368"
"00334eb0","FUN_00334eb0","00333430","FUN_00333430"
"003350f0","FUN_003350f0","00333368","FUN_00333368"
"003350f0","FUN_003350f0","00333430","FUN_00333430"
"00335468","FUN_00335468","00102570","FUN_00102570"
"00335468","FUN_00335468","00108020","FUN_00108020"
"00335468","FUN_00335468","0010ab40","FUN_0010ab40"
"00335468","FUN_00335468","00110310","FUN_00110310"
"00335468","FUN_00335468","0019cc40","FUN_0019cc40"
"00335468","FUN_00335468","0025fc10","FUN_0025fc10"
"00335468","FUN_00335468","002601e0","FUN_002601e0"
"00335468","FUN_00335468","00333170","FUN_00333170"
"00335468","FUN_00335468","00333368","FUN_00333368"
"00335468","FUN_00335468","00333430","FUN_00333430"
"00335468","FUN_00335468","00337cc8","FUN_00337cc8"
"00335468","FUN_00335468","003734c8","FUN_003734c8"
"00335468","FUN_00335468","00374948","FUN_00374948"
"00335468","FUN_00335468","003de480","FUN_003de480"
"00335468","FUN_00335468","003de4f0","FUN_003de4f0"
"00335468","FUN_00335468","003e3ad0","FUN_003e3ad0"
"00335468","FUN_00335468","003e3b40","FUN_003e3b40"
"00335468","FUN_00335468","003f5f30","FUN_003f5f30"
"00335468","FUN_00335468","003fccc0","FUN_003fccc0"
"00335468","FUN_00335468","0041a760","FUN_0041a760"
"00335468","FUN_00335468","00434f60","FUN_00434f60"
"00335468","FUN_00335468","00481780","FUN_00481780"
"00335468","FUN_00335468","00484600","FUN_00484600"
"00335468","FUN_00335468","004c6400","FUN_004c6400"
"00335628","FUN_00335628","00333d50","FUN_00333d50"
"00335740","FUN_00335740","003345b8","FUN_003345b8"
"00336d08","FUN_00336d08","003366a8","FUN_003366a8"
"00336d58","FUN_00336d58","00336f20","FUN_00336f20"
"00337290","FUN_00337290","0054dfe0","FUN_0054dfe0"
"003372b0","FUN_003372b0","00550b10","FUN_00550b10"
"003372d0","FUN_003372d0","0054aba0","FUN_0054aba0"
"00337610","FUN_00337610","00333368","FUN_00333368"
"00337610","FUN_00337610","00333430","FUN_00333430"
"00337610","FUN_00337610","00337718","FUN_00337718"
"00337610","FUN_00337610","00339e40","FUN_00339e40"
"00337610","FUN_00337610","00339e98","FUN_00339e98"
"00338388","FUN_00338388","00335ec8","FUN_00335ec8"
"00338400","FUN_00338400","003366a8","FUN_003366a8"
"00338df8","FUN_00338df8","00335ec8","FUN_00335ec8"
"0033a068","FUN_0033a068","00335ec8","FUN_00335ec8"
"0033a0e0","FUN_0033a0e0","003366a8","FUN_003366a8"
"0033a148","FUN_0033a148","0054ed68","FUN_0054ed68"
"0033a3a0","FUN_0033a3a0","0033a970","FUN_0033a970"
"0033aff8","FUN_0033aff8","00332fe0","FUN_00332fe0"
"0033aff8","FUN_0033aff8","00337e68","FUN_00337e68"
"0033aff8","FUN_0033aff8","00338880","FUN_00338880"
"0033b7c0","FUN_0033b7c0","003385e8","FUN_003385e8"
"0033c260","FUN_0033c260","003385e8","FUN_003385e8"
"0033c650","FUN_0033c650","00346720","FUN_00346720"
"0033db58","FUN_0033db58","00343508","FUN_00343508"
"0033db98","FUN_0033db98","00338f68","FUN_00338f68"
"0033dbf8","FUN_0033dbf8","0033fb00","FUN_0033fb00"
"0033dc40","FUN_0033dc40","0033fb00","FUN_0033fb00"
"0033dca8","FUN_0033dca8","00333368","FUN_00333368"
"0033dca8","FUN_0033dca8","00333430","FUN_00333430"
"0033dca8","FUN_0033dca8","0033fb00","FUN_0033fb00"
"0033df58","FUN_0033df58","00338a98","FUN_00338a98"
"0033e0c0","FUN_0033e0c0","00335ec8","FUN_00335ec8"
"0033e140","FUN_0033e140","0033ac08","FUN_0033ac08"
"0033e140","FUN_0033e140","0033c678","FUN_0033c678"
"0033e140","FUN_0033e140","0033cf40","FUN_0033cf40"
"0033e140","FUN_0033e140","0033d118","FUN_0033d118"
"0033e140","FUN_0033e140","0033d658","FUN_0033d658"
"0033e268","FUN_0033e268","0033ec80","FUN_0033ec80"
"0033e840","FUN_0033e840","00333368","FUN_00333368"
"0033e840","FUN_0033e840","00333430","FUN_00333430"
"0033e840","FUN_0033e840","00338ed0","FUN_00338ed0"
"0033ec80","FUN_0033ec80","00338a98","FUN_00338a98"
"0033ece8","FUN_0033ece8","00333530","FUN_00333530"
"0033ece8","FUN_0033ece8","00336d08","FUN_00336d08"
"0033ece8","FUN_0033ece8","00338968","FUN_00338968"
"0033f1c0","FUN_0033f1c0","00338ed0","FUN_00338ed0"
"0033f310","FUN_0033f310","003350f0","FUN_003350f0"
"0033f390","FUN_0033f390","00335648","FUN_00335648"
"0033f410","FUN_0033f410","00334eb0","FUN_00334eb0"
"0033f490","FUN_0033f490","00335468","FUN_00335468"
"0033f510","FUN_0033f510","00335628","FUN_00335628"
"0033fac0","FUN_0033fac0","00344378","FUN_00344378"
"0033fb70","FUN_0033fb70","0033f1c0","FUN_0033f1c0"
"0033fbc8","FUN_0033fbc8","0033f1c0","FUN_0033f1c0"
"0033fc00","FUN_0033fc00","00338f68","FUN_00338f68"
"0033fca0","FUN_0033fca0","00338f68","FUN_00338f68"
"0033fd60","FUN_0033fd60","00338f68","FUN_00338f68"
"0033fe90","FUN_0033fe90","00338a98","FUN_00338a98"
"0033ff08","FUN_0033ff08","0033f070","FUN_0033f070"
"0033ff08","FUN_0033ff08","0033fb00","FUN_0033fb00"
"00340048","FUN_00340048","00335ec8","FUN_00335ec8"
"00341bf8","FUN_00341bf8","00333368","FUN_00333368"
"00341bf8","FUN_00341bf8","00333430","FUN_00333430"
"00342700","FUN_00342700","00340e50","FUN_00340e50"
"00343670","FUN_00343670","00338a98","FUN_00338a98"
"00346720","FUN_00346720","00338f68","FUN_00338f68"
"00346ab8","FUN_00346ab8","00338a98","FUN_00338a98"
"00346b00","FUN_00346b00","00338a98","FUN_00338a98"
"00346c48","FUN_00346c48","00344de8","FUN_00344de8"
"00346c48","FUN_00346c48","00345060","FUN_00345060"
"00346d18","FUN_00346d18","0033fb00","FUN_0033fb00"
"0034b3e0","FUN_0034b3e0","0034a7f0","FUN_0034a7f0"
"0034b3e0","FUN_0034b3e0","0034b130","FUN_0034b130"
"0034cad8","FUN_0034cad8","00335b60","FUN_00335b60"
"0034d140","FUN_0034d140","0034d140","FUN_0034d140"
"0034e5f8","FUN_0034e5f8","0034da88","FUN_0034da88"
"0034e5f8","FUN_0034e5f8","0034df00","FUN_0034df00"
"0034fc98","FUN_0034fc98","0034d2a8","FUN_0034d2a8"
"0034fc98","FUN_0034fc98","0034df00","FUN_0034df00"
"0034fe60","FUN_0034fe60","0053bca0","FUN_0053bca0"
"0034fe60","FUN_0034fe60","0053bcd0","FUN_0053bcd0"
"0034fe60","FUN_0034fe60","0053ca80","FUN_0053ca80"
"0034fe60","FUN_0034fe60","0053cb50","FUN_0053cb50"
"0034fef8","FUN_0034fef8","0034f6a0","FUN_0034f6a0"
"0034ff80","FUN_0034ff80","00548430","FUN_00548430"
"0034ff80","FUN_0034ff80","0054a448","FUN_0054a448"
"00353768","FUN_00353768","00351ee8","FUN_00351ee8"
"00358288","FUN_00358288","00335a10","FUN_00335a10"
"00358288","FUN_00358288","00339450","FUN_00339450"
"00358288","FUN_00358288","0035a4d8","FUN_0035a4d8"
"00358288","FUN_00358288","00361698","FUN_00361698"
"00358288","FUN_00358288","00366b58","FUN_00366b58"
"00358288","FUN_00358288","00366ba8","FUN_00366ba8"
"00359ea0","FUN_00359ea0","00549118","FUN_00549118"
"0035a108","FUN_0035a108","00343020","FUN_00343020"
"0035a2e8","FUN_0035a2e8","00343020","FUN_00343020"
"0035a4d8","FUN_0035a4d8","00359fd8","FUN_00359fd8"
"0035a4d8","FUN_0035a4d8","0035a108","FUN_0035a108"
"0035a4d8","FUN_0035a4d8","0035a2e8","FUN_0035a2e8"
"0035adb8","FUN_0035adb8","0034f6a0","FUN_0034f6a0"
"0035b1b8","FUN_0035b1b8","0033c260","FUN_0033c260"
"0035b1b8","FUN_0035b1b8","0033df58","FUN_0033df58"
"0035b1b8","FUN_0035b1b8","00343670","FUN_00343670"
"0035b1b8","FUN_0035b1b8","00346ab8","FUN_00346ab8"
"0035b360","FUN_0035b360","0034eaf8","FUN_0034eaf8"
"0035b360","FUN_0035b360","0035a5b0","FUN_0035a5b0"
"0035b418","FUN_0035b418","0034e460","FUN_0034e460"
"0035b418","FUN_0035b418","00359fd8","FUN_00359fd8"
"0035b418","FUN_0035b418","00369c50","FUN_00369c50"
"0035b9c0","FUN_0035b9c0","0034eaf8","FUN_0034eaf8"
"0035bd90","FUN_0035bd90","0034eaf8","FUN_0034eaf8"
"00361698","FUN_00361698","00343020","FUN_00343020"
"00361698","FUN_00361698","00343120","FUN_00343120"
"00361708","FUN_00361708","00343120","FUN_00343120"
"00361748","FUN_00361748","0035bed8","FUN_0035bed8"
"00366b58","FUN_00366b58","00364320","FUN_00364320"
"00369ac0","FUN_00369ac0","003673e8","FUN_003673e8"
"00369e18","FUN_00369e18","00333368","FUN_00333368"
"00369e18","FUN_00369e18","00333430","FUN_00333430"
"0036a130","FUN_0036a130","00333368","FUN_00333368"
"0036a130","FUN_0036a130","00333430","FUN_00333430"
"0036a5a8","FUN_0036a5a8","0054ed68","FUN_0054ed68"
"0036a970","FUN_0036a970","0036b118","FUN_0036b118"
"0036a9a0","FUN_0036a9a0","0036b730","FUN_0036b730"
"0036b118","FUN_0036b118","00335ec8","FUN_00335ec8"
"0036b118","FUN_0036b118","00372360","FUN_00372360"
"0036b730","FUN_0036b730","003366a8","FUN_003366a8"
"0036d030","FUN_0036d030","00333368","FUN_00333368"
"0036d030","FUN_0036d030","00333430","FUN_00333430"
"0036d030","FUN_0036d030","0036cc58","FUN_0036cc58"
"0036f050","FUN_0036f050","0036c698","FUN_0036c698"
"0036f720","FUN_0036f720","0036b1d0","FUN_0036b1d0"
"00372648","FUN_00372648","003719e0","FUN_003719e0"
"00372668","FUN_00372668","00333368","FUN_00333368"
"00372668","FUN_00372668","00333430","FUN_00333430"
"003729b8","FUN_003729b8","00333368","FUN_00333368"
"003729b8","FUN_003729b8","00333430","FUN_00333430"
"00372a18","FUN_00372a18","00333368","FUN_00333368"
"00372a18","FUN_00372a18","00333430","FUN_00333430"
"00372b58","FUN_00372b58","00333368","FUN_00333368"
"00372b58","FUN_00372b58","00333430","FUN_00333430"
"00374810","FUN_00374810","0033ec80","FUN_0033ec80"
"00374f20","FUN_00374f20","00373860","FUN_00373860"
"00374f20","FUN_00374f20","00375588","FUN_00375588"
"00374fc0","FUN_00374fc0","003749d0","FUN_003749d0"
"00375588","FUN_00375588","00373860","FUN_00373860"
"003755e8","FUN_003755e8","003c1ab8","FUN_003c1ab8"
"00377d08","FUN_00377d08","00338ed0","FUN_00338ed0"
"00377d08","FUN_00377d08","003794d0","FUN_003794d0"
"00379278","FUN_00379278","0033df58","FUN_0033df58"
"00379278","FUN_00379278","0037d708","FUN_0037d708"
"00379308","FUN_00379308","0036b968","FUN_0036b968"
"003794d0","FUN_003794d0","00346d18","FUN_00346d18"
"003797c8","FUN_003797c8","00338ed0","FUN_00338ed0"
"00379c90","FUN_00379c90","00379358","FUN_00379358"
"00379cc0","FUN_00379cc0","003793d0","FUN_003793d0"
"00379cf0","FUN_00379cf0","00379450","FUN_00379450"
"00379d90","FUN_00379d90","003777b8","FUN_003777b8"
"00379db8","FUN_00379db8","003775a8","FUN_003775a8"
"00379e68","FUN_00379e68","00338a98","FUN_00338a98"
"00379eb0","FUN_00379eb0","00338a98","FUN_00338a98"
"00379f80","FUN_00379f80","003385e8","FUN_003385e8"
"0037a0d8","FUN_0037a0d8","00377e20","FUN_00377e20"
"0037a0f8","FUN_0037a0f8","00379970","FUN_00379970"
"0037a298","FUN_0037a298","003796e8","FUN_003796e8"
"0037a298","FUN_0037a298","0037d3e8","FUN_0037d3e8"
"0037a2d8","FUN_0037a2d8","0033db98","FUN_0033db98"
"0037a2d8","FUN_0037a2d8","00379758","FUN_00379758"
"0037a4f0","FUN_0037a4f0","00379970","FUN_00379970"
"0037c7f0","FUN_0037c7f0","0037aed8","FUN_0037aed8"
"0037c7f0","FUN_0037c7f0","0037b1a8","FUN_0037b1a8"
"0037c7f0","FUN_0037c7f0","0037cb80","FUN_0037cb80"
"0037c868","FUN_0037c868","0037a6d0","FUN_0037a6d0"
"0037cae8","FUN_0037cae8","0037fc68","FUN_0037fc68"
"0037cc58","FUN_0037cc58","00338a98","FUN_00338a98"
"0037cca0","FUN_0037cca0","003385e8","FUN_003385e8"
"0037d1f8","FUN_0037d1f8","00335ec8","FUN_00335ec8"
"0037d3e8","FUN_0037d3e8","00338f68","FUN_00338f68"
"0037d448","FUN_0037d448","0033fb00","FUN_0033fb00"
"0037d568","FUN_0037d568","00332fe0","FUN_00332fe0"
"0037d568","FUN_0037d568","00337e68","FUN_00337e68"
"0037d568","FUN_0037d568","00338880","FUN_00338880"
"0037d708","FUN_0037d708","00338a98","FUN_00338a98"
"0037d7e0","FUN_0037d7e0","0037d3e8","FUN_0037d3e8"
"0037dfa0","FUN_0037dfa0","00335ec8","FUN_00335ec8"
"0037e230","FUN_0037e230","00338f68","FUN_00338f68"
"0037e308","FUN_0037e308","00338a98","FUN_00338a98"
"0037e350","FUN_0037e350","003385e8","FUN_003385e8"
"0037e460","FUN_0037e460","00332c58","FUN_00332c58"
"0037e460","FUN_0037e460","0054ed68","FUN_0054ed68"
"0037f4d0","FUN_0037f4d0","00335b60","FUN_00335b60"
"0037fa88","FUN_0037fa88","003366a8","FUN_003366a8"
"00388748","FUN_00388748","00382bc0","FUN_00382bc0"
"00388768","FUN_00388768","00382bc0","FUN_00382bc0"
"00388788","FUN_00388788","003854d8","FUN_003854d8"
"003887a8","FUN_003887a8","00382bc0","FUN_00382bc0"
"003887c8","FUN_003887c8","00382bc0","FUN_00382bc0"
"003887e8","FUN_003887e8","003854d8","FUN_003854d8"
"00389620","FUN_00389620","0033ec80","FUN_0033ec80"
"00389b78","FUN_00389b78","0036b968","FUN_0036b968"
"0038a1d0","FUN_0038a1d0","0038bbc8","FUN_0038bbc8"
"0038a5d8","FUN_0038a5d8","00335ec8","FUN_00335ec8"
"0038a5d8","FUN_0038a5d8","0038db90","FUN_0038db90"
"0038a668","FUN_0038a668","00388938","FUN_00388938"
"0038a668","FUN_0038a668","00391268","FUN_00391268"
"0038af68","FUN_0038af68","0033ec80","FUN_0033ec80"
"0038c3a8","FUN_0038c3a8","0038b420","FUN_0038b420"
"0038c5a8","FUN_0038c5a8","0038b5b8","FUN_0038b5b8"
"0038c618","FUN_0038c618","0038b798","FUN_0038b798"
"0038c708","FUN_0038c708","0038b560","FUN_0038b560"
"0038c738","FUN_0038c738","0038b478","FUN_0038b478"
"0038c780","FUN_0038c780","0038b798","FUN_0038b798"
"0038c7b0","FUN_0038c7b0","0038b838","FUN_0038b838"
"0038c7f8","FUN_0038c7f8","0038b420","FUN_0038b420"
"0038c828","FUN_0038c828","0038b3f8","FUN_0038b3f8"
"0038c870","FUN_0038c870","0037f5b0","FUN_0037f5b0"
"0038c8e8","FUN_0038c8e8","0037feb8","FUN_0037feb8"
"0038c908","FUN_0038c908","00390108","FUN_00390108"
"0038c928","FUN_0038c928","003904c0","FUN_003904c0"
"0038c958","FUN_0038c958","00390e28","FUN_00390e28"
"0038c978","FUN_0038c978","00390790","FUN_00390790"
"0038c998","FUN_0038c998","00390b50","FUN_00390b50"
"0038c9c8","FUN_0038c9c8","003910e8","FUN_003910e8"
"0038ca88","FUN_0038ca88","0037feb8","FUN_0037feb8"
"0038ca88","FUN_0038ca88","0038a2b0","FUN_0038a2b0"
"0038db90","FUN_0038db90","0038dd58","FUN_0038dd58"
"0038db90","FUN_0038db90","0038dec8","FUN_0038dec8"
"0038db90","FUN_0038db90","00397130","FUN_00397130"
"0038db90","FUN_0038db90","003971b0","FUN_003971b0"
"0038db90","FUN_0038db90","00397230","FUN_00397230"
"0038db90","FUN_0038db90","003972b0","FUN_003972b0"
"0038db90","FUN_0038db90","003972d0","FUN_003972d0"
"0038db90","FUN_0038db90","003972f0","FUN_003972f0"
"0038dc40","FUN_0038dc40","0038dec8","FUN_0038dec8"
"0038dc40","FUN_0038dc40","003972b0","FUN_003972b0"
"0038dc40","FUN_0038dc40","003972d0","FUN_003972d0"
"0038dc40","FUN_0038dc40","003972f0","FUN_003972f0"
"0038dec8","FUN_0038dec8","0036a130","FUN_0036a130"
"0038dec8","FUN_0038dec8","0036a920","FUN_0036a920"
"0038dec8","FUN_0038dec8","0036b820","FUN_0036b820"
"0038e490","FUN_0038e490","00369740","FUN_00369740"
"0038e4b8","FUN_0038e4b8","0034eaf8","FUN_0034eaf8"
"0038fef8","FUN_0038fef8","0034df00","FUN_0034df00"
"00394038","FUN_00394038","00392f80","FUN_00392f80"
"00394038","FUN_00394038","003961a8","FUN_003961a8"
"00394088","FUN_00394088","00391c68","FUN_00391c68"
"00394140","FUN_00394140","0038ff28","FUN_0038ff28"
"003942b0","FUN_003942b0","00377bd8","FUN_00377bd8"
"003946c0","FUN_003946c0","0034eaf8","FUN_0034eaf8"
"00395048","FUN_00395048","00394b00","FUN_00394b00"
"00395110","FUN_00395110","003353e8","FUN_003353e8"
"00395200","FUN_00395200","0036f310","FUN_0036f310"
"00395db0","FUN_00395db0","00395200","FUN_00395200"
"00395e28","FUN_00395e28","0038ff28","FUN_0038ff28"
"00396bc8","FUN_00396bc8","00391c68","FUN_00391c68"
"00397130","FUN_00397130","003c1ab8","FUN_003c1ab8"
"003971b0","FUN_003971b0","003c1ab8","FUN_003c1ab8"
"00397230","FUN_00397230","003c1ab8","FUN_003c1ab8"
"003972b0","FUN_003972b0","0038dcd8","FUN_0038dcd8"
"003972d0","FUN_003972d0","0038dca8","FUN_0038dca8"
"003972f0","FUN_003972f0","0038dc78","FUN_0038dc78"
"00397320","FUN_00397320","00390048","FUN_00390048"
"00397640","FUN_00397640","00333368","FUN_00333368"
"00397640","FUN_00397640","00333430","FUN_00333430"
"00397640","FUN_00397640","0053b968","FUN_0053b968"
"00399c98","FUN_00399c98","0033ec80","FUN_0033ec80"
"0039abe0","FUN_0039abe0","00332c58","FUN_00332c58"
"0039abe0","FUN_0039abe0","00333170","FUN_00333170"
"0039abe0","FUN_0039abe0","003333f0","FUN_003333f0"
"0039abe0","FUN_0039abe0","00333430","FUN_00333430"
"0039abe0","FUN_0039abe0","0033bbd0","FUN_0033bbd0"
"0039ac90","FUN_0039ac90","0033c2c0","FUN_0033c2c0"
"0039aea0","FUN_0039aea0","003330d0","FUN_003330d0"
"0039afa0","FUN_0039afa0","003330d0","FUN_003330d0"
"0039b250","FUN_0039b250","003c1ab8","FUN_003c1ab8"
"0039b430","FUN_0039b430","003c1ab8","FUN_003c1ab8"
"0039b488","FUN_0039b488","0038a2b0","FUN_0038a2b0"
"0039b488","FUN_0039b488","003c1ab8","FUN_003c1ab8"
"0039b4e0","FUN_0039b4e0","00399828","FUN_00399828"
"0039b500","FUN_0039b500","0033dae0","FUN_0033dae0"
"0039b520","FUN_0039b520","0033db58","FUN_0033db58"
"0039b560","FUN_0039b560","00113080","FUN_00113080"
"0039b580","FUN_0039b580","005122c0","FUN_005122c0"
"0039b5d0","FUN_0039b5d0","00247410","FUN_00247410"
"0039b5d0","FUN_0039b5d0","0039b580","FUN_0039b580"
"0039b5d0","FUN_0039b5d0","0039b5d0","FUN_0039b5d0"
"0039b5d0","FUN_0039b5d0","0039b760","FUN_0039b760"
"0039b5d0","FUN_0039b5d0","0039b790","FUN_0039b790"
"0039b5d0","FUN_0039b5d0","0039b940","FUN_0039b940"
"0039b5d0","FUN_0039b5d0","0039b950","FUN_0039b950"
"0039b5d0","FUN_0039b5d0","00551d58","FUN_00551d58"
"0039b760","FUN_0039b760","0033e778","FUN_0033e778"
"0039b760","FUN_0039b760","0033e950","FUN_0033e950"
"0039b760","FUN_0039b760","0033ece8","FUN_0033ece8"
"0039b790","FUN_0039b790","0033e840","FUN_0033e840"
"0039b790","FUN_0039b790","0033e950","FUN_0033e950"
"0039b790","FUN_0039b790","0033e9d8","FUN_0033e9d8"
"0039b790","FUN_0039b790","0033eb28","FUN_0033eb28"
"0039b790","FUN_0039b790","0033ece8","FUN_0033ece8"
"0039b790","FUN_0039b790","003461e0","FUN_003461e0"
"0039b790","FUN_0039b790","00346218","FUN_00346218"
"0039b790","FUN_0039b790","0034fb78","FUN_0034fb78"
"0039b790","FUN_0039b790","0034ff40","FUN_0034ff40"
"0039b790","FUN_0039b790","0035ae70","FUN_0035ae70"
"0039b790","FUN_0039b790","0039b550","FUN_0039b550"
"0039b790","FUN_0039b790","0039b560","FUN_0039b560"
"0039b790","FUN_0039b790","0039b5a0","FUN_0039b5a0"
"0039b790","FUN_0039b790","0039b5d0","FUN_0039b5d0"
"0039b790","FUN_0039b790","00512340","FUN_00512340"
"0039be60","FUN_0039be60","00531448","FUN_00531448"
"0039e800","FUN_0039e800","0033ec80","FUN_0033ec80"
"0039ea98","FUN_0039ea98","00335ec8","FUN_00335ec8"
"0039eb68","FUN_0039eb68","003366a8","FUN_003366a8"
"0039edf0","FUN_0039edf0","0028ab80","FUN_0028ab80"
"0039ee20","FUN_0039ee20","0028ad80","FUN_0028ad80"
"0039ee20","FUN_0039ee20","00379358","FUN_00379358"
"0039f2e0","FUN_0039f2e0","00101700","FUN_00101700"
"0039f2e0","FUN_0039f2e0","0039f380","FUN_0039f380"
"0039f2e0","FUN_0039f2e0","003a0830","FUN_003a0830"
"0039f2e0","FUN_0039f2e0","004da320","FUN_004da320"
"0039f2e0","FUN_0039f2e0","004da330","FUN_004da330"
"0039f380","FUN_0039f380","003a0740","FUN_003a0740"
"0039f380","FUN_0039f380","003a0770","FUN_003a0770"
"0039f380","FUN_0039f380","005519c0","FUN_005519c0"
"0039f380","FUN_0039f380","00552140","FUN_00552140"
"0039f5b0","FUN_0039f5b0","003c7bc0","FUN_003c7bc0"
"003a0280","FUN_003a0280","00264190","FUN_00264190"
"003a0280","FUN_003a0280","004dac40","FUN_004dac40"
"003a0560","FUN_003a0560","003a05a0","FUN_003a05a0"
"003a0560","FUN_003a0560","0058caf0","FUN_0058caf0"
"003a0560","FUN_003a0560","0058cb80","FUN_0058cb80"
"003a05a0","FUN_003a05a0","002c1620","FUN_002c1620"
"003a0830","FUN_003a0830","00101a00","FUN_00101a00"
"003a0c10","FUN_003a0c10","003a5200","FUN_003a5200"
"003a0d30","FUN_003a0d30","003a5200","FUN_003a5200"
"003a0d30","FUN_003a0d30","003a5300","FUN_003a5300"
"003a0d30","FUN_003a0d30","003a5960","FUN_003a5960"
"003a0f10","FUN_003a0f10","003a0d30","FUN_003a0d30"
"003a0f10","FUN_003a0f10","003a11e0","FUN_003a11e0"
"003a0f10","FUN_003a0f10","003a5200","FUN_003a5200"
"003a0f10","FUN_003a0f10","003a5300","FUN_003a5300"
"003a0f10","FUN_003a0f10","003fccc0","FUN_003fccc0"
"003a0f10","FUN_003a0f10","0045a7a0","FUN_0045a7a0"
"003a1090","FUN_003a1090","003a1210","FUN_003a1210"
"003a1210","FUN_003a1210","00550a48","FUN_00550a48"
"003a1270","FUN_003a1270","00550a48","FUN_00550a48"
"003a19f0","FUN_003a19f0","003a5200","FUN_003a5200"
"003a19f0","FUN_003a19f0","003a5720","FUN_003a5720"
"003a1b70","FUN_003a1b70","003a1be0","FUN_003a1be0"
"003a1e10","FUN_003a1e10","00550a48","FUN_00550a48"
"003a2650","FUN_003a2650","003a12d0","FUN_003a12d0"
"003a29f0","FUN_003a29f0","0045ffe0","FUN_0045ffe0"
"003a2d90","FUN_003a2d90","003a5200","FUN_003a5200"
"003a2ef0","FUN_003a2ef0","001018e0","FUN_001018e0"
"003a2ef0","FUN_003a2ef0","002ebd70","FUN_002ebd70"
"003a2ef0","FUN_003a2ef0","003a6370","FUN_003a6370"
"003a2ff0","FUN_003a2ff0","003a19f0","FUN_003a19f0"
"003a2ff0","FUN_003a2ff0","003a5200","FUN_003a5200"
"003a3140","FUN_003a3140","003a3460","FUN_003a3460"
"003a3ff0","FUN_003a3ff0","001100d0","FUN_001100d0"
"003a6370","FUN_003a6370","001018e0","FUN_001018e0"
"003a6370","FUN_003a6370","003a63e0","FUN_003a63e0"
"003a63f0","FUN_003a63f0","001018e0","FUN_001018e0"
"003a63f0","FUN_003a63f0","003a6460","FUN_003a6460"
"003a99b0","FUN_003a99b0","0010fbf0","FUN_0010fbf0"
"003a99b0","FUN_003a99b0","003a9820","FUN_003a9820"
"003a9c50","FUN_003a9c50","003a99b0","FUN_003a99b0"
"003a9c90","FUN_003a9c90","0010fbf0","FUN_0010fbf0"
"003a9c90","FUN_003a9c90","003a99b0","FUN_003a99b0"
"003ab060","FUN_003ab060","003749d0","FUN_003749d0"
"003ab0a0","FUN_003ab0a0","004c0570","FUN_004c0570"
"003ab130","FUN_003ab130","003ac960","FUN_003ac960"
"003ab190","FUN_003ab190","003aea80","FUN_003aea80"
"003ab1f0","FUN_003ab1f0","003aea10","FUN_003aea10"
"003aea10","FUN_003aea10","0027e100","FUN_0027e100"
"003aea10","FUN_003aea10","003af120","FUN_003af120"
"003aea80","FUN_003aea80","00110390","FUN_00110390"
"003aea80","FUN_003aea80","0023e570","FUN_0023e570"
"003aea80","FUN_003aea80","002a55c0","FUN_002a55c0"
"003aea80","FUN_003aea80","002b2290","FUN_002b2290"
"003aea80","FUN_003aea80","003fccc0","FUN_003fccc0"
"003aea80","FUN_003aea80","004506b0","FUN_004506b0"
"003af190","FUN_003af190","003ab250","FUN_003ab250"
"003b0b60","FUN_003b0b60","003fccd0","FUN_003fccd0"
"003b0b60","FUN_003b0b60","00456430","FUN_00456430"
"003b0fa0","FUN_003b0fa0","003fccd0","FUN_003fccd0"
"003b0fa0","FUN_003b0fa0","00456430","FUN_00456430"
"003b6b60","FUN_003b6b60","003d40d0","FUN_003d40d0"
"003b6b90","FUN_003b6b90","001018e0","FUN_001018e0"
"003b6b90","FUN_003b6b90","003d40e0","FUN_003d40e0"
"003b7170","FUN_003b7170","00110400","FUN_00110400"
"003b7170","FUN_003b7170","00550a48","FUN_00550a48"
"003b8890","FUN_003b8890","00550a48","FUN_00550a48"
"003bb780","FUN_003bb780","003fccd0","FUN_003fccd0"
"003bb780","FUN_003bb780","003fd060","FUN_003fd060"
"003bb7e0","FUN_003bb7e0","003fccd0","FUN_003fccd0"
"003bb7e0","FUN_003bb7e0","003fd060","FUN_003fd060"
"003bdd00","FUN_003bdd00","002ebd70","FUN_002ebd70"
"003bdd00","FUN_003bdd00","003de500","FUN_003de500"
"003bdd00","FUN_003bdd00","003df0e0","FUN_003df0e0"
"003bddc0","FUN_003bddc0","003de4f0","FUN_003de4f0"
"003bddc0","FUN_003bddc0","003df090","FUN_003df090"
"003bde50","FUN_003bde50","003fccd0","FUN_003fccd0"
"003bde50","FUN_003bde50","003fd060","FUN_003fd060"
"003bdec0","FUN_003bdec0","003fccc0","FUN_003fccc0"
"003bdec0","FUN_003bdec0","003fde90","FUN_003fde90"
"003bdf60","FUN_003bdf60","003fccd0","FUN_003fccd0"
"003bdf60","FUN_003bdf60","003fd060","FUN_003fd060"
"003bdfd0","FUN_003bdfd0","003fccc0","FUN_003fccc0"
"003bdfd0","FUN_003bdfd0","003fd440","FUN_003fd440"
"003be060","FUN_003be060","003fccd0","FUN_003fccd0"
"003be060","FUN_003be060","003fd060","FUN_003fd060"
"003be0d0","FUN_003be0d0","003fccc0","FUN_003fccc0"
"003be0d0","FUN_003be0d0","003fd440","FUN_003fd440"
"003be150","FUN_003be150","003fccd0","FUN_003fccd0"
"003be150","FUN_003be150","003fd060","FUN_003fd060"
"003be1c0","FUN_003be1c0","003fccc0","FUN_003fccc0"
"003be1c0","FUN_003be1c0","003fde90","FUN_003fde90"
"003be250","FUN_003be250","003fccd0","FUN_003fccd0"
"003be250","FUN_003be250","003fd060","FUN_003fd060"
"003be2c0","FUN_003be2c0","003fccc0","FUN_003fccc0"
"003be2c0","FUN_003be2c0","003fd440","FUN_003fd440"
"003be340","FUN_003be340","003fccd0","FUN_003fccd0"
"003be340","FUN_003be340","003fcd10","FUN_003fcd10"
"003be440","FUN_003be440","002ec250","FUN_002ec250"
"003be500","FUN_003be500","003fccd0","FUN_003fccd0"
"003be500","FUN_003be500","003fcd10","FUN_003fcd10"
"003be560","FUN_003be560","003fccc0","FUN_003fccc0"
"003be560","FUN_003be560","003fcce0","FUN_003fcce0"
"003be830","FUN_003be830","002ebd70","FUN_002ebd70"
"003be830","FUN_003be830","003fccd0","FUN_003fccd0"
"003be830","FUN_003be830","003fcdb0","FUN_003fcdb0"
"003becb0","FUN_003becb0","003bf800","FUN_003bf800"
"003becb0","FUN_003becb0","003bfb20","FUN_003bfb20"
"003bfb80","FUN_003bfb80","003be680","FUN_003be680"
"003bfb80","FUN_003bfb80","003fccc0","FUN_003fccc0"
"003c0ba8","FUN_003c0ba8","0033ec80","FUN_0033ec80"
"003c0be0","FUN_003c0be0","00333368","FUN_00333368"
"003c0be0","FUN_003c0be0","00333430","FUN_00333430"
"003c0e18","FUN_003c0e18","00333368","FUN_00333368"
"003c0e18","FUN_003c0e18","00333430","FUN_00333430"
"003c1588","FUN_003c1588","0054ebb0","FUN_0054ebb0"
"003c18f0","FUN_003c18f0","00335ec8","FUN_00335ec8"
"003c1948","FUN_003c1948","003366a8","FUN_003366a8"
"003c1a68","FUN_003c1a68","003c1c18","FUN_003c1c18"
"003c1a68","FUN_003c1a68","003c1f78","FUN_003c1f78"
"003c1ab8","FUN_003c1ab8","003c2078","FUN_003c2078"
"003c1b40","FUN_003c1b40","003c1fe0","FUN_003c1fe0"
"003c1b88","FUN_003c1b88","003c1ab8","FUN_003c1ab8"
"003c1bb8","FUN_003c1bb8","003c1ab8","FUN_003c1ab8"
"003c1be8","FUN_003c1be8","003c1ab8","FUN_003c1ab8"
"003c1c18","FUN_003c1c18","00333368","FUN_00333368"
"003c1c18","FUN_003c1c18","00333430","FUN_00333430"
"003c3aa0","FUN_003c3aa0","0034eaf8","FUN_0034eaf8"
"003c50c0","FUN_003c50c0","003c50f0","FUN_003c50f0"
"003c5270","FUN_003c5270","003c50f0","FUN_003c50f0"
"003c52c0","FUN_003c52c0","003c50f0","FUN_003c50f0"
"003c5310","FUN_003c5310","003c50f0","FUN_003c50f0"
"003c5360","FUN_003c5360","003c50f0","FUN_003c50f0"
"003c53b0","FUN_003c53b0","003c50f0","FUN_003c50f0"
"003c5400","FUN_003c5400","003c50f0","FUN_003c50f0"
"003c5ab0","FUN_003c5ab0","003c6950","FUN_003c6950"
"003c5bb0","FUN_003c5bb0","003c6950","FUN_003c6950"
"003c5c90","FUN_003c5c90","003c6950","FUN_003c6950"
"003c5fa0","FUN_003c5fa0","0034eaf8","FUN_0034eaf8"
"003c6150","FUN_003c6150","0034eaf8","FUN_0034eaf8"
"003c6150","FUN_003c6150","0038e7d8","FUN_0038e7d8"
"003c6150","FUN_003c6150","0038e850","FUN_0038e850"
"003c6150","FUN_003c6150","003c5fa0","FUN_003c5fa0"
"003c7040","FUN_003c7040","0011eed0","FUN_0011eed0"
"003c7040","FUN_003c7040","0018df90","FUN_0018df90"
"003c7040","FUN_003c7040","002c3f30","FUN_002c3f30"
"003c7040","FUN_003c7040","002c43c0","FUN_002c43c0"
"003c7040","FUN_003c7040","002c4700","FUN_002c4700"
"003c7160","FUN_003c7160","002d2c30","FUN_002d2c30"
"003c7160","FUN_003c7160","002e0a30","FUN_002e0a30"
"003c7160","FUN_003c7160","003ab1f0","FUN_003ab1f0"
"003c7160","FUN_003c7160","0051fd90","FUN_0051fd90"
"003c7230","FUN_003c7230","001105d0","FUN_001105d0"
"003c7230","FUN_003c7230","002412e0","FUN_002412e0"
"003c7230","FUN_003c7230","00246050","FUN_00246050"
"003c7230","FUN_003c7230","00246390","FUN_00246390"
"003c7230","FUN_003c7230","002a55c0","FUN_002a55c0"
"003c7230","FUN_003c7230","002a5ae0","FUN_002a5ae0"
"003c7230","FUN_003c7230","002b0990","FUN_002b0990"
"003c7230","FUN_003c7230","002b0a90","FUN_002b0a90"
"003c7230","FUN_003c7230","002b2290","FUN_002b2290"
"003c7320","FUN_003c7320","0010efc0","FUN_0010efc0"
"003c73c0","FUN_003c73c0","00233370","FUN_00233370"
"003c8740","FUN_003c8740","003c8860","FUN_003c8860"
"003c8740","FUN_003c8740","005517a8","FUN_005517a8"
"003c87b0","FUN_003c87b0","00294fa0","FUN_00294fa0"
"003c87b0","FUN_003c87b0","002969c0","FUN_002969c0"
"003c8f20","FUN_003c8f20","00508800","FUN_00508800"
"003c8fc0","FUN_003c8fc0","00301080","FUN_00301080"
"003c8fc0","FUN_003c8fc0","00301680","FUN_00301680"
"003c8fc0","FUN_003c8fc0","003016d0","FUN_003016d0"
"003c8fc0","FUN_003c8fc0","003016f0","FUN_003016f0"
"003c8fc0","FUN_003c8fc0","00345d00","FUN_00345d00"
"003c9010","FUN_003c9010","0039a3d0","FUN_0039a3d0"
"003c9010","FUN_003c9010","003ab0a0","FUN_003ab0a0"
"003c9010","FUN_003c9010","003c9220","thunk_FUN_00508360"
"003c9010","FUN_003c9010","003c9230","thunk_FUN_005084d0"
"003c9010","FUN_003c9010","00500da0","FUN_00500da0"
"003c9010","FUN_003c9010","005085f0","FUN_005085f0"
"003c9010","FUN_003c9010","005523c8","FUN_005523c8"
"003c91d0","FUN_003c91d0","001111a0","FUN_001111a0"
"003c91d0","FUN_003c91d0","0037c988","FUN_0037c988"
"003c91d0","FUN_003c91d0","00500cf0","FUN_00500cf0"
"003c9240","FUN_003c9240","001413f0","FUN_001413f0"
"003c9240","FUN_003c9240","003c9320","FUN_003c9320"
"003c92c0","FUN_003c92c0","00141fc0","FUN_00141fc0"
"003c92c0","FUN_003c92c0","00167b90","FUN_00167b90"
"003c9720","FUN_003c9720","001500f0","FUN_001500f0"
"003c98c0","FUN_003c98c0","0014ee60","FUN_0014ee60"
"003c98c0","FUN_003c98c0","003c9970","FUN_003c9970"
"003ca910","FUN_003ca910","001018e0","FUN_001018e0"
"003ca910","FUN_003ca910","003d5000","FUN_003d5000"
"003cd570","FUN_003cd570","003d41e0","FUN_003d41e0"
"003cd570","FUN_003cd570","003d4ea0","FUN_003d4ea0"
"003cd600","FUN_003cd600","003cdbd0","FUN_003cdbd0"
"003ceb40","FUN_003ceb40","001018e0","FUN_001018e0"
"003ceb40","FUN_003ceb40","003d52b0","FUN_003d52b0"
"003ceba0","FUN_003ceba0","001018e0","FUN_001018e0"
"003cebf0","FUN_003cebf0","004fbca0","FUN_004fbca0"
"003cf720","FUN_003cf720","003d3240","FUN_003d3240"
"003cf720","FUN_003cf720","004fbca0","FUN_004fbca0"
"003cf8b0","FUN_003cf8b0","003d3af0","FUN_003d3af0"
"003cf8b0","FUN_003cf8b0","004fbca0","FUN_004fbca0"
"003cf9b0","FUN_003cf9b0","003d3af0","FUN_003d3af0"
"003cf9b0","FUN_003cf9b0","004fbca0","FUN_004fbca0"
"003cfa80","FUN_003cfa80","003d3af0","FUN_003d3af0"
"003cfa80","FUN_003cfa80","004fbca0","FUN_004fbca0"
"003cfb60","FUN_003cfb60","003d3240","FUN_003d3240"
"003cfb60","FUN_003cfb60","004fbca0","FUN_004fbca0"
"003cfc30","FUN_003cfc30","003d3800","FUN_003d3800"
"003cfc30","FUN_003cfc30","004fbca0","FUN_004fbca0"
"003cfd00","FUN_003cfd00","003d3240","FUN_003d3240"
"003cfd00","FUN_003cfd00","004fbca0","FUN_004fbca0"
"003cfde0","FUN_003cfde0","003d3240","FUN_003d3240"
"003cfde0","FUN_003cfde0","004fbca0","FUN_004fbca0"
"003cfec0","FUN_003cfec0","003d3240","FUN_003d3240"
"003cfec0","FUN_003cfec0","004fbca0","FUN_004fbca0"
"003cff90","FUN_003cff90","003d3af0","FUN_003d3af0"
"003cff90","FUN_003cff90","004fbca0","FUN_004fbca0"
"003d0240","FUN_003d0240","003d3af0","FUN_003d3af0"
"003d0240","FUN_003d0240","004fbca0","FUN_004fbca0"
"003d0370","FUN_003d0370","003d3af0","FUN_003d3af0"
"003d0370","FUN_003d0370","004fbca0","FUN_004fbca0"
"003d0490","FUN_003d0490","003d3af0","FUN_003d3af0"
"003d0490","FUN_003d0490","004fbca0","FUN_004fbca0"
"003d0670","FUN_003d0670","003d3af0","FUN_003d3af0"
"003d0670","FUN_003d0670","004fbca0","FUN_004fbca0"
"003d0900","FUN_003d0900","003d3af0","FUN_003d3af0"
"003d0900","FUN_003d0900","004fbca0","FUN_004fbca0"
"003d0d30","FUN_003d0d30","003d3af0","FUN_003d3af0"
"003d0d30","FUN_003d0d30","004fbca0","FUN_004fbca0"
"003d0e90","FUN_003d0e90","003d3af0","FUN_003d3af0"
"003d0e90","FUN_003d0e90","004fbca0","FUN_004fbca0"
"003d10b0","FUN_003d10b0","003d3240","FUN_003d3240"
"003d10b0","FUN_003d10b0","004fbca0","FUN_004fbca0"
"003d11b0","FUN_003d11b0","003d3240","FUN_003d3240"
"003d1230","FUN_003d1230","003d3800","FUN_003d3800"
"003d12b0","FUN_003d12b0","003d3800","FUN_003d3800"
"003d12b0","FUN_003d12b0","004fbca0","FUN_004fbca0"
"003d13e0","FUN_003d13e0","003d3af0","FUN_003d3af0"
"003d13e0","FUN_003d13e0","004fbca0","FUN_004fbca0"
"003d1520","FUN_003d1520","003d3de0","FUN_003d3de0"
"003d1520","FUN_003d1520","004fbca0","FUN_004fbca0"
"003d1620","FUN_003d1620","003d3de0","FUN_003d3de0"
"003d16a0","FUN_003d16a0","003d3800","FUN_003d3800"
"003d16a0","FUN_003d16a0","004fbca0","FUN_004fbca0"
"003d17c0","FUN_003d17c0","003d3240","FUN_003d3240"
"003d17c0","FUN_003d17c0","004fbca0","FUN_004fbca0"
"003d18f0","FUN_003d18f0","003d3240","FUN_003d3240"
"003d18f0","FUN_003d18f0","004fbca0","FUN_004fbca0"
"003d1a20","FUN_003d1a20","003d3af0","FUN_003d3af0"
"003d1a20","FUN_003d1a20","004fbca0","FUN_004fbca0"
"003d1b20","FUN_003d1b20","003d3800","FUN_003d3800"
"003d1b20","FUN_003d1b20","004fbca0","FUN_004fbca0"
"003d1e00","FUN_003d1e00","003d3800","FUN_003d3800"
"003d1e70","FUN_003d1e70","003d3800","FUN_003d3800"
"003d1e70","FUN_003d1e70","004fbca0","FUN_004fbca0"
"003d20c0","FUN_003d20c0","003d3800","FUN_003d3800"
"003d20c0","FUN_003d20c0","004fbca0","FUN_004fbca0"
"003d21f0","FUN_003d21f0","001018e0","FUN_001018e0"
"003d21f0","FUN_003d21f0","003d3830","FUN_003d3830"
"003d2270","FUN_003d2270","001018e0","FUN_001018e0"
"003d2270","FUN_003d2270","003d3830","FUN_003d3830"
"003d22f0","FUN_003d22f0","001018e0","FUN_001018e0"
"003d22f0","FUN_003d22f0","003d3830","FUN_003d3830"
"003d2370","FUN_003d2370","001018e0","FUN_001018e0"
"003d2370","FUN_003d2370","003d3830","FUN_003d3830"
"003d23f0","FUN_003d23f0","001018e0","FUN_001018e0"
"003d23f0","FUN_003d23f0","003d3b20","FUN_003d3b20"
"003d2470","FUN_003d2470","001018e0","FUN_001018e0"
"003d2470","FUN_003d2470","003d3270","FUN_003d3270"
"003d24f0","FUN_003d24f0","001018e0","FUN_001018e0"
"003d24f0","FUN_003d24f0","003d3270","FUN_003d3270"
"003d2570","FUN_003d2570","001018e0","FUN_001018e0"
"003d2570","FUN_003d2570","003d3830","FUN_003d3830"
"003d25f0","FUN_003d25f0","001018e0","FUN_001018e0"
"003d25f0","FUN_003d25f0","003d3e10","FUN_003d3e10"
"003d2670","FUN_003d2670","001018e0","FUN_001018e0"
"003d2670","FUN_003d2670","003d3e10","FUN_003d3e10"
"003d26f0","FUN_003d26f0","001018e0","FUN_001018e0"
"003d26f0","FUN_003d26f0","003d3b20","FUN_003d3b20"
"003d2770","FUN_003d2770","001018e0","FUN_001018e0"
"003d2770","FUN_003d2770","003d3830","FUN_003d3830"
"003d27f0","FUN_003d27f0","001018e0","FUN_001018e0"
"003d27f0","FUN_003d27f0","003d3830","FUN_003d3830"
"003d2870","FUN_003d2870","001018e0","FUN_001018e0"
"003d2870","FUN_003d2870","003d3270","FUN_003d3270"
"003d28f0","FUN_003d28f0","001018e0","FUN_001018e0"
"003d28f0","FUN_003d28f0","003d3270","FUN_003d3270"
"003d2970","FUN_003d2970","001018e0","FUN_001018e0"
"003d2970","FUN_003d2970","003d3b20","FUN_003d3b20"
"003d29f0","FUN_003d29f0","001018e0","FUN_001018e0"
"003d29f0","FUN_003d29f0","003d3b20","FUN_003d3b20"
"003d2a70","FUN_003d2a70","001018e0","FUN_001018e0"
"003d2a70","FUN_003d2a70","003d3b20","FUN_003d3b20"
"003d2af0","FUN_003d2af0","001018e0","FUN_001018e0"
"003d2af0","FUN_003d2af0","003d3b20","FUN_003d3b20"
"003d2b70","FUN_003d2b70","001018e0","FUN_001018e0"
"003d2b70","FUN_003d2b70","003d3b20","FUN_003d3b20"
"003d2bf0","FUN_003d2bf0","001018e0","FUN_001018e0"
"003d2bf0","FUN_003d2bf0","003d3b20","FUN_003d3b20"
"003d2c70","FUN_003d2c70","001018e0","FUN_001018e0"
"003d2c70","FUN_003d2c70","003d3b20","FUN_003d3b20"
"003d2cf0","FUN_003d2cf0","001018e0","FUN_001018e0"
"003d2cf0","FUN_003d2cf0","003d3b20","FUN_003d3b20"
"003d2d70","FUN_003d2d70","001018e0","FUN_001018e0"
"003d2d70","FUN_003d2d70","003d3270","FUN_003d3270"
"003d2df0","FUN_003d2df0","001018e0","FUN_001018e0"
"003d2df0","FUN_003d2df0","003d3270","FUN_003d3270"
"003d2e70","FUN_003d2e70","001018e0","FUN_001018e0"
"003d2e70","FUN_003d2e70","003d3270","FUN_003d3270"
"003d2ef0","FUN_003d2ef0","001018e0","FUN_001018e0"
"003d2ef0","FUN_003d2ef0","003d3830","FUN_003d3830"
"003d2f70","FUN_003d2f70","001018e0","FUN_001018e0"
"003d2f70","FUN_003d2f70","003d3270","FUN_003d3270"
"003d2ff0","FUN_003d2ff0","001018e0","FUN_001018e0"
"003d2ff0","FUN_003d2ff0","003d3b20","FUN_003d3b20"
"003d3070","FUN_003d3070","001018e0","FUN_001018e0"
"003d3070","FUN_003d3070","003d3b20","FUN_003d3b20"
"003d30f0","FUN_003d30f0","001018e0","FUN_001018e0"
"003d30f0","FUN_003d30f0","003d3b20","FUN_003d3b20"
"003d3170","FUN_003d3170","001018e0","FUN_001018e0"
"003d3170","FUN_003d3170","003d3270","FUN_003d3270"
"003d31f0","FUN_003d31f0","001018e0","FUN_001018e0"
"003d3270","FUN_003d3270","001018e0","FUN_001018e0"
"003d3830","FUN_003d3830","001018e0","FUN_001018e0"
"003d3b20","FUN_003d3b20","001018e0","FUN_001018e0"
"003d3e10","FUN_003d3e10","001018e0","FUN_001018e0"
"003d40e0","FUN_003d40e0","001018e0","FUN_001018e0"
"003d4150","FUN_003d4150","001018e0","FUN_001018e0"
"003d43e0","FUN_003d43e0","001018e0","FUN_001018e0"
"003d43e0","FUN_003d43e0","003d40e0","FUN_003d40e0"
"003d4440","FUN_003d4440","003d40d0","FUN_003d40d0"
"003d4db0","FUN_003d4db0","003d4cb0","FUN_003d4cb0"
"003d4e10","FUN_003d4e10","004d67d0","FUN_004d67d0"
"003d4fb0","FUN_003d4fb0","003d4130","FUN_003d4130"
"003d5000","FUN_003d5000","001018e0","FUN_001018e0"
"003d5000","FUN_003d5000","00346720","FUN_00346720"
"003d5000","FUN_003d5000","003ceba0","FUN_003ceba0"
"003d5000","FUN_003d5000","003d4150","FUN_003d4150"
"003d52b0","FUN_003d52b0","001018e0","FUN_001018e0"
"003d5420","FUN_003d5420","003d40d0","FUN_003d40d0"
"003d5700","FUN_003d5700","003d40d0","FUN_003d40d0"
"003d5770","FUN_003d5770","00100780","FUN_00100780"
"003d5770","FUN_003d5770","001018e0","FUN_001018e0"
"003d5770","FUN_003d5770","00335320","FUN_00335320"
"003d5770","FUN_003d5770","003d40e0","FUN_003d40e0"
"003d5770","FUN_003d5770","0056a5d0","FUN_0056a5d0"
"003d5bc0","FUN_003d5bc0","00110c80","FUN_00110c80"
"003d5bc0","FUN_003d5bc0","0039e7a0","FUN_0039e7a0"
"003d5bc0","FUN_003d5bc0","0039e7a8","FUN_0039e7a8"
"003d6950","FUN_003d6950","00335358","FUN_00335358"
"003d6a20","FUN_003d6a20","003353e8","FUN_003353e8"
"003d6b10","FUN_003d6b10","003353e8","FUN_003353e8"
"003d6b10","FUN_003d6b10","003392a0","FUN_003392a0"
"003d6fe0","FUN_003d6fe0","0010a020","FUN_0010a020"
"003d6fe0","FUN_003d6fe0","00290560","FUN_00290560"
"003d6fe0","FUN_003d6fe0","003ab060","FUN_003ab060"
"003d6fe0","FUN_003d6fe0","003c8f50","FUN_003c8f50"
"003d6fe0","FUN_003d6fe0","003c91d0","FUN_003c91d0"
"003d6fe0","FUN_003d6fe0","004c03e0","FUN_004c03e0"
"003d6fe0","FUN_003d6fe0","004c04e0","FUN_004c04e0"
"003d6fe0","FUN_003d6fe0","004c22b0","FUN_004c22b0"
"003d6fe0","FUN_003d6fe0","0050f140","FUN_0050f140"
"003d7320","FUN_003d7320","00290580","FUN_00290580"
"003d7320","FUN_003d7320","002905a0","FUN_002905a0"
"003d7320","FUN_003d7320","0033fb70","FUN_0033fb70"
"003d7320","FUN_003d7320","003794d0","FUN_003794d0"
"003d7320","FUN_003d7320","00379a20","FUN_00379a20"
"003d7660","FUN_003d7660","00290450","FUN_00290450"
"003d7690","FUN_003d7690","003ab060","FUN_003ab060"
"003d7690","FUN_003d7690","003c8f50","FUN_003c8f50"
"003d7690","FUN_003d7690","003c91d0","FUN_003c91d0"
"003d7690","FUN_003d7690","004c03e0","FUN_004c03e0"
"003d7690","FUN_003d7690","004c04e0","FUN_004c04e0"
"003d7690","FUN_003d7690","0050f140","FUN_0050f140"
"003d78e0","FUN_003d78e0","00290580","FUN_00290580"
"003d78e0","FUN_003d78e0","002905a0","FUN_002905a0"
"003d78e0","FUN_003d78e0","0033fb70","FUN_0033fb70"
"003d78e0","FUN_003d78e0","003794d0","FUN_003794d0"
"003d78e0","FUN_003d78e0","00379a20","FUN_00379a20"
"003d79a0","FUN_003d79a0","0010a040","FUN_0010a040"
"003d79a0","FUN_003d79a0","00290570","FUN_00290570"
"003d79a0","FUN_003d79a0","0033fca0","FUN_0033fca0"
"003d79a0","FUN_003d79a0","00379970","FUN_00379970"
"003d7bc0","FUN_003d7bc0","003d7cf0","FUN_003d7cf0"
"003d7bc0","FUN_003d7bc0","005348a0","FUN_005348a0"
"003d7bf0","FUN_003d7bf0","003d7cf0","FUN_003d7cf0"
"003d7bf0","FUN_003d7bf0","00534778","FUN_00534778"
"003d7c30","FUN_003d7c30","003d7cf0","FUN_003d7cf0"
"003d7c30","FUN_003d7c30","00534b28","FUN_00534b28"
"003d7c60","FUN_003d7c60","003d7cf0","FUN_003d7cf0"
"003d7c60","FUN_003d7c60","00534c40","FUN_00534c40"
"003d7c90","FUN_003d7c90","003d7cf0","FUN_003d7cf0"
"003d7c90","FUN_003d7c90","00534998","FUN_00534998"
"003d7cc0","FUN_003d7cc0","003d7cf0","FUN_003d7cf0"
"003d7cc0","FUN_003d7cc0","005348d8","FUN_005348d8"
"003d7cf0","FUN_003d7cf0","00534db8","FUN_00534db8"
"003d7d20","FUN_003d7d20","001413f0","FUN_001413f0"
"003d7d20","FUN_003d7d20","00166eb0","FUN_00166eb0"
"003d7d20","FUN_003d7d20","003d7e60","FUN_003d7e60"
"003d7df0","FUN_003d7df0","00141fc0","FUN_00141fc0"
"003d7df0","FUN_003d7df0","00166ee0","FUN_00166ee0"
"003d7df0","FUN_003d7df0","00167b90","FUN_00167b90"
"003d7e60","FUN_003d7e60","001420c0","FUN_001420c0"
"003d8d20","FUN_003d8d20","0010eba0","FUN_0010eba0"
"003d8d20","FUN_003d8d20","0010ec10","FUN_0010ec10"
"003d8d20","FUN_003d8d20","0010ed50","FUN_0010ed50"
"003d8d20","FUN_003d8d20","0010f180","FUN_0010f180"
"003d8d20","FUN_003d8d20","00150dc0","FUN_00150dc0"
"003d8d20","FUN_003d8d20","001716f0","FUN_001716f0"
"003d8d20","FUN_003d8d20","0028ebb0","FUN_0028ebb0"
"003d8d20","FUN_003d8d20","0053bb28","FUN_0053bb28"
"003d8f60","FUN_003d8f60","001624c0","FUN_001624c0"
"003d8f60","FUN_003d8f60","001625a0","FUN_001625a0"
"003d8f60","FUN_003d8f60","00379358","FUN_00379358"
"003d9040","FUN_003d9040","00147e20","FUN_00147e20"
"003d9040","FUN_003d9040","00148210","FUN_00148210"
"003d90a0","FUN_003d90a0","001413f0","FUN_001413f0"
"003d90a0","FUN_003d90a0","003d91a0","FUN_003d91a0"
"003d9140","FUN_003d9140","00141fc0","FUN_00141fc0"
"003d9140","FUN_003d9140","00167b90","FUN_00167b90"
"003d9790","FUN_003d9790","0014a960","FUN_0014a960"
"003d9f90","FUN_003d9f90","0010eba0","FUN_0010eba0"
"003d9f90","FUN_003d9f90","00150dc0","FUN_00150dc0"
"003da240","FUN_003da240","001500f0","FUN_001500f0"
"003da400","FUN_003da400","00110310","FUN_00110310"
"003da7a0","FUN_003da7a0","002ebd70","FUN_002ebd70"
"003da7a0","FUN_003da7a0","0056dbe0","FUN_0056dbe0"
"003db210","FUN_003db210","00167b90","FUN_00167b90"
"003db210","FUN_003db210","00323620","FUN_00323620"
"003db210","FUN_003db210","0056ff30","FUN_0056ff30"
"003de4a0","FUN_003de4a0","003de500","FUN_003de500"
"003de4f0","FUN_003de4f0","003ed810","FUN_003ed810"
"003de500","FUN_003de500","003ed7c0","FUN_003ed7c0"
"003de840","FUN_003de840","001018e0","FUN_001018e0"
"003de840","FUN_003de840","003de8a0","FUN_003de8a0"
"003de8a0","FUN_003de8a0","002ebd70","FUN_002ebd70"
"003de970","FUN_003de970","003de8a0","FUN_003de8a0"
"003de970","FUN_003de970","003edae0","FUN_003edae0"
"003deb30","FUN_003deb30","003de8a0","FUN_003de8a0"
"003deb80","FUN_003deb80","003de970","FUN_003de970"
"003debf0","FUN_003debf0","001018e0","FUN_001018e0"
"003debf0","FUN_003debf0","003dec50","FUN_003dec50"
"003dec50","FUN_003dec50","002ebd70","FUN_002ebd70"
"003ded30","FUN_003ded30","003dec50","FUN_003dec50"
"003ded30","FUN_003ded30","003e56c0","FUN_003e56c0"
"003ded30","FUN_003ded30","003e5730","FUN_003e5730"
"003ded30","FUN_003ded30","004903e0","FUN_004903e0"
"003ded30","FUN_003ded30","00496430","FUN_00496430"
"003ded30","FUN_003ded30","00496510","FUN_00496510"
"003deff0","FUN_003deff0","003dec50","FUN_003dec50"
"003df040","FUN_003df040","003ded30","FUN_003ded30"
"003df090","FUN_003df090","003de480","FUN_003de480"
"003df0e0","FUN_003df0e0","003de4a0","FUN_003de4a0"
"003df0e0","FUN_003df0e0","003de500","FUN_003de500"
"003e03b0","FUN_003e03b0","002ebd70","FUN_002ebd70"
"003e03b0","FUN_003e03b0","003de500","FUN_003de500"
"003e03b0","FUN_003e03b0","003df0e0","FUN_003df0e0"
"003e08d0","FUN_003e08d0","0019cc40","FUN_0019cc40"
"003e0a20","FUN_003e0a20","002ebd70","FUN_002ebd70"
"003e0a20","FUN_003e0a20","003de4a0","FUN_003de4a0"
"003e0a20","FUN_003e0a20","003de500","FUN_003de500"
"003e0ed0","FUN_003e0ed0","002ebd70","FUN_002ebd70"
"003e0ed0","FUN_003e0ed0","003de4a0","FUN_003de4a0"
"003e0ed0","FUN_003e0ed0","003de500","FUN_003de500"
"003e0f50","FUN_003e0f50","003fc580","FUN_003fc580"
"003e1340","FUN_003e1340","002ebd70","FUN_002ebd70"
"003e1340","FUN_003e1340","003de4a0","FUN_003de4a0"
"003e1340","FUN_003e1340","003de500","FUN_003de500"
"003e13c0","FUN_003e13c0","0019cc40","FUN_0019cc40"
"003e13c0","FUN_003e13c0","0019de60","FUN_0019de60"
"003e1450","FUN_003e1450","00110390","FUN_00110390"
"003e15c0","FUN_003e15c0","002ebd70","FUN_002ebd70"
"003e15c0","FUN_003e15c0","003de4a0","FUN_003de4a0"
"003e15c0","FUN_003e15c0","003de500","FUN_003de500"
"003e1a10","FUN_003e1a10","00110390","FUN_00110390"
"003e1b30","FUN_003e1b30","002ebd70","FUN_002ebd70"
"003e1b30","FUN_003e1b30","003de500","FUN_003de500"
"003e1b30","FUN_003e1b30","003df0e0","FUN_003df0e0"
"003e1bc0","FUN_003e1bc0","0019de60","FUN_0019de60"
"003e1c00","FUN_003e1c00","00264190","FUN_00264190"
"003e1c00","FUN_003e1c00","0048ee30","FUN_0048ee30"
"003e1c60","FUN_003e1c60","001018e0","FUN_001018e0"
"003e1f70","FUN_003e1f70","0019cc40","FUN_0019cc40"
"003e1f70","FUN_003e1f70","004830a0","FUN_004830a0"
"003e1f70","FUN_003e1f70","00496610","FUN_00496610"
"003e2750","FUN_003e2750","0019cc40","FUN_0019cc40"
"003e2940","FUN_003e2940","002ebd70","FUN_002ebd70"
"003e2940","FUN_003e2940","003de500","FUN_003de500"
"003e2940","FUN_003e2940","003df0e0","FUN_003df0e0"
"003e29c0","FUN_003e29c0","003df090","FUN_003df090"
"003e2a30","FUN_003e2a30","003de4f0","FUN_003de4f0"
"003e2a30","FUN_003e2a30","003e29c0","FUN_003e29c0"
"003e2aa0","FUN_003e2aa0","002ebb00","FUN_002ebb00"
"003e2c50","FUN_003e2c50","0019cc40","FUN_0019cc40"
"003e2c50","FUN_003e2c50","00264190","FUN_00264190"
"003e3930","FUN_003e3930","00305010","FUN_00305010"
"003e3930","FUN_003e3930","003e3980","FUN_003e3980"
"003e52e0","FUN_003e52e0","003de480","FUN_003de480"
"003e53a0","FUN_003e53a0","003de4a0","FUN_003de4a0"
"003e53a0","FUN_003e53a0","003de500","FUN_003de500"
"003e5480","FUN_003e5480","002ebd70","FUN_002ebd70"
"003e5480","FUN_003e5480","003de500","FUN_003de500"
"003e5480","FUN_003e5480","003df0e0","FUN_003df0e0"
"003e5500","FUN_003e5500","0019de60","FUN_0019de60"
"003e5730","FUN_003e5730","002ebd70","FUN_002ebd70"
"003e5730","FUN_003e5730","003de4a0","FUN_003de4a0"
"003e5730","FUN_003e5730","003de500","FUN_003de500"
"003e5910","FUN_003e5910","003df090","FUN_003df090"
"003e5970","FUN_003e5970","002ebd70","FUN_002ebd70"
"003e5970","FUN_003e5970","003de500","FUN_003de500"
"003e5970","FUN_003e5970","003df0e0","FUN_003df0e0"
"003e59f0","FUN_003e59f0","0019de60","FUN_0019de60"
"003e5af0","FUN_003e5af0","002ebd70","FUN_002ebd70"
"003e5af0","FUN_003e5af0","003de500","FUN_003de500"
"003e5af0","FUN_003e5af0","003df0e0","FUN_003df0e0"
"003e5e80","FUN_003e5e80","002ebd70","FUN_002ebd70"
"003e5e80","FUN_003e5e80","003de500","FUN_003de500"
"003e5e80","FUN_003e5e80","003df0e0","FUN_003df0e0"
"003e5f00","FUN_003e5f00","0019cc40","FUN_0019cc40"
"003e5f00","FUN_003e5f00","0019de60","FUN_0019de60"
"003e6170","FUN_003e6170","002ebd70","FUN_002ebd70"
"003e6170","FUN_003e6170","003de500","FUN_003de500"
"003e6170","FUN_003e6170","003df0e0","FUN_003df0e0"
"003e63d0","FUN_003e63d0","003fc580","FUN_003fc580"
"003e64b0","FUN_003e64b0","002ebd70","FUN_002ebd70"
"003e64b0","FUN_003e64b0","003de4a0","FUN_003de4a0"
"003e64b0","FUN_003e64b0","003de500","FUN_003de500"
"003e65c0","FUN_003e65c0","002ebd70","FUN_002ebd70"
"003e65c0","FUN_003e65c0","003de500","FUN_003de500"
"003e65c0","FUN_003e65c0","003df0e0","FUN_003df0e0"
"003e6650","FUN_003e6650","0019de60","FUN_0019de60"
"003e66e0","FUN_003e66e0","003de480","FUN_003de480"
"003e6720","FUN_003e6720","003de4a0","FUN_003de4a0"
"003e6720","FUN_003e6720","003de500","FUN_003de500"
"003e6780","FUN_003e6780","0019de60","FUN_0019de60"
"003e6830","FUN_003e6830","002ebd70","FUN_002ebd70"
"003e6830","FUN_003e6830","003de4a0","FUN_003de4a0"
"003e6830","FUN_003e6830","003de500","FUN_003de500"
"003e68b0","FUN_003e68b0","0019de60","FUN_0019de60"
"003e68f0","FUN_003e68f0","003df090","FUN_003df090"
"003e6950","FUN_003e6950","002ebd70","FUN_002ebd70"
"003e6950","FUN_003e6950","003de500","FUN_003de500"
"003e6950","FUN_003e6950","003df0e0","FUN_003df0e0"
"003e6b50","FUN_003e6b50","003de480","FUN_003de480"
"003e6bb0","FUN_003e6bb0","002ebd70","FUN_002ebd70"
"003e6bb0","FUN_003e6bb0","003de4a0","FUN_003de4a0"
"003e6bb0","FUN_003e6bb0","003de500","FUN_003de500"
"003e6c30","FUN_003e6c30","0019de60","FUN_0019de60"
"003e6c70","FUN_003e6c70","003de480","FUN_003de480"
"003e6cd0","FUN_003e6cd0","002ebd70","FUN_002ebd70"
"003e6cd0","FUN_003e6cd0","003de4a0","FUN_003de4a0"
"003e6cd0","FUN_003e6cd0","003de500","FUN_003de500"
"003e6d60","FUN_003e6d60","003de480","FUN_003de480"
"003e6dc0","FUN_003e6dc0","002ebd70","FUN_002ebd70"
"003e6dc0","FUN_003e6dc0","003de4a0","FUN_003de4a0"
"003e6dc0","FUN_003e6dc0","003de500","FUN_003de500"
"003e6ed0","FUN_003e6ed0","002ebd70","FUN_002ebd70"
"003e6ed0","FUN_003e6ed0","003de500","FUN_003de500"
"003e6ed0","FUN_003e6ed0","003df0e0","FUN_003df0e0"
"003e7370","FUN_003e7370","003de480","FUN_003de480"
"003e73d0","FUN_003e73d0","002ebd70","FUN_002ebd70"
"003e73d0","FUN_003e73d0","003de4a0","FUN_003de4a0"
"003e73d0","FUN_003e73d0","003de500","FUN_003de500"
"003e7590","FUN_003e7590","003df090","FUN_003df090"
"003e75f0","FUN_003e75f0","002ebd70","FUN_002ebd70"
"003e75f0","FUN_003e75f0","003de500","FUN_003de500"
"003e75f0","FUN_003e75f0","003df0e0","FUN_003df0e0"
"003e7770","FUN_003e7770","0019cc40","FUN_0019cc40"
"003e7770","FUN_003e7770","00264190","FUN_00264190"
"003e7770","FUN_003e7770","0048ee30","FUN_0048ee30"
"003e7770","FUN_003e7770","0048eec0","FUN_0048eec0"
"003e78d0","FUN_003e78d0","0019de60","FUN_0019de60"
"003e7c90","FUN_003e7c90","003e7cc0","FUN_003e7cc0"
"003e7cc0","FUN_003e7cc0","002ebb00","FUN_002ebb00"
"003e7da0","FUN_003e7da0","002ebd70","FUN_002ebd70"
"003e7da0","FUN_003e7da0","003de4a0","FUN_003de4a0"
"003e7da0","FUN_003e7da0","003de500","FUN_003de500"
"003e7e40","FUN_003e7e40","0019de60","FUN_0019de60"
"003e7f50","FUN_003e7f50","0043a400","FUN_0043a400"
"003e8e70","FUN_003e8e70","0019cc40","FUN_0019cc40"
"003e8e70","FUN_003e8e70","002641d0","FUN_002641d0"
"003e8e70","FUN_003e8e70","0027c2f0","FUN_0027c2f0"
"003e8f10","FUN_003e8f10","003df090","FUN_003df090"
"003e8f70","FUN_003e8f70","002ebd70","FUN_002ebd70"
"003e8f70","FUN_003e8f70","003de500","FUN_003de500"
"003e8f70","FUN_003e8f70","003df0e0","FUN_003df0e0"
"003e8ff0","FUN_003e8ff0","0019cc40","FUN_0019cc40"
"003e9120","FUN_003e9120","0019cc40","FUN_0019cc40"
"003e9120","FUN_003e9120","0019de60","FUN_0019de60"
"003e9120","FUN_003e9120","0045ff30","FUN_0045ff30"
"003e9120","FUN_003e9120","00481370","FUN_00481370"
"003e9280","FUN_003e9280","0019cc40","FUN_0019cc40"
"003e92c0","FUN_003e92c0","001a0390","FUN_001a0390"
"003e9370","FUN_003e9370","003de4a0","FUN_003de4a0"
"003e9370","FUN_003e9370","003de500","FUN_003de500"
"003e9400","FUN_003e9400","003de4f0","FUN_003de4f0"
"003e9400","FUN_003e9400","003e9300","FUN_003e9300"
"003e9490","FUN_003e9490","0019de60","FUN_0019de60"
"003e9490","FUN_003e9490","003de510","FUN_003de510"
"003e94c0","FUN_003e94c0","0019de60","FUN_0019de60"
"003e96e0","FUN_003e96e0","0019de60","FUN_0019de60"
"003e96e0","FUN_003e96e0","0045ff30","FUN_0045ff30"
"003e96e0","FUN_003e96e0","0045ff80","FUN_0045ff80"
"003e96e0","FUN_003e96e0","00589db0","FUN_00589db0"
"003e9820","FUN_003e9820","003de480","FUN_003de480"
"003e9860","FUN_003e9860","003de4a0","FUN_003de4a0"
"003e9860","FUN_003e9860","003de500","FUN_003de500"
"003e98c0","FUN_003e98c0","003de480","FUN_003de480"
"003e9920","FUN_003e9920","002ebd70","FUN_002ebd70"
"003e9920","FUN_003e9920","003de4a0","FUN_003de4a0"
"003e9920","FUN_003e9920","003de500","FUN_003de500"
"003e99a0","FUN_003e99a0","0019de60","FUN_0019de60"
"003e9ca0","FUN_003e9ca0","0019de60","FUN_0019de60"
"003e9ca0","FUN_003e9ca0","0045ff30","FUN_0045ff30"
"003e9ca0","FUN_003e9ca0","004602b0","FUN_004602b0"
"003e9d80","FUN_003e9d80","003df090","FUN_003df090"
"003e9de0","FUN_003e9de0","002ebd70","FUN_002ebd70"
"003e9de0","FUN_003e9de0","003de500","FUN_003de500"
"003e9de0","FUN_003e9de0","003df0e0","FUN_003df0e0"
"003e9e60","FUN_003e9e60","0019cc40","FUN_0019cc40"
"003e9e60","FUN_003e9e60","0019de60","FUN_0019de60"
"003ea060","FUN_003ea060","003de4a0","FUN_003de4a0"
"003ea060","FUN_003ea060","003de500","FUN_003de500"
"003ea0c0","FUN_003ea0c0","0019de60","FUN_0019de60"
"003ea140","FUN_003ea140","003de480","FUN_003de480"
"003ea190","FUN_003ea190","003de4a0","FUN_003de4a0"
"003ea190","FUN_003ea190","003de500","FUN_003de500"
"003ea1f0","FUN_003ea1f0","0019cc40","FUN_0019cc40"
"003ea1f0","FUN_003ea1f0","0019de60","FUN_0019de60"
"003ea1f0","FUN_003ea1f0","0045ff30","FUN_0045ff30"
"003ea350","FUN_003ea350","003de480","FUN_003de480"
"003ea3b0","FUN_003ea3b0","002ebd70","FUN_002ebd70"
"003ea3b0","FUN_003ea3b0","003de4a0","FUN_003de4a0"
"003ea3b0","FUN_003ea3b0","003de500","FUN_003de500"
"003ea500","FUN_003ea500","003eebd0","FUN_003eebd0"
"003ea570","FUN_003ea570","0019de60","FUN_0019de60"
"003ea570","FUN_003ea570","003de510","FUN_003de510"
"003ea5a0","FUN_003ea5a0","0019de60","FUN_0019de60"
"003ea5a0","FUN_003ea5a0","003de510","FUN_003de510"
"003ea5d0","FUN_003ea5d0","0019de60","FUN_0019de60"
"003ea5d0","FUN_003ea5d0","003de510","FUN_003de510"
"003ea680","FUN_003ea680","002ebd70","FUN_002ebd70"
"003ea680","FUN_003ea680","003de4a0","FUN_003de4a0"
"003ea680","FUN_003ea680","003de500","FUN_003de500"
"003ea720","FUN_003ea720","0019de60","FUN_0019de60"
"003ea860","FUN_003ea860","002ebd70","FUN_002ebd70"
"003ea860","FUN_003ea860","003de500","FUN_003de500"
"003ea860","FUN_003ea860","003df0e0","FUN_003df0e0"
"003ea900","FUN_003ea900","0019de60","FUN_0019de60"
"003eaa00","FUN_003eaa00","003df090","FUN_003df090"
"003eaa60","FUN_003eaa60","002ebd70","FUN_002ebd70"
"003eaa60","FUN_003eaa60","003de500","FUN_003de500"
"003eaa60","FUN_003eaa60","003df0e0","FUN_003df0e0"
"003eaae0","FUN_003eaae0","0019cc40","FUN_0019cc40"
"003eaae0","FUN_003eaae0","0019de60","FUN_0019de60"
"003eab50","FUN_003eab50","003de480","FUN_003de480"
"003eabb0","FUN_003eabb0","002ebb00","FUN_002ebb00"
"003eabb0","FUN_003eabb0","003de4a0","FUN_003de4a0"
"003eabb0","FUN_003eabb0","003de500","FUN_003de500"
"003eac30","FUN_003eac30","0019cc40","FUN_0019cc40"
"003eac30","FUN_003eac30","0019de60","FUN_0019de60"
"003eade0","FUN_003eade0","003de500","FUN_003de500"
"003eade0","FUN_003eade0","003df0e0","FUN_003df0e0"
"003eaf30","FUN_003eaf30","003df090","FUN_003df090"
"003eaf90","FUN_003eaf90","003de500","FUN_003de500"
"003eaf90","FUN_003eaf90","003df0e0","FUN_003df0e0"
"003eaff0","FUN_003eaff0","0019de60","FUN_0019de60"
"003eaff0","FUN_003eaff0","0045ffe0","FUN_0045ffe0"
"003eb050","FUN_003eb050","003e02d0","FUN_003e02d0"
"003eb090","FUN_003eb090","003de500","FUN_003de500"
"003eb090","FUN_003eb090","003e03b0","FUN_003e03b0"
"003eb0f0","FUN_003eb0f0","0019cc40","FUN_0019cc40"
"003eb0f0","FUN_003eb0f0","0019de60","FUN_0019de60"
"003eb4d0","FUN_003eb4d0","003df090","FUN_003df090"
"003eb530","FUN_003eb530","002ebd70","FUN_002ebd70"
"003eb530","FUN_003eb530","003de500","FUN_003de500"
"003eb530","FUN_003eb530","003df0e0","FUN_003df0e0"
"003eb5b0","FUN_003eb5b0","0019cc40","FUN_0019cc40"
"003eb5b0","FUN_003eb5b0","003eea70","FUN_003eea70"
"003eb6e0","FUN_003eb6e0","003de480","FUN_003de480"
"003eb740","FUN_003eb740","002ebd70","FUN_002ebd70"
"003eb740","FUN_003eb740","003de4a0","FUN_003de4a0"
"003eb740","FUN_003eb740","003de500","FUN_003de500"
"003eb930","FUN_003eb930","003fc580","FUN_003fc580"
"003eb9c0","FUN_003eb9c0","0048ee30","FUN_0048ee30"
"003eba70","FUN_003eba70","002ebd70","FUN_002ebd70"
"003eba70","FUN_003eba70","003de500","FUN_003de500"
"003eba70","FUN_003eba70","003df0e0","FUN_003df0e0"
"003ebaf0","FUN_003ebaf0","0019cc40","FUN_0019cc40"
"003ebaf0","FUN_003ebaf0","0048ee30","FUN_0048ee30"
"003ebb40","FUN_003ebb40","003ebaf0","FUN_003ebaf0"
"003ebb40","FUN_003ebb40","0048ee40","FUN_0048ee40"
"003ebbd0","FUN_003ebbd0","0019de60","FUN_0019de60"
"003ebd40","FUN_003ebd40","002ebd70","FUN_002ebd70"
"003ebd40","FUN_003ebd40","003de500","FUN_003de500"
"003ebd40","FUN_003ebd40","003df0e0","FUN_003df0e0"
"003ebe90","FUN_003ebe90","0048ee30","FUN_0048ee30"
"003ec040","FUN_003ec040","003de4f0","FUN_003de4f0"
"003ec040","FUN_003ec040","003ebcd0","FUN_003ebcd0"
"003ec080","FUN_003ec080","003de500","FUN_003de500"
"003ec080","FUN_003ec080","003eb740","FUN_003eb740"
"003ec100","FUN_003ec100","003de4f0","FUN_003de4f0"
"003ec100","FUN_003ec100","003eb6e0","FUN_003eb6e0"
"003ec190","FUN_003ec190","003de4f0","FUN_003de4f0"
"003ec190","FUN_003ec190","003eb6e0","FUN_003eb6e0"
"003ec200","FUN_003ec200","003de4f0","FUN_003de4f0"
"003ec200","FUN_003ec200","003eb4d0","FUN_003eb4d0"
"003ec280","FUN_003ec280","003de4f0","FUN_003de4f0"
"003ec280","FUN_003ec280","003eb050","FUN_003eb050"
"003ec350","FUN_003ec350","003de4f0","FUN_003de4f0"
"003ec350","FUN_003ec350","003eaf30","FUN_003eaf30"
"003ec3c0","FUN_003ec3c0","003de4f0","FUN_003de4f0"
"003ec3c0","FUN_003ec3c0","003ead10","FUN_003ead10"
"003ec440","FUN_003ec440","003de4f0","FUN_003de4f0"
"003ec440","FUN_003ec440","003eab50","FUN_003eab50"
"003ec4b0","FUN_003ec4b0","003de4f0","FUN_003de4f0"
"003ec4b0","FUN_003ec4b0","003eaa00","FUN_003eaa00"
"003ec530","FUN_003ec530","003de4f0","FUN_003de4f0"
"003ec530","FUN_003ec530","003ea600","FUN_003ea600"
"003ec590","FUN_003ec590","003de4f0","FUN_003de4f0"
"003ec590","FUN_003ec590","003ea350","FUN_003ea350"
"003ec610","FUN_003ec610","003de4f0","FUN_003de4f0"
"003ec610","FUN_003ec610","003ea140","FUN_003ea140"
"003ec680","FUN_003ec680","003de4f0","FUN_003de4f0"
"003ec680","FUN_003ec680","003e9fe0","FUN_003e9fe0"
"003ec700","FUN_003ec700","003de4f0","FUN_003de4f0"
"003ec700","FUN_003ec700","003e9d80","FUN_003e9d80"
"003ec780","FUN_003ec780","003de4f0","FUN_003de4f0"
"003ec780","FUN_003ec780","003e98c0","FUN_003e98c0"
"003ec7f0","FUN_003ec7f0","003de4f0","FUN_003de4f0"
"003ec7f0","FUN_003ec7f0","003e9820","FUN_003e9820"
"003ec870","FUN_003ec870","003de4f0","FUN_003de4f0"
"003ec870","FUN_003ec870","003e8f10","FUN_003e8f10"
"003ec8f0","FUN_003ec8f0","003de4f0","FUN_003de4f0"
"003ec8f0","FUN_003ec8f0","003e7b30","FUN_003e7b30"
"003ec990","FUN_003ec990","003de500","FUN_003de500"
"003ec990","FUN_003ec990","003e75f0","FUN_003e75f0"
"003eca10","FUN_003eca10","003de4f0","FUN_003de4f0"
"003eca10","FUN_003eca10","003e7590","FUN_003e7590"
"003ecaa0","FUN_003ecaa0","003de4f0","FUN_003de4f0"
"003ecaa0","FUN_003ecaa0","003e7370","FUN_003e7370"
"003ecb00","FUN_003ecb00","003de4f0","FUN_003de4f0"
"003ecb00","FUN_003ecb00","003e6e50","FUN_003e6e50"
"003ecb80","FUN_003ecb80","003de4f0","FUN_003de4f0"
"003ecb80","FUN_003ecb80","003e6d60","FUN_003e6d60"
"003ecbf0","FUN_003ecbf0","003de4f0","FUN_003de4f0"
"003ecbf0","FUN_003ecbf0","003e6c70","FUN_003e6c70"
"003ecc60","FUN_003ecc60","003de4f0","FUN_003de4f0"
"003ecc60","FUN_003ecc60","003e6b50","FUN_003e6b50"
"003eccd0","FUN_003eccd0","003de4f0","FUN_003de4f0"
"003eccd0","FUN_003eccd0","003e68f0","FUN_003e68f0"
"003ecd50","FUN_003ecd50","003de4f0","FUN_003de4f0"
"003ecd50","FUN_003ecd50","003e67c0","FUN_003e67c0"
"003ecdc0","FUN_003ecdc0","003de4f0","FUN_003de4f0"
"003ecdc0","FUN_003ecdc0","003e66e0","FUN_003e66e0"
"003ece20","FUN_003ece20","003de4f0","FUN_003de4f0"
"003ece20","FUN_003ece20","003e6540","FUN_003e6540"
"003ecec0","FUN_003ecec0","003de4f0","FUN_003de4f0"
"003ecec0","FUN_003ecec0","003e6440","FUN_003e6440"
"003ecf60","FUN_003ecf60","002641d0","FUN_002641d0"
"003ecf60","FUN_003ecf60","0027c2f0","FUN_0027c2f0"
"003ed080","FUN_003ed080","003de4f0","FUN_003de4f0"
"003ed080","FUN_003ed080","003e60e0","FUN_003e60e0"
"003ed110","FUN_003ed110","003de4f0","FUN_003de4f0"
"003ed110","FUN_003ed110","003e5e10","FUN_003e5e10"
"003ed180","FUN_003ed180","003de4f0","FUN_003de4f0"
"003ed180","FUN_003ed180","003e5a80","FUN_003e5a80"
"003ed1f0","FUN_003ed1f0","003de4f0","FUN_003de4f0"
"003ed1f0","FUN_003ed1f0","003e5910","FUN_003e5910"
"003ed290","FUN_003ed290","003de4f0","FUN_003de4f0"
"003ed290","FUN_003ed290","003e56c0","FUN_003e56c0"
"003ed340","FUN_003ed340","003de4f0","FUN_003de4f0"
"003ed340","FUN_003ed340","003e5400","FUN_003e5400"
"003ed3e0","FUN_003ed3e0","003de4f0","FUN_003de4f0"
"003ed3e0","FUN_003ed3e0","003e5330","FUN_003e5330"
"003ed4a0","FUN_003ed4a0","003de4f0","FUN_003de4f0"
"003ed4a0","FUN_003ed4a0","003e1aa0","FUN_003e1aa0"
"003ed530","FUN_003ed530","003de4f0","FUN_003de4f0"
"003ed530","FUN_003ed530","003e14f0","FUN_003e14f0"
"003ed5c0","FUN_003ed5c0","003de4f0","FUN_003de4f0"
"003ed5c0","FUN_003ed5c0","003e1270","FUN_003e1270"
"003ed640","FUN_003ed640","003de4f0","FUN_003de4f0"
"003ed640","FUN_003ed640","003e0df0","FUN_003e0df0"
"003ed6d0","FUN_003ed6d0","003de4f0","FUN_003de4f0"
"003ed6d0","FUN_003ed6d0","003e0930","FUN_003e0930"
"003ed750","FUN_003ed750","003de4f0","FUN_003de4f0"
"003ed750","FUN_003ed750","003e02d0","FUN_003e02d0"
"003ed920","FUN_003ed920","001018e0","FUN_001018e0"
"003ed920","FUN_003ed920","003ed980","FUN_003ed980"
"003ee3e0","FUN_003ee3e0","00101700","FUN_00101700"
"003ee3e0","FUN_003ee3e0","003ee430","FUN_003ee430"
"003ee4a0","FUN_003ee4a0","001018e0","FUN_001018e0"
"003ee4a0","FUN_003ee4a0","003ed980","FUN_003ed980"
"003ee820","FUN_003ee820","003fc580","FUN_003fc580"
"003ee9a0","FUN_003ee9a0","003ee9d0","FUN_003ee9d0"
"003ee9a0","FUN_003ee9a0","003eea20","FUN_003eea20"
"003eeaf0","FUN_003eeaf0","001018e0","FUN_001018e0"
"003f73e0","FUN_003f73e0","00192ec0","FUN_00192ec0"
"003f73e0","FUN_003f73e0","003fccc0","FUN_003fccc0"
"003f73e0","FUN_003f73e0","003fcce0","FUN_003fcce0"
"003f73e0","FUN_003f73e0","00456040","FUN_00456040"
"003f73e0","FUN_003f73e0","0045fe20","FUN_0045fe20"
"003f73e0","FUN_003f73e0","004c3330","FUN_004c3330"
"003f7630","FUN_003f7630","003fccc0","FUN_003fccc0"
"003f7630","FUN_003f7630","004e4110","FUN_004e4110"
"003f7780","FUN_003f7780","003be680","FUN_003be680"
"003f7780","FUN_003f7780","003fccc0","FUN_003fccc0"
"003f7800","FUN_003f7800","002ec250","FUN_002ec250"
"003f89a0","FUN_003f89a0","003fccc0","FUN_003fccc0"
"003f89a0","FUN_003f89a0","004227b0","FUN_004227b0"
"003f89a0","FUN_003f89a0","00481880","FUN_00481880"
"003f89a0","FUN_003f89a0","004e6ec0","FUN_004e6ec0"
"003f8b00","FUN_003f8b00","003fccc0","FUN_003fccc0"
"003f8b00","FUN_003f8b00","0042c3b0","FUN_0042c3b0"
"003fa200","FUN_003fa200","003f8dd0","FUN_003f8dd0"
"003fa200","FUN_003fa200","003fccc0","FUN_003fccc0"
"003fa200","FUN_003fa200","0041a760","FUN_0041a760"
"003fa2f0","FUN_003fa2f0","003fccc0","FUN_003fccc0"
"003fa2f0","FUN_003fa2f0","00445e50","FUN_00445e50"
"003fa390","FUN_003fa390","003fccc0","FUN_003fccc0"
"003fa390","FUN_003fa390","00445e50","FUN_00445e50"
"003fa430","FUN_003fa430","00264190","FUN_00264190"
"003fa430","FUN_003fa430","003fccc0","FUN_003fccc0"
"003fa430","FUN_003fa430","0040a780","FUN_0040a780"
"003fa430","FUN_003fa430","00475370","FUN_00475370"
"003fa430","FUN_003fa430","004efb80","FUN_004efb80"
"003fa560","FUN_003fa560","00264190","FUN_00264190"
"003fa560","FUN_003fa560","003fccc0","FUN_003fccc0"
"003fa560","FUN_003fa560","0040a780","FUN_0040a780"
"003fa560","FUN_003fa560","00475370","FUN_00475370"
"003fa560","FUN_003fa560","004efb80","FUN_004efb80"
"003fa690","FUN_003fa690","0019cc40","FUN_0019cc40"
"003fa690","FUN_003fa690","003fccc0","FUN_003fccc0"
"003fa690","FUN_003fa690","00420b90","FUN_00420b90"
"003fa690","FUN_003fa690","00420fd0","FUN_00420fd0"
"003fa690","FUN_003fa690","004602b0","FUN_004602b0"
"003fa890","FUN_003fa890","003fccc0","FUN_003fccc0"
"003fa890","FUN_003fa890","00423750","FUN_00423750"
"003fa8e0","FUN_003fa8e0","003fccc0","FUN_003fccc0"
"003fa8e0","FUN_003fa8e0","004b2f70","FUN_004b2f70"
"003fa940","FUN_003fa940","003fccc0","FUN_003fccc0"
"003fa940","FUN_003fa940","004e5110","FUN_004e5110"
"003fa9a0","FUN_003fa9a0","003fccc0","FUN_003fccc0"
"003fa9a0","FUN_003fa9a0","004e64e0","FUN_004e64e0"
"003faa00","FUN_003faa00","003fccc0","FUN_003fccc0"
"003faa00","FUN_003faa00","004ea530","FUN_004ea530"
"003faa00","FUN_003faa00","004ea960","FUN_004ea960"
"003faaf0","FUN_003faaf0","003fccc0","FUN_003fccc0"
"003faaf0","FUN_003faaf0","0046cbb0","FUN_0046cbb0"
"003fb5e0","FUN_003fb5e0","00264190","FUN_00264190"
"003fb5e0","FUN_003fb5e0","003fccc0","FUN_003fccc0"
"003fb5e0","FUN_003fb5e0","0040a780","FUN_0040a780"
"003fb5e0","FUN_003fb5e0","004227b0","FUN_004227b0"
"003fb5e0","FUN_003fb5e0","0042c9b0","FUN_0042c9b0"
"003fb5e0","FUN_003fb5e0","0042e4d0","FUN_0042e4d0"
"003fb5e0","FUN_003fb5e0","0042e7d0","FUN_0042e7d0"
"003fb5e0","FUN_003fb5e0","00431f40","FUN_00431f40"
"003fb5e0","FUN_003fb5e0","0046b620","FUN_0046b620"
"003fb5e0","FUN_003fb5e0","004ef250","FUN_004ef250"
"003fb5e0","FUN_003fb5e0","004efb80","FUN_004efb80"
"003fbc50","FUN_003fbc50","003fccc0","FUN_003fccc0"
"003fbc50","FUN_003fbc50","00550a48","FUN_00550a48"
"003fc1b0","FUN_003fc1b0","003fccc0","FUN_003fccc0"
"003fc1b0","FUN_003fc1b0","00423e30","FUN_00423e30"
"003fc210","FUN_003fc210","003fccc0","FUN_003fccc0"
"003fc210","FUN_003fc210","00477da0","FUN_00477da0"
"003fc280","FUN_003fc280","003fccc0","FUN_003fccc0"
"003fc280","FUN_003fc280","0040a780","FUN_0040a780"
"003fc280","FUN_003fc280","004efb80","FUN_004efb80"
"003fc360","FUN_003fc360","003fccc0","FUN_003fccc0"
"003fc360","FUN_003fc360","00418e50","FUN_00418e50"
"003fc3d0","FUN_003fc3d0","003fccc0","FUN_003fccc0"
"003fc3d0","FUN_003fc3d0","004e6ac0","FUN_004e6ac0"
"003fc420","FUN_003fc420","0016ba60","FUN_0016ba60"
"003fc420","FUN_003fc420","003fccc0","FUN_003fccc0"
"003fc420","FUN_003fc420","00431f40","FUN_00431f40"
"003fc420","FUN_003fc420","004efb80","FUN_004efb80"
"003fc670","FUN_003fc670","0013d790","FUN_0013d790"
"003fc730","FUN_003fc730","003de500","FUN_003de500"
"003fc730","FUN_003fc730","003df0e0","FUN_003df0e0"
"003fc7c0","FUN_003fc7c0","003de4f0","FUN_003de4f0"
"003fc7c0","FUN_003fc7c0","003df090","FUN_003df090"
"003fc820","FUN_003fc820","003fccd0","FUN_003fccd0"
"003fc820","FUN_003fc820","00431fb0","FUN_00431fb0"
"003fc880","FUN_003fc880","003fccc0","FUN_003fccc0"
"003fc880","FUN_003fc880","00431f40","FUN_00431f40"
"003fc900","FUN_003fc900","003fccd0","FUN_003fccd0"
"003fc900","FUN_003fc900","004227f0","FUN_004227f0"
"003fc960","FUN_003fc960","003fccc0","FUN_003fccc0"
"003fc960","FUN_003fc960","004227b0","FUN_004227b0"
"003fc9d0","FUN_003fc9d0","003fccd0","FUN_003fccd0"
"003fc9d0","FUN_003fc9d0","004227f0","FUN_004227f0"
"003fca30","FUN_003fca30","003fccc0","FUN_003fccc0"
"003fca30","FUN_003fca30","004227b0","FUN_004227b0"
"003fcaa0","FUN_003fcaa0","003fccd0","FUN_003fccd0"
"003fcaa0","FUN_003fcaa0","00431fb0","FUN_00431fb0"
"003fcb00","FUN_003fcb00","003fccc0","FUN_003fccc0"
"003fcb00","FUN_003fcb00","00431f40","FUN_00431f40"
"003fcb80","FUN_003fcb80","003fccd0","FUN_003fccd0"
"003fccc0","FUN_003fccc0","003fcf20","FUN_003fcf20"
"003fccd0","FUN_003fccd0","003fced0","FUN_003fced0"
"003fcd10","FUN_003fcd10","003fced0","FUN_003fced0"
"003fcdb0","FUN_003fcdb0","003fced0","FUN_003fced0"
"003fcfd0","FUN_003fcfd0","003fcce0","FUN_003fcce0"
"003fd060","FUN_003fd060","0010ab40","FUN_0010ab40"
"003fd060","FUN_003fd060","003fccd0","FUN_003fccd0"
"003fd060","FUN_003fd060","003fcd10","FUN_003fcd10"
"003fd530","FUN_003fd530","001024d0","FUN_001024d0"
"003fd530","FUN_003fd530","003fd5b0","FUN_003fd5b0"
"003fd5b0","FUN_003fd5b0","00108020","FUN_00108020"
"003fd5b0","FUN_003fd5b0","0010ab40","FUN_0010ab40"
"003fdaf0","FUN_003fdaf0","00107dc0","FUN_00107dc0"
"003fdaf0","FUN_003fdaf0","0010ab20","FUN_0010ab20"
"003fdaf0","FUN_003fdaf0","0010ab40","FUN_0010ab40"
"003fdbf0","FUN_003fdbf0","001060e0","FUN_001060e0"
"003fdbf0","FUN_003fdbf0","0010aaf0","FUN_0010aaf0"
"003fdbf0","FUN_003fdbf0","0010ab20","FUN_0010ab20"
"003fdcc0","FUN_003fdcc0","001100d0","FUN_001100d0"
"003fdcc0","FUN_003fdcc0","0022f500","FUN_0022f500"
"003fdfb0","FUN_003fdfb0","001024d0","FUN_001024d0"
"003fdfb0","FUN_003fdfb0","003fe0d0","FUN_003fe0d0"
"003fe0d0","FUN_003fe0d0","00108020","FUN_00108020"
"003fe0d0","FUN_003fe0d0","0010ab20","FUN_0010ab20"
"003fe120","FUN_003fe120","0010ab40","FUN_0010ab40"
"003fe120","FUN_003fe120","0027e100","FUN_0027e100"
"003fe120","FUN_003fe120","003fccd0","FUN_003fccd0"
"003fe120","FUN_003fe120","003fcd10","FUN_003fcd10"
"003fe290","FUN_003fe290","001b0d60","FUN_001b0d60"
"003fe290","FUN_003fe290","001b0fa0","FUN_001b0fa0"
"003fe2f0","FUN_003fe2f0","003fe3c0","FUN_003fe3c0"
"003fe2f0","FUN_003fe2f0","004fba00","FUN_004fba00"
"003fe860","FUN_003fe860","0010a040","FUN_0010a040"
"003fe860","FUN_003fe860","002905a0","FUN_002905a0"
"003fe860","FUN_003fe860","002c1a60","FUN_002c1a60"
"003fe860","FUN_003fe860","003fccd0","FUN_003fccd0"
"003fe860","FUN_003fe860","003fcdb0","FUN_003fcdb0"
"003fea40","FUN_003fea40","003fccc0","FUN_003fccc0"
"003fea40","FUN_003fea40","00418e50","FUN_00418e50"
"003fea40","FUN_003fea40","004fba00","FUN_004fba00"
"003ff370","FUN_003ff370","0010ab40","FUN_0010ab40"
"003ff370","FUN_003ff370","003fccd0","FUN_003fccd0"
"003ff370","FUN_003ff370","003fcd10","FUN_003fcd10"
"003ff460","FUN_003ff460","003fccc0","FUN_003fccc0"
"003ff460","FUN_003ff460","003fd600","FUN_003fd600"
"003ff6d0","FUN_003ff6d0","0010a040","FUN_0010a040"
"003ff6d0","FUN_003ff6d0","0010ab20","FUN_0010ab20"
"003ff6d0","FUN_003ff6d0","002ebd70","FUN_002ebd70"
"003ff6d0","FUN_003ff6d0","003fccd0","FUN_003fccd0"
"003ff6d0","FUN_003ff6d0","003fcd10","FUN_003fcd10"
"00400530","FUN_00400530","0019cc40","FUN_0019cc40"
"00400530","FUN_00400530","002d8e40","FUN_002d8e40"
"00402980","FUN_00402980","0012c4e0","FUN_0012c4e0"
"00403810","FUN_00403810","00551d58","FUN_00551d58"
"00403990","FUN_00403990","002ebd70","FUN_002ebd70"
"00403990","FUN_00403990","003fccd0","FUN_003fccd0"
"00403990","FUN_00403990","003fcd10","FUN_003fcd10"
"00404760","FUN_00404760","0010ab20","FUN_0010ab20"
"00404760","FUN_00404760","002ebd70","FUN_002ebd70"
"00404760","FUN_00404760","003fccd0","FUN_003fccd0"
"00404760","FUN_00404760","003fcd10","FUN_003fcd10"
"004047f0","FUN_004047f0","002ebb00","FUN_002ebb00"
"004047f0","FUN_004047f0","002ebd70","FUN_002ebd70"
"004047f0","FUN_004047f0","004048b0","FUN_004048b0"
"004048b0","FUN_004048b0","004fb600","FUN_004fb600"
"004048b0","FUN_004048b0","004fb6b0","FUN_004fb6b0"
"004048b0","FUN_004048b0","004fba00","FUN_004fba00"
"004048b0","FUN_004048b0","004fba50","FUN_004fba50"
"00405e00","FUN_00405e00","0010ab20","FUN_0010ab20"
"00405e00","FUN_00405e00","004048b0","FUN_004048b0"
"00407fe0","FUN_00407fe0","002ebd70","FUN_002ebd70"
"00407fe0","FUN_00407fe0","003fccd0","FUN_003fccd0"
"00407fe0","FUN_00407fe0","003fcd10","FUN_003fcd10"
"00408dd0","FUN_00408dd0","003fcce0","FUN_003fcce0"
"00408e80","FUN_00408e80","0010ab40","FUN_0010ab40"
"00408e80","FUN_00408e80","002ebd70","FUN_002ebd70"
"00408e80","FUN_00408e80","003fccd0","FUN_003fccd0"
"00408e80","FUN_00408e80","003fcd10","FUN_003fcd10"
"00408f20","FUN_00408f20","0010ab40","FUN_0010ab40"
"004093d0","FUN_004093d0","001410b0","FUN_001410b0"
"00409720","FUN_00409720","002ebd70","FUN_002ebd70"
"00409720","FUN_00409720","003fccd0","FUN_003fccd0"
"00409720","FUN_00409720","003fcd10","FUN_003fcd10"
"00409b50","FUN_00409b50","0010ab40","FUN_0010ab40"
"00409b50","FUN_00409b50","002ebd70","FUN_002ebd70"
"00409b50","FUN_00409b50","003fccd0","FUN_003fccd0"
"00409b50","FUN_00409b50","003fcd10","FUN_003fcd10"
"00409bf0","FUN_00409bf0","0010ab40","FUN_0010ab40"
"00409ce0","FUN_00409ce0","0019cc40","FUN_0019cc40"
"0040a280","FUN_0040a280","0010ab40","FUN_0010ab40"
"0040a280","FUN_0040a280","002ebd70","FUN_002ebd70"
"0040a280","FUN_0040a280","003fccd0","FUN_003fccd0"
"0040a280","FUN_0040a280","003fcd10","FUN_003fcd10"
"0040a320","FUN_0040a320","0010ab40","FUN_0010ab40"
"0040a400","FUN_0040a400","001024d0","FUN_001024d0"
"0040a400","FUN_0040a400","00108020","FUN_00108020"
"0040a400","FUN_0040a400","0010a970","FUN_0010a970"
"0040a400","FUN_0040a400","0010ab40","FUN_0010ab40"
"0040a400","FUN_0040a400","00481930","FUN_00481930"
"0040a5e0","FUN_0040a5e0","0019cc40","FUN_0019cc40"
"0040a5e0","FUN_0040a5e0","002ec1d0","FUN_002ec1d0"
"0040a5e0","FUN_0040a5e0","002ec1e0","FUN_002ec1e0"
"0040a5e0","FUN_0040a5e0","002ec250","FUN_002ec250"
"0040a5e0","FUN_0040a5e0","0053bb28","FUN_0053bb28"
"0040a8c0","FUN_0040a8c0","002ebd70","FUN_002ebd70"
"0040a8c0","FUN_0040a8c0","003fccd0","FUN_003fccd0"
"0040a8c0","FUN_0040a8c0","003fcdb0","FUN_003fcdb0"
"0040c3f0","FUN_0040c3f0","0040a780","FUN_0040a780"
"0040c490","FUN_0040c490","003fccd0","FUN_003fccd0"
"0040c490","FUN_0040c490","0040a8c0","FUN_0040a8c0"
"0040c4f0","FUN_0040c4f0","0040aea0","FUN_0040aea0"
"0040c4f0","FUN_0040c4f0","0040b360","FUN_0040b360"
"0040c590","FUN_0040c590","002ec250","FUN_002ec250"
"0040ca70","FUN_0040ca70","003fcd80","FUN_003fcd80"
"0040cb20","FUN_0040cb20","002ebd70","FUN_002ebd70"
"0040cb20","FUN_0040cb20","003fccd0","FUN_003fccd0"
"0040cb20","FUN_0040cb20","003fcdb0","FUN_003fcdb0"
"0040ce90","FUN_0040ce90","00400350","FUN_00400350"
"0040ce90","FUN_0040ce90","004602b0","FUN_004602b0"
"0040ce90","FUN_0040ce90","00481930","FUN_00481930"
"0040cf40","FUN_0040cf40","001410b0","FUN_001410b0"
"0040cf40","FUN_0040cf40","00484600","FUN_00484600"
"0040d080","FUN_0040d080","003be680","FUN_003be680"
"0040d080","FUN_0040d080","003fccc0","FUN_003fccc0"
"0040d080","FUN_0040d080","00403900","FUN_00403900"
"0040d080","FUN_0040d080","00418e50","FUN_00418e50"
"0040d080","FUN_0040d080","0041f410","FUN_0041f410"
"0040d080","FUN_0040d080","0041f710","FUN_0041f710"
"0040d080","FUN_0040d080","0045b320","FUN_0045b320"
"0040d080","FUN_0040d080","00471d70","FUN_00471d70"
"0040d780","FUN_0040d780","002ebd70","FUN_002ebd70"
"0040d780","FUN_0040d780","003fccd0","FUN_003fccd0"
"0040d780","FUN_0040d780","003fcdb0","FUN_003fcdb0"
"004104e0","FUN_004104e0","0010a040","FUN_0010a040"
"004104e0","FUN_004104e0","0010ab20","FUN_0010ab20"
"004104e0","FUN_004104e0","002ebd70","FUN_002ebd70"
"004104e0","FUN_004104e0","003fccd0","FUN_003fccd0"
"004104e0","FUN_004104e0","003fcd10","FUN_003fcd10"
"00412da0","FUN_00412da0","0027e180","FUN_0027e180"
"00412da0","FUN_00412da0","00550a48","FUN_00550a48"
"00412fc0","FUN_00412fc0","002ebd70","FUN_002ebd70"
"00412fc0","FUN_00412fc0","003fccd0","FUN_003fccd0"
"00412fc0","FUN_00412fc0","003fcdb0","FUN_003fcdb0"
"00413250","FUN_00413250","004133a0","FUN_004133a0"
"004133a0","FUN_004133a0","003fccc0","FUN_003fccc0"
"004133a0","FUN_004133a0","00413660","FUN_00413660"
"004133a0","FUN_004133a0","00414240","FUN_00414240"
"004133a0","FUN_004133a0","0042c9b0","FUN_0042c9b0"
"00413660","FUN_00413660","003fcd80","FUN_003fcd80"
"00413700","FUN_00413700","002ebd70","FUN_002ebd70"
"00413700","FUN_00413700","003fccd0","FUN_003fccd0"
"00413700","FUN_00413700","003fcdb0","FUN_003fcdb0"
"004139b0","FUN_004139b0","001410b0","FUN_001410b0"
"00413f90","FUN_00413f90","0053bb28","FUN_0053bb28"
"00414050","FUN_00414050","003be680","FUN_003be680"
"00414050","FUN_00414050","003fccc0","FUN_003fccc0"
"00414050","FUN_00414050","00403900","FUN_00403900"
"00414050","FUN_00414050","00418e50","FUN_00418e50"
"00414050","FUN_00414050","00450b60","FUN_00450b60"
"00414360","FUN_00414360","002ebd70","FUN_002ebd70"
"00414360","FUN_00414360","003fccd0","FUN_003fccd0"
"00414360","FUN_00414360","003fcdb0","FUN_003fcdb0"
"004148f0","FUN_004148f0","001410b0","FUN_001410b0"
"004148f0","FUN_004148f0","0019a1a0","FUN_0019a1a0"
"004148f0","FUN_004148f0","003be680","FUN_003be680"
"004148f0","FUN_004148f0","003fccc0","FUN_003fccc0"
"004148f0","FUN_004148f0","003fcce0","FUN_003fcce0"
"004148f0","FUN_004148f0","00450b60","FUN_00450b60"
"00414c90","FUN_00414c90","003fcd80","FUN_003fcd80"
"00414cf0","FUN_00414cf0","002ebd70","FUN_002ebd70"
"00414cf0","FUN_00414cf0","003fccd0","FUN_003fccd0"
"00414cf0","FUN_00414cf0","003fcdb0","FUN_003fcdb0"
"004156c0","FUN_004156c0","002ebd70","FUN_002ebd70"
"004156c0","FUN_004156c0","003fccd0","FUN_003fccd0"
"004156c0","FUN_004156c0","003fcdb0","FUN_003fcdb0"
"00415850","FUN_00415850","002ebb00","FUN_002ebb00"
"00415850","FUN_00415850","00415920","FUN_00415920"
"00415850","FUN_00415850","00415a70","FUN_00415a70"
"00415850","FUN_00415850","00496610","FUN_00496610"
"00415920","FUN_00415920","003fccc0","FUN_003fccc0"
"00415920","FUN_00415920","003fcce0","FUN_003fcce0"
"00415920","FUN_00415920","0040a780","FUN_0040a780"
"00415920","FUN_00415920","00550a48","FUN_00550a48"
"00415d50","FUN_00415d50","0010ab20","FUN_0010ab20"
"00415d50","FUN_00415d50","002ebd70","FUN_002ebd70"
"00415d50","FUN_00415d50","003fccd0","FUN_003fccd0"
"00415d50","FUN_00415d50","003fcd10","FUN_003fcd10"
"00415de0","FUN_00415de0","0010ab20","FUN_0010ab20"
"00415ee0","FUN_00415ee0","0019f7e0","FUN_0019f7e0"
"00415ee0","FUN_00415ee0","004160c0","FUN_004160c0"
"00415ee0","FUN_00415ee0","0053bb28","FUN_0053bb28"
"004160c0","FUN_004160c0","00108020","FUN_00108020"
"004160c0","FUN_004160c0","0010ab40","FUN_0010ab40"
"004160c0","FUN_004160c0","003e1c40","FUN_003e1c40"
"004160c0","FUN_004160c0","003e1c60","FUN_003e1c60"
"004160c0","FUN_004160c0","003e1cb0","FUN_003e1cb0"
"004160c0","FUN_004160c0","003e27c0","FUN_003e27c0"
"004160c0","FUN_004160c0","003e2940","FUN_003e2940"
"004160c0","FUN_004160c0","003e2f90","FUN_003e2f90"
"004160c0","FUN_004160c0","003edae0","FUN_003edae0"
"00416360","FUN_00416360","003fcd80","FUN_003fcd80"
"004163c0","FUN_004163c0","002ebd70","FUN_002ebd70"
"004163c0","FUN_004163c0","003fccd0","FUN_003fccd0"
"004163c0","FUN_004163c0","003fcdb0","FUN_003fcdb0"
"00416440","FUN_00416440","003fccc0","FUN_003fccc0"
"00416440","FUN_00416440","00418e50","FUN_00418e50"
"00416480","FUN_00416480","003fccc0","FUN_003fccc0"
"00416480","FUN_00416480","00418e50","FUN_00418e50"
"00416780","FUN_00416780","003fcd80","FUN_003fcd80"
"004167d0","FUN_004167d0","003fcd80","FUN_003fcd80"
"00416840","FUN_00416840","002ebd70","FUN_002ebd70"
"00416840","FUN_00416840","003fccd0","FUN_003fccd0"
"00416840","FUN_00416840","003fcdb0","FUN_003fcdb0"
"00416950","FUN_00416950","002ebb00","FUN_002ebb00"
"00416950","FUN_00416950","002ebd70","FUN_002ebd70"
"00416950","FUN_00416950","00416b30","FUN_00416b30"
"00416950","FUN_00416950","00416c40","FUN_00416c40"
"00416d90","FUN_00416d90","0019de60","FUN_0019de60"
"00416d90","FUN_00416d90","002ebb00","FUN_002ebb00"
"00416d90","FUN_00416d90","002ebd70","FUN_002ebd70"
"00416d90","FUN_00416d90","003fccc0","FUN_003fccc0"
"00416d90","FUN_00416d90","00416b30","FUN_00416b30"
"00416d90","FUN_00416d90","00417970","FUN_00417970"
"00416d90","FUN_00416d90","00418e50","FUN_00418e50"
"00416d90","FUN_00416d90","0041f410","FUN_0041f410"
"00416d90","FUN_00416d90","0041f710","FUN_0041f710"
"00416d90","FUN_00416d90","0045b320","FUN_0045b320"
"00417090","FUN_00417090","003fccc0","FUN_003fccc0"
"00417090","FUN_00417090","00416780","FUN_00416780"
"00417090","FUN_00417090","004167d0","FUN_004167d0"
"00417110","FUN_00417110","003fccd0","FUN_003fccd0"
"00417110","FUN_00417110","003fcd10","FUN_003fcd10"
"00417170","FUN_00417170","003fccc0","FUN_003fccc0"
"00417170","FUN_00417170","003fcce0","FUN_003fcce0"
"004171f0","FUN_004171f0","003fccc0","FUN_003fccc0"
"004171f0","FUN_004171f0","00416360","FUN_00416360"
"00417240","FUN_00417240","003fccc0","FUN_003fccc0"
"00417240","FUN_00417240","00415cc0","FUN_00415cc0"
"004172a0","FUN_004172a0","003fccc0","FUN_003fccc0"
"004172a0","FUN_004172a0","00415650","FUN_00415650"
"004172f0","FUN_004172f0","003fccc0","FUN_003fccc0"
"004172f0","FUN_004172f0","00414c90","FUN_00414c90"
"00417340","FUN_00417340","003fccc0","FUN_003fccc0"
"00417340","FUN_00417340","00414240","FUN_00414240"
"004173a0","FUN_004173a0","003fccc0","FUN_003fccc0"
"004173a0","FUN_004173a0","00413660","FUN_00413660"
"004173f0","FUN_004173f0","003fccc0","FUN_003fccc0"
"004173f0","FUN_004173f0","00412ef0","FUN_00412ef0"
"00417450","FUN_00417450","003fccc0","FUN_003fccc0"
"00417450","FUN_00417450","004103c0","FUN_004103c0"
"004174c0","FUN_004174c0","003fccc0","FUN_003fccc0"
"004174c0","FUN_004174c0","0040d690","FUN_0040d690"
"00417530","FUN_00417530","003fccc0","FUN_003fccc0"
"00417530","FUN_00417530","0040ca70","FUN_0040ca70"
"00417580","FUN_00417580","003fccc0","FUN_003fccc0"
"00417580","FUN_00417580","0040c3f0","FUN_0040c3f0"
"004175d0","FUN_004175d0","003fccc0","FUN_003fccc0"
"004175d0","FUN_004175d0","0040a780","FUN_0040a780"
"00417680","FUN_00417680","003fccc0","FUN_003fccc0"
"00417680","FUN_00417680","0040a1e0","FUN_0040a1e0"
"004176f0","FUN_004176f0","003fccc0","FUN_003fccc0"
"004176f0","FUN_004176f0","00409a90","FUN_00409a90"
"00417740","FUN_00417740","003fccc0","FUN_003fccc0"
"00417740","FUN_00417740","00409680","FUN_00409680"
"00417790","FUN_00417790","003fccc0","FUN_003fccc0"
"00417790","FUN_00417790","00408dd0","FUN_00408dd0"
"004177e0","FUN_004177e0","003fccc0","FUN_003fccc0"
"004177e0","FUN_004177e0","00407ec0","FUN_00407ec0"
"00417850","FUN_00417850","003fccc0","FUN_003fccc0"
"00417850","FUN_00417850","00404650","FUN_00404650"
"004178b0","FUN_004178b0","003fccc0","FUN_003fccc0"
"004178b0","FUN_004178b0","00403900","FUN_00403900"
"00417910","FUN_00417910","003fccc0","FUN_003fccc0"
"00417910","FUN_00417910","003ff600","FUN_003ff600"
"00417af0","FUN_00417af0","002ebd70","FUN_002ebd70"
"00417af0","FUN_00417af0","003fccd0","FUN_003fccd0"
"00417af0","FUN_00417af0","003fcdb0","FUN_003fcdb0"
"00417f40","FUN_00417f40","004189e0","FUN_004189e0"
"00417f40","FUN_00417f40","00418d40","FUN_00418d40"
"00418da0","FUN_00418da0","003fccc0","FUN_003fccc0"
"00418da0","FUN_00418da0","00417970","FUN_00417970"
"00418ee0","FUN_00418ee0","003fccd0","FUN_003fccd0"
"00418ee0","FUN_00418ee0","003fcd10","FUN_003fcd10"
"00418f40","FUN_00418f40","001024d0","FUN_001024d0"
"00418f40","FUN_00418f40","00108020","FUN_00108020"
"00418f40","FUN_00418f40","001929d0","FUN_001929d0"
"00418f40","FUN_00418f40","00475e00","FUN_00475e00"
"00418f40","FUN_00418f40","00481bc0","FUN_00481bc0"
"00419120","FUN_00419120","00244fa0","FUN_00244fa0"
"00419120","FUN_00419120","00245190","FUN_00245190"
"00419120","FUN_00419120","00418f40","FUN_00418f40"
"004191a0","FUN_004191a0","003fcce0","FUN_003fcce0"
"004191f0","FUN_004191f0","003fccd0","FUN_003fccd0"
"004191f0","FUN_004191f0","003fcd10","FUN_003fcd10"
"00419280","FUN_00419280","003fcce0","FUN_003fcce0"
"004192d0","FUN_004192d0","003fccd0","FUN_003fccd0"
"004192d0","FUN_004192d0","003fcd10","FUN_003fcd10"
"00419360","FUN_00419360","003fcce0","FUN_003fcce0"
"004193b0","FUN_004193b0","003fccd0","FUN_003fccd0"
"004193b0","FUN_004193b0","003fcd10","FUN_003fcd10"
"00419410","FUN_00419410","003fccc0","FUN_003fccc0"
"00419410","FUN_00419410","00405e00","FUN_00405e00"
"00419410","FUN_00419410","0045ff80","FUN_0045ff80"
"00419410","FUN_00419410","004601e0","FUN_004601e0"
"00419410","FUN_00419410","00475370","FUN_00475370"
"00419410","FUN_00419410","00475860","FUN_00475860"
"00419410","FUN_00419410","00476170","FUN_00476170"
"00419410","FUN_00419410","004819a0","FUN_004819a0"
"00419410","FUN_00419410","00481bc0","FUN_00481bc0"
"004196e0","FUN_004196e0","003fccc0","FUN_003fccc0"
"004196e0","FUN_004196e0","00418e50","FUN_00418e50"
"004196e0","FUN_004196e0","0042f1b0","FUN_0042f1b0"
"004199d0","FUN_004199d0","0010ab40","FUN_0010ab40"
"004199d0","FUN_004199d0","003fccd0","FUN_003fccd0"
"004199d0","FUN_004199d0","003fcd10","FUN_003fcd10"
"00419a50","FUN_00419a50","0019f7e0","FUN_0019f7e0"
"00419b20","FUN_00419b20","0019cc40","FUN_0019cc40"
"00419b20","FUN_00419b20","0019f7e0","FUN_0019f7e0"
"00419b20","FUN_00419b20","003e52e0","FUN_003e52e0"
"00419b20","FUN_00419b20","003e53a0","FUN_003e53a0"
"00419b20","FUN_00419b20","003edae0","FUN_003edae0"
"00419b20","FUN_00419b20","00419cb0","FUN_00419cb0"
"00419cb0","FUN_00419cb0","00107dc0","FUN_00107dc0"
"00419cb0","FUN_00419cb0","00108020","FUN_00108020"
"00419cb0","FUN_00419cb0","0010ab40","FUN_0010ab40"
"00419d90","FUN_00419d90","00419780","FUN_00419780"
"00419dd0","FUN_00419dd0","003fccd0","FUN_003fccd0"
"00419dd0","FUN_00419dd0","004199d0","FUN_004199d0"
"00419e40","FUN_00419e40","003fcd80","FUN_003fcd80"
"00419ea0","FUN_00419ea0","003fccd0","FUN_003fccd0"
"00419ea0","FUN_00419ea0","003fcdb0","FUN_003fcdb0"
"00419f00","FUN_00419f00","001e0a10","FUN_001e0a10"
"0041a370","FUN_0041a370","0016ba60","FUN_0016ba60"
"0041a370","FUN_0041a370","003fccc0","FUN_003fccc0"
"0041a370","FUN_0041a370","00419d90","FUN_00419d90"
"0041a370","FUN_0041a370","0042c9b0","FUN_0042c9b0"
"0041a370","FUN_0041a370","0042f1b0","FUN_0042f1b0"
"0041a4b0","FUN_0041a4b0","00419780","FUN_00419780"
"0041a500","FUN_0041a500","003fccd0","FUN_003fccd0"
"0041a500","FUN_0041a500","004199d0","FUN_004199d0"
"0041a560","FUN_0041a560","0019f7e0","FUN_0019f7e0"
"0041a560","FUN_0041a560","00419b20","FUN_00419b20"
"0041a5f0","FUN_0041a5f0","003fcce0","FUN_003fcce0"
"0041a630","FUN_0041a630","003fccd0","FUN_003fccd0"
"0041a630","FUN_0041a630","003fcd10","FUN_003fcd10"
"0041a690","FUN_0041a690","0019f7e0","FUN_0019f7e0"
"0041a870","FUN_0041a870","003fccd0","FUN_003fccd0"
"0041a870","FUN_0041a870","003fcdb0","FUN_003fcdb0"
"0041a910","FUN_0041a910","002ec250","FUN_002ec250"
"0041ab50","FUN_0041ab50","0019f7e0","FUN_0019f7e0"
"0041ab50","FUN_0041ab50","003fccc0","FUN_003fccc0"
"0041ab50","FUN_0041ab50","0041a910","FUN_0041a910"
"0041ab50","FUN_0041ab50","0042c9b0","FUN_0042c9b0"
"0041ae90","FUN_0041ae90","003fccd0","FUN_003fccd0"
"0041ae90","FUN_0041ae90","003fcd10","FUN_003fcd10"
"0041b7b0","FUN_0041b7b0","003fcce0","FUN_003fcce0"
"0041b810","FUN_0041b810","003fccd0","FUN_003fccd0"
"0041b810","FUN_0041b810","003fcd10","FUN_003fcd10"
"0041b870","FUN_0041b870","0041b920","FUN_0041b920"
"0041b920","FUN_0041b920","00108020","FUN_00108020"
"0041b920","FUN_0041b920","001929d0","FUN_001929d0"
"0041b920","FUN_0041b920","00264190","FUN_00264190"
"0041b920","FUN_0041b920","004c19e0","FUN_004c19e0"
"0041b9e0","FUN_0041b9e0","001024d0","FUN_001024d0"
"0041ba30","FUN_0041ba30","003fcce0","FUN_003fcce0"
"0041ba80","FUN_0041ba80","0010ab40","FUN_0010ab40"
"0041ba80","FUN_0041ba80","003fccd0","FUN_003fccd0"
"0041ba80","FUN_0041ba80","003fcd10","FUN_003fcd10"
"0041bb00","FUN_0041bb00","0010ab40","FUN_0010ab40"
"0041bbc0","FUN_0041bbc0","0041bc00","FUN_0041bc00"
"0041bc00","FUN_0041bc00","00108020","FUN_00108020"
"0041bc00","FUN_0041bc00","0010ab40","FUN_0010ab40"
"0041bd00","FUN_0041bd00","003fccd0","FUN_003fccd0"
"0041bd00","FUN_0041bd00","003fcd10","FUN_003fcd10"
"0041bd80","FUN_0041bd80","0010ab40","FUN_0010ab40"
"0041bd80","FUN_0041bd80","0041bd60","FUN_0041bd60"
"0041bd80","FUN_0041bd80","004fb600","FUN_004fb600"
"0041bd80","FUN_0041bd80","004fb6b0","FUN_004fb6b0"
"0041c340","FUN_0041c340","00108020","FUN_00108020"
"0041c340","FUN_0041c340","00550a48","FUN_00550a48"
"0041c400","FUN_0041c400","003fcce0","FUN_003fcce0"
"0041c450","FUN_0041c450","0010ab40","FUN_0010ab40"
"0041c450","FUN_0041c450","003fccd0","FUN_003fccd0"
"0041c450","FUN_0041c450","003fcd10","FUN_003fcd10"
"0041c4d0","FUN_0041c4d0","0010ab40","FUN_0010ab40"
"0041c590","FUN_0041c590","0041c5e0","FUN_0041c5e0"
"0041c5e0","FUN_0041c5e0","00108020","FUN_00108020"
"0041c5e0","FUN_0041c5e0","0010ab40","FUN_0010ab40"
"0041c6d0","FUN_0041c6d0","001079d0","FUN_001079d0"
"0041c6d0","FUN_0041c6d0","003fccd0","FUN_003fccd0"
"0041c6d0","FUN_0041c6d0","003fcdb0","FUN_003fcdb0"
"0041c7c0","FUN_0041c7c0","003fccc0","FUN_003fccc0"
"0041c7c0","FUN_0041c7c0","00418e50","FUN_00418e50"
"0041c7c0","FUN_0041c7c0","0041c920","FUN_0041c920"
"0041c920","FUN_0041c920","003fccc0","FUN_003fccc0"
"0041c920","FUN_0041c920","0041ba30","FUN_0041ba30"
"0041c920","FUN_0041c920","0041bc90","FUN_0041bc90"
"0041c920","FUN_0041c920","0041c400","FUN_0041c400"
"0041c9f0","FUN_0041c9f0","003fccc0","FUN_003fccc0"
"0041c9f0","FUN_0041c9f0","00418e50","FUN_00418e50"
"0041ca30","FUN_0041ca30","001079d0","FUN_001079d0"
"0041cae0","FUN_0041cae0","003fcd80","FUN_003fcd80"
"0041cb30","FUN_0041cb30","003fccd0","FUN_003fccd0"
"0041cb30","FUN_0041cb30","003fcdb0","FUN_003fcdb0"
"0041cba0","FUN_0041cba0","003fccc0","FUN_003fccc0"
"0041cba0","FUN_0041cba0","003fd360","FUN_003fd360"
"0041cba0","FUN_0041cba0","00550a48","FUN_00550a48"
"0041cda0","FUN_0041cda0","003fccd0","FUN_003fccd0"
"0041cda0","FUN_0041cda0","003fcdb0","FUN_003fcdb0"
"0041ce00","FUN_0041ce00","003fccc0","FUN_003fccc0"
"0041ce00","FUN_0041ce00","0041cae0","FUN_0041cae0"
"0041ce00","FUN_0041ce00","004506b0","FUN_004506b0"
"0041cea0","FUN_0041cea0","0041ce00","FUN_0041ce00"
"0041cfa0","FUN_0041cfa0","003fccd0","FUN_003fccd0"
"0041cfa0","FUN_0041cfa0","003fcdb0","FUN_003fcdb0"
"0041d000","FUN_0041d000","003fccc0","FUN_003fccc0"
"0041d000","FUN_0041d000","003fd360","FUN_003fd360"
"0041d000","FUN_0041d000","004506b0","FUN_004506b0"
"0041d170","FUN_0041d170","003fcd80","FUN_003fcd80"
"0041d1c0","FUN_0041d1c0","003fccd0","FUN_003fccd0"
"0041d1c0","FUN_0041d1c0","003fcdb0","FUN_003fcdb0"
"0041d230","FUN_0041d230","003fccc0","FUN_003fccc0"
"0041d230","FUN_0041d230","003fd440","FUN_003fd440"
"0041d4a0","FUN_0041d4a0","0010a040","FUN_0010a040"
"0041d4a0","FUN_0041d4a0","002ebd70","FUN_002ebd70"
"0041d4a0","FUN_0041d4a0","003fccd0","FUN_003fccd0"
"0041d4a0","FUN_0041d4a0","003fcdb0","FUN_003fcdb0"
"0041e630","FUN_0041e630","003a0c10","FUN_003a0c10"
"0041e780","FUN_0041e780","002641d0","FUN_002641d0"
"0041e780","FUN_0041e780","0027d180","FUN_0027d180"
"0041e780","FUN_0041e780","003a0c10","FUN_003a0c10"
"0041e780","FUN_0041e780","003a2090","FUN_003a2090"
"0041e780","FUN_0041e780","003a26e0","FUN_003a26e0"
"0041e8c0","FUN_0041e8c0","003fccd0","FUN_003fccd0"
"0041e8c0","FUN_0041e8c0","003fcdb0","FUN_003fcdb0"
"0041e930","FUN_0041e930","003fccc0","FUN_003fccc0"
"0041e930","FUN_0041e930","00418e50","FUN_00418e50"
"0041e980","FUN_0041e980","003fcd80","FUN_003fcd80"
"0041e9d0","FUN_0041e9d0","003fccd0","FUN_003fccd0"
"0041e9d0","FUN_0041e9d0","003fcdb0","FUN_003fcdb0"
"0041ea30","FUN_0041ea30","003a2090","FUN_003a2090"
"0041ea30","FUN_0041ea30","003a2bb0","FUN_003a2bb0"
"0041ea30","FUN_0041ea30","00550a48","FUN_00550a48"
"0041ef90","FUN_0041ef90","003fcd80","FUN_003fcd80"
"0041efd0","FUN_0041efd0","003fccd0","FUN_003fccd0"
"0041efd0","FUN_0041efd0","003fcdb0","FUN_003fcdb0"
"0041f070","FUN_0041f070","003fccc0","FUN_003fccc0"
"0041f070","FUN_0041f070","00418e50","FUN_00418e50"
"0041f0c0","FUN_0041f0c0","003fcd80","FUN_003fcd80"
"0041f100","FUN_0041f100","003fccd0","FUN_003fccd0"
"0041f100","FUN_0041f100","003fcdb0","FUN_003fcdb0"
"0041f160","FUN_0041f160","003fccc0","FUN_003fccc0"
"0041f160","FUN_0041f160","0041f2d0","FUN_0041f2d0"
"0041f2d0","FUN_0041f2d0","003fcce0","FUN_003fcce0"
"0041f310","FUN_0041f310","003fccd0","FUN_003fccd0"
"0041f310","FUN_0041f310","003fcd10","FUN_003fcd10"
"0041f410","FUN_0041f410","003fcd80","FUN_003fcd80"
"0041f480","FUN_0041f480","003fccd0","FUN_003fccd0"
"0041f480","FUN_0041f480","003fcdb0","FUN_003fcdb0"
"0041f480","FUN_0041f480","0041f4f0","FUN_0041f4f0"
"0041f800","FUN_0041f800","0041f4f0","FUN_0041f4f0"
"0041f950","FUN_0041f950","003fccd0","FUN_003fccd0"
"0041f950","FUN_0041f950","003fcdb0","FUN_003fcdb0"
"0041fb60","FUN_0041fb60","002ebb00","FUN_002ebb00"
"0041fc10","FUN_0041fc10","0041fc50","FUN_0041fc50"
"0041fc10","FUN_0041fc10","0041fd80","FUN_0041fd80"
"0041fef0","FUN_0041fef0","003fcd80","FUN_003fcd80"
"0041ff50","FUN_0041ff50","003fccd0","FUN_003fccd0"
"0041ff50","FUN_0041ff50","003fcdb0","FUN_003fcdb0"
"00420170","FUN_00420170","002ebd70","FUN_002ebd70"
"00420620","FUN_00420620","003a2090","FUN_003a2090"
"00420620","FUN_00420620","003a2bb0","FUN_003a2bb0"
"00420620","FUN_00420620","003fccc0","FUN_003fccc0"
"00420620","FUN_00420620","00420170","FUN_00420170"
"00420620","FUN_00420620","004207b0","FUN_004207b0"
"00420620","FUN_00420620","004208f0","FUN_004208f0"
"00420620","FUN_00420620","00420a30","FUN_00420a30"
"00420620","FUN_00420620","0045ffe0","FUN_0045ffe0"
"00420810","FUN_00420810","003fccd0","FUN_003fccd0"
"00420810","FUN_00420810","003fcdb0","FUN_003fcdb0"
"00420880","FUN_00420880","003fccc0","FUN_003fccc0"
"00420880","FUN_00420880","00423b10","FUN_00423b10"
"00420950","FUN_00420950","003fccd0","FUN_003fccd0"
"00420950","FUN_00420950","003fcdb0","FUN_003fcdb0"
"004209c0","FUN_004209c0","003fccc0","FUN_003fccc0"
"004209c0","FUN_004209c0","00423b10","FUN_00423b10"
"00420a30","FUN_00420a30","003fcd80","FUN_003fcd80"
"00420a80","FUN_00420a80","003fccd0","FUN_003fccd0"
"00420a80","FUN_00420a80","003fcdb0","FUN_003fcdb0"
"00420af0","FUN_00420af0","003fccc0","FUN_003fccc0"
"00420af0","FUN_00420af0","00423b10","FUN_00423b10"
"00420b90","FUN_00420b90","003fcd80","FUN_003fcd80"
"00420bd0","FUN_00420bd0","003fccd0","FUN_003fccd0"
"00420bd0","FUN_00420bd0","003fcdb0","FUN_003fcdb0"
"00420c30","FUN_00420c30","00420ee0","FUN_00420ee0"
"00420e30","FUN_00420e30","003e1c40","FUN_003e1c40"
"00420e30","FUN_00420e30","003e1c60","FUN_003e1c60"
"00420e30","FUN_00420e30","003e1cb0","FUN_003e1cb0"
"00420ee0","FUN_00420ee0","00264190","FUN_00264190"
"00420ee0","FUN_00420ee0","003fccc0","FUN_003fccc0"
"00420ee0","FUN_00420ee0","0041a760","FUN_0041a760"
"00420ee0","FUN_00420ee0","004efb80","FUN_004efb80"
"00420fd0","FUN_00420fd0","003fcce0","FUN_003fcce0"
"00421020","FUN_00421020","003fccd0","FUN_003fccd0"
"00421020","FUN_00421020","003fcd10","FUN_003fcd10"
"004212e0","FUN_004212e0","003fcce0","FUN_003fcce0"
"00421790","FUN_00421790","002ebd70","FUN_002ebd70"
"00421790","FUN_00421790","003fccd0","FUN_003fccd0"
"00421790","FUN_00421790","003fcd10","FUN_003fcd10"
"00421790","FUN_00421790","004fb080","FUN_004fb080"
"00421830","FUN_00421830","003fccc0","FUN_003fccc0"
"00421830","FUN_00421830","00421660","FUN_00421660"
"004218d0","FUN_004218d0","00421970","FUN_00421970"
"00421d20","FUN_00421d20","003fccd0","FUN_003fccd0"
"00421d20","FUN_00421d20","00421790","FUN_00421790"
"00421d80","FUN_00421d80","003fccc0","FUN_003fccc0"
"00421d80","FUN_00421d80","00421bd0","FUN_00421bd0"
"00422160","FUN_00422160","003fccd0","FUN_003fccd0"
"00422160","FUN_00422160","00421790","FUN_00421790"
"004221c0","FUN_004221c0","003fccc0","FUN_003fccc0"
"004221c0","FUN_004221c0","00422010","FUN_00422010"
"00422510","FUN_00422510","002ebd70","FUN_002ebd70"
"00422510","FUN_00422510","003fccd0","FUN_003fccd0"
"00422510","FUN_00422510","003fcd10","FUN_003fcd10"
"00422630","FUN_00422630","004fb390","FUN_004fb390"
"004226b0","FUN_004226b0","003fcce0","FUN_003fcce0"
"004226f0","FUN_004226f0","003fccd0","FUN_003fccd0"
"004226f0","FUN_004226f0","003fcd10","FUN_003fcd10"
"00422760","FUN_00422760","004fb600","FUN_004fb600"
"00422760","FUN_00422760","004fb6b0","FUN_004fb6b0"
"004227b0","FUN_004227b0","003fcd80","FUN_003fcd80"
"004227f0","FUN_004227f0","003fccd0","FUN_003fccd0"
"004227f0","FUN_004227f0","003fcdb0","FUN_003fcdb0"
"00422c30","FUN_00422c30","003fcd80","FUN_003fcd80"
"00422c90","FUN_00422c90","003fccd0","FUN_003fccd0"
"00422c90","FUN_00422c90","003fcdb0","FUN_003fcdb0"
"00422cf0","FUN_00422cf0","00198910","FUN_00198910"
"00422cf0","FUN_00422cf0","001993b0","FUN_001993b0"
"004231b0","FUN_004231b0","001993b0","FUN_001993b0"
"004231b0","FUN_004231b0","0019cc40","FUN_0019cc40"
"004231b0","FUN_004231b0","001a3f40","FUN_001a3f40"
"004231b0","FUN_004231b0","0021a7a0","FUN_0021a7a0"
"004231b0","FUN_004231b0","00418e50","FUN_00418e50"
"004234d0","FUN_004234d0","003fcd80","FUN_003fcd80"
"00423510","FUN_00423510","003fccd0","FUN_003fccd0"
"00423510","FUN_00423510","003fcdb0","FUN_003fcdb0"
"00423610","FUN_00423610","003fccc0","FUN_003fccc0"
"00423610","FUN_00423610","003fd440","FUN_003fd440"
"00423750","FUN_00423750","003fcd80","FUN_003fcd80"
"00423790","FUN_00423790","003fccd0","FUN_003fccd0"
"00423790","FUN_00423790","003fcdb0","FUN_003fcdb0"
"004238e0","FUN_004238e0","0019cc40","FUN_0019cc40"
"004238e0","FUN_004238e0","001ae270","FUN_001ae270"
"004238e0","FUN_004238e0","003fccc0","FUN_003fccc0"
"004238e0","FUN_004238e0","003fd360","FUN_003fd360"
"004238e0","FUN_004238e0","0041a760","FUN_0041a760"
"004238e0","FUN_004238e0","00467bc0","FUN_00467bc0"
"004238e0","FUN_004238e0","00481880","FUN_00481880"
"004238e0","FUN_004238e0","0048ee30","FUN_0048ee30"
"004238e0","FUN_004238e0","00496430","FUN_00496430"
"00423ae0","FUN_00423ae0","004812d0","FUN_004812d0"
"00423b10","FUN_00423b10","003fcd80","FUN_003fcd80"
"00423b90","FUN_00423b90","003fccd0","FUN_003fccd0"
"00423b90","FUN_00423b90","003fcdb0","FUN_003fcdb0"
"00423b90","FUN_00423b90","0041f4f0","FUN_0041f4f0"
"00423d20","FUN_00423d20","0041f590","FUN_0041f590"
"00423d70","FUN_00423d70","0041f6b0","FUN_0041f6b0"
"00423e30","FUN_00423e30","00418e50","FUN_00418e50"
"00423ea0","FUN_00423ea0","002ebd70","FUN_002ebd70"
"00423ea0","FUN_00423ea0","003fccd0","FUN_003fccd0"
"00423ea0","FUN_00423ea0","00418ee0","FUN_00418ee0"
"00423f20","FUN_00423f20","00418f40","FUN_00418f40"
"004243d0","FUN_004243d0","003fcd80","FUN_003fcd80"
"00424430","FUN_00424430","003fccd0","FUN_003fccd0"
"00424430","FUN_00424430","003fcdb0","FUN_003fcdb0"
"00424430","FUN_00424430","00424260","FUN_00424260"
"00424570","FUN_00424570","003fccc0","FUN_003fccc0"
"00424570","FUN_00424570","003fcce0","FUN_003fcce0"
"00424570","FUN_00424570","00424210","FUN_00424210"
"00424570","FUN_00424570","00424260","FUN_00424260"
"00424640","FUN_00424640","003fccc0","FUN_003fccc0"
"00424640","FUN_00424640","003fcce0","FUN_003fcce0"
"00424640","FUN_00424640","00424210","FUN_00424210"
"00424780","FUN_00424780","003fccc0","FUN_003fccc0"
"00424780","FUN_00424780","004243d0","FUN_004243d0"
"004247d0","FUN_004247d0","003fccd0","FUN_003fccd0"
"004247d0","FUN_004247d0","00423ea0","FUN_00423ea0"
"00424830","FUN_00424830","003fccc0","FUN_003fccc0"
"00424830","FUN_00424830","00423e30","FUN_00423e30"
"00424890","FUN_00424890","003fccc0","FUN_003fccc0"
"00424890","FUN_00424890","00423e30","FUN_00423e30"
"004248f0","FUN_004248f0","003fccc0","FUN_003fccc0"
"004248f0","FUN_004248f0","00423b10","FUN_00423b10"
"00424950","FUN_00424950","003fccd0","FUN_003fccd0"
"00424950","FUN_00424950","003fcd10","FUN_003fcd10"
"004249b0","FUN_004249b0","003fccc0","FUN_003fccc0"
"004249b0","FUN_004249b0","003fcce0","FUN_003fcce0"
"00424a30","FUN_00424a30","003fccc0","FUN_003fccc0"
"00424a30","FUN_00424a30","00423750","FUN_00423750"
"00424a70","FUN_00424a70","003fccc0","FUN_003fccc0"
"00424a70","FUN_00424a70","004234d0","FUN_004234d0"
"00424ab0","FUN_00424ab0","003fccc0","FUN_003fccc0"
"00424ab0","FUN_00424ab0","00422c30","FUN_00422c30"
"00424b00","FUN_00424b00","003fccd0","FUN_003fccd0"
"00424b00","FUN_00424b00","0041e3a0","FUN_0041e3a0"
"00424b60","FUN_00424b60","003fccc0","FUN_003fccc0"
"00424b60","FUN_00424b60","0041e330","FUN_0041e330"
"00424bd0","FUN_00424bd0","003fccd0","FUN_003fccd0"
"00424bd0","FUN_00424bd0","0041e3a0","FUN_0041e3a0"
"00424c30","FUN_00424c30","003fccc0","FUN_003fccc0"
"00424c30","FUN_00424c30","0041e330","FUN_0041e330"
"00424ca0","FUN_00424ca0","003fccc0","FUN_003fccc0"
"00424ca0","FUN_00424ca0","004227b0","FUN_004227b0"
"00424ce0","FUN_00424ce0","003fccc0","FUN_003fccc0"
"00424ce0","FUN_00424ce0","004226b0","FUN_004226b0"
"00424d70","FUN_00424d70","003fccd0","FUN_003fccd0"
"00424d70","FUN_00424d70","003fcd10","FUN_003fcd10"
"00424e70","FUN_00424e70","003fccc0","FUN_003fccc0"
"00424e70","FUN_00424e70","00420fd0","FUN_00420fd0"
"00424ec0","FUN_00424ec0","003fccc0","FUN_003fccc0"
"00424ec0","FUN_00424ec0","00420b90","FUN_00420b90"
"00424f00","FUN_00424f00","003fccc0","FUN_003fccc0"
"00424f00","FUN_00424f00","00420a30","FUN_00420a30"
"00424f50","FUN_00424f50","003fccc0","FUN_003fccc0"
"00424f50","FUN_00424f50","004208f0","FUN_004208f0"
"00424fa0","FUN_00424fa0","003fccc0","FUN_003fccc0"
"00424fa0","FUN_00424fa0","004207b0","FUN_004207b0"
"00424ff0","FUN_00424ff0","003fccc0","FUN_003fccc0"
"00424ff0","FUN_00424ff0","0041fef0","FUN_0041fef0"
"00425040","FUN_00425040","003fccc0","FUN_003fccc0"
"00425040","FUN_00425040","0041f8e0","FUN_0041f8e0"
"004251d0","FUN_004251d0","003fccc0","FUN_003fccc0"
"004251d0","FUN_004251d0","0041f0c0","FUN_0041f0c0"
"00425210","FUN_00425210","003fccc0","FUN_003fccc0"
"00425210","FUN_00425210","0041ef90","FUN_0041ef90"
"00425250","FUN_00425250","003fccc0","FUN_003fccc0"
"00425250","FUN_00425250","0041e980","FUN_0041e980"
"004252a0","FUN_004252a0","003fccc0","FUN_003fccc0"
"004252a0","FUN_004252a0","0041e860","FUN_0041e860"
"004252f0","FUN_004252f0","003fccc0","FUN_003fccc0"
"004252f0","FUN_004252f0","0041e330","FUN_0041e330"
"00425340","FUN_00425340","003fccc0","FUN_003fccc0"
"00425340","FUN_00425340","0041d3d0","FUN_0041d3d0"
"00425390","FUN_00425390","003fccd0","FUN_003fccd0"
"00425390","FUN_00425390","003fd060","FUN_003fd060"
"00425400","FUN_00425400","003fccc0","FUN_003fccc0"
"00425400","FUN_00425400","003fd440","FUN_003fd440"
"00425480","FUN_00425480","003fccd0","FUN_003fccd0"
"00425480","FUN_00425480","003fd060","FUN_003fd060"
"004254f0","FUN_004254f0","003fccc0","FUN_003fccc0"
"004254f0","FUN_004254f0","003fd440","FUN_003fd440"
"00425570","FUN_00425570","003fccd0","FUN_003fccd0"
"00425570","FUN_00425570","003fd060","FUN_003fd060"
"004255e0","FUN_004255e0","003fccc0","FUN_003fccc0"
"004255e0","FUN_004255e0","003fd440","FUN_003fd440"
"00425660","FUN_00425660","003fccd0","FUN_003fccd0"
"00425660","FUN_00425660","003fd060","FUN_003fd060"
"004256d0","FUN_004256d0","003fccc0","FUN_003fccc0"
"004256d0","FUN_004256d0","003fd440","FUN_003fd440"
"00425750","FUN_00425750","003fccc0","FUN_003fccc0"
"00425750","FUN_00425750","0041d170","FUN_0041d170"
"004257a0","FUN_004257a0","003fccc0","FUN_003fccc0"
"004257a0","FUN_004257a0","0041cf40","FUN_0041cf40"
"00425850","FUN_00425850","003fccc0","FUN_003fccc0"
"00425850","FUN_00425850","0041cd40","FUN_0041cd40"
"00425900","FUN_00425900","003fccc0","FUN_003fccc0"
"00425900","FUN_00425900","0041cae0","FUN_0041cae0"
"00425940","FUN_00425940","003fccc0","FUN_003fccc0"
"00425940","FUN_00425940","0041c660","FUN_0041c660"
"004259a0","FUN_004259a0","003fccc0","FUN_003fccc0"
"004259a0","FUN_004259a0","0041c400","FUN_0041c400"
"004259f0","FUN_004259f0","003fccc0","FUN_003fccc0"
"004259f0","FUN_004259f0","0041bc90","FUN_0041bc90"
"00425a40","FUN_00425a40","003fccc0","FUN_003fccc0"
"00425a40","FUN_00425a40","0041ba30","FUN_0041ba30"
"00425a90","FUN_00425a90","003fccc0","FUN_003fccc0"
"00425a90","FUN_00425a90","0041b7b0","FUN_0041b7b0"
"00425ae0","FUN_00425ae0","003fccc0","FUN_003fccc0"
"00425ae0","FUN_00425ae0","0041adf0","FUN_0041adf0"
"00425b50","FUN_00425b50","003fccc0","FUN_003fccc0"
"00425b50","FUN_00425b50","0041a760","FUN_0041a760"
"00425be0","FUN_00425be0","003fccc0","FUN_003fccc0"
"00425be0","FUN_00425be0","0041a5f0","FUN_0041a5f0"
"00425c30","FUN_00425c30","003fccc0","FUN_003fccc0"
"00425c30","FUN_00425c30","0041a4b0","FUN_0041a4b0"
"00425c70","FUN_00425c70","003fccc0","FUN_003fccc0"
"00425c70","FUN_00425c70","00419e40","FUN_00419e40"
"00425d20","FUN_00425d20","003fccc0","FUN_003fccc0"
"00425d20","FUN_00425d20","00419d90","FUN_00419d90"
"00425d70","FUN_00425d70","003fccc0","FUN_003fccc0"
"00425d70","FUN_00425d70","00419780","FUN_00419780"
"00425d70","FUN_00425d70","00419910","FUN_00419910"
"00425e00","FUN_00425e00","003fccd0","FUN_003fccd0"
"00425e00","FUN_00425e00","003fcdb0","FUN_003fcdb0"
"00425e60","FUN_00425e60","003fccc0","FUN_003fccc0"
"00425e60","FUN_00425e60","003fcd80","FUN_003fcd80"
"00425ec0","FUN_00425ec0","003fccc0","FUN_003fccc0"
"00425ec0","FUN_00425ec0","00419360","FUN_00419360"
"00425f20","FUN_00425f20","003fccc0","FUN_003fccc0"
"00425f20","FUN_00425f20","00419280","FUN_00419280"
"00425f80","FUN_00425f80","003fccc0","FUN_003fccc0"
"00425f80","FUN_00425f80","004191a0","FUN_004191a0"
"00425fe0","FUN_00425fe0","003fccd0","FUN_003fccd0"
"00425fe0","FUN_00425fe0","00418ee0","FUN_00418ee0"
"00426040","FUN_00426040","003fccc0","FUN_003fccc0"
"00426040","FUN_00426040","00418e50","FUN_00418e50"
"004260e0","FUN_004260e0","003fccc0","FUN_003fccc0"
"004260e0","FUN_004260e0","00418e50","FUN_00418e50"
"00426140","FUN_00426140","001018e0","FUN_001018e0"
"004262d0","FUN_004262d0","00176d80","FUN_00176d80"
"004262d0","FUN_004262d0","002ebd70","FUN_002ebd70"
"004262d0","FUN_004262d0","003fccd0","FUN_003fccd0"
"004262d0","FUN_004262d0","003fcdb0","FUN_003fcdb0"
"004262d0","FUN_004262d0","00442f50","FUN_00442f50"
"00429f80","FUN_00429f80","0019cc40","FUN_0019cc40"
"00429f80","FUN_00429f80","00441770","FUN_00441770"
"00429f80","FUN_00429f80","00441870","FUN_00441870"
"0042a030","FUN_0042a030","00481bc0","FUN_00481bc0"
"0042a0b0","FUN_0042a0b0","00101700","FUN_00101700"
"0042a0b0","FUN_0042a0b0","00440f00","FUN_00440f00"
"0042a0b0","FUN_0042a0b0","00442f10","FUN_00442f10"
"0042a160","FUN_0042a160","004261a0","FUN_004261a0"
"0042a1b0","FUN_0042a1b0","003fccd0","FUN_003fccd0"
"0042a1b0","FUN_0042a1b0","004262d0","FUN_004262d0"
"0042a210","FUN_0042a210","004261a0","FUN_004261a0"
"0042a270","FUN_0042a270","003fccd0","FUN_003fccd0"
"0042a270","FUN_0042a270","004262d0","FUN_004262d0"
"0042a2d0","FUN_0042a2d0","004261a0","FUN_004261a0"
"0042a320","FUN_0042a320","003fccd0","FUN_003fccd0"
"0042a320","FUN_0042a320","004262d0","FUN_004262d0"
"0042a380","FUN_0042a380","004261a0","FUN_004261a0"
"0042a3e0","FUN_0042a3e0","003fccd0","FUN_003fccd0"
"0042a3e0","FUN_0042a3e0","004262d0","FUN_004262d0"
"0042a4c0","FUN_0042a4c0","002ebd70","FUN_002ebd70"
"0042a4c0","FUN_0042a4c0","003fccd0","FUN_003fccd0"
"0042a4c0","FUN_0042a4c0","004262d0","FUN_004262d0"
"0042a540","FUN_0042a540","0016ba10","FUN_0016ba10"
"0042a540","FUN_0042a540","0016ba60","FUN_0016ba60"
"0042a540","FUN_0042a540","002ebb00","FUN_002ebb00"
"0042a540","FUN_0042a540","002ebd70","FUN_002ebd70"
"0042a540","FUN_0042a540","00426f00","FUN_00426f00"
"0042a6f0","FUN_0042a6f0","00426f00","FUN_00426f00"
"0042a6f0","FUN_0042a6f0","00428d70","FUN_00428d70"
"0042a800","FUN_0042a800","002ebd70","FUN_002ebd70"
"0042a800","FUN_0042a800","003fccd0","FUN_003fccd0"
"0042a800","FUN_0042a800","003fcdb0","FUN_003fcdb0"
"0042a960","FUN_0042a960","003fccc0","FUN_003fccc0"
"0042a960","FUN_0042a960","0042a160","FUN_0042a160"
"0042a9d0","FUN_0042a9d0","003fccc0","FUN_003fccc0"
"0042a9d0","FUN_0042a9d0","00438d50","FUN_00438d50"
"0042aad0","FUN_0042aad0","003fc580","FUN_003fc580"
"0042abe0","FUN_0042abe0","002ebd70","FUN_002ebd70"
"0042abe0","FUN_0042abe0","003fccd0","FUN_003fccd0"
"0042abe0","FUN_0042abe0","003fcdb0","FUN_003fcdb0"
"0042ad40","FUN_0042ad40","003fccc0","FUN_003fccc0"
"0042ad40","FUN_0042ad40","0042a210","FUN_0042a210"
"0042adc0","FUN_0042adc0","003fccc0","FUN_003fccc0"
"0042adc0","FUN_0042adc0","004387e0","FUN_004387e0"
"0042adc0","FUN_0042adc0","00442090","FUN_00442090"
"0042aef0","FUN_0042aef0","003fc580","FUN_003fc580"
"0042b010","FUN_0042b010","002ebd70","FUN_002ebd70"
"0042b010","FUN_0042b010","003fccd0","FUN_003fccd0"
"0042b010","FUN_0042b010","003fcdb0","FUN_003fcdb0"
"0042b260","FUN_0042b260","0016ba10","FUN_0016ba10"
"0042b260","FUN_0042b260","0042b740","FUN_0042b740"
"0042b330","FUN_0042b330","0019cc40","FUN_0019cc40"
"0042b330","FUN_0042b330","002ec250","FUN_002ec250"
"0042b330","FUN_0042b330","0045ffe0","FUN_0045ffe0"
"0042b330","FUN_0042b330","0048ee30","FUN_0048ee30"
"0042b330","FUN_0042b330","00496430","FUN_00496430"
"0042b330","FUN_0042b330","00588880","FUN_00588880"
"0042ba40","FUN_0042ba40","003fcd80","FUN_003fcd80"
"0042baa0","FUN_0042baa0","002ebd70","FUN_002ebd70"
"0042baa0","FUN_0042baa0","003fccd0","FUN_003fccd0"
"0042baa0","FUN_0042baa0","003fcdb0","FUN_003fcdb0"
"0042bbf0","FUN_0042bbf0","0042bd20","FUN_0042bd20"
"0042bbf0","FUN_0042bbf0","0042bff0","FUN_0042bff0"
"0042c040","FUN_0042c040","0043a400","FUN_0043a400"
"0042c0e0","FUN_0042c0e0","003fcd80","FUN_003fcd80"
"0042c140","FUN_0042c140","002ebd70","FUN_002ebd70"
"0042c140","FUN_0042c140","003fccd0","FUN_003fccd0"
"0042c140","FUN_0042c140","003fcdb0","FUN_003fcdb0"
"0042c1c0","FUN_0042c1c0","0042c2e0","FUN_0042c2e0"
"0042c280","FUN_0042c280","0042c2e0","FUN_0042c2e0"
"0042c2e0","FUN_0042c2e0","003fccc0","FUN_003fccc0"
"0042c2e0","FUN_0042c2e0","00438d50","FUN_00438d50"
"0042c2e0","FUN_0042c2e0","0043d670","FUN_0043d670"
"0042c2e0","FUN_0042c2e0","0043dbd0","FUN_0043dbd0"
"0042c3b0","FUN_0042c3b0","003fcd80","FUN_003fcd80"
"0042c420","FUN_0042c420","002ebd70","FUN_002ebd70"
"0042c420","FUN_0042c420","003fccd0","FUN_003fccd0"
"0042c420","FUN_0042c420","003fcdb0","FUN_003fcdb0"
"0042c6c0","FUN_0042c6c0","0042c7f0","FUN_0042c7f0"
"0042c7f0","FUN_0042c7f0","002ebb00","FUN_002ebb00"
"0042c7f0","FUN_0042c7f0","002ebd70","FUN_002ebd70"
"0042c7f0","FUN_0042c7f0","003fccc0","FUN_003fccc0"
"0042c7f0","FUN_0042c7f0","003fcce0","FUN_003fcce0"
"0042c7f0","FUN_0042c7f0","0042a160","FUN_0042a160"
"0042c7f0","FUN_0042c7f0","00431f40","FUN_00431f40"
"0042c7f0","FUN_0042c7f0","0043d4e0","FUN_0043d4e0"
"0042ca80","FUN_0042ca80","00176da0","FUN_00176da0"
"0042ca80","FUN_0042ca80","002ebd70","FUN_002ebd70"
"0042ca80","FUN_0042ca80","003fccd0","FUN_003fccd0"
"0042ca80","FUN_0042ca80","003fcdb0","FUN_003fcdb0"
"0042ca80","FUN_0042ca80","00442f50","FUN_00442f50"
"0042dfa0","FUN_0042dfa0","0042d140","FUN_0042d140"
"0042e0d0","FUN_0042e0d0","00176d70","FUN_00176d70"
"0042e0d0","FUN_0042e0d0","0019cc40","FUN_0019cc40"
"0042e0d0","FUN_0042e0d0","00440660","FUN_00440660"
"0042e210","FUN_0042e210","00101700","FUN_00101700"
"0042e210","FUN_0042e210","00442f10","FUN_00442f10"
"0042e2e0","FUN_0042e2e0","002ebd70","FUN_002ebd70"
"0042e2e0","FUN_0042e2e0","003fccd0","FUN_003fccd0"
"0042e2e0","FUN_0042e2e0","003fcdb0","FUN_003fcdb0"
"0042e390","FUN_0042e390","003fccc0","FUN_003fccc0"
"0042e390","FUN_0042e390","0043a400","FUN_0043a400"
"0042e410","FUN_0042e410","003fccc0","FUN_003fccc0"
"0042e410","FUN_0042e410","003fcce0","FUN_003fcce0"
"0042e410","FUN_0042e410","0042c9b0","FUN_0042c9b0"
"0042e560","FUN_0042e560","002ebd70","FUN_002ebd70"
"0042e560","FUN_0042e560","003fccd0","FUN_003fccd0"
"0042e560","FUN_0042e560","003fcdb0","FUN_003fcdb0"
"0042e6d0","FUN_0042e6d0","0042e720","FUN_0042e720"
"0042e720","FUN_0042e720","003fccc0","FUN_003fccc0"
"0042e720","FUN_0042e720","003fcce0","FUN_003fcce0"
"0042e720","FUN_0042e720","0042c9b0","FUN_0042c9b0"
"0042e880","FUN_0042e880","002ebd70","FUN_002ebd70"
"0042e880","FUN_0042e880","003fccd0","FUN_003fccd0"
"0042e880","FUN_0042e880","003fcdb0","FUN_003fcdb0"
"0042eab0","FUN_0042eab0","0042eb00","FUN_0042eb00"
"0042eb00","FUN_0042eb00","003fccc0","FUN_003fccc0"
"0042eb00","FUN_0042eb00","0042c9b0","FUN_0042c9b0"
"0042eb00","FUN_0042eb00","0044fde0","FUN_0044fde0"
"0042eb00","FUN_0042eb00","004ef250","FUN_004ef250"
"0042ece0","FUN_0042ece0","002ebd70","FUN_002ebd70"
"0042ece0","FUN_0042ece0","003fccd0","FUN_003fccd0"
"0042ece0","FUN_0042ece0","003fcdb0","FUN_003fcdb0"
"0042ee30","FUN_0042ee30","001fa440","FUN_001fa440"
"0042ee30","FUN_0042ee30","0042efe0","FUN_0042efe0"
"0042ee90","FUN_0042ee90","002ec250","FUN_002ec250"
"0042ee90","FUN_0042ee90","0042efe0","FUN_0042efe0"
"0042efe0","FUN_0042efe0","001fa440","FUN_001fa440"
"0042efe0","FUN_0042efe0","003fccc0","FUN_003fccc0"
"0042efe0","FUN_0042efe0","0042e7d0","FUN_0042e7d0"
"0042efe0","FUN_0042efe0","0042f1b0","FUN_0042f1b0"
"0042efe0","FUN_0042efe0","00456040","FUN_00456040"
"0042efe0","FUN_0042efe0","0045fe20","FUN_0045fe20"
"0042efe0","FUN_0042efe0","00550a48","FUN_00550a48"
"0042f330","FUN_0042f330","0010ab40","FUN_0010ab40"
"0042f330","FUN_0042f330","002ebd70","FUN_002ebd70"
"0042f330","FUN_0042f330","003fccd0","FUN_003fccd0"
"0042f330","FUN_0042f330","003fcd10","FUN_003fcd10"
"0042f330","FUN_0042f330","00442f50","FUN_00442f50"
"0042f650","FUN_0042f650","004fb600","FUN_004fb600"
"0042f650","FUN_0042f650","004fb6b0","FUN_004fb6b0"
"00430560","FUN_00430560","00523830","FUN_00523830"
"004305f0","FUN_004305f0","00176da0","FUN_00176da0"
"004305f0","FUN_004305f0","00523830","FUN_00523830"
"004306b0","FUN_004306b0","0045ffe0","FUN_0045ffe0"
"00431470","FUN_00431470","003fcd80","FUN_003fcd80"
"004314f0","FUN_004314f0","002ebd70","FUN_002ebd70"
"004314f0","FUN_004314f0","003fccd0","FUN_003fccd0"
"004314f0","FUN_004314f0","003fcdb0","FUN_003fcdb0"
"00431b30","FUN_00431b30","003fccc0","FUN_003fccc0"
"00431b30","FUN_00431b30","003fcd80","FUN_003fcd80"
"00431b30","FUN_00431b30","0042a160","FUN_0042a160"
"00431b30","FUN_00431b30","0042a210","FUN_0042a210"
"00431b30","FUN_00431b30","0042f1b0","FUN_0042f1b0"
"00431b30","FUN_00431b30","00432b20","FUN_00432b20"
"00431b30","FUN_00431b30","0043dda0","FUN_0043dda0"
"00431b30","FUN_00431b30","00456040","FUN_00456040"
"00431d40","FUN_00431d40","004313d0","FUN_004313d0"
"00431d80","FUN_00431d80","003fccd0","FUN_003fccd0"
"00431d80","FUN_00431d80","004314f0","FUN_004314f0"
"00431de0","FUN_00431de0","001e0a50","FUN_001e0a50"
"00431de0","FUN_00431de0","00431d10","FUN_00431d10"
"00431fb0","FUN_00431fb0","002ebd70","FUN_002ebd70"
"00431fb0","FUN_00431fb0","003fccd0","FUN_003fccd0"
"00431fb0","FUN_00431fb0","004314f0","FUN_004314f0"
"00432030","FUN_00432030","001e0a50","FUN_001e0a50"
"00432030","FUN_00432030","00431d10","FUN_00431d10"
"00432230","FUN_00432230","003fccd0","FUN_003fccd0"
"00432230","FUN_00432230","004314f0","FUN_004314f0"
"00432290","FUN_00432290","003fccc0","FUN_003fccc0"
"00432290","FUN_00432290","0045ab20","FUN_0045ab20"
"004322e0","FUN_004322e0","00431d10","FUN_00431d10"
"00432990","FUN_00432990","003fccd0","FUN_003fccd0"
"00432990","FUN_00432990","003fcdb0","FUN_003fcdb0"
"00432990","FUN_00432990","004d6a20","FUN_004d6a20"
"00432a10","FUN_00432a10","003fccc0","FUN_003fccc0"
"00432a10","FUN_00432a10","004321a0","FUN_004321a0"
"00432aa0","FUN_00432aa0","003fccc0","FUN_003fccc0"
"00432aa0","FUN_00432aa0","004321a0","FUN_004321a0"
"00432b20","FUN_00432b20","003fcd80","FUN_003fcd80"
"00432b60","FUN_00432b60","003fccd0","FUN_003fccd0"
"00432b60","FUN_00432b60","003fcdb0","FUN_003fcdb0"
"00432dd0","FUN_00432dd0","003fcd80","FUN_003fcd80"
"00432e30","FUN_00432e30","002ebd70","FUN_002ebd70"
"00432e30","FUN_00432e30","003fccd0","FUN_003fccd0"
"00432e30","FUN_00432e30","003fcdb0","FUN_003fcdb0"
"00432e30","FUN_00432e30","00442f50","FUN_00442f50"
"00432f10","FUN_00432f10","0016b250","FUN_0016b250"
"00432f10","FUN_00432f10","0016b610","FUN_0016b610"
"00432f10","FUN_00432f10","003fccc0","FUN_003fccc0"
"00432f10","FUN_00432f10","00437bb0","FUN_00437bb0"
"00432f10","FUN_00432f10","004387e0","FUN_004387e0"
"00432f10","FUN_00432f10","00438d50","FUN_00438d50"
"00432f10","FUN_00432f10","0043a400","FUN_0043a400"
"00432f10","FUN_00432f10","00441f50","FUN_00441f50"
"00433340","FUN_00433340","00432f10","FUN_00432f10"
"00433340","FUN_00433340","00433470","FUN_00433470"
"00433340","FUN_00433340","00441950","FUN_00441950"
"00433340","FUN_00433340","00441970","FUN_00441970"
"00433470","FUN_00433470","00101700","FUN_00101700"
"00433470","FUN_00433470","00440f00","FUN_00440f00"
"00433470","FUN_00433470","00442f10","FUN_00442f10"
"004335c0","FUN_004335c0","003fccd0","FUN_003fccd0"
"004335c0","FUN_004335c0","0042f330","FUN_0042f330"
"00433620","FUN_00433620","0042f6a0","FUN_0042f6a0"
"00433670","FUN_00433670","002ebb00","FUN_002ebb00"
"00433670","FUN_00433670","0042f790","FUN_0042f790"
"00433760","FUN_00433760","003fccc0","FUN_003fccc0"
"00433760","FUN_00433760","00433560","FUN_00433560"
"004337c0","FUN_004337c0","003fccc0","FUN_003fccc0"
"004337c0","FUN_004337c0","00432dd0","FUN_00432dd0"
"00433810","FUN_00433810","003fccc0","FUN_003fccc0"
"00433810","FUN_00433810","00432b20","FUN_00432b20"
"00433850","FUN_00433850","003fccc0","FUN_003fccc0"
"00433850","FUN_00433850","00432880","FUN_00432880"
"004338c0","FUN_004338c0","003fccc0","FUN_003fccc0"
"004338c0","FUN_004338c0","004321a0","FUN_004321a0"
"00433930","FUN_00433930","003fccc0","FUN_003fccc0"
"00433930","FUN_00433930","00431f40","FUN_00431f40"
"00433990","FUN_00433990","003fccc0","FUN_003fccc0"
"00433990","FUN_00433990","00431d40","FUN_00431d40"
"004339f0","FUN_004339f0","003fccc0","FUN_003fccc0"
"004339f0","FUN_004339f0","004313d0","FUN_004313d0"
"00433a50","FUN_00433a50","003fccc0","FUN_003fccc0"
"00433a50","FUN_00433a50","0042f1b0","FUN_0042f1b0"
"00433ad0","FUN_00433ad0","003fccc0","FUN_003fccc0"
"00433ad0","FUN_00433ad0","0042ec60","FUN_0042ec60"
"00433b20","FUN_00433b20","003fccc0","FUN_003fccc0"
"00433b20","FUN_00433b20","0042e7d0","FUN_0042e7d0"
"00433b80","FUN_00433b80","003fccc0","FUN_003fccc0"
"00433b80","FUN_00433b80","0042e4d0","FUN_0042e4d0"
"00433be0","FUN_00433be0","003fccd0","FUN_003fccd0"
"00433be0","FUN_00433be0","003fcdb0","FUN_003fcdb0"
"00433cd0","FUN_00433cd0","003fccd0","FUN_003fccd0"
"00433cd0","FUN_00433cd0","0042ca80","FUN_0042ca80"
"00433d30","FUN_00433d30","003fccc0","FUN_003fccc0"
"00433d30","FUN_00433d30","0042c9b0","FUN_0042c9b0"
"00433db0","FUN_00433db0","003fccc0","FUN_003fccc0"
"00433db0","FUN_00433db0","0042e270","FUN_0042e270"
"00433e00","FUN_00433e00","003fccc0","FUN_003fccc0"
"00433e00","FUN_00433e00","0042c9b0","FUN_0042c9b0"
"00433e60","FUN_00433e60","003fccc0","FUN_003fccc0"
"00433e60","FUN_00433e60","0042c3b0","FUN_0042c3b0"
"00433eb0","FUN_00433eb0","003fccc0","FUN_003fccc0"
"00433eb0","FUN_00433eb0","0042c0e0","FUN_0042c0e0"
"00433f00","FUN_00433f00","003fccc0","FUN_003fccc0"
"00433f00","FUN_00433f00","0042ba40","FUN_0042ba40"
"00433f50","FUN_00433f50","003fccc0","FUN_003fccc0"
"00433f50","FUN_00433f50","0042af60","FUN_0042af60"
"00433fb0","FUN_00433fb0","003fccc0","FUN_003fccc0"
"00433fb0","FUN_00433fb0","0042ab40","FUN_0042ab40"
"00434010","FUN_00434010","003fccc0","FUN_003fccc0"
"00434010","FUN_00434010","0042a780","FUN_0042a780"
"00434070","FUN_00434070","003fccc0","FUN_003fccc0"
"00434070","FUN_00434070","0042a440","FUN_0042a440"
"004340c0","FUN_004340c0","003fccc0","FUN_003fccc0"
"004340c0","FUN_004340c0","0042a380","FUN_0042a380"
"00434120","FUN_00434120","003fccc0","FUN_003fccc0"
"00434120","FUN_00434120","0042a2d0","FUN_0042a2d0"
"00434180","FUN_00434180","003fccc0","FUN_003fccc0"
"00434180","FUN_00434180","0042a210","FUN_0042a210"
"004341f0","FUN_004341f0","003fccc0","FUN_003fccc0"
"004341f0","FUN_004341f0","0042a160","FUN_0042a160"
"00434250","FUN_00434250","003de4a0","FUN_003de4a0"
"00434250","FUN_00434250","003de500","FUN_003de500"
"004342e0","FUN_004342e0","003de480","FUN_003de480"
"004342e0","FUN_004342e0","003de4f0","FUN_003de4f0"
"00434450","FUN_00434450","002ebd70","FUN_002ebd70"
"00434450","FUN_00434450","003fccd0","FUN_003fccd0"
"00434450","FUN_00434450","003fcdb0","FUN_003fcdb0"
"00434450","FUN_00434450","004d6a20","FUN_004d6a20"
"004348a0","FUN_004348a0","00434800","FUN_00434800"
"004348a0","FUN_004348a0","00434c50","FUN_00434c50"
"004348a0","FUN_004348a0","00434f60","FUN_00434f60"
"004348a0","FUN_004348a0","0043f810","FUN_0043f810"
"004348a0","FUN_004348a0","0043fe80","FUN_0043fe80"
"004348a0","FUN_004348a0","00440f00","FUN_00440f00"
"004348a0","FUN_004348a0","00442090","FUN_00442090"
"004348a0","FUN_004348a0","00442570","FUN_00442570"
"00434f60","FUN_00434f60","003fccc0","FUN_003fccc0"
"00434f60","FUN_00434f60","003fcce0","FUN_003fcce0"
"00434f60","FUN_00434f60","00418e50","FUN_00418e50"
"00434f60","FUN_00434f60","00438160","FUN_00438160"
"00434f60","FUN_00434f60","004383e0","FUN_004383e0"
"00434f60","FUN_00434f60","0044fde0","FUN_0044fde0"
"00434f60","FUN_00434f60","004521c0","FUN_004521c0"
"004358e0","FUN_004358e0","0010ab40","FUN_0010ab40"
"004358e0","FUN_004358e0","002ebd70","FUN_002ebd70"
"004358e0","FUN_004358e0","003fccd0","FUN_003fccd0"
"004358e0","FUN_004358e0","003fcd10","FUN_003fcd10"
"004359b0","FUN_004359b0","00435a90","FUN_00435a90"
"004359b0","FUN_004359b0","00435d10","FUN_00435d10"
"00435a30","FUN_00435a30","00440f00","FUN_00440f00"
"00435a30","FUN_00435a30","00442fa0","FUN_00442fa0"
"00435a90","FUN_00435a90","0053b638","FUN_0053b638"
"00435fd0","FUN_00435fd0","00264190","FUN_00264190"
"00435fd0","FUN_00435fd0","00436380","FUN_00436380"
"00436350","FUN_00436350","00442fa0","FUN_00442fa0"
"00436380","FUN_00436380","00523830","FUN_00523830"
"00436430","FUN_00436430","00108020","FUN_00108020"
"00436430","FUN_00436430","0010ab40","FUN_0010ab40"
"00436430","FUN_00436430","00436380","FUN_00436380"
"004364a0","FUN_004364a0","00436380","FUN_00436380"
"00436590","FUN_00436590","0010ab40","FUN_0010ab40"
"00436590","FUN_00436590","002ebd70","FUN_002ebd70"
"00436590","FUN_00436590","003fccd0","FUN_003fccd0"
"00436590","FUN_00436590","003fcd10","FUN_003fcd10"
"00436660","FUN_00436660","004366f0","FUN_004366f0"
"004366c0","FUN_004366c0","00442fa0","FUN_00442fa0"
"00436840","FUN_00436840","0010ab40","FUN_0010ab40"
"00436840","FUN_00436840","002ebd70","FUN_002ebd70"
"00436840","FUN_00436840","003fccd0","FUN_003fccd0"
"00436840","FUN_00436840","003fcd10","FUN_003fcd10"
"00436930","FUN_00436930","00436a70","FUN_00436a70"
"00436a40","FUN_00436a40","00442fa0","FUN_00442fa0"
"00436c00","FUN_00436c00","0010ab40","FUN_0010ab40"
"00436c00","FUN_00436c00","002ebd70","FUN_002ebd70"
"00436c00","FUN_00436c00","003fccd0","FUN_003fccd0"
"00436c00","FUN_00436c00","003fcd10","FUN_003fcd10"
"00436ca0","FUN_00436ca0","00436ec0","FUN_00436ec0"
"00436d30","FUN_00436d30","00436ec0","FUN_00436ec0"
"00436d30","FUN_00436d30","00436f70","FUN_00436f70"
"00436d30","FUN_00436d30","00523830","FUN_00523830"
"00436e90","FUN_00436e90","00442fa0","FUN_00442fa0"
"00436ec0","FUN_00436ec0","00523830","FUN_00523830"
"00436f70","FUN_00436f70","00108020","FUN_00108020"
"00436f70","FUN_00436f70","0010ab40","FUN_0010ab40"
"00436f70","FUN_00436f70","00436ec0","FUN_00436ec0"
"00436fe0","FUN_00436fe0","00436ec0","FUN_00436ec0"
"004370e0","FUN_004370e0","0010ab40","FUN_0010ab40"
"004370e0","FUN_004370e0","002ebd70","FUN_002ebd70"
"004370e0","FUN_004370e0","003fccd0","FUN_003fccd0"
"004370e0","FUN_004370e0","003fcd10","FUN_003fcd10"
"00437180","FUN_00437180","00437630","FUN_00437630"
"00437220","FUN_00437220","00437350","FUN_00437350"
"00437220","FUN_00437220","00437630","FUN_00437630"
"00437320","FUN_00437320","00442fa0","FUN_00442fa0"
"00437630","FUN_00437630","00523830","FUN_00523830"
"00437770","FUN_00437770","0010ab40","FUN_0010ab40"
"00437770","FUN_00437770","002ebd70","FUN_002ebd70"
"00437770","FUN_00437770","003fccd0","FUN_003fccd0"
"00437770","FUN_00437770","003fcd10","FUN_003fcd10"
"00437840","FUN_00437840","00199a00","FUN_00199a00"
"00437840","FUN_00437840","0019cc40","FUN_0019cc40"
"00437840","FUN_00437840","00437a30","FUN_00437a30"
"00437a00","FUN_00437a00","00442fa0","FUN_00442fa0"
"00437c30","FUN_00437c30","0010ab40","FUN_0010ab40"
"00437c30","FUN_00437c30","002ebd70","FUN_002ebd70"
"00437c30","FUN_00437c30","003fccd0","FUN_003fccd0"
"00437c30","FUN_00437c30","003fcd10","FUN_003fcd10"
"00437d00","FUN_00437d00","00437de0","FUN_00437de0"
"00437d60","FUN_00437d60","0019cd80","FUN_0019cd80"
"00437d60","FUN_00437d60","00442fa0","FUN_00442fa0"
"00437de0","FUN_00437de0","00523830","FUN_00523830"
"00437f00","FUN_00437f00","002ebd70","FUN_002ebd70"
"00437f00","FUN_00437f00","003fccd0","FUN_003fccd0"
"00437f00","FUN_00437f00","003fcd10","FUN_003fcd10"
"00438020","FUN_00438020","0019cd80","FUN_0019cd80"
"00438050","FUN_00438050","0019cc40","FUN_0019cc40"
"004381e0","FUN_004381e0","002ebd70","FUN_002ebd70"
"004381e0","FUN_004381e0","003fccd0","FUN_003fccd0"
"004381e0","FUN_004381e0","003fcd10","FUN_003fcd10"
"00438260","FUN_00438260","00441640","FUN_00441640"
"004382a0","FUN_004382a0","0019cd80","FUN_0019cd80"
"004384a0","FUN_004384a0","003fccd0","FUN_003fccd0"
"004384a0","FUN_004384a0","003fcd10","FUN_003fcd10"
"00438550","FUN_00438550","003fccc0","FUN_003fccc0"
"00438550","FUN_00438550","004383e0","FUN_004383e0"
"004385a0","FUN_004385a0","00438710","FUN_00438710"
"00438710","FUN_00438710","00440f00","FUN_00440f00"
"00438870","FUN_00438870","002ebd70","FUN_002ebd70"
"00438870","FUN_00438870","003fccd0","FUN_003fccd0"
"00438870","FUN_00438870","003fcd10","FUN_003fcd10"
"00438dd0","FUN_00438dd0","002ebd70","FUN_002ebd70"
"00438dd0","FUN_00438dd0","003fccd0","FUN_003fccd0"
"00438dd0","FUN_00438dd0","003fcd10","FUN_003fcd10"
"004394d0","FUN_004394d0","0010ab40","FUN_0010ab40"
"004394d0","FUN_004394d0","002ebd70","FUN_002ebd70"
"004394d0","FUN_004394d0","003fccd0","FUN_003fccd0"
"004394d0","FUN_004394d0","003fcd10","FUN_003fcd10"
"004395a0","FUN_004395a0","0019cc40","FUN_0019cc40"
"004395a0","FUN_004395a0","0019cd80","FUN_0019cd80"
"004395a0","FUN_004395a0","004397a0","FUN_004397a0"
"004395a0","FUN_004395a0","00439820","FUN_00439820"
"00439740","FUN_00439740","0019cd80","FUN_0019cd80"
"004397a0","FUN_004397a0","00108020","FUN_00108020"
"004397a0","FUN_004397a0","0010ab40","FUN_0010ab40"
"004397a0","FUN_004397a0","00439820","FUN_00439820"
"004397a0","FUN_004397a0","004427d0","FUN_004427d0"
"00439ab0","FUN_00439ab0","0010ab40","FUN_0010ab40"
"00439ab0","FUN_00439ab0","002ebd70","FUN_002ebd70"
"00439ab0","FUN_00439ab0","003fccd0","FUN_003fccd0"
"00439ab0","FUN_00439ab0","003fcd10","FUN_003fcd10"
"00439c30","FUN_00439c30","0043a180","FUN_0043a180"
"00439c30","FUN_00439c30","0053bb58","FUN_0053bb58"
"00439fa0","FUN_00439fa0","0019cd80","FUN_0019cd80"
"0043a0d0","FUN_0043a0d0","00523830","FUN_00523830"
"0043a180","FUN_0043a180","00108020","FUN_00108020"
"0043a180","FUN_0043a180","0010ab40","FUN_0010ab40"
"0043a180","FUN_0043a180","0043a0d0","FUN_0043a0d0"
"0043a270","FUN_0043a270","002ebd70","FUN_002ebd70"
"0043a270","FUN_0043a270","003fccd0","FUN_003fccd0"
"0043a270","FUN_0043a270","003fcd10","FUN_003fcd10"
"0043a490","FUN_0043a490","002ebd70","FUN_002ebd70"
"0043a490","FUN_0043a490","003fccd0","FUN_003fccd0"
"0043a490","FUN_0043a490","003fcd10","FUN_003fcd10"
"0043a970","FUN_0043a970","0016b250","FUN_0016b250"
"0043a970","FUN_0043a970","0016b610","FUN_0016b610"
"0043a970","FUN_0043a970","0016c590","FUN_0016c590"
"0043a970","FUN_0043a970","0016c600","FUN_0016c600"
"0043a970","FUN_0043a970","00176da0","FUN_00176da0"
"0043a970","FUN_0043a970","00192ec0","FUN_00192ec0"
"0043a970","FUN_0043a970","00199c50","FUN_00199c50"
"0043a970","FUN_0043a970","0019cc40","FUN_0019cc40"
"0043a970","FUN_0043a970","0019dea0","FUN_0019dea0"
"0043a970","FUN_0043a970","002eab80","FUN_002eab80"
"0043a970","FUN_0043a970","003fccc0","FUN_003fccc0"
"0043a970","FUN_0043a970","00418e50","FUN_00418e50"
"0043a970","FUN_0043a970","0043a510","FUN_0043a510"
"0043a970","FUN_0043a970","004427d0","FUN_004427d0"
"0043a970","FUN_0043a970","00456040","FUN_00456040"
"0043a970","FUN_0043a970","0045fe20","FUN_0045fe20"
"0043a970","FUN_0043a970","00463ca0","FUN_00463ca0"
"0043adf0","FUN_0043adf0","0010ab40","FUN_0010ab40"
"0043adf0","FUN_0043adf0","002ebd70","FUN_002ebd70"
"0043adf0","FUN_0043adf0","003fccd0","FUN_003fccd0"
"0043adf0","FUN_0043adf0","003fcd10","FUN_003fcd10"
"0043ae90","FUN_0043ae90","0043b120","FUN_0043b120"
"0043b0f0","FUN_0043b0f0","00442fa0","FUN_00442fa0"
"0043b120","FUN_0043b120","00523830","FUN_00523830"
"0043b1e0","FUN_0043b1e0","00108020","FUN_00108020"
"0043b1e0","FUN_0043b1e0","0010ab40","FUN_0010ab40"
"0043b1e0","FUN_0043b1e0","0043b120","FUN_0043b120"
"0043b250","FUN_0043b250","001625c0","FUN_001625c0"
"0043b250","FUN_0043b250","00162650","FUN_00162650"
"0043b250","FUN_0043b250","0043b120","FUN_0043b120"
"0043b3d0","FUN_0043b3d0","0010ab40","FUN_0010ab40"
"0043b3d0","FUN_0043b3d0","002ebd70","FUN_002ebd70"
"0043b3d0","FUN_0043b3d0","003fccd0","FUN_003fccd0"
"0043b3d0","FUN_0043b3d0","003fcd10","FUN_003fcd10"
"0043b470","FUN_0043b470","0043b750","FUN_0043b750"
"0043b510","FUN_0043b510","001024d0","FUN_001024d0"
"0043b510","FUN_0043b510","00108020","FUN_00108020"
"0043b510","FUN_0043b510","0043b800","FUN_0043b800"
"0043b680","FUN_0043b680","001024d0","FUN_001024d0"
"0043b680","FUN_0043b680","0019cd80","FUN_0019cd80"
"0043b680","FUN_0043b680","0043b750","FUN_0043b750"
"0043b680","FUN_0043b680","00442fa0","FUN_00442fa0"
"0043b750","FUN_0043b750","00523830","FUN_00523830"
"0043b800","FUN_0043b800","00108020","FUN_00108020"
"0043b800","FUN_0043b800","0010ab40","FUN_0010ab40"
"0043b800","FUN_0043b800","0043b750","FUN_0043b750"
"0043b800","FUN_0043b800","004427d0","FUN_004427d0"
"0043b910","FUN_0043b910","002ebd70","FUN_002ebd70"
"0043b910","FUN_0043b910","003fccd0","FUN_003fccd0"
"0043b910","FUN_0043b910","003fcd10","FUN_003fcd10"
"0043be90","FUN_0043be90","002ebd70","FUN_002ebd70"
"0043be90","FUN_0043be90","003fccd0","FUN_003fccd0"
"0043be90","FUN_0043be90","003fcdb0","FUN_003fcdb0"
"0043be90","FUN_0043be90","00442f50","FUN_00442f50"
"0043bf30","FUN_0043bf30","0043b8a0","FUN_0043b8a0"
"0043bf30","FUN_0043bf30","0043b910","FUN_0043b910"
"0043bf30","FUN_0043bf30","0043b990","FUN_0043b990"
"0043bfb0","FUN_0043bfb0","003fccc0","FUN_003fccc0"
"0043bfb0","FUN_0043bfb0","0043a400","FUN_0043a400"
"0043bfb0","FUN_0043bfb0","0043b330","FUN_0043b330"
"0043bfb0","FUN_0043bfb0","0043b8a0","FUN_0043b8a0"
"0043bfb0","FUN_0043bfb0","0043d050","FUN_0043d050"
"0043c0e0","FUN_0043c0e0","0043bfb0","FUN_0043bfb0"
"0043c1a0","FUN_0043c1a0","0043bfb0","FUN_0043bfb0"
"0043c1a0","FUN_0043c1a0","0043c250","FUN_0043c250"
"0043c1a0","FUN_0043c1a0","0043c2b0","FUN_0043c2b0"
"0043c1a0","FUN_0043c1a0","0043c340","FUN_0043c340"
"0043c250","FUN_0043c250","00101700","FUN_00101700"
"0043c250","FUN_0043c250","00442f10","FUN_00442f10"
"0043c2b0","FUN_0043c2b0","0019cc40","FUN_0019cc40"
"0043c340","FUN_0043c340","0010f200","FUN_0010f200"
"0043c340","FUN_0043c340","0019f7e0","FUN_0019f7e0"
"0043c470","FUN_0043c470","002ebd70","FUN_002ebd70"
"0043c470","FUN_0043c470","003fccd0","FUN_003fccd0"
"0043c470","FUN_0043c470","003fcdb0","FUN_003fcdb0"
"0043c530","FUN_0043c530","003fccc0","FUN_003fccc0"
"0043c530","FUN_0043c530","0042c9b0","FUN_0042c9b0"
"0043c530","FUN_0043c530","0043a400","FUN_0043a400"
"0043c530","FUN_0043c530","0043be10","FUN_0043be10"
"0043c530","FUN_0043c530","004c3330","FUN_004c3330"
"0043c850","FUN_0043c850","0019d410","FUN_0019d410"
"0043c850","FUN_0043c850","00264190","FUN_00264190"
"0043c850","FUN_0043c850","0043c530","FUN_0043c530"
"0043c850","FUN_0043c850","0055c8a0","FUN_0055c8a0"
"0043c850","FUN_0043c850","005750f0","FUN_005750f0"
"0043cba0","FUN_0043cba0","0010ab40","FUN_0010ab40"
"0043cba0","FUN_0043cba0","002ebd70","FUN_002ebd70"
"0043cba0","FUN_0043cba0","003fccd0","FUN_003fccd0"
"0043cba0","FUN_0043cba0","003fcd10","FUN_003fcd10"
"0043cba0","FUN_0043cba0","00442f50","FUN_00442f50"
"0043cfd0","FUN_0043cfd0","0019cd80","FUN_0019cd80"
"0043d0d0","FUN_0043d0d0","002ebd70","FUN_002ebd70"
"0043d0d0","FUN_0043d0d0","003fccd0","FUN_003fccd0"
"0043d0d0","FUN_0043d0d0","003fcd10","FUN_003fcd10"
"0043d150","FUN_0043d150","0010ab40","FUN_0010ab40"
"0043d150","FUN_0043d150","0043d3c0","FUN_0043d3c0"
"0043d200","FUN_0043d200","0043d340","FUN_0043d340"
"0043d200","FUN_0043d200","0043d3c0","FUN_0043d3c0"
"0043d2d0","FUN_0043d2d0","0019cd80","FUN_0019cd80"
"0043d2d0","FUN_0043d2d0","00442fa0","FUN_00442fa0"
"0043d340","FUN_0043d340","00108020","FUN_00108020"
"0043d340","FUN_0043d340","0010ab40","FUN_0010ab40"
"0043d340","FUN_0043d340","0043d3c0","FUN_0043d3c0"
"0043d340","FUN_0043d340","004427d0","FUN_004427d0"
"0043d3c0","FUN_0043d3c0","00523830","FUN_00523830"
"0043d440","FUN_0043d440","001625c0","FUN_001625c0"
"0043d440","FUN_0043d440","00162650","FUN_00162650"
"0043d4e0","FUN_0043d4e0","003fcce0","FUN_003fcce0"
"0043d540","FUN_0043d540","002ebd70","FUN_002ebd70"
"0043d540","FUN_0043d540","003fccd0","FUN_003fccd0"
"0043d540","FUN_0043d540","003fcd10","FUN_003fcd10"
"0043d5c0","FUN_0043d5c0","001e0a50","FUN_001e0a50"
"0043d670","FUN_0043d670","003fcd80","FUN_003fcd80"
"0043d6d0","FUN_0043d6d0","002ebd70","FUN_002ebd70"
"0043d6d0","FUN_0043d6d0","003fccd0","FUN_003fccd0"
"0043d6d0","FUN_0043d6d0","003fcdb0","FUN_003fcdb0"
"0043d750","FUN_0043d750","0043d9e0","FUN_0043d9e0"
"0043d9e0","FUN_0043d9e0","003fccc0","FUN_003fccc0"
"0043d9e0","FUN_0043d9e0","00418e50","FUN_00418e50"
"0043d9e0","FUN_0043d9e0","0043dab0","FUN_0043dab0"
"0043d9e0","FUN_0043d9e0","00450b60","FUN_00450b60"
"0043dbd0","FUN_0043dbd0","003fcd80","FUN_003fcd80"
"0043dc30","FUN_0043dc30","002ebd70","FUN_002ebd70"
"0043dc30","FUN_0043dc30","003fccd0","FUN_003fccd0"
"0043dc30","FUN_0043dc30","003fcdb0","FUN_003fcdb0"
"0043dd00","FUN_0043dd00","003fccc0","FUN_003fccc0"
"0043dd00","FUN_0043dd00","003fd360","FUN_003fd360"
"0043de20","FUN_0043de20","0017ef20","FUN_0017ef20"
"0043de20","FUN_0043de20","001f55e0","FUN_001f55e0"
"0043de20","FUN_0043de20","0030b990","FUN_0030b990"
"0043de20","FUN_0043de20","003fccd0","FUN_003fccd0"
"0043de20","FUN_0043de20","003fcd10","FUN_003fcd10"
"0043e750","FUN_0043e750","002ebd70","FUN_002ebd70"
"0043e750","FUN_0043e750","003fccd0","FUN_003fccd0"
"0043e750","FUN_0043e750","003fcd10","FUN_003fcd10"
"0043e7d0","FUN_0043e7d0","00418e50","FUN_00418e50"
"0043e890","FUN_0043e890","003fcce0","FUN_003fcce0"
"0043e8f0","FUN_0043e8f0","002ebd70","FUN_002ebd70"
"0043e8f0","FUN_0043e8f0","003fccd0","FUN_003fccd0"
"0043e8f0","FUN_0043e8f0","003fcd10","FUN_003fcd10"
"0043e970","FUN_0043e970","001929d0","FUN_001929d0"
"0043e970","FUN_0043e970","0019cc40","FUN_0019cc40"
"0043e970","FUN_0043e970","0045ffe0","FUN_0045ffe0"
"0043ea50","FUN_0043ea50","002ec250","FUN_002ec250"
"0043ea50","FUN_0043ea50","005703c0","FUN_005703c0"
"0043ec60","FUN_0043ec60","003fccc0","FUN_003fccc0"
"0043ec60","FUN_0043ec60","0043e890","FUN_0043e890"
"0043ecc0","FUN_0043ecc0","003fccc0","FUN_003fccc0"
"0043ecc0","FUN_0043ecc0","0043e6c0","FUN_0043e6c0"
"0043ed20","FUN_0043ed20","003fccc0","FUN_003fccc0"
"0043ed20","FUN_0043ed20","0043dda0","FUN_0043dda0"
"0043ed80","FUN_0043ed80","003fccc0","FUN_003fccc0"
"0043ed80","FUN_0043ed80","0043dbd0","FUN_0043dbd0"
"0043edd0","FUN_0043edd0","003fccc0","FUN_003fccc0"
"0043edd0","FUN_0043edd0","0043d670","FUN_0043d670"
"0043ee20","FUN_0043ee20","003fccc0","FUN_003fccc0"
"0043ee20","FUN_0043ee20","0043d4e0","FUN_0043d4e0"
"0043ee80","FUN_0043ee80","003fccc0","FUN_003fccc0"
"0043ee80","FUN_0043ee80","0043d050","FUN_0043d050"
"0043eee0","FUN_0043eee0","003fccc0","FUN_003fccc0"
"0043eee0","FUN_0043eee0","0043cae0","FUN_0043cae0"
"0043ef40","FUN_0043ef40","003fccc0","FUN_003fccc0"
"0043ef40","FUN_0043ef40","0043c400","FUN_0043c400"
"0043ef90","FUN_0043ef90","003fccc0","FUN_003fccc0"
"0043ef90","FUN_0043ef90","0043be10","FUN_0043be10"
"0043eff0","FUN_0043eff0","003fccc0","FUN_003fccc0"
"0043eff0","FUN_0043eff0","0043b8a0","FUN_0043b8a0"
"0043f050","FUN_0043f050","003fccc0","FUN_003fccc0"
"0043f050","FUN_0043f050","0043b330","FUN_0043b330"
"0043f0b0","FUN_0043f0b0","003fccc0","FUN_003fccc0"
"0043f0b0","FUN_0043f0b0","0043ad60","FUN_0043ad60"
"0043f110","FUN_0043f110","003fccc0","FUN_003fccc0"
"0043f110","FUN_0043f110","0043a400","FUN_0043a400"
"0043f1a0","FUN_0043f1a0","003fccc0","FUN_003fccc0"
"0043f1a0","FUN_0043f1a0","0043a200","FUN_0043a200"
"0043f200","FUN_0043f200","003fccc0","FUN_003fccc0"
"0043f200","FUN_0043f200","004399f0","FUN_004399f0"
"0043f260","FUN_0043f260","003fccc0","FUN_003fccc0"
"0043f260","FUN_0043f260","00439440","FUN_00439440"
"0043f2c0","FUN_0043f2c0","003fccc0","FUN_003fccc0"
"0043f2c0","FUN_0043f2c0","00438d50","FUN_00438d50"
"0043f340","FUN_0043f340","003fccc0","FUN_003fccc0"
"0043f340","FUN_0043f340","004387e0","FUN_004387e0"
"0043f3e0","FUN_0043f3e0","003fccc0","FUN_003fccc0"
"0043f3e0","FUN_0043f3e0","00438160","FUN_00438160"
"0043f450","FUN_0043f450","003fccc0","FUN_003fccc0"
"0043f450","FUN_0043f450","00437e90","FUN_00437e90"
"0043f4a0","FUN_0043f4a0","003fccc0","FUN_003fccc0"
"0043f4a0","FUN_0043f4a0","00437bb0","FUN_00437bb0"
"0043f500","FUN_0043f500","003fccc0","FUN_003fccc0"
"0043f500","FUN_0043f500","004376f0","FUN_004376f0"
"0043f560","FUN_0043f560","003fccc0","FUN_003fccc0"
"0043f560","FUN_0043f560","00437060","FUN_00437060"
"0043f5c0","FUN_0043f5c0","003fccc0","FUN_003fccc0"
"0043f5c0","FUN_0043f5c0","00436b80","FUN_00436b80"
"0043f620","FUN_0043f620","003fccc0","FUN_003fccc0"
"0043f620","FUN_0043f620","004367c0","FUN_004367c0"
"0043f680","FUN_0043f680","003fccc0","FUN_003fccc0"
"0043f680","FUN_0043f680","00436510","FUN_00436510"
"0043f6e0","FUN_0043f6e0","003fccc0","FUN_003fccc0"
"0043f6e0","FUN_0043f6e0","00435e50","FUN_00435e50"
"0043f740","FUN_0043f740","003fccc0","FUN_003fccc0"
"0043f740","FUN_0043f740","00435830","FUN_00435830"
"0043f7a0","FUN_0043f7a0","003fccc0","FUN_003fccc0"
"0043f7a0","FUN_0043f7a0","00434340","FUN_00434340"
"00441870","FUN_00441870","0016bc80","FUN_0016bc80"
"00441c80","FUN_00441c80","0016c600","FUN_0016c600"
"00441c80","FUN_00441c80","0017b910","FUN_0017b910"
"00441c80","FUN_00441c80","0019cc40","FUN_0019cc40"
"00441c80","FUN_00441c80","001f6130","FUN_001f6130"
"00441c80","FUN_00441c80","00482f20","FUN_00482f20"
"00441c80","FUN_00441c80","004957b0","FUN_004957b0"
"00441c80","FUN_00441c80","00496430","FUN_00496430"
"00441c80","FUN_00441c80","00496610","FUN_00496610"
"004427d0","FUN_004427d0","00102570","FUN_00102570"
"004427d0","FUN_004427d0","001025f0","FUN_001025f0"
"004427d0","FUN_004427d0","00108020","FUN_00108020"
"00442850","FUN_00442850","00102570","FUN_00102570"
"00442850","FUN_00442850","001025f0","FUN_001025f0"
"004428a0","FUN_004428a0","00108020","FUN_00108020"
"004428a0","FUN_004428a0","00192e70","FUN_00192e70"
"00442f50","FUN_00442f50","001018e0","FUN_001018e0"
"004454d0","FUN_004454d0","003fcce0","FUN_003fcce0"
"00445510","FUN_00445510","0010ab40","FUN_0010ab40"
"00445510","FUN_00445510","003fccd0","FUN_003fccd0"
"00445510","FUN_00445510","003fcd10","FUN_003fcd10"
"00445590","FUN_00445590","0010ab40","FUN_0010ab40"
"00445620","FUN_00445620","00445670","FUN_00445670"
"00445670","FUN_00445670","00108020","FUN_00108020"
"00445670","FUN_00445670","0010ab40","FUN_0010ab40"
"004456d0","FUN_004456d0","0010ab40","FUN_0010ab40"
"004456d0","FUN_004456d0","002ebd70","FUN_002ebd70"
"004456d0","FUN_004456d0","003fccd0","FUN_003fccd0"
"004456d0","FUN_004456d0","003fcd10","FUN_003fcd10"
"00445770","FUN_00445770","0010ab40","FUN_0010ab40"
"004457e0","FUN_004457e0","002ec250","FUN_002ec250"
"004457e0","FUN_004457e0","00445890","FUN_00445890"
"00445890","FUN_00445890","00108020","FUN_00108020"
"00445890","FUN_00445890","0010ab40","FUN_0010ab40"
"004459b0","FUN_004459b0","002ebd70","FUN_002ebd70"
"004459b0","FUN_004459b0","003fccd0","FUN_003fccd0"
"004459b0","FUN_004459b0","003fcdb0","FUN_003fcdb0"
"00445a40","FUN_00445a40","003fccc0","FUN_003fccc0"
"00445a40","FUN_00445a40","003fcce0","FUN_003fcce0"
"00445af0","FUN_00445af0","00244fa0","FUN_00244fa0"
"00445af0","FUN_00445af0","003fccc0","FUN_003fccc0"
"00445af0","FUN_00445af0","004506b0","FUN_004506b0"
"00445b80","FUN_00445b80","0010ab40","FUN_0010ab40"
"00445b80","FUN_00445b80","002ebd70","FUN_002ebd70"
"00445b80","FUN_00445b80","003fccd0","FUN_003fccd0"
"00445b80","FUN_00445b80","003fcd10","FUN_003fcd10"
"00445cd0","FUN_00445cd0","00445d20","FUN_00445d20"
"00445d20","FUN_00445d20","002ec250","FUN_002ec250"
"00445ef0","FUN_00445ef0","002ebd70","FUN_002ebd70"
"00445ef0","FUN_00445ef0","003fccd0","FUN_003fccd0"
"00445ef0","FUN_00445ef0","003fcdb0","FUN_003fcdb0"
"00446100","FUN_00446100","00446150","FUN_00446150"
"00446150","FUN_00446150","00244fa0","FUN_00244fa0"
"00446150","FUN_00446150","003fccc0","FUN_003fccc0"
"00446150","FUN_00446150","003fcce0","FUN_003fcce0"
"00446150","FUN_00446150","004506b0","FUN_004506b0"
"00446150","FUN_00446150","004c2b90","FUN_004c2b90"
"00446350","FUN_00446350","002ebd70","FUN_002ebd70"
"00446350","FUN_00446350","003fccd0","FUN_003fccd0"
"00446350","FUN_00446350","003fcdb0","FUN_003fcdb0"
"004463e0","FUN_004463e0","00446500","FUN_00446500"
"00446750","FUN_00446750","00446500","FUN_00446500"
"00446750","FUN_00446750","00446820","FUN_00446820"
"00446750","FUN_00446750","00446880","FUN_00446880"
"00446750","FUN_00446750","00446940","FUN_00446940"
"00446750","FUN_00446750","00585510","FUN_00585510"
"00446820","FUN_00446820","0019cc40","FUN_0019cc40"
"00446880","FUN_00446880","0019cc40","FUN_0019cc40"
"00446940","FUN_00446940","00585610","FUN_00585610"
"00446b20","FUN_00446b20","002ebd70","FUN_002ebd70"
"00446b20","FUN_00446b20","003fccd0","FUN_003fccd0"
"00446b20","FUN_00446b20","003fcd10","FUN_003fcd10"
"00447850","FUN_00447850","002ebd70","FUN_002ebd70"
"00447850","FUN_00447850","003fccd0","FUN_003fccd0"
"00447850","FUN_00447850","003fcd10","FUN_003fcd10"
"00447c60","FUN_00447c60","002ebd70","FUN_002ebd70"
"00447c60","FUN_00447c60","003fccd0","FUN_003fccd0"
"00447c60","FUN_00447c60","003fcdb0","FUN_003fcdb0"
"00447c60","FUN_00447c60","004d6a20","FUN_004d6a20"
"00447e30","FUN_00447e30","003fccc0","FUN_003fccc0"
"00447e30","FUN_00447e30","004521c0","FUN_004521c0"
"00448560","FUN_00448560","004485b0","FUN_004485b0"
"00448560","FUN_00448560","004489c0","FUN_004489c0"
"00448fa0","FUN_00448fa0","002ebd70","FUN_002ebd70"
"00448fa0","FUN_00448fa0","003fccd0","FUN_003fccd0"
"00448fa0","FUN_00448fa0","003fcdb0","FUN_003fcdb0"
"00448fa0","FUN_00448fa0","004d6a20","FUN_004d6a20"
"0044a310","FUN_0044a310","00110390","FUN_00110390"
"0044a310","FUN_0044a310","003fccc0","FUN_003fccc0"
"0044a310","FUN_0044a310","003fd440","FUN_003fd440"
"0044a310","FUN_0044a310","003fde90","FUN_003fde90"
"0044a310","FUN_0044a310","00418e50","FUN_00418e50"
"0044a310","FUN_0044a310","0044fde0","FUN_0044fde0"
"0044a310","FUN_0044a310","004521c0","FUN_004521c0"
"0044a6a0","FUN_0044a6a0","002ebd70","FUN_002ebd70"
"0044a6a0","FUN_0044a6a0","003fccd0","FUN_003fccd0"
"0044a6a0","FUN_0044a6a0","003fcdb0","FUN_003fcdb0"
"0044a6a0","FUN_0044a6a0","004d6a20","FUN_004d6a20"
"0044ac60","FUN_0044ac60","003fccc0","FUN_003fccc0"
"0044ac60","FUN_0044ac60","004521c0","FUN_004521c0"
"0044b070","FUN_0044b070","003fccc0","FUN_003fccc0"
"0044b070","FUN_0044b070","00418e50","FUN_00418e50"
"0044b070","FUN_0044b070","004521c0","FUN_004521c0"
"0044b140","FUN_0044b140","003fcd80","FUN_003fcd80"
"0044b180","FUN_0044b180","003fccd0","FUN_003fccd0"
"0044b180","FUN_0044b180","003fcdb0","FUN_003fcdb0"
"0044b1e0","FUN_0044b1e0","0044b280","FUN_0044b280"
"0044b280","FUN_0044b280","003fccc0","FUN_003fccc0"
"0044b280","FUN_0044b280","003fd440","FUN_003fd440"
"0044b280","FUN_0044b280","004c7610","FUN_004c7610"
"0044b880","FUN_0044b880","003fccd0","FUN_003fccd0"
"0044b880","FUN_0044b880","003fcdb0","FUN_003fcdb0"
"0044b8f0","FUN_0044b8f0","003fccc0","FUN_003fccc0"
"0044b8f0","FUN_0044b8f0","0044ba80","FUN_0044ba80"
"0044b8f0","FUN_0044b8f0","0044fde0","FUN_0044fde0"
"0044b980","FUN_0044b980","0044ba80","FUN_0044ba80"
"0044bba0","FUN_0044bba0","002ebd70","FUN_002ebd70"
"0044bba0","FUN_0044bba0","003fccd0","FUN_003fccd0"
"0044bba0","FUN_0044bba0","003fcdb0","FUN_003fcdb0"
"0044bc40","FUN_0044bc40","003fccc0","FUN_003fccc0"
"0044bc40","FUN_0044bc40","003fcd80","FUN_003fcd80"
"0044bd00","FUN_0044bd00","003fccc0","FUN_003fccc0"
"0044bd00","FUN_0044bd00","003fcd80","FUN_003fcd80"
"0044be40","FUN_0044be40","003fccd0","FUN_003fccd0"
"0044be40","FUN_0044be40","003fd060","FUN_003fd060"
"0044beb0","FUN_0044beb0","003fccc0","FUN_003fccc0"
"0044beb0","FUN_0044beb0","003fd440","FUN_003fd440"
"0044bf30","FUN_0044bf30","003fccc0","FUN_003fccc0"
"0044bf30","FUN_0044bf30","00448c50","FUN_00448c50"
"0044bf90","FUN_0044bf90","003fccc0","FUN_003fccc0"
"0044bf90","FUN_0044bf90","00447b30","FUN_00447b30"
"0044c150","FUN_0044c150","003fccd0","FUN_003fccd0"
"0044c150","FUN_0044c150","003fd060","FUN_003fd060"
"0044c1c0","FUN_0044c1c0","003fccc0","FUN_003fccc0"
"0044c1c0","FUN_0044c1c0","003fd440","FUN_003fd440"
"0044c3b0","FUN_0044c3b0","003fccc0","FUN_003fccc0"
"0044c3b0","FUN_0044c3b0","003fcce0","FUN_003fcce0"
"0044c4e0","FUN_0044c4e0","003fccc0","FUN_003fccc0"
"0044c4e0","FUN_0044c4e0","003fcce0","FUN_003fcce0"
"0044c570","FUN_0044c570","003fccc0","FUN_003fccc0"
"0044c570","FUN_0044c570","003fcce0","FUN_003fcce0"
"0044c5d0","FUN_0044c5d0","0010ab40","FUN_0010ab40"
"0044c5d0","FUN_0044c5d0","003fccd0","FUN_003fccd0"
"0044c5d0","FUN_0044c5d0","003fcd10","FUN_003fcd10"
"0044c650","FUN_0044c650","0044c6e0","FUN_0044c6e0"
"0044c650","FUN_0044c650","0044c760","FUN_0044c760"
"0044c6e0","FUN_0044c6e0","003e66e0","FUN_003e66e0"
"0044c6e0","FUN_0044c6e0","003e6720","FUN_003e6720"
"0044c6e0","FUN_0044c6e0","003edae0","FUN_003edae0"
"0044c6e0","FUN_0044c6e0","00484600","FUN_00484600"
"0044c760","FUN_0044c760","00108020","FUN_00108020"
"0044c760","FUN_0044c760","0010ab40","FUN_0010ab40"
"0044c9a0","FUN_0044c9a0","003fccd0","FUN_003fccd0"
"0044c9a0","FUN_0044c9a0","003fcdb0","FUN_003fcdb0"
"0044cd60","FUN_0044cd60","0019deb0","FUN_0019deb0"
"0044cd60","FUN_0044cd60","00244fa0","FUN_00244fa0"
"0044cd60","FUN_0044cd60","00245190","FUN_00245190"
"0044ced0","FUN_0044ced0","002ebd70","FUN_002ebd70"
"0044ced0","FUN_0044ced0","003fccd0","FUN_003fccd0"
"0044ced0","FUN_0044ced0","003fcdb0","FUN_003fcdb0"
"0044d390","FUN_0044d390","0044de20","FUN_0044de20"
"0044d3f0","FUN_0044d3f0","003041a0","FUN_003041a0"
"0044d3f0","FUN_0044d3f0","00304480","FUN_00304480"
"0044d440","FUN_0044d440","0019deb0","FUN_0019deb0"
"0044de20","FUN_0044de20","003fccc0","FUN_003fccc0"
"0044de20","FUN_0044de20","003fcd80","FUN_003fcd80"
"0044de20","FUN_0044de20","00418e50","FUN_00418e50"
"0044de20","FUN_0044de20","0042a160","FUN_0042a160"
"0044de20","FUN_0044de20","0042a210","FUN_0042a210"
"0044de20","FUN_0044de20","0042c9b0","FUN_0042c9b0"
"0044de20","FUN_0044de20","0042f1b0","FUN_0042f1b0"
"0044de20","FUN_0044de20","00431d40","FUN_00431d40"
"0044de20","FUN_0044de20","004321a0","FUN_004321a0"
"0044de20","FUN_0044de20","00450b60","FUN_00450b60"
"0044de20","FUN_0044de20","00550a48","FUN_00550a48"
"0044e1c0","FUN_0044e1c0","002ebd70","FUN_002ebd70"
"0044e1c0","FUN_0044e1c0","003fccd0","FUN_003fccd0"
"0044e1c0","FUN_0044e1c0","003fcdb0","FUN_003fcdb0"
"0044e3a0","FUN_0044e3a0","0029d140","FUN_0029d140"
"0044e3a0","FUN_0044e3a0","0044e5f0","FUN_0044e5f0"
"0044e5f0","FUN_0044e5f0","003fccc0","FUN_003fccc0"
"0044e5f0","FUN_0044e5f0","0042f1b0","FUN_0042f1b0"
"0044e5f0","FUN_0044e5f0","00431d40","FUN_00431d40"
"0044e5f0","FUN_0044e5f0","004321a0","FUN_004321a0"
"0044e5f0","FUN_0044e5f0","0044ef50","FUN_0044ef50"
"0044e720","FUN_0044e720","003fcd80","FUN_003fcd80"
"0044e810","FUN_0044e810","002ebd70","FUN_002ebd70"
"0044e810","FUN_0044e810","003fccd0","FUN_003fccd0"
"0044e810","FUN_0044e810","003fcdb0","FUN_003fcdb0"
"0044ee00","FUN_0044ee00","003fccc0","FUN_003fccc0"
"0044ee00","FUN_0044ee00","003fcce0","FUN_003fcce0"
"0044ee00","FUN_0044ee00","003fd440","FUN_003fd440"
"0044ef50","FUN_0044ef50","003fcd80","FUN_003fcd80"
"0044efa0","FUN_0044efa0","003fccd0","FUN_003fccd0"
"0044efa0","FUN_0044efa0","003fcdb0","FUN_003fcdb0"
"0044f060","FUN_0044f060","003fccc0","FUN_003fccc0"
"0044f060","FUN_0044f060","0042f1b0","FUN_0042f1b0"
"0044f160","FUN_0044f160","00303690","FUN_00303690"
"0044f1d0","FUN_0044f1d0","003fccc0","FUN_003fccc0"
"0044f1d0","FUN_0044f1d0","003fcd80","FUN_003fcd80"
"0044f240","FUN_0044f240","003fccd0","FUN_003fccd0"
"0044f240","FUN_0044f240","003fd060","FUN_003fd060"
"0044f2b0","FUN_0044f2b0","003fccc0","FUN_003fccc0"
"0044f2b0","FUN_0044f2b0","003fd440","FUN_003fd440"
"0044f520","FUN_0044f520","003fccd0","FUN_003fccd0"
"0044f520","FUN_0044f520","00456430","FUN_00456430"
"0044f580","FUN_0044f580","003fccc0","FUN_003fccc0"
"0044f580","FUN_0044f580","00456340","FUN_00456340"
"0044f6e0","FUN_0044f6e0","003fccc0","FUN_003fccc0"
"0044f6e0","FUN_0044f6e0","003fcd80","FUN_003fcd80"
"0044f750","FUN_0044f750","003fccc0","FUN_003fccc0"
"0044f750","FUN_0044f750","003fcce0","FUN_003fcce0"
"0044f8c0","FUN_0044f8c0","003fccd0","FUN_003fccd0"
"0044f8c0","FUN_0044f8c0","003fcd10","FUN_003fcd10"
"0044fa90","FUN_0044fa90","00248fc0","FUN_00248fc0"
"0044fd80","FUN_0044fd80","004fb600","FUN_004fb600"
"0044fd80","FUN_0044fd80","004fb6b0","FUN_004fb6b0"
"0044feb0","FUN_0044feb0","003fccd0","FUN_003fccd0"
"0044feb0","FUN_0044feb0","0044f8c0","FUN_0044f8c0"
"004506b0","FUN_004506b0","003fcce0","FUN_003fcce0"
"00450730","FUN_00450730","003fccd0","FUN_003fccd0"
"00450730","FUN_00450730","003fcd10","FUN_003fcd10"
"00450790","FUN_00450790","004fb600","FUN_004fb600"
"00450790","FUN_00450790","004fb6b0","FUN_004fb6b0"
"00450a80","FUN_00450a80","001929d0","FUN_001929d0"
"00450a80","FUN_00450a80","0019d2a0","FUN_0019d2a0"
"00450a80","FUN_00450a80","00245190","FUN_00245190"
"00450d90","FUN_00450d90","003fccd0","FUN_003fccd0"
"00450d90","FUN_00450d90","003fcdb0","FUN_003fcdb0"
"00450fa0","FUN_00450fa0","00451000","FUN_00451000"
"00451380","FUN_00451380","00450f00","FUN_00450f00"
"004514b0","FUN_004514b0","00450b60","FUN_00450b60"
"00451510","FUN_00451510","003fccd0","FUN_003fccd0"
"00451510","FUN_00451510","00450d90","FUN_00450d90"
"00451750","FUN_00451750","003fc580","FUN_003fc580"
"00451940","FUN_00451940","002ebd70","FUN_002ebd70"
"00451940","FUN_00451940","003fccd0","FUN_003fccd0"
"00451940","FUN_00451940","003fcdb0","FUN_003fcdb0"
"004519c0","FUN_004519c0","00451c10","FUN_00451c10"
"00451c10","FUN_00451c10","003fccc0","FUN_003fccc0"
"00451c10","FUN_00451c10","00407ec0","FUN_00407ec0"
"00451c10","FUN_00451c10","00450b60","FUN_00450b60"
"00452160","FUN_00452160","004517c0","FUN_004517c0"
"00452340","FUN_00452340","003fccd0","FUN_003fccd0"
"00452340","FUN_00452340","003fcdb0","FUN_003fcdb0"
"00452340","FUN_00452340","004d6a20","FUN_004d6a20"
"00452780","FUN_00452780","00452780","FUN_00452780"
"00452d50","FUN_00452d50","00452780","FUN_00452780"
"00452d50","FUN_00452d50","00452a00","FUN_00452a00"
"00452d50","FUN_00452d50","00452f10","FUN_00452f10"
"00453fa0","FUN_00453fa0","003fccd0","FUN_003fccd0"
"00453fa0","FUN_00453fa0","003fcdb0","FUN_003fcdb0"
"00453fa0","FUN_00453fa0","004d6a20","FUN_004d6a20"
"00453fa0","FUN_00453fa0","004d6a60","FUN_004d6a60"
"00454040","FUN_00454040","003fc580","FUN_003fc580"
"00454280","FUN_00454280","00455550","FUN_00455550"
"00454280","FUN_00454280","00455eb0","FUN_00455eb0"
"00454940","FUN_00454940","00454280","FUN_00454280"
"00454940","FUN_00454940","004543e0","FUN_004543e0"
"00454940","FUN_00454940","004546e0","FUN_004546e0"
"00454940","FUN_00454940","00454720","FUN_00454720"
"00456040","FUN_00456040","003fccc0","FUN_003fccc0"
"00456040","FUN_00456040","00550a48","FUN_00550a48"
"00456430","FUN_00456430","003fccd0","FUN_003fccd0"
"00456430","FUN_00456430","003fcdb0","FUN_003fcdb0"
"00456560","FUN_00456560","00456a30","FUN_00456a30"
"00456f50","FUN_00456f50","004570a0","FUN_004570a0"
"004570a0","FUN_004570a0","004575a0","FUN_004575a0"
"00457250","FUN_00457250","00244fa0","FUN_00244fa0"
"00457250","FUN_00457250","00245190","FUN_00245190"
"00457250","FUN_00457250","004575a0","FUN_004575a0"
"00457610","FUN_00457610","00456340","FUN_00456340"
"00457ac0","FUN_00457ac0","002ebd70","FUN_002ebd70"
"00457ac0","FUN_00457ac0","003fccd0","FUN_003fccd0"
"00457ac0","FUN_00457ac0","003fcdb0","FUN_003fcdb0"
"00457b40","FUN_00457b40","004fb600","FUN_004fb600"
"00457b40","FUN_00457b40","004fb6b0","FUN_004fb6b0"
"00457b90","FUN_00457b90","00457b40","FUN_00457b40"
"00457c10","FUN_00457c10","00457b40","FUN_00457b40"
"00457ca0","FUN_00457ca0","003fccc0","FUN_003fccc0"
"00457ca0","FUN_00457ca0","0044fde0","FUN_0044fde0"
"00457ca0","FUN_00457ca0","00457b40","FUN_00457b40"
"00457ca0","FUN_00457ca0","00458260","FUN_00458260"
"00458190","FUN_00458190","005884c0","FUN_005884c0"
"00458260","FUN_00458260","00458060","FUN_00458060"
"00458260","FUN_00458260","00458190","FUN_00458190"
"00458cc0","FUN_00458cc0","00458da0","FUN_00458da0"
"00458cc0","FUN_00458cc0","00459190","FUN_00459190"
"00458cc0","FUN_00458cc0","004595e0","FUN_004595e0"
"004593c0","FUN_004593c0","003de500","FUN_003de500"
"004593c0","FUN_004593c0","003e75f0","FUN_003e75f0"
"00459420","FUN_00459420","0019cc40","FUN_0019cc40"
"00459420","FUN_00459420","004830a0","FUN_004830a0"
"004598b0","FUN_004598b0","003fccc0","FUN_003fccc0"
"004598b0","FUN_004598b0","00418e50","FUN_00418e50"
"004598b0","FUN_004598b0","00456560","FUN_00456560"
"004598b0","FUN_004598b0","004597f0","FUN_004597f0"
"004598b0","FUN_004598b0","0046cbb0","FUN_0046cbb0"
"00459c40","FUN_00459c40","00459d50","FUN_00459d50"
"00459c40","FUN_00459c40","00459ea0","FUN_00459ea0"
"00459c40","FUN_00459c40","00459f30","FUN_00459f30"
"00459d50","FUN_00459d50","00263f30","FUN_00263f30"
"00459ea0","FUN_00459ea0","001a5a60","FUN_001a5a60"
"00459ea0","FUN_00459ea0","00264190","FUN_00264190"
"0045a1b0","FUN_0045a1b0","0045a2c0","FUN_0045a2c0"
"0045a1b0","FUN_0045a1b0","00550a48","FUN_00550a48"
"0045a470","FUN_0045a470","00456340","FUN_00456340"
"0045a4d0","FUN_0045a4d0","003fccd0","FUN_003fccd0"
"0045a4d0","FUN_0045a4d0","00456430","FUN_00456430"
"0045a740","FUN_0045a740","003de500","FUN_003de500"
"0045a740","FUN_0045a740","003e75f0","FUN_003e75f0"
"0045a850","FUN_0045a850","003fccd0","FUN_003fccd0"
"0045a850","FUN_0045a850","003fcdb0","FUN_003fcdb0"
"0045a8e0","FUN_0045a8e0","003a1660","FUN_003a1660"
"0045a8e0","FUN_0045a8e0","003a2090","FUN_003a2090"
"0045a8e0","FUN_0045a8e0","003a2470","FUN_003a2470"
"0045ac80","FUN_0045ac80","002ebd70","FUN_002ebd70"
"0045ac80","FUN_0045ac80","003fccd0","FUN_003fccd0"
"0045ac80","FUN_0045ac80","003fcdb0","FUN_003fcdb0"
"0045ae70","FUN_0045ae70","0016ba60","FUN_0016ba60"
"0045ae70","FUN_0045ae70","0045b130","FUN_0045b130"
"0045b130","FUN_0045b130","003fccc0","FUN_003fccc0"
"0045b130","FUN_0045b130","0042a160","FUN_0042a160"
"0045b130","FUN_0045b130","0042c9b0","FUN_0042c9b0"
"0045b130","FUN_0045b130","004321a0","FUN_004321a0"
"0045b130","FUN_0045b130","0043dda0","FUN_0043dda0"
"0045b130","FUN_0045b130","00450b60","FUN_00450b60"
"0045b130","FUN_0045b130","00453dc0","FUN_00453dc0"
"0045b420","FUN_0045b420","002ebd70","FUN_002ebd70"
"0045b420","FUN_0045b420","003fccd0","FUN_003fccd0"
"0045b420","FUN_0045b420","003fcdb0","FUN_003fcdb0"
"0045b4b0","FUN_0045b4b0","003fccc0","FUN_003fccc0"
"0045b4b0","FUN_0045b4b0","004506b0","FUN_004506b0"
"0045b4b0","FUN_0045b4b0","0045b600","FUN_0045b600"
"0045b530","FUN_0045b530","0045b600","FUN_0045b600"
"0045b600","FUN_0045b600","00110390","FUN_00110390"
"0045b820","FUN_0045b820","001018e0","FUN_001018e0"
"0045b870","FUN_0045b870","00551ea0","FUN_00551ea0"
"0045c230","FUN_0045c230","0045bc50","FUN_0045bc50"
"0045c230","FUN_0045c230","0045bf70","FUN_0045bf70"
"0045c230","FUN_0045c230","00551d58","FUN_00551d58"
"0045c740","FUN_0045c740","003fcd80","FUN_003fcd80"
"0045c8f0","FUN_0045c8f0","00248fc0","FUN_00248fc0"
"0045c8f0","FUN_0045c8f0","002ebd70","FUN_002ebd70"
"0045c8f0","FUN_0045c8f0","003fccd0","FUN_003fccd0"
"0045c8f0","FUN_0045c8f0","003fcdb0","FUN_003fcdb0"
"0045c9e0","FUN_0045c9e0","003fccc0","FUN_003fccc0"
"0045c9e0","FUN_0045c9e0","0045c740","FUN_0045c740"
"0045c9e0","FUN_0045c9e0","0045c810","FUN_0045c810"
"0045ca50","FUN_0045ca50","0019cc40","FUN_0019cc40"
"0045ca50","FUN_0045ca50","00248fc0","FUN_00248fc0"
"0045ca50","FUN_0045ca50","003eb6e0","FUN_003eb6e0"
"0045ca50","FUN_0045ca50","003eb740","FUN_003eb740"
"0045ca50","FUN_0045ca50","003edae0","FUN_003edae0"
"0045ca50","FUN_0045ca50","003ee3e0","FUN_003ee3e0"
"0045ca50","FUN_0045ca50","003fccc0","FUN_003fccc0"
"0045ca50","FUN_0045ca50","0044fde0","FUN_0044fde0"
"0045cfb0","FUN_0045cfb0","0019cc40","FUN_0019cc40"
"0045cfb0","FUN_0045cfb0","00248fc0","FUN_00248fc0"
"0045d250","FUN_0045d250","003fccd0","FUN_003fccd0"
"0045d250","FUN_0045d250","003fd060","FUN_003fd060"
"0045d2c0","FUN_0045d2c0","003fd140","FUN_003fd140"
"0045d650","FUN_0045d650","002ebd70","FUN_002ebd70"
"0045d650","FUN_0045d650","003fccd0","FUN_003fccd0"
"0045d650","FUN_0045d650","003fcdb0","FUN_003fcdb0"
"0045d700","FUN_0045d700","002ec250","FUN_002ec250"
"0045d700","FUN_0045d700","003fccc0","FUN_003fccc0"
"0045d700","FUN_0045d700","003fd360","FUN_003fd360"
"0045d700","FUN_0045d700","00450b60","FUN_00450b60"
"0045d700","FUN_0045d700","0045e7f0","FUN_0045e7f0"
"0045dc20","FUN_0045dc20","003fccc0","FUN_003fccc0"
"0045dc20","FUN_0045dc20","0045d5d0","FUN_0045d5d0"
"0045dc70","FUN_0045dc70","003fccc0","FUN_003fccc0"
"0045dc70","FUN_0045dc70","0045d0a0","FUN_0045d0a0"
"0045dc70","FUN_0045dc70","0045d170","FUN_0045d170"
"0045dd40","FUN_0045dd40","003fccc0","FUN_003fccc0"
"0045dd40","FUN_0045dd40","0045b6c0","FUN_0045b6c0"
"0045dda0","FUN_0045dda0","003fccc0","FUN_003fccc0"
"0045dda0","FUN_0045dda0","0045b320","FUN_0045b320"
"0045dda0","FUN_0045dda0","0045b3a0","FUN_0045b3a0"
"0045de30","FUN_0045de30","003fccc0","FUN_003fccc0"
"0045de30","FUN_0045de30","0045abc0","FUN_0045abc0"
"0045de90","FUN_0045de90","003fccc0","FUN_003fccc0"
"0045de90","FUN_0045de90","0045a7a0","FUN_0045a7a0"
"0045df10","FUN_0045df10","003de4f0","FUN_003de4f0"
"0045df10","FUN_0045df10","003e7590","FUN_003e7590"
"0045df70","FUN_0045df70","003fccd0","FUN_003fccd0"
"0045df70","FUN_0045df70","00456430","FUN_00456430"
"0045dfe0","FUN_0045dfe0","003fccc0","FUN_003fccc0"
"0045dfe0","FUN_0045dfe0","0045a470","FUN_0045a470"
"0045e040","FUN_0045e040","003fccd0","FUN_003fccd0"
"0045e040","FUN_0045e040","00456430","FUN_00456430"
"0045e0a0","FUN_0045e0a0","003fccc0","FUN_003fccc0"
"0045e0a0","FUN_0045e0a0","00456340","FUN_00456340"
"0045e130","FUN_0045e130","003fccc0","FUN_003fccc0"
"0045e130","FUN_0045e130","00456340","FUN_00456340"
"0045e1f0","FUN_0045e1f0","003de4f0","FUN_003de4f0"
"0045e1f0","FUN_0045e1f0","003e7590","FUN_003e7590"
"0045e250","FUN_0045e250","003fccc0","FUN_003fccc0"
"0045e250","FUN_0045e250","00456340","FUN_00456340"
"0045e2d0","FUN_0045e2d0","003fccc0","FUN_003fccc0"
"0045e2d0","FUN_0045e2d0","004579b0","FUN_004579b0"
"0045e360","FUN_0045e360","003fccd0","FUN_003fccd0"
"0045e360","FUN_0045e360","00456430","FUN_00456430"
"0045e3c0","FUN_0045e3c0","003fccc0","FUN_003fccc0"
"0045e3c0","FUN_0045e3c0","00457610","FUN_00457610"
"0045e440","FUN_0045e440","003fccc0","FUN_003fccc0"
"0045e440","FUN_0045e440","00453dc0","FUN_00453dc0"
"0045e4d0","FUN_0045e4d0","003fccc0","FUN_003fccc0"
"0045e4d0","FUN_0045e4d0","004521c0","FUN_004521c0"
"0045e550","FUN_0045e550","003fccd0","FUN_003fccd0"
"0045e550","FUN_0045e550","00451940","FUN_00451940"
"0045e5b0","FUN_0045e5b0","003fccc0","FUN_003fccc0"
"0045e5b0","FUN_0045e5b0","00452160","FUN_00452160"
"0045e610","FUN_0045e610","003fccc0","FUN_003fccc0"
"0045e610","FUN_0045e610","004517c0","FUN_004517c0"
"0045e670","FUN_0045e670","003fccc0","FUN_003fccc0"
"0045e670","FUN_0045e670","004514b0","FUN_004514b0"
"0045e6c0","FUN_0045e6c0","003fccc0","FUN_003fccc0"
"0045e6c0","FUN_0045e6c0","00450b60","FUN_00450b60"
"0045e720","FUN_0045e720","003fccc0","FUN_003fccc0"
"0045e720","FUN_0045e720","004506b0","FUN_004506b0"
"0045e780","FUN_0045e780","003fccc0","FUN_003fccc0"
"0045e780","FUN_0045e780","0044fde0","FUN_0044fde0"
"0045e990","FUN_0045e990","002ebd70","FUN_002ebd70"
"0045e990","FUN_0045e990","003fccd0","FUN_003fccd0"
"0045e990","FUN_0045e990","003fcdb0","FUN_003fcdb0"
"0045ede0","FUN_0045ede0","0045f880","FUN_0045f880"
"0045ede0","FUN_0045ede0","0045fbe0","FUN_0045fbe0"
"0045fc40","FUN_0045fc40","003fccc0","FUN_003fccc0"
"0045fc40","FUN_0045fc40","0045e7f0","FUN_0045e7f0"
"0045ff80","FUN_0045ff80","00462190","FUN_00462190"
"00460300","FUN_00460300","0045fe20","FUN_0045fe20"
"00463ca0","FUN_00463ca0","003fcce0","FUN_003fcce0"
"00463d00","FUN_00463d00","003fccd0","FUN_003fccd0"
"00463d00","FUN_00463d00","003fcd10","FUN_003fcd10"
"00467ca0","FUN_00467ca0","0010a040","FUN_0010a040"
"00467ca0","FUN_00467ca0","002ebd70","FUN_002ebd70"
"00467ca0","FUN_00467ca0","003fccd0","FUN_003fccd0"
"00467ca0","FUN_00467ca0","003fcd10","FUN_003fcd10"
"0046a7d0","FUN_0046a7d0","0010eb70","FUN_0010eb70"
"0046a7d0","FUN_0046a7d0","0010eba0","FUN_0010eba0"
"0046a7d0","FUN_0046a7d0","0010ed50","FUN_0010ed50"
"0046a7d0","FUN_0046a7d0","0010efc0","FUN_0010efc0"
"0046a7d0","FUN_0046a7d0","0010f3c0","FUN_0010f3c0"
"0046a7d0","FUN_0046a7d0","0010f480","FUN_0010f480"
"0046a7d0","FUN_0046a7d0","0010fc70","FUN_0010fc70"
"0046a7d0","FUN_0046a7d0","0022f4d0","FUN_0022f4d0"
"0046a7d0","FUN_0046a7d0","002b37a0","FUN_002b37a0"
"0046a8d0","FUN_0046a8d0","003d5b20","FUN_003d5b20"
"0046b080","FUN_0046b080","003fccc0","FUN_003fccc0"
"0046b080","FUN_0046b080","00467bc0","FUN_00467bc0"
"0046b0d0","FUN_0046b0d0","003fccc0","FUN_003fccc0"
"0046b0d0","FUN_0046b0d0","003fcce0","FUN_003fcce0"
"0046b150","FUN_0046b150","0010ab40","FUN_0010ab40"
"0046b150","FUN_0046b150","0019cc40","FUN_0019cc40"
"0046b150","FUN_0046b150","0019f7e0","FUN_0019f7e0"
"0046b150","FUN_0046b150","002ebd70","FUN_002ebd70"
"0046b150","FUN_0046b150","003fccd0","FUN_003fccd0"
"0046b150","FUN_0046b150","003fcd10","FUN_003fcd10"
"0046b240","FUN_0046b240","0010ab40","FUN_0010ab40"
"0046b240","FUN_0046b240","0019f7e0","FUN_0019f7e0"
"0046b360","FUN_0046b360","00108020","FUN_00108020"
"0046b360","FUN_0046b360","0010ab20","FUN_0010ab20"
"0046b490","FUN_0046b490","0010f200","FUN_0010f200"
"0046b490","FUN_0046b490","0013d790","FUN_0013d790"
"0046b490","FUN_0046b490","00199050","FUN_00199050"
"0046b490","FUN_0046b490","001993b0","FUN_001993b0"
"0046b490","FUN_0046b490","0019deb0","FUN_0019deb0"
"0046b490","FUN_0046b490","00244fa0","FUN_00244fa0"
"0046b490","FUN_0046b490","002b31e0","FUN_002b31e0"
"0046b490","FUN_0046b490","0046b360","FUN_0046b360"
"0046b620","FUN_0046b620","003fcd80","FUN_003fcd80"
"0046b680","FUN_0046b680","002ebd70","FUN_002ebd70"
"0046b680","FUN_0046b680","003fccd0","FUN_003fccd0"
"0046b680","FUN_0046b680","003fcdb0","FUN_003fcdb0"
"0046bf30","FUN_0046bf30","0013d790","FUN_0013d790"
"0046bf30","FUN_0046bf30","0016bc10","FUN_0016bc10"
"0046bf30","FUN_0046bf30","0016bc40","FUN_0016bc40"
"0046bf30","FUN_0046bf30","00199050","FUN_00199050"
"0046bf30","FUN_0046bf30","001993b0","FUN_001993b0"
"0046bf30","FUN_0046bf30","00199990","FUN_00199990"
"0046bf30","FUN_0046bf30","0046c0c0","FUN_0046c0c0"
"0046cbb0","FUN_0046cbb0","003fcd80","FUN_003fcd80"
"0046cc40","FUN_0046cc40","002ebd70","FUN_002ebd70"
"0046cc40","FUN_0046cc40","003fccd0","FUN_003fccd0"
"0046cc40","FUN_0046cc40","003fcdb0","FUN_003fcdb0"
"0046cc40","FUN_0046cc40","0046d3c0","FUN_0046d3c0"
"0046cd10","FUN_0046cd10","0046d1b0","FUN_0046d1b0"
"0046cd10","FUN_0046cd10","0046d630","FUN_0046d630"
"0046d030","FUN_0046d030","001410b0","FUN_001410b0"
"0046d030","FUN_0046d030","001993b0","FUN_001993b0"
"0046d030","FUN_0046d030","00199990","FUN_00199990"
"0046d030","FUN_0046d030","00264190","FUN_00264190"
"0046d030","FUN_0046d030","002641d0","FUN_002641d0"
"0046d3c0","FUN_0046d3c0","00264190","FUN_00264190"
"0046d3c0","FUN_0046d3c0","002641d0","FUN_002641d0"
"0046d3c0","FUN_0046d3c0","0027dcb0","FUN_0027dcb0"
"0046d8e0","FUN_0046d8e0","001e0a50","FUN_001e0a50"
"0046d8e0","FUN_0046d8e0","002ebd70","FUN_002ebd70"
"0046d8e0","FUN_0046d8e0","003fccd0","FUN_003fccd0"
"0046d8e0","FUN_0046d8e0","003fcdb0","FUN_003fcdb0"
"00470800","FUN_00470800","002ebd70","FUN_002ebd70"
"00470800","FUN_00470800","003fccd0","FUN_003fccd0"
"00470800","FUN_00470800","003fcdb0","FUN_003fcdb0"
"004709e0","FUN_004709e0","00471700","FUN_00471700"
"004709e0","FUN_004709e0","004812d0","FUN_004812d0"
"00471b00","FUN_00471b00","003fccc0","FUN_003fccc0"
"00471b00","FUN_00471b00","00470700","FUN_00470700"
"00471b60","FUN_00471b60","003fccc0","FUN_003fccc0"
"00471b60","FUN_00471b60","0046d810","FUN_0046d810"
"00471bb0","FUN_00471bb0","003fccc0","FUN_003fccc0"
"00471bb0","FUN_00471bb0","003fcd80","FUN_003fcd80"
"00471c60","FUN_00471c60","003fccc0","FUN_003fccc0"
"00471c60","FUN_00471c60","003fcd80","FUN_003fcd80"
"00471ce0","FUN_00471ce0","003fccc0","FUN_003fccc0"
"00471ce0","FUN_00471ce0","003fcce0","FUN_003fcce0"
"00471d70","FUN_00471d70","003fcce0","FUN_003fcce0"
"00471db0","FUN_00471db0","0010ab40","FUN_0010ab40"
"00471db0","FUN_00471db0","003fccd0","FUN_003fccd0"
"00471db0","FUN_00471db0","003fcd10","FUN_003fcd10"
"00471e30","FUN_00471e30","0010ab40","FUN_0010ab40"
"00471ec0","FUN_00471ec0","00471f00","FUN_00471f00"
"00471f00","FUN_00471f00","00108020","FUN_00108020"
"00471f00","FUN_00471f00","0010ab20","FUN_0010ab20"
"00471ff0","FUN_00471ff0","003fccd0","FUN_003fccd0"
"00471ff0","FUN_00471ff0","003fcd10","FUN_003fcd10"
"00472050","FUN_00472050","001024d0","FUN_001024d0"
"00472050","FUN_00472050","00472290","FUN_00472290"
"00472310","FUN_00472310","003fcd80","FUN_003fcd80"
"004723b0","FUN_004723b0","003fccd0","FUN_003fccd0"
"004723b0","FUN_004723b0","003fcdb0","FUN_003fcdb0"
"00472450","FUN_00472450","0019de60","FUN_0019de60"
"00472610","FUN_00472610","0019cc40","FUN_0019cc40"
"00472610","FUN_00472610","003fccc0","FUN_003fccc0"
"00472610","FUN_00472610","003fcce0","FUN_003fcce0"
"00472a10","FUN_00472a10","003fccd0","FUN_003fccd0"
"00472a10","FUN_00472a10","003fcd10","FUN_003fcd10"
"00472f40","FUN_00472f40","0010a040","FUN_0010a040"
"00472f40","FUN_00472f40","0010ab40","FUN_0010ab40"
"00472f40","FUN_00472f40","002ebd70","FUN_002ebd70"
"00472f40","FUN_00472f40","003fccd0","FUN_003fccd0"
"00472f40","FUN_00472f40","003fcd10","FUN_003fcd10"
"00473060","FUN_00473060","0010ab40","FUN_0010ab40"
"00473060","FUN_00473060","00473d70","FUN_00473d70"
"00473d30","FUN_00473d30","002ebd70","FUN_002ebd70"
"00474520","FUN_00474520","00472b80","FUN_00472b80"
"00474580","FUN_00474580","00472df0","FUN_00472df0"
"004745d0","FUN_004745d0","00472b80","FUN_00472b80"
"00474620","FUN_00474620","00472df0","FUN_00472df0"
"00474670","FUN_00474670","00472b80","FUN_00472b80"
"00474770","FUN_00474770","0010a040","FUN_0010a040"
"00474770","FUN_00474770","002ebd70","FUN_002ebd70"
"00474770","FUN_00474770","003fccd0","FUN_003fccd0"
"00474770","FUN_00474770","003fcdb0","FUN_003fcdb0"
"00475410","FUN_00475410","0010ab40","FUN_0010ab40"
"00475410","FUN_00475410","003fccd0","FUN_003fccd0"
"00475410","FUN_00475410","003fcd10","FUN_003fcd10"
"00475860","FUN_00475860","0010ab40","FUN_0010ab40"
"004758e0","FUN_004758e0","00550a48","FUN_00550a48"
"004762b0","FUN_004762b0","001410b0","FUN_001410b0"
"004762b0","FUN_004762b0","0019a1a0","FUN_0019a1a0"
"004762b0","FUN_004762b0","0019cc40","FUN_0019cc40"
"00476380","FUN_00476380","003fccc0","FUN_003fccc0"
"00476380","FUN_00476380","00475370","FUN_00475370"
"004763d0","FUN_004763d0","003fccc0","FUN_003fccc0"
"004763d0","FUN_004763d0","004746d0","FUN_004746d0"
"00476420","FUN_00476420","003fccd0","FUN_003fccd0"
"00476420","FUN_00476420","00472f40","FUN_00472f40"
"00476480","FUN_00476480","003fccc0","FUN_003fccc0"
"00476480","FUN_00476480","004745d0","FUN_004745d0"
"00476480","FUN_00476480","00474620","FUN_00474620"
"00476530","FUN_00476530","003fccd0","FUN_003fccd0"
"00476530","FUN_00476530","00472f40","FUN_00472f40"
"00476590","FUN_00476590","003fccc0","FUN_003fccc0"
"00476590","FUN_00476590","00474520","FUN_00474520"
"00476590","FUN_00476590","00474580","FUN_00474580"
"00476640","FUN_00476640","003fccc0","FUN_003fccc0"
"00476640","FUN_00476640","00472b80","FUN_00472b80"
"00476640","FUN_00476640","00472df0","FUN_00472df0"
"004766e0","FUN_004766e0","003fccc0","FUN_003fccc0"
"004766e0","FUN_004766e0","004729a0","FUN_004729a0"
"00476780","FUN_00476780","003fccc0","FUN_003fccc0"
"00476780","FUN_00476780","00472310","FUN_00472310"
"004767c0","FUN_004767c0","003fccc0","FUN_003fccc0"
"004767c0","FUN_004767c0","00471f80","FUN_00471f80"
"00476810","FUN_00476810","003fccc0","FUN_003fccc0"
"00476810","FUN_00476810","00471d70","FUN_00471d70"
"00476850","FUN_00476850","00101700","FUN_00101700"
"00476850","FUN_00476850","004768a0","FUN_004768a0"
"004768a0","FUN_004768a0","004768d0","FUN_004768d0"
"00476b40","FUN_00476b40","003fcd80","FUN_003fcd80"
"00476bf0","FUN_00476bf0","002ebd70","FUN_002ebd70"
"00476bf0","FUN_00476bf0","003fccd0","FUN_003fccd0"
"00476bf0","FUN_00476bf0","003fcdb0","FUN_003fcdb0"
"00476e50","FUN_00476e50","00550a48","FUN_00550a48"
"00477590","FUN_00477590","003fcd80","FUN_003fcd80"
"00477600","FUN_00477600","002ebd70","FUN_002ebd70"
"00477600","FUN_00477600","003fccd0","FUN_003fccd0"
"00477600","FUN_00477600","003fcdb0","FUN_003fcdb0"
"00477da0","FUN_00477da0","003fcd80","FUN_003fcd80"
"00477de0","FUN_00477de0","003fccd0","FUN_003fccd0"
"00477de0","FUN_00477de0","003fcdb0","FUN_003fcdb0"
"00477fd0","FUN_00477fd0","003fccc0","FUN_003fccc0"
"00477fd0","FUN_00477fd0","00450b60","FUN_00450b60"
"00477fd0","FUN_00477fd0","00478240","FUN_00478240"
"00478050","FUN_00478050","00478240","FUN_00478240"
"00478240","FUN_00478240","0029d140","FUN_0029d140"
"00478320","FUN_00478320","003fccc0","FUN_003fccc0"
"00478320","FUN_00478320","003fcd80","FUN_003fcd80"
"00478380","FUN_00478380","003fccc0","FUN_003fccc0"
"00478380","FUN_00478380","003fcd80","FUN_003fcd80"
"00478410","FUN_00478410","003fccc0","FUN_003fccc0"
"00478410","FUN_00478410","003fcd80","FUN_003fcd80"
"004784e0","FUN_004784e0","004785e0","FUN_004785e0"
"0047a4a0","FUN_0047a4a0","003de500","FUN_003de500"
"0047a4a0","FUN_0047a4a0","003e6ed0","FUN_003e6ed0"
"0047c890","FUN_0047c890","003de500","FUN_003de500"
"0047c890","FUN_0047c890","003e75f0","FUN_003e75f0"
"0047c8f0","FUN_0047c8f0","003de500","FUN_003de500"
"0047c8f0","FUN_0047c8f0","003e75f0","FUN_003e75f0"
"0047d260","FUN_0047d260","0047d290","FUN_0047d290"
"0047d6a0","FUN_0047d6a0","0047d810","FUN_0047d810"
"0047d6a0","FUN_0047d6a0","0047d8e0","FUN_0047d8e0"
"0047e160","FUN_0047e160","0047dee0","FUN_0047dee0"
"0047e2a0","FUN_0047e2a0","0047ec30","FUN_0047ec30"
"0047f330","FUN_0047f330","003de500","FUN_003de500"
"0047f330","FUN_0047f330","003df0e0","FUN_003df0e0"
"0047f390","FUN_0047f390","003de500","FUN_003de500"
"0047f390","FUN_0047f390","003df0e0","FUN_003df0e0"
"0047f3f0","FUN_0047f3f0","003de500","FUN_003de500"
"0047f3f0","FUN_0047f3f0","003df0e0","FUN_003df0e0"
"0047f450","FUN_0047f450","003de500","FUN_003de500"
"0047f450","FUN_0047f450","003df0e0","FUN_003df0e0"
"00480710","FUN_00480710","003de500","FUN_003de500"
"00480710","FUN_00480710","003e0ed0","FUN_003e0ed0"
"00480770","FUN_00480770","003de500","FUN_003de500"
"00480770","FUN_00480770","003e0ed0","FUN_003e0ed0"
"004807d0","FUN_004807d0","0047b3c0","FUN_0047b3c0"
"00480d90","FUN_00480d90","003de4a0","FUN_003de4a0"
"00480d90","FUN_00480d90","003de500","FUN_003de500"
"00480df0","FUN_00480df0","003de4a0","FUN_003de4a0"
"00480df0","FUN_00480df0","003de500","FUN_003de500"
"004815e0","FUN_004815e0","0019cc40","FUN_0019cc40"
"004815e0","FUN_004815e0","0025f7d0","FUN_0025f7d0"
"00481780","FUN_00481780","0045fe20","FUN_0045fe20"
"00481880","FUN_00481880","00460140","FUN_00460140"
"00481930","FUN_00481930","004602b0","FUN_004602b0"
"004819a0","FUN_004819a0","004602b0","FUN_004602b0"
"00481a10","FUN_00481a10","004602b0","FUN_004602b0"
"00481a80","FUN_00481a80","0045ff80","FUN_0045ff80"
"00481a80","FUN_00481a80","004602b0","FUN_004602b0"
"00481b60","FUN_00481b60","0045ff80","FUN_0045ff80"
"00481bc0","FUN_00481bc0","0045ff80","FUN_0045ff80"
"00481bc0","FUN_00481bc0","004602b0","FUN_004602b0"
"00481c80","FUN_00481c80","0019cc40","FUN_0019cc40"
"00481c80","FUN_00481c80","0045ff80","FUN_0045ff80"
"00481cf0","FUN_00481cf0","0045ff80","FUN_0045ff80"
"00481d50","FUN_00481d50","0045ff80","FUN_0045ff80"
"00481db0","FUN_00481db0","00102570","FUN_00102570"
"00481db0","FUN_00481db0","001025d0","FUN_001025d0"
"00481db0","FUN_00481db0","005519c0","FUN_005519c0"
"00481e90","FUN_00481e90","003fccc0","FUN_003fccc0"
"00481e90","FUN_00481e90","00405e00","FUN_00405e00"
"00481e90","FUN_00481e90","004601e0","FUN_004601e0"
"00481e90","FUN_00481e90","004602b0","FUN_004602b0"
"00481e90","FUN_00481e90","00475370","FUN_00475370"
"00482080","FUN_00482080","001929d0","FUN_001929d0"
"00482080","FUN_00482080","00405e00","FUN_00405e00"
"00482080","FUN_00482080","004602b0","FUN_004602b0"
"00482810","FUN_00482810","00478660","FUN_00478660"
"00482810","FUN_00482810","0047f4b0","FUN_0047f4b0"
"00482810","FUN_00482810","004831e0","FUN_004831e0"
"00482810","FUN_00482810","00595c20","FUN_00595c20"
"00482970","FUN_00482970","0019de60","FUN_0019de60"
"00482970","FUN_00482970","00595c20","FUN_00595c20"
"00482fd0","FUN_00482fd0","001a00c0","FUN_001a00c0"
"00482fd0","FUN_00482fd0","001a0180","FUN_001a0180"
"00483050","FUN_00483050","001a00c0","FUN_001a00c0"
"00483050","FUN_00483050","001a0180","FUN_001a0180"
"004831e0","FUN_004831e0","003fcc50","FUN_003fcc50"
"004831e0","FUN_004831e0","0045ff80","FUN_0045ff80"
"004831e0","FUN_004831e0","00483420","FUN_00483420"
"00483420","FUN_00483420","003fcc50","FUN_003fcc50"
"00483420","FUN_00483420","0045ff80","FUN_0045ff80"
"00483c40","FUN_00483c40","0045ff80","FUN_0045ff80"
"00484d10","FUN_00484d10","003de480","FUN_003de480"
"00484d10","FUN_00484d10","003de4f0","FUN_003de4f0"
"00484d90","FUN_00484d90","003de480","FUN_003de480"
"00484d90","FUN_00484d90","003de4f0","FUN_003de4f0"
"00484e00","FUN_00484e00","003de4f0","FUN_003de4f0"
"00484e00","FUN_00484e00","003e0df0","FUN_003e0df0"
"00484e80","FUN_00484e80","003de4f0","FUN_003de4f0"
"00484e80","FUN_00484e80","003e0df0","FUN_003e0df0"
"00484f20","FUN_00484f20","003de4f0","FUN_003de4f0"
"00484f20","FUN_00484f20","003df090","FUN_003df090"
"00484fa0","FUN_00484fa0","003de4f0","FUN_003de4f0"
"00484fa0","FUN_00484fa0","003df090","FUN_003df090"
"00485020","FUN_00485020","003de4f0","FUN_003de4f0"
"00485020","FUN_00485020","003df090","FUN_003df090"
"004850a0","FUN_004850a0","003de4f0","FUN_003de4f0"
"004850a0","FUN_004850a0","003df090","FUN_003df090"
"00485210","FUN_00485210","003de4f0","FUN_003de4f0"
"00485210","FUN_00485210","003e7590","FUN_003e7590"
"00485280","FUN_00485280","003de4f0","FUN_003de4f0"
"00485280","FUN_00485280","003e6e50","FUN_003e6e50"
"004852e0","FUN_004852e0","003d4340","FUN_003d4340"
"004852e0","FUN_004852e0","003d4f00","FUN_003d4f00"
"004852e0","FUN_004852e0","004853b0","FUN_004853b0"
"004852e0","FUN_004852e0","004894e0","FUN_004894e0"
"00485360","FUN_00485360","003d4700","FUN_003d4700"
"00485370","FUN_00485370","003d4db0","FUN_003d4db0"
"00485370","FUN_00485370","004853b0","FUN_004853b0"
"004853b0","FUN_004853b0","003d4850","FUN_003d4850"
"00489380","FUN_00489380","00339098","FUN_00339098"
"00489620","FUN_00489620","00489690","FUN_00489690"
"00489690","FUN_00489690","00489740","FUN_00489740"
"00489690","FUN_00489690","004898d0","FUN_004898d0"
"00489690","FUN_00489690","0048a0d0","FUN_0048a0d0"
"00489690","FUN_00489690","0048b2f0","FUN_0048b2f0"
"00489690","FUN_00489690","0048cd60","FUN_0048cd60"
"00489690","FUN_00489690","0048ced0","thunk_FUN_0048cd00"
"00489690","FUN_00489690","0048cef0","FUN_0048cef0"
"00489740","FUN_00489740","0027b440","FUN_0027b440"
"00489740","FUN_00489740","0027b460","FUN_0027b460"
"00489740","FUN_00489740","0027b480","FUN_0027b480"
"004898d0","FUN_004898d0","0053b968","FUN_0053b968"
"0048a880","FUN_0048a880","0048bc00","FUN_0048bc00"
"0048bb00","FUN_0048bb00","0048b360","FUN_0048b360"
"0048bb00","FUN_0048bb00","0048e120","FUN_0048e120"
"0048bb00","FUN_0048bb00","00511f60","FUN_00511f60"
"0048be40","FUN_0048be40","001018e0","FUN_001018e0"
"0048bea0","FUN_0048bea0","001018e0","FUN_001018e0"
"0048c090","FUN_0048c090","0034eaf8","FUN_0034eaf8"
"0048cd70","FUN_0048cd70","0048d000","FUN_0048d000"
"0048cd70","FUN_0048cd70","0048d060","FUN_0048d060"
"0048cd70","FUN_0048cd70","0048d0b0","FUN_0048d0b0"
"0048cf00","FUN_0048cf00","0048cb80","FUN_0048cb80"
"0048d000","FUN_0048d000","0048cf00","FUN_0048cf00"
"0048d060","FUN_0048d060","0048cf00","FUN_0048cf00"
"0048d0b0","FUN_0048d0b0","0048cf00","FUN_0048cf00"
"0048d7c8","FUN_0048d7c8","0033ec80","FUN_0033ec80"
"0048e970","FUN_0048e970","001018e0","FUN_001018e0"
"0048eaf0","FUN_0048eaf0","0048edc0","FUN_0048edc0"
"0048eaf0","FUN_0048eaf0","0048ee70","FUN_0048ee70"
"0048eaf0","FUN_0048eaf0","0048f210","FUN_0048f210"
"0048eaf0","FUN_0048eaf0","0048f300","FUN_0048f300"
"0048eaf0","FUN_0048eaf0","00550a48","FUN_00550a48"
"0048ec20","FUN_0048ec20","0048ee30","FUN_0048ee30"
"0048ec20","FUN_0048ec20","0048eec0","FUN_0048eec0"
"0048ec20","FUN_0048ec20","0048f300","FUN_0048f300"
"0048ec20","FUN_0048ec20","00550a48","FUN_00550a48"
"0048edc0","FUN_0048edc0","0048f210","FUN_0048f210"
"0048efa0","FUN_0048efa0","0019de60","FUN_0019de60"
"0048efa0","FUN_0048efa0","0048f170","FUN_0048f170"
"0048f170","FUN_0048f170","0048f210","FUN_0048f210"
"0048f170","FUN_0048f170","0048f300","FUN_0048f300"
"0048f210","FUN_0048f210","0019cc40","FUN_0019cc40"
"0048f210","FUN_0048f210","0019fa20","FUN_0019fa20"
"0048f210","FUN_0048f210","0026ba60","FUN_0026ba60"
"0048f210","FUN_0048f210","002ebd70","FUN_002ebd70"
"0048f210","FUN_0048f210","00481330","FUN_00481330"
"004900b0","FUN_004900b0","00490050","FUN_00490050"
"00490340","FUN_00490340","004f6d10","FUN_004f6d10"
"00490390","FUN_00490390","00490050","FUN_00490050"
"00490390","FUN_00490390","004903d0","FUN_004903d0"
"004903d0","FUN_004903d0","00491490","FUN_00491490"
"00490800","FUN_00490800","004908b0","FUN_004908b0"
"00490b00","FUN_00490b00","00490b40","FUN_00490b40"
"00491490","FUN_00491490","00491530","FUN_00491530"
"004914e0","FUN_004914e0","00491530","FUN_00491530"
"004914e0","FUN_004914e0","004915c0","FUN_004915c0"
"00492890","FUN_00492890","00493a60","FUN_00493a60"
"00492890","FUN_00492890","00493b20","FUN_00493b20"
"00492890","FUN_00492890","00493c90","FUN_00493c90"
"00492890","FUN_00492890","00493eb0","FUN_00493eb0"
"00492890","FUN_00492890","00494340","FUN_00494340"
"00492890","FUN_00492890","00494ea0","FUN_00494ea0"
"00492c70","FUN_00492c70","00493a60","FUN_00493a60"
"00492c70","FUN_00492c70","00494340","FUN_00494340"
"00492c70","FUN_00492c70","00494da0","FUN_00494da0"
"004930e0","FUN_004930e0","00493a60","FUN_00493a60"
"004930e0","FUN_004930e0","00494340","FUN_00494340"
"004930e0","FUN_004930e0","00494ea0","FUN_00494ea0"
"00493470","FUN_00493470","00493a60","FUN_00493a60"
"00493470","FUN_00493470","00493b20","FUN_00493b20"
"00493470","FUN_00493470","00493b60","FUN_00493b60"
"00493470","FUN_00493470","00494340","FUN_00494340"
"00493470","FUN_00493470","00494ea0","FUN_00494ea0"
"00493760","FUN_00493760","00493820","FUN_00493820"
"00493760","FUN_00493760","00496430","FUN_00496430"
"00493760","FUN_00493760","00496510","FUN_00496510"
"00493760","FUN_00493760","004f6d00","FUN_004f6d00"
"00493760","FUN_00493760","004f75d0","FUN_004f75d0"
"004939c0","FUN_004939c0","003fcce0","FUN_003fcce0"
"004939c0","FUN_004939c0","004e55e0","FUN_004e55e0"
"00493b20","FUN_00493b20","004f6d00","FUN_004f6d00"
"00493b20","FUN_00493b20","004f8850","FUN_004f8850"
"004948f0","FUN_004948f0","002ebd70","FUN_002ebd70"
"004948f0","FUN_004948f0","003de4a0","FUN_003de4a0"
"004948f0","FUN_004948f0","003de500","FUN_003de500"
"00495020","FUN_00495020","0013d790","FUN_0013d790"
"004950f0","FUN_004950f0","004900b0","FUN_004900b0"
"004952d0","FUN_004952d0","0048efa0","FUN_0048efa0"
"004952d0","FUN_004952d0","00491050","FUN_00491050"
"00496780","FUN_00496780","00496800","FUN_00496800"
"00496780","FUN_00496780","00497770","FUN_00497770"
"00496780","FUN_00496780","00498710","FUN_00498710"
"00499800","FUN_00499800","003fccd0","FUN_003fccd0"
"00499800","FUN_00499800","003fd060","FUN_003fd060"
"00499870","FUN_00499870","003fccc0","FUN_003fccc0"
"00499870","FUN_00499870","003fde90","FUN_003fde90"
"00499940","FUN_00499940","00233110","FUN_00233110"
"00499940","FUN_00499940","00233270","FUN_00233270"
"00499940","FUN_00499940","002333d0","FUN_002333d0"
"00499940","FUN_00499940","003c73c0","FUN_003c73c0"
"00499940","FUN_00499940","005517a8","FUN_005517a8"
"00499940","FUN_00499940","00551ea0","FUN_00551ea0"
"00499940","FUN_00499940","005520f0","FUN_005520f0"
"00499a20","FUN_00499a20","00316560","FUN_00316560"
"0049af80","FUN_0049af80","002f9de0","FUN_002f9de0"
"0049af80","FUN_0049af80","00316560","FUN_00316560"
"004a08d0","FUN_004a08d0","00337e68","FUN_00337e68"
"004a0d60","FUN_004a0d60","0037cc58","FUN_0037cc58"
"004a0d60","FUN_004a0d60","0037cca0","FUN_0037cca0"
"004a0e10","FUN_004a0e10","001018e0","FUN_001018e0"
"004a3470","FUN_004a3470","004a34f0","FUN_004a34f0"
"004a34a0","FUN_004a34a0","001018e0","FUN_001018e0"
"004a3520","FUN_004a3520","00556b60","FUN_00556b60"
"004a3570","FUN_004a3570","001018e0","FUN_001018e0"
"004a3570","FUN_004a3570","00556af0","FUN_00556af0"
"004a3760","FUN_004a3760","004a37a0","FUN_004a37a0"
"004a4140","FUN_004a4140","0037cc58","FUN_0037cc58"
"004a4140","FUN_004a4140","0037cca0","FUN_0037cca0"
"004a4310","FUN_004a4310","001018e0","FUN_001018e0"
"004a4390","FUN_004a4390","00301080","FUN_00301080"
"004a4390","FUN_004a4390","00301680","FUN_00301680"
"004a4390","FUN_004a4390","003016d0","FUN_003016d0"
"004a4390","FUN_004a4390","003016f0","FUN_003016f0"
"004a4390","FUN_004a4390","00345d00","FUN_00345d00"
"004a4a10","FUN_004a4a10","0037c988","FUN_0037c988"
"004a4a50","FUN_004a4a50","00379358","FUN_00379358"
"004a4b30","FUN_004a4b30","0037c988","FUN_0037c988"
"004a4bf0","FUN_004a4bf0","0037e2b0","FUN_0037e2b0"
"004a4bf0","FUN_004a4bf0","004a4cc0","FUN_004a4cc0"
"004a4c50","FUN_004a4c50","00346720","FUN_00346720"
"004a4c50","FUN_004a4c50","0037e2b0","FUN_0037e2b0"
"004a4c50","FUN_004a4c50","004a4d20","FUN_004a4d20"
"004a5750","FUN_004a5750","003d40d0","FUN_003d40d0"
"004a5790","FUN_004a5790","001018e0","FUN_001018e0"
"004a5790","FUN_004a5790","003d40e0","FUN_003d40e0"
"004a5790","FUN_004a5790","003d4150","FUN_003d4150"
"004a5800","FUN_004a5800","0010eb40","FUN_0010eb40"
"004a5800","FUN_004a5800","0010eba0","FUN_0010eba0"
"004a5800","FUN_004a5800","0025fc10","FUN_0025fc10"
"004a5800","FUN_004a5800","002601e0","FUN_002601e0"
"004a5800","FUN_004a5800","004a6180","FUN_004a6180"
"004a5800","FUN_004a5800","004a6260","FUN_004a6260"
"004a5800","FUN_004a5800","004a6b70","FUN_004a6b70"
"004a5800","FUN_004a5800","004a7fa0","FUN_004a7fa0"
"004a5800","FUN_004a5800","004a8f30","FUN_004a8f30"
"004a5800","FUN_004a5800","004aac50","FUN_004aac50"
"004a5800","FUN_004a5800","00509da0","FUN_00509da0"
"004a5a40","FUN_004a5a40","002e0c50","FUN_002e0c50"
"004a5a40","FUN_004a5a40","004a6c20","FUN_004a6c20"
"004a6180","FUN_004a6180","003350f0","FUN_003350f0"
"004a6180","FUN_004a6180","003353e8","FUN_003353e8"
"004a6180","FUN_004a6180","00335648","FUN_00335648"
"004a6180","FUN_004a6180","00509da0","FUN_00509da0"
"004a6260","FUN_004a6260","004a8930","FUN_004a8930"
"004a6b70","FUN_004a6b70","004a9310","FUN_004a9310"
"004a6b70","FUN_004a6b70","004b55e0","FUN_004b55e0"
"004a6b70","FUN_004a6b70","004b65b0","FUN_004b65b0"
"004a6b70","FUN_004a6b70","004b7c00","FUN_004b7c00"
"004a6b70","FUN_004a6b70","004b8a40","FUN_004b8a40"
"004a7fa0","FUN_004a7fa0","004a82c0","FUN_004a82c0"
"004a8930","FUN_004a8930","003392a0","FUN_003392a0"
"004a9310","FUN_004a9310","004a82c0","FUN_004a82c0"
"004a9310","FUN_004a9310","004a9b20","FUN_004a9b20"
"004a9310","FUN_004a9310","004a9c50","FUN_004a9c50"
"004a9310","FUN_004a9310","004aa170","FUN_004aa170"
"004a9310","FUN_004a9310","004aa480","FUN_004aa480"
"004a9b20","FUN_004a9b20","004a82c0","FUN_004a82c0"
"004a9b20","FUN_004a9b20","004a8d10","FUN_004a8d10"
"004a9b20","FUN_004a9b20","004a9920","FUN_004a9920"
"004a9b20","FUN_004a9b20","00550a48","FUN_00550a48"
"004aa560","FUN_004aa560","003d4290","FUN_003d4290"
"004aa560","FUN_004aa560","004ac1e0","FUN_004ac1e0"
"004aa560","FUN_004aa560","00509850","FUN_00509850"
"004aaa30","FUN_004aaa30","001079d0","FUN_001079d0"
"004abd20","FUN_004abd20","003d41a0","FUN_003d41a0"
"004abd20","FUN_004abd20","003d4290","FUN_003d4290"
"004abd20","FUN_004abd20","003d42b0","FUN_003d42b0"
"004abd20","FUN_004abd20","00556a50","FUN_00556a50"
"004abd80","FUN_004abd80","001018e0","FUN_001018e0"
"004abd80","FUN_004abd80","003d40e0","FUN_003d40e0"
"004abde0","FUN_004abde0","003d40d0","FUN_003d40d0"
"004ac170","FUN_004ac170","003d41a0","FUN_003d41a0"
"004ac2e0","FUN_004ac2e0","004abfe0","FUN_004abfe0"
"004ac350","FUN_004ac350","001018e0","FUN_001018e0"
"004ac350","FUN_004ac350","003d40e0","FUN_003d40e0"
"004ac3b0","FUN_004ac3b0","003d40d0","FUN_003d40d0"
"004ac3e0","FUN_004ac3e0","001018e0","FUN_001018e0"
"004ac3e0","FUN_004ac3e0","003d40e0","FUN_003d40e0"
"004ac3e0","FUN_004ac3e0","003d4150","FUN_003d4150"
"004ac450","FUN_004ac450","003d40d0","FUN_003d40d0"
"004ac480","FUN_004ac480","001018e0","FUN_001018e0"
"004ac480","FUN_004ac480","003d40e0","FUN_003d40e0"
"004ac4e0","FUN_004ac4e0","003d40d0","FUN_003d40d0"
"004ac510","FUN_004ac510","001018e0","FUN_001018e0"
"004ac510","FUN_004ac510","003d4150","FUN_003d4150"
"004ac570","FUN_004ac570","003d4130","FUN_003d4130"
"004ac700","FUN_004ac700","0034eaf8","FUN_0034eaf8"
"004ad2b0","FUN_004ad2b0","0034eaf8","FUN_0034eaf8"
"004addb0","FUN_004addb0","00589f80","FUN_00589f80"
"004ae170","FUN_004ae170","002ebd70","FUN_002ebd70"
"004ae170","FUN_004ae170","003fccd0","FUN_003fccd0"
"004ae170","FUN_004ae170","003fcdb0","FUN_003fcdb0"
"004ae370","FUN_004ae370","004ae920","FUN_004ae920"
"004aedd0","FUN_004aedd0","002ebd70","FUN_002ebd70"
"004aedd0","FUN_004aedd0","003fccd0","FUN_003fccd0"
"004aedd0","FUN_004aedd0","003fcdb0","FUN_003fcdb0"
"004af2a0","FUN_004af2a0","002ebd70","FUN_002ebd70"
"004af2a0","FUN_004af2a0","003fccd0","FUN_003fccd0"
"004af2a0","FUN_004af2a0","003fcdb0","FUN_003fcdb0"
"004af330","FUN_004af330","003be680","FUN_003be680"
"004af330","FUN_004af330","003fccc0","FUN_003fccc0"
"004af330","FUN_004af330","00418e50","FUN_00418e50"
"004af440","FUN_004af440","003be680","FUN_003be680"
"004af440","FUN_004af440","003fccc0","FUN_003fccc0"
"004af720","FUN_004af720","003fcd80","FUN_003fcd80"
"004af7e0","FUN_004af7e0","002ebd70","FUN_002ebd70"
"004af7e0","FUN_004af7e0","003fccd0","FUN_003fccd0"
"004af7e0","FUN_004af7e0","003fcdb0","FUN_003fcdb0"
"004af7e0","FUN_004af7e0","004d6a20","FUN_004d6a20"
"004b07f0","FUN_004b07f0","003fccc0","FUN_003fccc0"
"004b07f0","FUN_004b07f0","003fcd80","FUN_003fcd80"
"004b0bc0","FUN_004b0bc0","002ebd70","FUN_002ebd70"
"004b0bc0","FUN_004b0bc0","003fccd0","FUN_003fccd0"
"004b0bc0","FUN_004b0bc0","003fcdb0","FUN_003fcdb0"
"004b0d90","FUN_004b0d90","003fccc0","FUN_003fccc0"
"004b0d90","FUN_004b0d90","004321a0","FUN_004321a0"
"004b0d90","FUN_004b0d90","004b0f30","FUN_004b0f30"
"004b0e20","FUN_004b0e20","003fccc0","FUN_003fccc0"
"004b0e20","FUN_004b0e20","003fcd80","FUN_003fcd80"
"004b0e20","FUN_004b0e20","004b0f30","FUN_004b0f30"
"004b1090","FUN_004b1090","0034eaf8","FUN_0034eaf8"
"004b1c10","FUN_004b1c10","003fcd80","FUN_003fcd80"
"004b1c60","FUN_004b1c60","003fccd0","FUN_003fccd0"
"004b1c60","FUN_004b1c60","003fcdb0","FUN_003fcdb0"
"004b1cc0","FUN_004b1cc0","003fccc0","FUN_003fccc0"
"004b1cc0","FUN_004b1cc0","004b1c10","FUN_004b1c10"
"004b1d00","FUN_004b1d00","003fccc0","FUN_003fccc0"
"004b1d00","FUN_004b1d00","004b1dd0","FUN_004b1dd0"
"004b1d00","FUN_004b1d00","004b2f70","FUN_004b2f70"
"004b1d70","FUN_004b1d70","003fccc0","FUN_003fccc0"
"004b1d70","FUN_004b1d70","004b1dd0","FUN_004b1dd0"
"004b1d70","FUN_004b1d70","004b2f70","FUN_004b2f70"
"004b2030","FUN_004b2030","003fcd80","FUN_003fcd80"
"004b2080","FUN_004b2080","003fccd0","FUN_003fccd0"
"004b2080","FUN_004b2080","003fcdb0","FUN_003fcdb0"
"004b20e0","FUN_004b20e0","003fccc0","FUN_003fccc0"
"004b20e0","FUN_004b20e0","004b2030","FUN_004b2030"
"004b2120","FUN_004b2120","003fccc0","FUN_003fccc0"
"004b2120","FUN_004b2120","004b21f0","FUN_004b21f0"
"004b2120","FUN_004b2120","004b2f70","FUN_004b2f70"
"004b2190","FUN_004b2190","003fccc0","FUN_003fccc0"
"004b2190","FUN_004b2190","004b21f0","FUN_004b21f0"
"004b2190","FUN_004b2190","004b2f70","FUN_004b2f70"
"004b2370","FUN_004b2370","00550a48","FUN_00550a48"
"004b2410","FUN_004b2410","003fccd0","FUN_003fccd0"
"004b2410","FUN_004b2410","00456430","FUN_00456430"
"004b2470","FUN_004b2470","003fccc0","FUN_003fccc0"
"004b2470","FUN_004b2470","004b2370","FUN_004b2370"
"004b2710","FUN_004b2710","003de4a0","FUN_003de4a0"
"004b2710","FUN_004b2710","003de500","FUN_003de500"
"004b27d0","FUN_004b27d0","003fccd0","FUN_003fccd0"
"004b27d0","FUN_004b27d0","003fcdb0","FUN_003fcdb0"
"004b2840","FUN_004b2840","003fccc0","FUN_003fccc0"
"004b2840","FUN_004b2840","004b2770","FUN_004b2770"
"004b2890","FUN_004b2890","003fccc0","FUN_003fccc0"
"004b2890","FUN_004b2890","004b2f70","FUN_004b2f70"
"004b28e0","FUN_004b28e0","003fccc0","FUN_003fccc0"
"004b28e0","FUN_004b28e0","004b2f70","FUN_004b2f70"
"004b28e0","FUN_004b28e0","00509a30","FUN_00509a30"
"004b2990","FUN_004b2990","003fccc0","FUN_003fccc0"
"004b2990","FUN_004b2990","003fd360","FUN_003fd360"
"004b2a60","FUN_004b2a60","003fccd0","FUN_003fccd0"
"004b2a60","FUN_004b2a60","003fcdb0","FUN_003fcdb0"
"004b2ac0","FUN_004b2ac0","003fccc0","FUN_003fccc0"
"004b2ac0","FUN_004b2ac0","004b29f0","FUN_004b29f0"
"004b2d00","FUN_004b2d00","00244fa0","FUN_00244fa0"
"004b2d00","FUN_004b2d00","00245190","FUN_00245190"
"004b2d00","FUN_004b2d00","003fccc0","FUN_003fccc0"
"004b2d00","FUN_004b2d00","0044fde0","FUN_0044fde0"
"004b2d00","FUN_004b2d00","00453dc0","FUN_00453dc0"
"004b2d00","FUN_004b2d00","004aadf0","FUN_004aadf0"
"004b2ff0","FUN_004b2ff0","003fccd0","FUN_003fccd0"
"004b2ff0","FUN_004b2ff0","003fcdb0","FUN_003fcdb0"
"004b3060","FUN_004b3060","003fccc0","FUN_003fccc0"
"004b3060","FUN_004b3060","004b2f70","FUN_004b2f70"
"004b3510","FUN_004b3510","003fccc0","FUN_003fccc0"
"004b3510","FUN_004b3510","004b29f0","FUN_004b29f0"
"004b3630","FUN_004b3630","0010ab20","FUN_0010ab20"
"004b3630","FUN_004b3630","003fccd0","FUN_003fccd0"
"004b3630","FUN_004b3630","003fcd10","FUN_003fcd10"
"004b36b0","FUN_004b36b0","003fccc0","FUN_003fccc0"
"004b36b0","FUN_004b36b0","004b35a0","FUN_004b35a0"
"004b3700","FUN_004b3700","0010ab20","FUN_0010ab20"
"004b3700","FUN_004b3700","004fb600","FUN_004fb600"
"004b3700","FUN_004b3700","004fb6b0","FUN_004fb6b0"
"004b37a0","FUN_004b37a0","001024d0","FUN_001024d0"
"004b37a0","FUN_004b37a0","00108020","FUN_00108020"
"004b37a0","FUN_004b37a0","0010ab20","FUN_0010ab20"
"004b37a0","FUN_004b37a0","0010ab40","FUN_0010ab40"
"004b37a0","FUN_004b37a0","00110310","FUN_00110310"
"004b37a0","FUN_004b37a0","001929d0","FUN_001929d0"
"004b37a0","FUN_004b37a0","00245190","FUN_00245190"
"004b37a0","FUN_004b37a0","004aaa30","FUN_004aaa30"
"004b37a0","FUN_004b37a0","004fb600","FUN_004fb600"
"004b37a0","FUN_004b37a0","004fb6b0","FUN_004fb6b0"
"004b37a0","FUN_004b37a0","00550a48","FUN_00550a48"
"004b4050","FUN_004b4050","0010ab20","FUN_0010ab20"
"004b4050","FUN_004b4050","003fccd0","FUN_003fccd0"
"004b4050","FUN_004b4050","003fcd10","FUN_003fcd10"
"004b40d0","FUN_004b40d0","003fccc0","FUN_003fccc0"
"004b40d0","FUN_004b40d0","004b3fa0","FUN_004b3fa0"
"004b4120","FUN_004b4120","0010ab20","FUN_0010ab20"
"004b4920","FUN_004b4920","0010ab20","FUN_0010ab20"
"004b4920","FUN_004b4920","003fccd0","FUN_003fccd0"
"004b4920","FUN_004b4920","003fcd10","FUN_003fcd10"
"004b49a0","FUN_004b49a0","003fccc0","FUN_003fccc0"
"004b49a0","FUN_004b49a0","004b4880","FUN_004b4880"
"004b49f0","FUN_004b49f0","0010ab20","FUN_0010ab20"
"004b5320","FUN_004b5320","0010ab20","FUN_0010ab20"
"004b5320","FUN_004b5320","00550a48","FUN_00550a48"
"004b55e0","FUN_004b55e0","004a82c0","FUN_004a82c0"
"004b55e0","FUN_004b55e0","004aa480","FUN_004aa480"
"004b55e0","FUN_004b55e0","004ac2e0","FUN_004ac2e0"
"004b55e0","FUN_004b55e0","004b5ce0","FUN_004b5ce0"
"004b55e0","FUN_004b55e0","004b60a0","FUN_004b60a0"
"004b7890","FUN_004b7890","004a8d10","FUN_004a8d10"
"004bb560","FUN_004bb560","00101700","FUN_00101700"
"004bb560","FUN_004bb560","004bec10","FUN_004bec10"
"004bb560","FUN_004bb560","004da320","FUN_004da320"
"004bb560","FUN_004bb560","004da330","FUN_004da330"
"004bb600","FUN_004bb600","004bc3b0","FUN_004bc3b0"
"004bb600","FUN_004bb600","004bc820","FUN_004bc820"
"004bb600","FUN_004bb600","004be990","FUN_004be990"
"004bc3b0","FUN_004bc3b0","004beaf0","FUN_004beaf0"
"004bc3b0","FUN_004bc3b0","004db330","FUN_004db330"
"004bdae0","FUN_004bdae0","00273090","FUN_00273090"
"004bdb30","FUN_004bdb30","002cf930","FUN_002cf930"
"004bdb30","FUN_004bdb30","005519c0","FUN_005519c0"
"004bdc80","FUN_004bdc80","001ad430","FUN_001ad430"
"004bdc80","FUN_004bdc80","001af0b0","FUN_001af0b0"
"004bdc80","FUN_004bdc80","005519c0","FUN_005519c0"
"004bdd80","FUN_004bdd80","0019e110","FUN_0019e110"
"004bdd80","FUN_004bdd80","004aad50","FUN_004aad50"
"004bdd80","FUN_004bdd80","004aada0","FUN_004aada0"
"004be8c0","FUN_004be8c0","00264190","FUN_00264190"
"004be8c0","FUN_004be8c0","002739f0","FUN_002739f0"
"004be9e0","FUN_004be9e0","003fccd0","FUN_003fccd0"
"004be9e0","FUN_004be9e0","003fcd10","FUN_003fcd10"
"004bea40","FUN_004bea40","003fccc0","FUN_003fccc0"
"004bea40","FUN_004bea40","003fcce0","FUN_003fcce0"
"004bec10","FUN_004bec10","00101a00","FUN_00101a00"
"004c0110","FUN_004c0110","0048da10","FUN_0048da10"
"004c0110","FUN_004c0110","0048db90","FUN_0048db90"
"004c01f0","FUN_004c01f0","004cfda0","FUN_004cfda0"
"004c0210","FUN_004c0210","004c0610","FUN_004c0610"
"004c0210","FUN_004c0210","004c0740","FUN_004c0740"
"004c0240","FUN_004c0240","0039a3d0","FUN_0039a3d0"
"004c02a0","FUN_004c02a0","0039a3d0","FUN_0039a3d0"
"004c02a0","FUN_004c02a0","004c01c0","FUN_004c01c0"
"004c02a0","FUN_004c02a0","004cfd70","FUN_004cfd70"
"004c02a0","FUN_004c02a0","0052b390","FUN_0052b390"
"004c02a0","FUN_004c02a0","0052b440","FUN_0052b440"
"004c02a0","FUN_004c02a0","0052b470","FUN_0052b470"
"004c02a0","FUN_004c02a0","0052c600","FUN_0052c600"
"004c02a0","FUN_004c02a0","0052c6b0","FUN_0052c6b0"
"004c02a0","FUN_004c02a0","0052c6e0","FUN_0052c6e0"
"004c02a0","FUN_004c02a0","0058b5d0","FUN_0058b5d0"
"004c02a0","FUN_004c02a0","0058c3c0","FUN_0058c3c0"
"004c0740","FUN_004c0740","0027b440","FUN_0027b440"
"004c0740","FUN_004c0740","0027b460","FUN_0027b460"
"004c0740","FUN_004c0740","0027b480","FUN_0027b480"
"004c08e0","FUN_004c08e0","004c0910","FUN_004c0910"
"004c0aa0","FUN_004c0aa0","004d67d0","FUN_004d67d0"
"004c0af0","FUN_004c0af0","004d67d0","FUN_004d67d0"
"004c0cd0","FUN_004c0cd0","00551d58","FUN_00551d58"
"004c0e30","FUN_004c0e30","002bfd20","FUN_002bfd20"
"004c0e30","FUN_004c0e30","004c0ec0","FUN_004c0ec0"
"004c0e30","FUN_004c0e30","004c18c0","FUN_004c18c0"
"004c13e0","FUN_004c13e0","00101670","FUN_00101670"
"004c13e0","FUN_004c13e0","002d2ba0","FUN_002d2ba0"
"004c13e0","FUN_004c13e0","003c6cb0","FUN_003c6cb0"
"004c1480","FUN_004c1480","00101670","FUN_00101670"
"004c1480","FUN_004c1480","00102640","FUN_00102640"
"004c1480","FUN_004c1480","0027e100","FUN_0027e100"
"004c1480","FUN_004c1480","002d2ba0","FUN_002d2ba0"
"004c1480","FUN_004c1480","003c6cb0","FUN_003c6cb0"
"004c1480","FUN_004c1480","004602b0","FUN_004602b0"
"004c1640","FUN_004c1640","002d2ba0","FUN_002d2ba0"
"004c19e0","FUN_004c19e0","004c1a60","FUN_004c1a60"
"004c1a60","FUN_004c1a60","002d2ba0","FUN_002d2ba0"
"004c1e30","FUN_004c1e30","00290d00","FUN_00290d00"
"004c1e50","FUN_004c1e50","00290cf0","FUN_00290cf0"
"004c22b0","FUN_004c22b0","00290cf0","FUN_00290cf0"
"004c22b0","FUN_004c22b0","004c2b30","FUN_004c2b30"
"004c2b90","FUN_004c2b90","003fcce0","FUN_003fcce0"
"004c2bd0","FUN_004c2bd0","0010ab40","FUN_0010ab40"
"004c2bd0","FUN_004c2bd0","003fccd0","FUN_003fccd0"
"004c2bd0","FUN_004c2bd0","003fcd10","FUN_003fcd10"
"004c2ef0","FUN_004c2ef0","004c2fc0","FUN_004c2fc0"
"004c3330","FUN_004c3330","003fcd80","FUN_003fcd80"
"004c3370","FUN_004c3370","003fccd0","FUN_003fccd0"
"004c3370","FUN_004c3370","003fcdb0","FUN_003fcdb0"
"004c33d0","FUN_004c33d0","003fccc0","FUN_003fccc0"
"004c33d0","FUN_004c33d0","00418e50","FUN_00418e50"
"004c33d0","FUN_004c33d0","004c2b90","FUN_004c2b90"
"004c3470","FUN_004c3470","004c33d0","FUN_004c33d0"
"004c35a0","FUN_004c35a0","0010ab40","FUN_0010ab40"
"004c35a0","FUN_004c35a0","003fccd0","FUN_003fccd0"
"004c35a0","FUN_004c35a0","003fcd10","FUN_003fcd10"
"004c3810","FUN_004c3810","004c3a20","FUN_004c3a20"
"004c3810","FUN_004c3810","004c3cd0","FUN_004c3cd0"
"004c3cd0","FUN_004c3cd0","001024d0","FUN_001024d0"
"004c3cd0","FUN_004c3cd0","00108020","FUN_00108020"
"004c3cd0","FUN_004c3cd0","0010a970","FUN_0010a970"
"004c3cd0","FUN_004c3cd0","0010ab40","FUN_0010ab40"
"004c3f90","FUN_004c3f90","003fccd0","FUN_003fccd0"
"004c3f90","FUN_004c3f90","003fcdb0","FUN_003fcdb0"
"004c41a0","FUN_004c41a0","004c4280","FUN_004c4280"
"004c4220","FUN_004c4220","003fccc0","FUN_003fccc0"
"004c4220","FUN_004c4220","004c3530","FUN_004c3530"
"004c4280","FUN_004c4280","003fccc0","FUN_003fccc0"
"004c4280","FUN_004c4280","004c2b90","FUN_004c2b90"
"004c4280","FUN_004c4280","004c3530","FUN_004c3530"
"004c4380","FUN_004c4380","003fccd0","FUN_003fccd0"
"004c4380","FUN_004c4380","003fcdb0","FUN_003fcdb0"
"004c43e0","FUN_004c43e0","003fccc0","FUN_003fccc0"
"004c43e0","FUN_004c43e0","004c4b40","FUN_004c4b40"
"004c4c20","FUN_004c4c20","0010ab20","FUN_0010ab20"
"004c4c20","FUN_004c4c20","002ebd70","FUN_002ebd70"
"004c4c20","FUN_004c4c20","003fccd0","FUN_003fccd0"
"004c4c20","FUN_004c4c20","003fcd10","FUN_003fcd10"
"004c5720","FUN_004c5720","003fcce0","FUN_003fcce0"
"004c57c0","FUN_004c57c0","0010ab40","FUN_0010ab40"
"004c57c0","FUN_004c57c0","003fccd0","FUN_003fccd0"
"004c57c0","FUN_004c57c0","003fcd10","FUN_003fcd10"
"004c5840","FUN_004c5840","0010ab40","FUN_0010ab40"
"004c5d90","FUN_004c5d90","003fccd0","FUN_003fccd0"
"004c5d90","FUN_004c5d90","003fcdb0","FUN_003fcdb0"
"004c5df0","FUN_004c5df0","001024d0","FUN_001024d0"
"004c5e80","FUN_004c5e80","00108020","FUN_00108020"
"004c5e80","FUN_004c5e80","0024c6d0","FUN_0024c6d0"
"004c5e80","FUN_004c5e80","003fccc0","FUN_003fccc0"
"004c5e80","FUN_004c5e80","004c4b40","FUN_004c4b40"
"004c6840","FUN_004c6840","003fcce0","FUN_003fcce0"
"004c68a0","FUN_004c68a0","0010ab40","FUN_0010ab40"
"004c68a0","FUN_004c68a0","002ebd70","FUN_002ebd70"
"004c68a0","FUN_004c68a0","003fccd0","FUN_003fccd0"
"004c68a0","FUN_004c68a0","003fcd10","FUN_003fcd10"
"004c6e40","FUN_004c6e40","001024d0","FUN_001024d0"
"004c6e40","FUN_004c6e40","0019cc40","FUN_0019cc40"
"004c6e40","FUN_004c6e40","00276660","FUN_00276660"
"004c6e40","FUN_004c6e40","002a1a30","FUN_002a1a30"
"004c7610","FUN_004c7610","003fcd80","FUN_003fcd80"
"004c7660","FUN_004c7660","003fccd0","FUN_003fccd0"
"004c7660","FUN_004c7660","003fcdb0","FUN_003fcdb0"
"004c7da0","FUN_004c7da0","0010ab20","FUN_0010ab20"
"004c7da0","FUN_004c7da0","002ebd70","FUN_002ebd70"
"004c7da0","FUN_004c7da0","003fccd0","FUN_003fccd0"
"004c7da0","FUN_004c7da0","003fcd10","FUN_003fcd10"
"004c7e40","FUN_004c7e40","0010ab20","FUN_0010ab20"
"004c7ef0","FUN_004c7ef0","0019cc40","FUN_0019cc40"
"004c7ef0","FUN_004c7ef0","002ec250","FUN_002ec250"
"004c8f00","FUN_004c8f00","0010ab20","FUN_0010ab20"
"004c9b90","FUN_004c9b90","0053b968","FUN_0053b968"
"004cac90","FUN_004cac90","0011ecd0","FUN_0011ecd0"
"004cac90","FUN_004cac90","0012c0a0","FUN_0012c0a0"
"004cac90","FUN_004cac90","0012c4c0","FUN_0012c4c0"
"004cac90","FUN_004cac90","0012c4e0","FUN_0012c4e0"
"004cba50","FUN_004cba50","002905a0","FUN_002905a0"
"004cba50","FUN_004cba50","002921f0","FUN_002921f0"
"004cba50","FUN_004cba50","002ebd70","FUN_002ebd70"
"004cba50","FUN_004cba50","003fccd0","FUN_003fccd0"
"004cba50","FUN_004cba50","003fcd10","FUN_003fcd10"
"004cba50","FUN_004cba50","004cda20","FUN_004cda20"
"004cc720","FUN_004cc720","002d9960","FUN_002d9960"
"004cc720","FUN_004cc720","002df0c0","FUN_002df0c0"
"004cd7b0","FUN_004cd7b0","0028b4b0","FUN_0028b4b0"
"004cd7b0","FUN_004cd7b0","0033fac0","FUN_0033fac0"
"004cd7b0","FUN_004cd7b0","003d4850","FUN_003d4850"
"004cd7b0","FUN_004cd7b0","003d5830","FUN_003d5830"
"004cd7b0","FUN_004cd7b0","003d5d50","FUN_003d5d50"
"004cd7b0","FUN_004cd7b0","003d5e00","FUN_003d5e00"
"004cd7b0","FUN_004cd7b0","003d6950","FUN_003d6950"
"004cd7b0","FUN_004cd7b0","003d6af0","FUN_003d6af0"
"004cda20","FUN_004cda20","003d5b20","FUN_003d5b20"
"004cda70","FUN_004cda70","003fcd80","FUN_003fcd80"
"004cdab0","FUN_004cdab0","003fccd0","FUN_003fccd0"
"004cdab0","FUN_004cdab0","003fcdb0","FUN_003fcdb0"
"004cdf40","FUN_004cdf40","004cdb10","FUN_004cdb10"
"004ce330","FUN_004ce330","003fccc0","FUN_003fccc0"
"004ce330","FUN_004ce330","004cda70","FUN_004cda70"
"004ce370","FUN_004ce370","003fccc0","FUN_003fccc0"
"004ce370","FUN_004ce370","004cb940","FUN_004cb940"
"004ce3d0","FUN_004ce3d0","003fccc0","FUN_003fccc0"
"004ce3d0","FUN_004ce3d0","004c7cc0","FUN_004c7cc0"
"004ce430","FUN_004ce430","003fccc0","FUN_003fccc0"
"004ce430","FUN_004ce430","004c7610","FUN_004c7610"
"004ce490","FUN_004ce490","003fccc0","FUN_003fccc0"
"004ce490","FUN_004ce490","004c6840","FUN_004c6840"
"004ce4f0","FUN_004ce4f0","003fccc0","FUN_003fccc0"
"004ce4f0","FUN_004ce4f0","004c5c80","FUN_004c5c80"
"004ce560","FUN_004ce560","003fccc0","FUN_003fccc0"
"004ce560","FUN_004ce560","004c5720","FUN_004c5720"
"004ce5b0","FUN_004ce5b0","003fccc0","FUN_003fccc0"
"004ce5b0","FUN_004ce5b0","004c4b40","FUN_004c4b40"
"004ce620","FUN_004ce620","003fccc0","FUN_003fccc0"
"004ce620","FUN_004ce620","004c4320","FUN_004c4320"
"004ce680","FUN_004ce680","003fccc0","FUN_003fccc0"
"004ce680","FUN_004ce680","004c3e70","FUN_004c3e70"
"004ce6e0","FUN_004ce6e0","003fccc0","FUN_003fccc0"
"004ce6e0","FUN_004ce6e0","004c3530","FUN_004c3530"
"004ce740","FUN_004ce740","003fccc0","FUN_003fccc0"
"004ce740","FUN_004ce740","004c3330","FUN_004c3330"
"004ce780","FUN_004ce780","003fccc0","FUN_003fccc0"
"004ce780","FUN_004ce780","004c2b90","FUN_004c2b90"
"004cfcc0","FUN_004cfcc0","0048da10","FUN_0048da10"
"004cfcc0","FUN_004cfcc0","0048db90","FUN_0048db90"
"004cfda0","FUN_004cfda0","0037cc58","FUN_0037cc58"
"004cfda0","FUN_004cfda0","0037cca0","FUN_0037cca0"
"004cfe30","FUN_004cfe30","0054ed68","FUN_0054ed68"
"004cfe70","FUN_004cfe70","00100780","FUN_00100780"
"004d0020","FUN_004d0020","001005e0","FUN_001005e0"
"004d0460","FUN_004d0460","004d0490","FUN_004d0490"
"004d11a0","FUN_004d11a0","002ebb00","FUN_002ebb00"
"004d1300","FUN_004d1300","00264210","FUN_00264210"
"004d1300","FUN_004d1300","004d0850","FUN_004d0850"
"004d66c0","FUN_004d66c0","003fccd0","FUN_003fccd0"
"004d66c0","FUN_004d66c0","004c7660","FUN_004c7660"
"004d6720","FUN_004d6720","003fccc0","FUN_003fccc0"
"004d6720","FUN_004d6720","004c7610","FUN_004c7610"
"004d67d0","FUN_004d67d0","00553d80","FUN_00553d80"
"004d68d0","FUN_004d68d0","00100d20","FUN_00100d20"
"004d68d0","FUN_004d68d0","00100d30","FUN_00100d30"
"004d68d0","FUN_004d68d0","0012be60","FUN_0012be60"
"004d68d0","FUN_004d68d0","0012bf50","FUN_0012bf50"
"004d68d0","FUN_004d68d0","002905c0","FUN_002905c0"
"004d68d0","FUN_004d68d0","00337cc8","FUN_00337cc8"
"004d68d0","FUN_004d68d0","003c8090","FUN_003c8090"
"004d6990","FUN_004d6990","00379eb0","FUN_00379eb0"
"004d6990","FUN_004d6990","00379f80","FUN_00379f80"
"004d6a20","FUN_004d6a20","004d6a70","FUN_004d6a70"
"004d6a60","FUN_004d6a60","004d6cb0","FUN_004d6cb0"
"004d6df0","FUN_004d6df0","004d6dd0","FUN_004d6dd0"
"004d6df0","FUN_004d6df0","004d6df0","FUN_004d6df0"
"004d7090","FUN_004d7090","004d7180","FUN_004d7180"
"004d7090","FUN_004d7090","00581e50","FUN_00581e50"
"004d7090","FUN_004d7090","00581e60","FUN_00581e60"
"004d7090","FUN_004d7090","00581e70","FUN_00581e70"
"004d7180","FUN_004d7180","0018b8b0","FUN_0018b8b0"
"004d7180","FUN_004d7180","0018bc40","FUN_0018bc40"
"004d7180","FUN_004d7180","0018ed90","FUN_0018ed90"
"004d7180","FUN_004d7180","00248fc0","FUN_00248fc0"
"004d7180","FUN_004d7180","002ec250","FUN_002ec250"
"004d7180","FUN_004d7180","004d77a0","FUN_004d77a0"
"004d7180","FUN_004d7180","004d77f0","FUN_004d77f0"
"004d77a0","FUN_004d77a0","00581e40","FUN_00581e40"
"004d77a0","FUN_004d77a0","00581ec0","FUN_00581ec0"
"004d7a40","FUN_004d7a40","002ebb00","FUN_002ebb00"
"004d7f80","FUN_004d7f80","002a5710","FUN_002a5710"
"004d7f80","FUN_004d7f80","004d8120","FUN_004d8120"
"004d7f80","FUN_004d7f80","00551d58","FUN_00551d58"
"004d82b0","FUN_004d82b0","00560c20","FUN_00560c20"
"004d9c70","FUN_004d9c70","00264190","FUN_00264190"
"004d9c70","FUN_004d9c70","002ec1e0","FUN_002ec1e0"
"004d9c70","FUN_004d9c70","004fb600","FUN_004fb600"
"004d9c70","FUN_004d9c70","004fb6b0","FUN_004fb6b0"
"004d9c70","FUN_004d9c70","00560c20","FUN_00560c20"
"004d9d10","FUN_004d9d10","00264190","FUN_00264190"
"004d9d10","FUN_004d9d10","003edee0","FUN_003edee0"
"004d9d10","FUN_004d9d10","00481880","FUN_00481880"
"004d9d10","FUN_004d9d10","00481930","FUN_00481930"
"004da020","FUN_004da020","0010eb70","FUN_0010eb70"
"004da020","FUN_004da020","0010eba0","FUN_0010eba0"
"004da020","FUN_004da020","0010edf0","FUN_0010edf0"
"004da020","FUN_004da020","00110c80","FUN_00110c80"
"004da020","FUN_004da020","0039e7a0","FUN_0039e7a0"
"004da280","FUN_004da280","001106c0","FUN_001106c0"
"004da280","FUN_004da280","001b2de0","FUN_001b2de0"
"004da280","FUN_004da280","0037e2b0","FUN_0037e2b0"
"004da2d0","FUN_004da2d0","00101700","FUN_00101700"
"004da2d0","FUN_004da2d0","004db500","FUN_004db500"
"004da380","FUN_004da380","002677d0","FUN_002677d0"
"004db500","FUN_004db500","00101a00","FUN_00101a00"
"004db720","FUN_004db720","00101700","FUN_00101700"
"004db720","FUN_004db720","004da320","FUN_004da320"
"004db720","FUN_004db720","004da330","FUN_004da330"
"004db720","FUN_004db720","004db7c0","FUN_004db7c0"
"004db720","FUN_004db720","004dda60","FUN_004dda60"
"004db7c0","FUN_004db7c0","004dd9a0","FUN_004dd9a0"
"004db7c0","FUN_004db7c0","00551ea0","FUN_00551ea0"
"004dc470","FUN_004dc470","0022d6c0","FUN_0022d6c0"
"004dc470","FUN_004dc470","004dd940","FUN_004dd940"
"004dcd50","FUN_004dcd50","00264190","FUN_00264190"
"004dcd50","FUN_004dcd50","004dac40","FUN_004dac40"
"004dd3e0","FUN_004dd3e0","004dcd50","FUN_004dcd50"
"004dd790","FUN_004dd790","002c1620","FUN_002c1620"
"004dd810","FUN_004dd810","002c1a60","FUN_002c1a60"
"004dd8d0","FUN_004dd8d0","00101a00","FUN_00101a00"
"004dda60","FUN_004dda60","00101a00","FUN_00101a00"
"004ddc80","FUN_004ddc80","003fcd80","FUN_003fcd80"
"004ddd00","FUN_004ddd00","001079d0","FUN_001079d0"
"004ddd00","FUN_004ddd00","003fccd0","FUN_003fccd0"
"004ddd00","FUN_004ddd00","003fcdb0","FUN_003fcdb0"
"004dea20","FUN_004dea20","002ebd70","FUN_002ebd70"
"004dea20","FUN_004dea20","003de4a0","FUN_003de4a0"
"004dea20","FUN_004dea20","003de500","FUN_003de500"
"004df220","FUN_004df220","00550a48","FUN_00550a48"
"004df390","FUN_004df390","002c0300","FUN_002c0300"
"004df430","FUN_004df430","0019cc40","FUN_0019cc40"
"004df430","FUN_004df430","002ec250","FUN_002ec250"
"004df630","FUN_004df630","00264190","FUN_00264190"
"004df630","FUN_004df630","002ec250","FUN_002ec250"
"004df760","FUN_004df760","004956a0","FUN_004956a0"
"004df9a0","FUN_004df9a0","001079d0","FUN_001079d0"
"004df9a0","FUN_004df9a0","002ebd70","FUN_002ebd70"
"004df9a0","FUN_004df9a0","003fccd0","FUN_003fccd0"
"004df9a0","FUN_004df9a0","003fcdb0","FUN_003fcdb0"
"004dfb20","FUN_004dfb20","003fccc0","FUN_003fccc0"
"004dfb20","FUN_004dfb20","004df7e0","FUN_004df7e0"
"004e00c0","FUN_004e00c0","002bafe0","FUN_002bafe0"
"004e00c0","FUN_004e00c0","003fccc0","FUN_003fccc0"
"004e00c0","FUN_004e00c0","00418e50","FUN_00418e50"
"004e00c0","FUN_004e00c0","0042c9b0","FUN_0042c9b0"
"004e00c0","FUN_004e00c0","0042f1b0","FUN_0042f1b0"
"004e02e0","FUN_004e02e0","00110280","FUN_00110280"
"004e16e0","FUN_004e16e0","0044f7f0","FUN_0044f7f0"
"004e1750","FUN_004e1750","003fccd0","FUN_003fccd0"
"004e1750","FUN_004e1750","0044f8c0","FUN_0044f8c0"
"004e17b0","FUN_004e17b0","0044fd80","FUN_0044fd80"
"004e17b0","FUN_004e17b0","004e17f0","FUN_004e17f0"
"004e17f0","FUN_004e17f0","001929d0","FUN_001929d0"
"004e2190","FUN_004e2190","002ebd70","FUN_002ebd70"
"004e2190","FUN_004e2190","003fccd0","FUN_003fccd0"
"004e2190","FUN_004e2190","003fcdb0","FUN_003fcdb0"
"004e22d0","FUN_004e22d0","003fccc0","FUN_003fccc0"
"004e22d0","FUN_004e22d0","00418e50","FUN_00418e50"
"004e2b90","FUN_004e2b90","001079d0","FUN_001079d0"
"004e2b90","FUN_004e2b90","00178320","FUN_00178320"
"004e2b90","FUN_004e2b90","002ebd70","FUN_002ebd70"
"004e2b90","FUN_004e2b90","003fccd0","FUN_003fccd0"
"004e2b90","FUN_004e2b90","003fcdb0","FUN_003fcdb0"
"004e2c70","FUN_004e2c70","003fccc0","FUN_003fccc0"
"004e2c70","FUN_004e2c70","004e2ae0","FUN_004e2ae0"
"004e2e30","FUN_004e2e30","002ebb00","FUN_002ebb00"
"004e3050","FUN_004e3050","001079d0","FUN_001079d0"
"004e3050","FUN_004e3050","00231510","FUN_00231510"
"004e3050","FUN_004e3050","003fccc0","FUN_003fccc0"
"004e3050","FUN_004e3050","0040a780","FUN_0040a780"
"004e3050","FUN_004e3050","004df390","FUN_004df390"
"004e3050","FUN_004e3050","004e2ad0","FUN_004e2ad0"
"004e3050","FUN_004e3050","004e4110","FUN_004e4110"
"004e3e70","FUN_004e3e70","00244fa0","FUN_00244fa0"
"004e3e70","FUN_004e3e70","00245190","FUN_00245190"
"004e41b0","FUN_004e41b0","001079d0","FUN_001079d0"
"004e41b0","FUN_004e41b0","002ebd70","FUN_002ebd70"
"004e41b0","FUN_004e41b0","003fccd0","FUN_003fccd0"
"004e41b0","FUN_004e41b0","003fcdb0","FUN_003fcdb0"
"004e4250","FUN_004e4250","00550a48","FUN_00550a48"
"004e4850","FUN_004e4850","001079d0","FUN_001079d0"
"004e4850","FUN_004e4850","002ebd70","FUN_002ebd70"
"004e4850","FUN_004e4850","003fccd0","FUN_003fccd0"
"004e4850","FUN_004e4850","003fcdb0","FUN_003fcdb0"
"004e48f0","FUN_004e48f0","003fccc0","FUN_003fccc0"
"004e48f0","FUN_004e48f0","004e47a0","FUN_004e47a0"
"004e4970","FUN_004e4970","003fccc0","FUN_003fccc0"
"004e4970","FUN_004e4970","0045b320","FUN_0045b320"
"004e4970","FUN_004e4970","00550a48","FUN_00550a48"
"004e4a60","FUN_004e4a60","00550a48","FUN_00550a48"
"004e4ee0","FUN_004e4ee0","003fcce0","FUN_003fcce0"
"004e4f20","FUN_004e4f20","003fccd0","FUN_003fccd0"
"004e4f20","FUN_004e4f20","003fcd10","FUN_003fcd10"
"004e4f80","FUN_004e4f80","003fccc0","FUN_003fccc0"
"004e4f80","FUN_004e4f80","004e4ee0","FUN_004e4ee0"
"004e5180","FUN_004e5180","001079d0","FUN_001079d0"
"004e5180","FUN_004e5180","002ebd70","FUN_002ebd70"
"004e5180","FUN_004e5180","003fccd0","FUN_003fccd0"
"004e5180","FUN_004e5180","003fcdb0","FUN_003fcdb0"
"004e5220","FUN_004e5220","003fccc0","FUN_003fccc0"
"004e5220","FUN_004e5220","003fd360","FUN_003fd360"
"004e5220","FUN_004e5220","00418e50","FUN_00418e50"
"004e5220","FUN_004e5220","004df220","FUN_004df220"
"004e5220","FUN_004e5220","004e4ee0","FUN_004e4ee0"
"004e5220","FUN_004e5220","00550a48","FUN_00550a48"
"004e5650","FUN_004e5650","001079d0","FUN_001079d0"
"004e5650","FUN_004e5650","002ebd70","FUN_002ebd70"
"004e5650","FUN_004e5650","003fccd0","FUN_003fccd0"
"004e5650","FUN_004e5650","003fcdb0","FUN_003fcdb0"
"004e56f0","FUN_004e56f0","004e5780","FUN_004e5780"
"004e59c0","FUN_004e59c0","004e5780","FUN_004e5780"
"004e59c0","FUN_004e59c0","004e5da0","FUN_004e5da0"
"004e5b00","FUN_004e5b00","0024cb60","FUN_0024cb60"
"004e5b00","FUN_004e5b00","004e5780","FUN_004e5780"
"004e6010","FUN_004e6010","0010ab20","FUN_0010ab20"
"004e6010","FUN_004e6010","002ebd70","FUN_002ebd70"
"004e6010","FUN_004e6010","003fccd0","FUN_003fccd0"
"004e6010","FUN_004e6010","003fcd10","FUN_003fcd10"
"004e60b0","FUN_004e60b0","003fccc0","FUN_003fccc0"
"004e60b0","FUN_004e60b0","004e5f70","FUN_004e5f70"
"004e6100","FUN_004e6100","0010ab20","FUN_0010ab20"
"004e6560","FUN_004e6560","002ebd70","FUN_002ebd70"
"004e6560","FUN_004e6560","003fccd0","FUN_003fccd0"
"004e6560","FUN_004e6560","003fcdb0","FUN_003fcdb0"
"004e65e0","FUN_004e65e0","004e6600","FUN_004e6600"
"004e6600","FUN_004e6600","004fba00","FUN_004fba00"
"004e6600","FUN_004e6600","004fba50","FUN_004fba50"
"004e6650","FUN_004e6650","003fccc0","FUN_003fccc0"
"004e6650","FUN_004e6650","00418e50","FUN_00418e50"
"004e6650","FUN_004e6650","004e6600","FUN_004e6600"
"004e6650","FUN_004e6650","004fb700","FUN_004fb700"
"004e6730","FUN_004e6730","0019cc40","FUN_0019cc40"
"004e6730","FUN_004e6730","0019e110","FUN_0019e110"
"004e6730","FUN_004e6730","002ebb00","FUN_002ebb00"
"004e6730","FUN_004e6730","004e6600","FUN_004e6600"
"004e6ac0","FUN_004e6ac0","003fcd80","FUN_003fcd80"
"004e6b10","FUN_004e6b10","001079d0","FUN_001079d0"
"004e6b10","FUN_004e6b10","003fccd0","FUN_003fccd0"
"004e6b10","FUN_004e6b10","003fcdb0","FUN_003fcdb0"
"004e6bb0","FUN_004e6bb0","003fccc0","FUN_003fccc0"
"004e6bb0","FUN_004e6bb0","003fd360","FUN_003fd360"
"004e6bb0","FUN_004e6bb0","00418e50","FUN_00418e50"
"004e6ce0","FUN_004e6ce0","00264190","FUN_00264190"
"004e6ce0","FUN_004e6ce0","003fccc0","FUN_003fccc0"
"004e6ce0","FUN_004e6ce0","0045b320","FUN_0045b320"
"004e71c0","FUN_004e71c0","00168ba0","FUN_00168ba0"
"004e71c0","FUN_004e71c0","0016bc10","FUN_0016bc10"
"004e71c0","FUN_004e71c0","0016bc40","FUN_0016bc40"
"004e71c0","FUN_004e71c0","00264190","FUN_00264190"
"004e71c0","FUN_004e71c0","0045ff80","FUN_0045ff80"
"004e7440","FUN_004e7440","00264190","FUN_00264190"
"004e7440","FUN_004e7440","00481880","FUN_00481880"
"004e74a0","FUN_004e74a0","00264190","FUN_00264190"
"004e74a0","FUN_004e74a0","002ebb00","FUN_002ebb00"
"004e74a0","FUN_004e74a0","004e71c0","FUN_004e71c0"
"004e8bd0","FUN_004e8bd0","003fccc0","FUN_003fccc0"
"004e8bd0","FUN_004e8bd0","004e6ec0","FUN_004e6ec0"
"004e8c20","FUN_004e8c20","003fccc0","FUN_003fccc0"
"004e8c20","FUN_004e8c20","004e6ac0","FUN_004e6ac0"
"004e8c70","FUN_004e8c70","003fccc0","FUN_003fccc0"
"004e8c70","FUN_004e8c70","004e64e0","FUN_004e64e0"
"004e8cd0","FUN_004e8cd0","003fccc0","FUN_003fccc0"
"004e8cd0","FUN_004e8cd0","004e55e0","FUN_004e55e0"
"004e8d20","FUN_004e8d20","003fccc0","FUN_003fccc0"
"004e8d20","FUN_004e8d20","004e5110","FUN_004e5110"
"004e8da0","FUN_004e8da0","003fccc0","FUN_003fccc0"
"004e8da0","FUN_004e8da0","004e4110","FUN_004e4110"
"004e8e20","FUN_004e8e20","003fccc0","FUN_003fccc0"
"004e8e20","FUN_004e8e20","004e16e0","FUN_004e16e0"
"004e8e90","FUN_004e8e90","002ebd70","FUN_002ebd70"
"004e8e90","FUN_004e8e90","003de4a0","FUN_003de4a0"
"004e8e90","FUN_004e8e90","003de500","FUN_003de500"
"004e90b0","FUN_004e90b0","003fccc0","FUN_003fccc0"
"004e90b0","FUN_004e90b0","004ddc80","FUN_004ddc80"
"004e91f0","FUN_004e91f0","002ebd70","FUN_002ebd70"
"004e91f0","FUN_004e91f0","003fccd0","FUN_003fccd0"
"004e91f0","FUN_004e91f0","003fcdb0","FUN_003fcdb0"
"004e91f0","FUN_004e91f0","004ea4d0","FUN_004ea4d0"
"004e9cf0","FUN_004e9cf0","0019f760","FUN_0019f760"
"004e9cf0","FUN_004e9cf0","003fccc0","FUN_003fccc0"
"004e9cf0","FUN_004e9cf0","00418e50","FUN_00418e50"
"004e9cf0","FUN_004e9cf0","00560ce0","FUN_00560ce0"
"004e9db0","FUN_004e9db0","0019e1b0","FUN_0019e1b0"
"004e9db0","FUN_004e9db0","004ea330","FUN_004ea330"
"004e9db0","FUN_004e9db0","004fb600","FUN_004fb600"
"004e9db0","FUN_004e9db0","004fb6b0","FUN_004fb6b0"
"004ea330","FUN_004ea330","0045ffe0","FUN_0045ffe0"
"004ea390","FUN_004ea390","0045ffe0","FUN_0045ffe0"
"004ea410","FUN_004ea410","00551d58","FUN_00551d58"
"004ea4d0","FUN_004ea4d0","00551d58","FUN_00551d58"
"004ea530","FUN_004ea530","004e9100","FUN_004e9100"
"004ea530","FUN_004ea530","004ea5b0","FUN_004ea5b0"
"004ea530","FUN_004ea530","00551ea0","FUN_00551ea0"
"004ea5c0","FUN_004ea5c0","002ebd70","FUN_002ebd70"
"004ea5c0","FUN_004ea5c0","003fccd0","FUN_003fccd0"
"004ea5c0","FUN_004ea5c0","003fcdb0","FUN_003fcdb0"
"004ea5c0","FUN_004ea5c0","004ea4d0","FUN_004ea4d0"
"004ea670","FUN_004ea670","0019f760","FUN_0019f760"
"004ea670","FUN_004ea670","003fccc0","FUN_003fccc0"
"004ea670","FUN_004ea670","00418e50","FUN_00418e50"
"004ea670","FUN_004ea670","00560ce0","FUN_00560ce0"
"004ea730","FUN_004ea730","001079d0","FUN_001079d0"
"004ea730","FUN_004ea730","004df390","FUN_004df390"
"004ea810","FUN_004ea810","003fccc0","FUN_003fccc0"
"004ea810","FUN_004ea810","003fd360","FUN_003fd360"
"004ea810","FUN_004ea810","0041f410","FUN_0041f410"
"004ea810","FUN_004ea810","0041f710","FUN_0041f710"
"004ea810","FUN_004ea810","0045b320","FUN_0045b320"
"004ea960","FUN_004ea960","004e9100","FUN_004e9100"
"004ea960","FUN_004ea960","004ea9f0","FUN_004ea9f0"
"004ea960","FUN_004ea960","00551ea0","FUN_00551ea0"
"004eaa00","FUN_004eaa00","002ebd70","FUN_002ebd70"
"004eaa00","FUN_004eaa00","003fccd0","FUN_003fccd0"
"004eaa00","FUN_004eaa00","003fcdb0","FUN_003fcdb0"
"004eaa00","FUN_004eaa00","004ea4d0","FUN_004ea4d0"
"004eaab0","FUN_004eaab0","0019f760","FUN_0019f760"
"004eaab0","FUN_004eaab0","003fccc0","FUN_003fccc0"
"004eaab0","FUN_004eaab0","00418e50","FUN_00418e50"
"004eaab0","FUN_004eaab0","00560ce0","FUN_00560ce0"
"004eab70","FUN_004eab70","001079d0","FUN_001079d0"
"004eab70","FUN_004eab70","004df390","FUN_004df390"
"004eb440","FUN_004eb440","002ebd70","FUN_002ebd70"
"004eb440","FUN_004eb440","003fccd0","FUN_003fccd0"
"004eb440","FUN_004eb440","003fcdb0","FUN_003fcdb0"
"004eb440","FUN_004eb440","004ea4d0","FUN_004ea4d0"
"004eb440","FUN_004eb440","00561050","FUN_00561050"
"004eb510","FUN_004eb510","00561050","FUN_00561050"
"004eba00","FUN_004eba00","002ebd70","FUN_002ebd70"
"004eba00","FUN_004eba00","003fccd0","FUN_003fccd0"
"004eba00","FUN_004eba00","003fcdb0","FUN_003fcdb0"
"004ebb60","FUN_004ebb60","002ec250","FUN_002ec250"
"004ebb60","FUN_004ebb60","003fccc0","FUN_003fccc0"
"004ebb60","FUN_004ebb60","003fde90","FUN_003fde90"
"004ebb60","FUN_004ebb60","00418e50","FUN_00418e50"
"004ebb60","FUN_004ebb60","00484600","FUN_00484600"
"004ebb60","FUN_004ebb60","00550a48","FUN_00550a48"
"004ebf70","FUN_004ebf70","004e9100","FUN_004e9100"
"004ebf70","FUN_004ebf70","004ebff0","FUN_004ebff0"
"004ec000","FUN_004ec000","002ebd70","FUN_002ebd70"
"004ec000","FUN_004ec000","003fccd0","FUN_003fccd0"
"004ec000","FUN_004ec000","003fcdb0","FUN_003fcdb0"
"004ec000","FUN_004ec000","004ea4d0","FUN_004ea4d0"
"004ec0b0","FUN_004ec0b0","003fccc0","FUN_003fccc0"
"004ec0b0","FUN_004ec0b0","003fd360","FUN_003fd360"
"004ec0b0","FUN_004ec0b0","0041f410","FUN_0041f410"
"004ec0b0","FUN_004ec0b0","0041f710","FUN_0041f710"
"004ec0b0","FUN_004ec0b0","0045b320","FUN_0045b320"
"004ec250","FUN_004ec250","002ebd70","FUN_002ebd70"
"004ec250","FUN_004ec250","003fccd0","FUN_003fccd0"
"004ec250","FUN_004ec250","003fcdb0","FUN_003fcdb0"
"004ec450","FUN_004ec450","002bafe0","FUN_002bafe0"
"004ec450","FUN_004ec450","003fccc0","FUN_003fccc0"
"004ec450","FUN_004ec450","00418e50","FUN_00418e50"
"004ec450","FUN_004ec450","0042c9b0","FUN_0042c9b0"
"004ecd40","FUN_004ecd40","002ebd70","FUN_002ebd70"
"004ecd40","FUN_004ecd40","003fccd0","FUN_003fccd0"
"004ecd40","FUN_004ecd40","003fcdb0","FUN_003fcdb0"
"004ecdf0","FUN_004ecdf0","003fccc0","FUN_003fccc0"
"004ecdf0","FUN_004ecdf0","00418e50","FUN_00418e50"
"004ece70","FUN_004ece70","0019de60","FUN_0019de60"
"004ed240","FUN_004ed240","002ebd70","FUN_002ebd70"
"004ed240","FUN_004ed240","003fccd0","FUN_003fccd0"
"004ed240","FUN_004ed240","003fcdb0","FUN_003fcdb0"
"004edc40","FUN_004edc40","004fba00","FUN_004fba00"
"004edc40","FUN_004edc40","004fba50","FUN_004fba50"
"004ee230","FUN_004ee230","003fccc0","FUN_003fccc0"
"004ee230","FUN_004ee230","004e9100","FUN_004e9100"
"004ee230","FUN_004ee230","004ea5b0","FUN_004ea5b0"
"004ee230","FUN_004ee230","00551ea0","FUN_00551ea0"
"004ee2e0","FUN_004ee2e0","003fccd0","FUN_003fccd0"
"004ee2e0","FUN_004ee2e0","00456430","FUN_00456430"
"004ee420","FUN_004ee420","003fccd0","FUN_003fccd0"
"004ee420","FUN_004ee420","003fcdb0","FUN_003fcdb0"
"004ee690","FUN_004ee690","003fccc0","FUN_003fccc0"
"004ee690","FUN_004ee690","003fcd80","FUN_003fcd80"
"004ee690","FUN_004ee690","003fd360","FUN_003fd360"
"004ee690","FUN_004ee690","0041b7b0","FUN_0041b7b0"
"004ee690","FUN_004ee690","0041f410","FUN_0041f410"
"004ee690","FUN_004ee690","0041f710","FUN_0041f710"
"004ee690","FUN_004ee690","0044fde0","FUN_0044fde0"
"004ee690","FUN_004ee690","00450b60","FUN_00450b60"
"004eece0","FUN_004eece0","002ebd70","FUN_002ebd70"
"004eece0","FUN_004eece0","003fccd0","FUN_003fccd0"
"004eece0","FUN_004eece0","003fcdb0","FUN_003fcdb0"
"004ef320","FUN_004ef320","003fccd0","FUN_003fccd0"
"004ef320","FUN_004ef320","003fcdb0","FUN_003fcdb0"
"004ef3c0","FUN_004ef3c0","003fccc0","FUN_003fccc0"
"004ef3c0","FUN_004ef3c0","003fcd80","FUN_003fcd80"
"004ef3c0","FUN_004ef3c0","003fd360","FUN_003fd360"
"004ef3c0","FUN_004ef3c0","00418e50","FUN_00418e50"
"004ef3c0","FUN_004ef3c0","0041b7b0","FUN_0041b7b0"
"004ef3c0","FUN_004ef3c0","0041f410","FUN_0041f410"
"004ef3c0","FUN_004ef3c0","0041f710","FUN_0041f710"
"004ef3c0","FUN_004ef3c0","00456340","FUN_00456340"
"004ef3c0","FUN_004ef3c0","004564c0","FUN_004564c0"
"004ef6b0","FUN_004ef6b0","002454b0","FUN_002454b0"
"004ef6b0","FUN_004ef6b0","004ef3c0","FUN_004ef3c0"
"004efc50","FUN_004efc50","002ebd70","FUN_002ebd70"
"004efc50","FUN_004efc50","003fccd0","FUN_003fccd0"
"004efc50","FUN_004efc50","003fcdb0","FUN_003fcdb0"
"004f0470","FUN_004f0470","002ebd70","FUN_002ebd70"
"004f0470","FUN_004f0470","003fccd0","FUN_003fccd0"
"004f0470","FUN_004f0470","003fcdb0","FUN_003fcdb0"
"004f0c90","FUN_004f0c90","002ebd70","FUN_002ebd70"
"004f0c90","FUN_004f0c90","003fccd0","FUN_003fccd0"
"004f0c90","FUN_004f0c90","003fcdb0","FUN_003fcdb0"
"004f11a0","FUN_004f11a0","004f0d40","FUN_004f0d40"
"004f1c90","FUN_004f1c90","003fccc0","FUN_003fccc0"
"004f1c90","FUN_004f1c90","00456340","FUN_00456340"
"004f1d20","FUN_004f1d20","005519c0","FUN_005519c0"
"004f1de0","FUN_004f1de0","004f2bd0","FUN_004f2bd0"
"004f1e80","FUN_004f1e80","001411b0","FUN_001411b0"
"004f1e80","FUN_004f1e80","0028b880","FUN_0028b880"
"004f1e80","FUN_004f1e80","004d67d0","FUN_004d67d0"
"004f1f40","FUN_004f1f40","00551d58","FUN_00551d58"
"004f2670","FUN_004f2670","005519c0","FUN_005519c0"
"004f2670","FUN_004f2670","00551ea0","FUN_00551ea0"
"004f28b0","FUN_004f28b0","001079d0","FUN_001079d0"
"004f2900","FUN_004f2900","004f2a60","FUN_004f2a60"
"004f2ab0","FUN_004f2ab0","004f2a60","FUN_004f2a60"
"004f2b10","FUN_004f2b10","004f2a60","FUN_004f2a60"
"004f2b50","FUN_004f2b50","004f2a60","FUN_004f2a60"
"004f2bd0","FUN_004f2bd0","004f28b0","FUN_004f28b0"
"004f2dc0","FUN_004f2dc0","004f2be0","FUN_004f2be0"
"004f2e20","FUN_004f2e20","004f1f00","FUN_004f1f00"
"004f2e20","FUN_004f2e20","004f2e60","FUN_004f2e60"
"004f2e60","FUN_004f2e60","002d2bf0","FUN_002d2bf0"
"004f2ec0","FUN_004f2ec0","004f2e20","FUN_004f2e20"
"004f37e0","FUN_004f37e0","00162560","FUN_00162560"
"004f37e0","FUN_004f37e0","00162590","FUN_00162590"
"004f37e0","FUN_004f37e0","00162620","FUN_00162620"
"004f37e0","FUN_004f37e0","00263f30","FUN_00263f30"
"004f3c80","FUN_004f3c80","004f1e30","FUN_004f1e30"
"004f3cb0","FUN_004f3cb0","004f1e30","FUN_004f1e30"
"004f3ce0","FUN_004f3ce0","00264210","FUN_00264210"
"004f3e30","FUN_004f3e30","00550a48","FUN_00550a48"
"004f51e0","FUN_004f51e0","001fa440","FUN_001fa440"
"004f51e0","FUN_004f51e0","00264190","FUN_00264190"
"004f51e0","FUN_004f51e0","002d1990","FUN_002d1990"
"004f5340","FUN_004f5340","00550a48","FUN_00550a48"
"004f6d00","FUN_004f6d00","004f90e0","FUN_004f90e0"
"004f6d10","FUN_004f6d10","004f9090","FUN_004f9090"
"004f7380","FUN_004f7380","002ebd70","FUN_002ebd70"
"004f7380","FUN_004f7380","004f9090","FUN_004f9090"
"004f7430","FUN_004f7430","004f7510","FUN_004f7510"
"004f7510","FUN_004f7510","002ebb00","FUN_002ebb00"
"004f7510","FUN_004f7510","002ebd70","FUN_002ebd70"
"004f7510","FUN_004f7510","004f6db0","FUN_004f6db0"
"004f7ab0","FUN_004f7ab0","002ebb00","FUN_002ebb00"
"004f7b20","FUN_004f7b20","002ebd70","FUN_002ebd70"
"004f7b20","FUN_004f7b20","004f9090","FUN_004f9090"
"004f8850","FUN_004f8850","002ebb00","FUN_002ebb00"
"004f88c0","FUN_004f88c0","002ebd70","FUN_002ebd70"
"004f88c0","FUN_004f88c0","004f9090","FUN_004f9090"
"004f8ee0","FUN_004f8ee0","002ebd70","FUN_002ebd70"
"004f8ee0","FUN_004f8ee0","004f9090","FUN_004f9090"
"004f8fa0","FUN_004f8fa0","002ebd70","FUN_002ebd70"
"004f8fa0","FUN_004f8fa0","004f9090","FUN_004f9090"
"004f9190","FUN_004f9190","003d40d0","FUN_003d40d0"
"004f91c0","FUN_004f91c0","001018e0","FUN_001018e0"
"004f91c0","FUN_004f91c0","003d40e0","FUN_003d40e0"
"004f91c0","FUN_004f91c0","003d4150","FUN_003d4150"
"004f9230","FUN_004f9230","003d4290","FUN_003d4290"
"004f9230","FUN_004f9230","004f92c0","FUN_004f92c0"
"004f92c0","FUN_004f92c0","004f9b50","FUN_004f9b50"
"004f9560","FUN_004f9560","004f9ba0","FUN_004f9ba0"
"004fa170","FUN_004fa170","001018e0","FUN_001018e0"
"004fa170","FUN_004fa170","003d40e0","FUN_003d40e0"
"004fabe0","FUN_004fabe0","002ebb00","FUN_002ebb00"
"004fb130","FUN_004fb130","001024d0","FUN_001024d0"
"004fb130","FUN_004fb130","0019de60","FUN_0019de60"
"004fb130","FUN_004fb130","004fb600","FUN_004fb600"
"004fb130","FUN_004fb130","004fb6b0","FUN_004fb6b0"
"004fb600","FUN_004fb600","00421650","FUN_00421650"
"004fb600","FUN_004fb600","004602b0","FUN_004602b0"
"004fb650","FUN_004fb650","00421650","FUN_00421650"
"004fb650","FUN_004fb650","00422000","FUN_00422000"
"004fb650","FUN_004fb650","004602b0","FUN_004602b0"
"004fb6b0","FUN_004fb6b0","00421650","FUN_00421650"
"004fb6b0","FUN_004fb6b0","00421970","FUN_00421970"
"004fb6b0","FUN_004fb6b0","004602b0","FUN_004602b0"
"004fba00","FUN_004fba00","00421650","FUN_00421650"
"004fba00","FUN_004fba00","004602b0","FUN_004602b0"
"004fba50","FUN_004fba50","00421650","FUN_00421650"
"004fba50","FUN_004fba50","00421970","FUN_00421970"
"004fba50","FUN_004fba50","004602b0","FUN_004602b0"
"004fbc40","FUN_004fbc40","001005e0","FUN_001005e0"
"004fbc40","FUN_004fbc40","0054ed68","FUN_0054ed68"
"004fbce0","FUN_004fbce0","00100850","FUN_00100850"
"004fbd20","FUN_004fbd20","00301080","FUN_00301080"
"004fbd20","FUN_004fbd20","00301680","FUN_00301680"
"004fbd20","FUN_004fbd20","003016d0","FUN_003016d0"
"004fbd20","FUN_004fbd20","003016f0","FUN_003016f0"
"004fbd20","FUN_004fbd20","00345d00","FUN_00345d00"
"004fd9a8","FUN_004fd9a8","003335a0","FUN_003335a0"
"004fd9f8","FUN_004fd9f8","003336a8","FUN_003336a8"
"004fe5f8","FUN_004fe5f8","004ff848","FUN_004ff848"
"004fe7c8","FUN_004fe7c8","00335760","FUN_00335760"
"004ff860","FUN_004ff860","0033ec80","FUN_0033ec80"
"004ffdc8","FUN_004ffdc8","0054ed68","FUN_0054ed68"
"00500230","FUN_00500230","004ffd50","FUN_004ffd50"
"005002d8","FUN_005002d8","00335ec8","FUN_00335ec8"
"00500358","FUN_00500358","003366a8","FUN_003366a8"
"00500358","FUN_00500358","004fd9f8","FUN_004fd9f8"
"005003d0","FUN_005003d0","005097a0","FUN_005097a0"
"00500cf0","FUN_00500cf0","0048da10","FUN_0048da10"
"00500cf0","FUN_00500cf0","0048db90","FUN_0048db90"
"005015a0","FUN_005015a0","00551ea0","FUN_00551ea0"
"00501c10","FUN_00501c10","00101be0","FUN_00101be0"
"00501dd0","FUN_00501dd0","001ffb90","FUN_001ffb90"
"00501dd0","FUN_00501dd0","00232650","FUN_00232650"
"00501dd0","FUN_00501dd0","0027e040","FUN_0027e040"
"00501dd0","FUN_00501dd0","0027e100","FUN_0027e100"
"00506b60","FUN_00506b60","00334d38","FUN_00334d38"
"00506b60","FUN_00506b60","00339098","FUN_00339098"
"00506b60","FUN_00506b60","003392e0","FUN_003392e0"
"00506b60","FUN_00506b60","0033fac0","FUN_0033fac0"
"005072a0","FUN_005072a0","003353e8","FUN_003353e8"
"005072a0","FUN_005072a0","0033fac0","FUN_0033fac0"
"00507450","FUN_00507450","005097a0","FUN_005097a0"
"00507480","FUN_00507480","005097a0","FUN_005097a0"
"00508360","FUN_00508360","00508780","FUN_00508780"
"00508360","FUN_00508360","00509140","FUN_00509140"
"005084d0","FUN_005084d0","00346720","FUN_00346720"
"00508780","FUN_00508780","005091a0","FUN_005091a0"
"00508780","FUN_00508780","0054ebb0","FUN_0054ebb0"
"00508800","FUN_00508800","00379e68","FUN_00379e68"
"00508800","FUN_00508800","0037e308","FUN_0037e308"
"00508800","FUN_00508800","0037e350","FUN_0037e350"
"005089b0","FUN_005089b0","00509140","FUN_00509140"
"00508c30","FUN_00508c30","00337e68","FUN_00337e68"
"00508d30","FUN_00508d30","005092c0","FUN_005092c0"
"00508da0","FUN_00508da0","00509260","FUN_00509260"
"00509480","FUN_00509480","003392e0","FUN_003392e0"
"00509480","FUN_00509480","0033fac0","FUN_0033fac0"
"00509480","FUN_00509480","00374930","FUN_00374930"
"00509480","FUN_00509480","0039e7a0","FUN_0039e7a0"
"005095e0","FUN_005095e0","0034eaf8","FUN_0034eaf8"
"00509680","FUN_00509680","0038e780","FUN_0038e780"
"00509960","FUN_00509960","0050a0d0","FUN_0050a0d0"
"00509960","FUN_00509960","0050b4a0","FUN_0050b4a0"
"00509960","FUN_00509960","0050bc60","FUN_0050bc60"
"00509960","FUN_00509960","0050c190","FUN_0050c190"
"00509960","FUN_00509960","0050c300","FUN_0050c300"
"00509db0","FUN_00509db0","0050c190","FUN_0050c190"
"00509db0","FUN_00509db0","0050c390","FUN_0050c390"
"0050b4a0","FUN_0050b4a0","0050b540","FUN_0050b540"
"0050b4a0","FUN_0050b4a0","0050b890","FUN_0050b890"
"0050b4a0","FUN_0050b4a0","0050b8d0","FUN_0050b8d0"
"0050b890","FUN_0050b890","002c3f30","FUN_002c3f30"
"0050b890","FUN_0050b890","002ce8b0","FUN_002ce8b0"
"0050bbe0","FUN_0050bbe0","001ac5d0","FUN_001ac5d0"
"0050c190","FUN_0050c190","001079d0","FUN_001079d0"
"0050c190","FUN_0050c190","0010a020","FUN_0010a020"
"0050c190","FUN_0050c190","004d67d0","FUN_004d67d0"
"0050c270","FUN_0050c270","001079d0","FUN_001079d0"
"0050c270","FUN_0050c270","0010a040","FUN_0010a040"
"0050c3e0","FUN_0050c3e0","002678b0","FUN_002678b0"
"0050d4b0","FUN_0050d4b0","00263de0","FUN_00263de0"
"0050de90","FUN_0050de90","0053bb28","FUN_0053bb28"
"0050df20","FUN_0050df20","0053b968","FUN_0053b968"
"0050e020","FUN_0050e020","0053b968","FUN_0053b968"
"0050e240","FUN_0050e240","002ebb00","FUN_002ebb00"
"0050e3b0","FUN_0050e3b0","00101700","FUN_00101700"
"0050e3b0","FUN_0050e3b0","0050ec50","FUN_0050ec50"
"0050e400","FUN_0050e400","0050ec00","FUN_0050ec00"
"0050ec50","FUN_0050ec50","00101a00","FUN_00101a00"
"0050ed00","FUN_0050ed00","0050ef80","FUN_0050ef80"
"0050ed20","FUN_0050ed20","0054ebb0","FUN_0054ebb0"
"0050ef80","FUN_0050ef80","003c1a68","FUN_003c1a68"
"0050ef80","FUN_0050ef80","003c1ab8","FUN_003c1ab8"
"0050ef80","FUN_0050ef80","0050ed20","FUN_0050ed20"
"0050f050","FUN_0050f050","0037c988","FUN_0037c988"
"0050f0a0","FUN_0050f0a0","0037c988","FUN_0037c988"
"0050f0f0","FUN_0050f0f0","00379358","FUN_00379358"
"00510950","FUN_00510950","0048da10","FUN_0048da10"
"00510950","FUN_00510950","0048db90","FUN_0048db90"
"00510a30","FUN_00510a30","003d4130","FUN_003d4130"
"00510a60","FUN_00510a60","001018e0","FUN_001018e0"
"00510a60","FUN_00510a60","003d4150","FUN_003d4150"
"00511cc0","FUN_00511cc0","001018e0","FUN_001018e0"
"00511cc0","FUN_00511cc0","003d40e0","FUN_003d40e0"
"00511d20","FUN_00511d20","003d40d0","FUN_003d40d0"
"00512220","FUN_00512220","00343020","FUN_00343020"
"00512220","FUN_00512220","00343570","FUN_00343570"
"00512220","FUN_00512220","00512ed0","FUN_00512ed0"
"00512220","FUN_00512220","00517290","FUN_00517290"
"00512220","FUN_00512220","00550a48","FUN_00550a48"
"005122c0","FUN_005122c0","0033e5c8","FUN_0033e5c8"
"005122c0","FUN_005122c0","0035ad28","FUN_0035ad28"
"00512ed0","FUN_00512ed0","0035b1b0","FUN_0035b1b0"
"00512ed0","FUN_00512ed0","005138b0","FUN_005138b0"
"005139e0","FUN_005139e0","00264190","FUN_00264190"
"005139e0","FUN_005139e0","00513440","FUN_00513440"
"00514300","FUN_00514300","0033db00","FUN_0033db00"
"00514300","FUN_00514300","005192c0","FUN_005192c0"
"00516640","FUN_00516640","0034eaf8","FUN_0034eaf8"
"00516a60","FUN_00516a60","00111d30","FUN_00111d30"
"00517210","FUN_00517210","00111cb0","FUN_00111cb0"
"00517250","FUN_00517250","00111cf0","FUN_00111cf0"
"00518da0","FUN_00518da0","0033dae0","FUN_0033dae0"
"00518da0","FUN_00518da0","0033db00","FUN_0033db00"
"00518da0","FUN_00518da0","00513440","FUN_00513440"
"00519050","FUN_00519050","0034eaf8","FUN_0034eaf8"
"00519050","FUN_00519050","0035b1b0","FUN_0035b1b0"
"00519050","FUN_00519050","0051cac0","FUN_0051cac0"
"00519050","FUN_00519050","0051cb20","FUN_0051cb20"
"0051cac0","FUN_0051cac0","00369970","FUN_00369970"
"0051cb58","FUN_0051cb58","0051d670","FUN_0051d670"
"0051cb58","FUN_0051cb58","00546060","FUN_00546060"
"0051cb58","FUN_0051cb58","005460b0","FUN_005460b0"
"0051cbc0","FUN_0051cbc0","0053bfd0","FUN_0053bfd0"
"0051cc60","FUN_0051cc60","0053bde0","FUN_0053bde0"
"0051cc60","FUN_0051cc60","0053bfe0","FUN_0053bfe0"
"0051cc60","FUN_0051cc60","0053ec88","FUN_0053ec88"
"0051ce88","FUN_0051ce88","0053bfa0","FUN_0053bfa0"
"0051cf70","FUN_0051cf70","0053bfb0","FUN_0053bfb0"
"0051cf70","FUN_0051cf70","0053bfc0","FUN_0053bfc0"
"0051d010","FUN_0051d010","0051d0e8","FUN_0051d0e8"
"0051d010","FUN_0051d010","00546060","FUN_00546060"
"0051d010","FUN_0051d010","005460b0","FUN_005460b0"
"0051d0e8","FUN_0051d0e8","0053f0e8","FUN_0053f0e8"
"0051d0e8","FUN_0051d0e8","00546060","FUN_00546060"
"0051d0e8","FUN_0051d0e8","005460b0","FUN_005460b0"
"0051d160","FUN_0051d160","0051ce88","FUN_0051ce88"
"0051d160","FUN_0051d160","0051d670","FUN_0051d670"
"0051d160","FUN_0051d160","0053bfc0","FUN_0053bfc0"
"0051d160","FUN_0051d160","0053bff0","FUN_0053bff0"
"0051d160","FUN_0051d160","0053ec88","FUN_0053ec88"
"0051d160","FUN_0051d160","0053f4b0","FUN_0053f4b0"
"0051d160","FUN_0051d160","0053f560","FUN_0053f560"
"0051d160","FUN_0051d160","0053fd08","FUN_0053fd08"
"0051d160","FUN_0051d160","0053fee8","FUN_0053fee8"
"0051d460","FUN_0051d460","0051d160","FUN_0051d160"
"0051d480","FUN_0051d480","0051ce88","FUN_0051ce88"
"0051d480","FUN_0051d480","0051d670","FUN_0051d670"
"0051d480","FUN_0051d480","0053bfc0","FUN_0053bfc0"
"0051d480","FUN_0051d480","0053bff0","FUN_0053bff0"
"0051d480","FUN_0051d480","0053ec88","FUN_0053ec88"
"0051d480","FUN_0051d480","0053f560","FUN_0053f560"
"0051d480","FUN_0051d480","0053fd08","FUN_0053fd08"
"0051d5d8","FUN_0051d5d8","0051d480","FUN_0051d480"
"0051d5d8","FUN_0051d5d8","0053fee8","FUN_0053fee8"
"0051d670","FUN_0051d670","0053d018","FUN_0053d018"
"0051d670","FUN_0051d670","0053ec88","FUN_0053ec88"
"0051d670","FUN_0051d670","005400e8","FUN_005400e8"
"0051d710","FUN_0051d710","0053d018","FUN_0053d018"
"0051d710","FUN_0051d710","0053ec88","FUN_0053ec88"
"0051d710","FUN_0051d710","005400e8","FUN_005400e8"
"0051d780","FUN_0051d780","0051ce88","FUN_0051ce88"
"0051d780","FUN_0051d780","0051d710","FUN_0051d710"
"0051d780","FUN_0051d780","0053bfc0","FUN_0053bfc0"
"0051d780","FUN_0051d780","0053bff0","FUN_0053bff0"
"0051d780","FUN_0051d780","0053ec88","FUN_0053ec88"
"0051d780","FUN_0051d780","0053f560","FUN_0053f560"
"0051d780","FUN_0051d780","0053fd08","FUN_0053fd08"
"0051d988","FUN_0051d988","0051d710","FUN_0051d710"
"0051d988","FUN_0051d988","0053f560","FUN_0053f560"
"0051d988","FUN_0051d988","0053fd08","FUN_0053fd08"
"0051dc70","FUN_0051dc70","0051ce88","FUN_0051ce88"
"0051dc70","FUN_0051dc70","0051d710","FUN_0051d710"
"0051dc70","FUN_0051dc70","0053bfc0","FUN_0053bfc0"
"0051dc70","FUN_0051dc70","0053bff0","FUN_0053bff0"
"0051dc70","FUN_0051dc70","0053ec88","FUN_0053ec88"
"0051dc70","FUN_0051dc70","0053f4b0","FUN_0053f4b0"
"0051dc70","FUN_0051dc70","0053f560","FUN_0053f560"
"0051dc70","FUN_0051dc70","0053fd08","FUN_0053fd08"
"0051dc70","FUN_0051dc70","0053fee8","FUN_0053fee8"
"0051dc70","FUN_0051dc70","00546060","FUN_00546060"
"0051dc70","FUN_0051dc70","005460b0","FUN_005460b0"
"0051de88","FUN_0051de88","0051ce88","FUN_0051ce88"
"0051de88","FUN_0051de88","0053bff0","FUN_0053bff0"
"0051de88","FUN_0051de88","0053ec88","FUN_0053ec88"
"0051de88","FUN_0051de88","0053f4b0","FUN_0053f4b0"
"0051de88","FUN_0051de88","0053f560","FUN_0053f560"
"0051de88","FUN_0051de88","0053fd08","FUN_0053fd08"
"0051de88","FUN_0051de88","0053fee8","FUN_0053fee8"
"0051de88","FUN_0051de88","00546060","FUN_00546060"
"0051de88","FUN_0051de88","005460b0","FUN_005460b0"
"0051e0a8","FUN_0051e0a8","0051d480","FUN_0051d480"
"0051e0a8","FUN_0051e0a8","0051d5d8","FUN_0051d5d8"
"0051e0a8","FUN_0051e0a8","0053fee8","FUN_0053fee8"
"0051e158","FUN_0051e158","0051d780","FUN_0051d780"
"0051e158","FUN_0051e158","0053fee8","FUN_0053fee8"
"0051e210","FUN_0051e210","0051d780","FUN_0051d780"
"0051e2e8","FUN_0051e2e8","0051d780","FUN_0051d780"
"0051e2e8","FUN_0051e2e8","0053fee8","FUN_0053fee8"
"0051e3b8","FUN_0051e3b8","0051d780","FUN_0051d780"
"0051e3b8","FUN_0051e3b8","0053fee8","FUN_0053fee8"
"0051e470","FUN_0051e470","0051d780","FUN_0051d780"
"0051e540","FUN_0051e540","0053ec88","FUN_0053ec88"
"0051e568","FUN_0051e568","0051d780","FUN_0051d780"
"0051e568","FUN_0051e568","0053fee8","FUN_0053fee8"
"0051e930","FUN_0051e930","0018ed90","FUN_0018ed90"
"0051e930","FUN_0051e930","00263de0","FUN_00263de0"
"0051e930","FUN_0051e930","002a9370","FUN_002a9370"
"0051e930","FUN_0051e930","00522d00","FUN_00522d00"
"0051e930","FUN_0051e930","00523140","FUN_00523140"
"0051fc80","FUN_0051fc80","001fa440","FUN_001fa440"
"0051fd90","FUN_0051fd90","00294870","FUN_00294870"
"0051fd90","FUN_0051fd90","00522530","FUN_00522530"
"0051fd90","FUN_0051fd90","00522730","FUN_00522730"
"0051fd90","FUN_0051fd90","00522c00","FUN_00522c00"
"0051fd90","FUN_0051fd90","00523140","FUN_00523140"
"00522a00","FUN_00522a00","002d2c30","FUN_002d2c30"
"00522a00","FUN_00522a00","00522cc0","FUN_00522cc0"
"00522b70","FUN_00522b70","002d2c30","FUN_002d2c30"
"00522b70","FUN_00522b70","00522cc0","FUN_00522cc0"
"00522c00","FUN_00522c00","002d2c30","FUN_002d2c30"
"00522c00","FUN_00522c00","00522cc0","FUN_00522cc0"
"00523080","FUN_00523080","00263de0","FUN_00263de0"
"00523140","FUN_00523140","00550a48","FUN_00550a48"
"005234a0","FUN_005234a0","00294870","FUN_00294870"
"00523830","FUN_00523830","0053bb58","FUN_0053bb58"
"00523b80","FUN_00523b80","001018e0","FUN_001018e0"
"00523c80","FUN_00523c80","0028b880","FUN_0028b880"
"00523c80","FUN_00523c80","0028bab0","FUN_0028bab0"
"00523cd0","FUN_00523cd0","00551ea0","FUN_00551ea0"
"00523d70","FUN_00523d70","00101be0","FUN_00101be0"
"0052a450","FUN_0052a450","005097a0","FUN_005097a0"
"0052b390","FUN_0052b390","00508780","FUN_00508780"
"0052b6f0","FUN_0052b6f0","005097a0","FUN_005097a0"
"0052c600","FUN_0052c600","00508780","FUN_00508780"
"0052c710","FUN_0052c710","0052cb30","FUN_0052cb30"
"0052cb30","FUN_0052cb30","001018e0","FUN_001018e0"
"0052cbe0","FUN_0052cbe0","0052cd80","FUN_0052cd80"
"0052cbe0","FUN_0052cbe0","0052d580","FUN_0052d580"
"0052cd80","FUN_0052cd80","0052cdf0","FUN_0052cdf0"
"0052cd80","FUN_0052cd80","0052d2d0","FUN_0052d2d0"
"0052cdf0","FUN_0052cdf0","00248fc0","FUN_00248fc0"
"0052d2d0","FUN_0052d2d0","00248fc0","FUN_00248fc0"
"0052d580","FUN_0052d580","0052d5f0","FUN_0052d5f0"
"0052d580","FUN_0052d580","0052ea10","FUN_0052ea10"
"005313a0","FUN_005313a0","00531de8","FUN_00531de8"
"005313a0","FUN_005313a0","00531ea8","FUN_00531ea8"
"005313a0","FUN_005313a0","005323e0","FUN_005323e0"
"00531448","FUN_00531448","00531de8","FUN_00531de8"
"00531448","FUN_00531448","00531ea8","FUN_00531ea8"
"00531448","FUN_00531448","005323e0","FUN_005323e0"
"00531448","FUN_00531448","00532568","FUN_00532568"
"00531530","FUN_00531530","005313a0","FUN_005313a0"
"00531530","FUN_00531530","00531de8","FUN_00531de8"
"00531530","FUN_00531530","00531e40","FUN_00531e40"
"00531530","FUN_00531530","00531ea8","FUN_00531ea8"
"00531530","FUN_00531530","00532390","FUN_00532390"
"00531530","FUN_00531530","005325c0","FUN_005325c0"
"00531648","FUN_00531648","00532390","FUN_00532390"
"005316c0","FUN_005316c0","005313a0","FUN_005313a0"
"005316c0","FUN_005316c0","00531930","FUN_00531930"
"005316c0","FUN_005316c0","00531de8","FUN_00531de8"
"005316c0","FUN_005316c0","00531e40","FUN_00531e40"
"005316c0","FUN_005316c0","00531ea8","FUN_00531ea8"
"005316c0","FUN_005316c0","00532390","FUN_00532390"
"005316c0","FUN_005316c0","005325c0","FUN_005325c0"
"00531900","FUN_00531900","005317e8","FUN_005317e8"
"00531930","FUN_00531930","005318a0","FUN_005318a0"
"00531930","FUN_00531930","00532538","FUN_00532538"
"00531970","FUN_00531970","005318a0","FUN_005318a0"
"00531de8","FUN_00531de8","005319f0","FUN_005319f0"
"00531de8","FUN_00531de8","00531ac8","FUN_00531ac8"
"00531de8","FUN_00531de8","00531b88","FUN_00531b88"
"00531e40","FUN_00531e40","005319f0","FUN_005319f0"
"00531e40","FUN_00531e40","00531ac8","FUN_00531ac8"
"00531e40","FUN_00531e40","00531b88","FUN_00531b88"
"00531ea8","FUN_00531ea8","005319f0","FUN_005319f0"
"00531ea8","FUN_00531ea8","00531ac8","FUN_00531ac8"
"00532130","FUN_00532130","005319f0","FUN_005319f0"
"00532130","FUN_00532130","00531ac8","FUN_00531ac8"
"00532390","FUN_00532390","00531ac8","FUN_00531ac8"
"00532390","FUN_00532390","00532270","FUN_00532270"
"005323e0","FUN_005323e0","005319f0","FUN_005319f0"
"00532498","FUN_00532498","00531ac8","FUN_00531ac8"
"00532538","FUN_00532538","005319f0","FUN_005319f0"
"00532568","FUN_00532568","00531900","FUN_00531900"
"00532568","FUN_00532568","00531ac8","FUN_00531ac8"
"005325c0","FUN_005325c0","00531ac8","FUN_00531ac8"
"00532660","FUN_00532660","0053fd08","FUN_0053fd08"
"005327e8","FUN_005327e8","0053fee8","FUN_0053fee8"
"005328c8","FUN_005328c8","0053fee8","FUN_0053fee8"
"00532950","FUN_00532950","0053c340","FUN_0053c340"
"00532950","FUN_00532950","0053ec88","FUN_0053ec88"
"00532a68","FUN_00532a68","0053ec88","FUN_0053ec88"
"00533418","FUN_00533418","0053fee8","FUN_0053fee8"
"005334d0","FUN_005334d0","00532950","FUN_00532950"
"005334d0","FUN_005334d0","00532d08","FUN_00532d08"
"00533590","FUN_00533590","0053fee8","FUN_0053fee8"
"00533720","FUN_00533720","0053fee8","FUN_0053fee8"
"005339b0","FUN_005339b0","0053fee8","FUN_0053fee8"
"00533a18","FUN_00533a18","0053fee8","FUN_0053fee8"
"00533a80","FUN_00533a80","0053fee8","FUN_0053fee8"
"00533ae8","FUN_00533ae8","0053fee8","FUN_0053fee8"
"00533b50","FUN_00533b50","0053fee8","FUN_0053fee8"
"00533b50","FUN_00533b50","00546060","FUN_00546060"
"00533b50","FUN_00533b50","005460b0","FUN_005460b0"
"00533c78","FUN_00533c78","00541328","FUN_00541328"
"00533c78","FUN_00533c78","005415b8","FUN_005415b8"
"00533c78","FUN_00533c78","00541970","FUN_00541970"
"00533ce8","FUN_00533ce8","00533c78","FUN_00533c78"
"00533d28","FUN_00533d28","0053c050","FUN_0053c050"
"00533da8","FUN_00533da8","00533ce8","FUN_00533ce8"
"00533da8","FUN_00533da8","0053c050","FUN_0053c050"
"00533de8","FUN_00533de8","00533ce8","FUN_00533ce8"
"00533de8","FUN_00533de8","0053c050","FUN_0053c050"
"00533e28","FUN_00533e28","00533ce8","FUN_00533ce8"
"00533e28","FUN_00533e28","0053c050","FUN_0053c050"
"00533e78","FUN_00533e78","00533ce8","FUN_00533ce8"
"00533e78","FUN_00533e78","0053c050","FUN_0053c050"
"00533ee0","FUN_00533ee0","00533ce8","FUN_00533ce8"
"00533ee0","FUN_00533ee0","0053c050","FUN_0053c050"
"00533f48","FUN_00533f48","00533ce8","FUN_00533ce8"
"00533f48","FUN_00533f48","0053c050","FUN_0053c050"
"00534000","FUN_00534000","00533fe0","FUN_00533fe0"
"00534068","FUN_00534068","00533fb0","FUN_00533fb0"
"00534288","FUN_00534288","00534000","FUN_00534000"
"00534368","FUN_00534368","00534db8","FUN_00534db8"
"00534368","FUN_00534368","0053bfa0","FUN_0053bfa0"
"00534368","FUN_00534368","0053bfe0","FUN_0053bfe0"
"00534368","FUN_00534368","0053f560","FUN_0053f560"
"00534368","FUN_00534368","0053fd08","FUN_0053fd08"
"00534590","FUN_00534590","00534db8","FUN_00534db8"
"00534590","FUN_00534590","0053bfb0","FUN_0053bfb0"
"005346b8","FUN_005346b8","0053bff0","FUN_0053bff0"
"005346b8","FUN_005346b8","0053fee8","FUN_0053fee8"
"00534778","FUN_00534778","0053bfc0","FUN_0053bfc0"
"00534778","FUN_00534778","0053bff0","FUN_0053bff0"
"00534778","FUN_00534778","0053fee8","FUN_0053fee8"
"00534778","FUN_00534778","00552580","FUN_00552580"
"005348a0","FUN_005348a0","00534778","FUN_00534778"
"005348d8","FUN_005348d8","0053bff0","FUN_0053bff0"
"005348d8","FUN_005348d8","0053fee8","FUN_0053fee8"
"00534998","FUN_00534998","0053bff0","FUN_0053bff0"
"00534998","FUN_00534998","0053fee8","FUN_0053fee8"
"00534b28","FUN_00534b28","0053bff0","FUN_0053bff0"
"00534b28","FUN_00534b28","0053f4b0","FUN_0053f4b0"
"00534b28","FUN_00534b28","0053fee8","FUN_0053fee8"
"00534c40","FUN_00534c40","0053bff0","FUN_0053bff0"
"00534c40","FUN_00534c40","0053c220","FUN_0053c220"
"00534c40","FUN_00534c40","0053fee8","FUN_0053fee8"
"00534db8","FUN_00534db8","0053bfc0","FUN_0053bfc0"
"00534db8","FUN_00534db8","0053bfe0","FUN_0053bfe0"
"00534db8","FUN_00534db8","0053bff0","FUN_0053bff0"
"00535058","FUN_00535058","0053fee8","FUN_0053fee8"
"005350c8","FUN_005350c8","0053bfc0","FUN_0053bfc0"
"005350c8","FUN_005350c8","0053bff0","FUN_0053bff0"
"005350c8","FUN_005350c8","0053f4b0","FUN_0053f4b0"
"005350c8","FUN_005350c8","0053fee8","FUN_0053fee8"
"005350c8","FUN_005350c8","00552580","FUN_00552580"
"00535218","FUN_00535218","0053bfd0","FUN_0053bfd0"
"00535218","FUN_00535218","00551fb8","FUN_00551fb8"
"005353e8","FUN_005353e8","0053bff0","FUN_0053bff0"
"005353e8","FUN_005353e8","0053fee8","FUN_0053fee8"
"005354b8","FUN_005354b8","0053bfc0","FUN_0053bfc0"
"005354b8","FUN_005354b8","0053bff0","FUN_0053bff0"
"005354b8","FUN_005354b8","0053fee8","FUN_0053fee8"
"005354b8","FUN_005354b8","00552580","FUN_00552580"
"005355d8","FUN_005355d8","0053bff0","FUN_0053bff0"
"005355d8","FUN_005355d8","0053fee8","FUN_0053fee8"
"00535698","FUN_00535698","0053bfc0","FUN_0053bfc0"
"00535698","FUN_00535698","0053bff0","FUN_0053bff0"
"00535698","FUN_00535698","0053c220","FUN_0053c220"
"00535698","FUN_00535698","0053fee8","FUN_0053fee8"
"00535698","FUN_00535698","00552580","FUN_00552580"
"00535868","FUN_00535868","0053bfc0","FUN_0053bfc0"
"00535868","FUN_00535868","0053bff0","FUN_0053bff0"
"00535868","FUN_00535868","0053c220","FUN_0053c220"
"00535868","FUN_00535868","0053fee8","FUN_0053fee8"
"00535868","FUN_00535868","00552580","FUN_00552580"
"005359c8","FUN_005359c8","0053bff0","FUN_0053bff0"
"005359c8","FUN_005359c8","0053fee8","FUN_0053fee8"
"00535a98","FUN_00535a98","0053bfc0","FUN_0053bfc0"
"00535a98","FUN_00535a98","0053bff0","FUN_0053bff0"
"00535a98","FUN_00535a98","0053fee8","FUN_0053fee8"
"00535a98","FUN_00535a98","00552580","FUN_00552580"
"00535ba8","FUN_00535ba8","00531de8","FUN_00531de8"
"00535ba8","FUN_00535ba8","00531e40","FUN_00531e40"
"00535ba8","FUN_00535ba8","00531ea8","FUN_00531ea8"
"00535ba8","FUN_00535ba8","00532130","FUN_00532130"
"00535ba8","FUN_00535ba8","00536bc8","FUN_00536bc8"
"005362d0","FUN_005362d0","00531de8","FUN_00531de8"
"00536610","FUN_00536610","00531de8","FUN_00531de8"
"00536610","FUN_00536610","00531e40","FUN_00531e40"
"00536bc8","FUN_00536bc8","00531de8","FUN_00531de8"
"00536bc8","FUN_00536bc8","00531ea8","FUN_00531ea8"
"00536bc8","FUN_00536bc8","00532390","FUN_00532390"
"00536ee8","FUN_00536ee8","005387e8","FUN_005387e8"
"00537310","FUN_00537310","005387e8","FUN_005387e8"
"00537310","FUN_00537310","0053b710","FUN_0053b710"
"005376b0","FUN_005376b0","0053b290","FUN_0053b290"
"005376b0","FUN_005376b0","0053b710","FUN_0053b710"
"005388b8","FUN_005388b8","00531de8","FUN_00531de8"
"005388b8","FUN_005388b8","00531ea8","FUN_00531ea8"
"005388b8","FUN_005388b8","00532498","FUN_00532498"
"005396e0","FUN_005396e0","00531de8","FUN_00531de8"
"005396e0","FUN_005396e0","00531e40","FUN_00531e40"
"005396e0","FUN_005396e0","00531ea8","FUN_00531ea8"
"005396e0","FUN_005396e0","00532498","FUN_00532498"
"0053a660","FUN_0053a660","00531de8","FUN_00531de8"
"0053a660","FUN_0053a660","00531e40","FUN_00531e40"
"0053a660","FUN_0053a660","00531ea8","FUN_00531ea8"
"0053a660","FUN_0053a660","00532130","FUN_00532130"
"0053a660","FUN_0053a660","00532390","FUN_00532390"
"0053a660","FUN_0053a660","0053ac98","FUN_0053ac98"
"0053ab70","FUN_0053ab70","00531e40","FUN_00531e40"
"0053ab70","FUN_0053ab70","00536610","FUN_00536610"
"0053ab70","FUN_0053ab70","005388b8","FUN_005388b8"
"0053ab70","FUN_0053ab70","005396e0","FUN_005396e0"
"0053acd0","FUN_0053acd0","00531de8","FUN_00531de8"
"0053acd0","FUN_0053acd0","00532390","FUN_00532390"
"0053af70","FUN_0053af70","00531de8","FUN_00531de8"
"0053af70","FUN_0053af70","00531ea8","FUN_00531ea8"
"0053af70","FUN_0053af70","0053ab28","FUN_0053ab28"
"0053b158","FUN_0053b158","00531e40","FUN_00531e40"
"0053b158","FUN_0053b158","00536610","FUN_00536610"
"0053b158","FUN_0053b158","005388b8","FUN_005388b8"
"0053b158","FUN_0053b158","005396e0","FUN_005396e0"
"0053b290","FUN_0053b290","0053b710","FUN_0053b710"
"0053b638","FUN_0053b638","00538438","FUN_00538438"
"0053b638","FUN_0053b638","00539918","FUN_00539918"
"0053b638","FUN_0053b638","0053a2d0","FUN_0053a2d0"
"0053b968","FUN_0053b968","00538438","FUN_00538438"
"0053b968","FUN_0053b968","00539918","FUN_00539918"
"0053b968","FUN_0053b968","0053a2d0","FUN_0053a2d0"
"0053ba50","FUN_0053ba50","00538438","FUN_00538438"
"0053ba50","FUN_0053ba50","0053a3d8","FUN_0053a3d8"
"0053bac8","FUN_0053bac8","00535ba8","FUN_00535ba8"
"0053bb28","FUN_0053bb28","005376b0","FUN_005376b0"
"0053bb58","FUN_0053bb58","00537c58","FUN_00537c58"
"0053c430","FUN_0053c430","00546060","FUN_00546060"
"0053c430","FUN_0053c430","005460b0","FUN_005460b0"
"0053c4c0","FUN_0053c4c0","0053c310","FUN_0053c310"
"0053c4c0","FUN_0053c4c0","00546060","FUN_00546060"
"0053c4c0","FUN_0053c4c0","005460b0","FUN_005460b0"
"0053c568","FUN_0053c568","0053d6f8","FUN_0053d6f8"
"0053c568","FUN_0053c568","0053d940","FUN_0053d940"
"0053c5e8","FUN_0053c5e8","0053d870","FUN_0053d870"
"0053c5e8","FUN_0053c5e8","0053d940","FUN_0053d940"
"0053c660","FUN_0053c660","0054c1c0","FUN_0054c1c0"
"0053c6a0","FUN_0053c6a0","0053bf80","FUN_0053bf80"
"0053c6a0","FUN_0053c6a0","0054c1c0","FUN_0054c1c0"
"0053c778","FUN_0053c778","00546718","FUN_00546718"
"0053c7a0","FUN_0053c7a0","0054c1c0","FUN_0054c1c0"
"0053c7c8","FUN_0053c7c8","0054c1c0","FUN_0054c1c0"
"0053c898","FUN_0053c898","0053c7f0","FUN_0053c7f0"
"0053c898","FUN_0053c898","00546060","FUN_00546060"
"0053c898","FUN_0053c898","005460b0","FUN_005460b0"
"0053c9d8","FUN_0053c9d8","0053c930","FUN_0053c930"
"0053c9d8","FUN_0053c9d8","00546060","FUN_00546060"
"0053c9d8","FUN_0053c9d8","005460b0","FUN_005460b0"
"0053ca80","FUN_0053ca80","0053bcf0","FUN_0053bcf0"
"0053ca80","FUN_0053ca80","00546060","FUN_00546060"
"0053ca80","FUN_0053ca80","005460b0","FUN_005460b0"
"0053cae8","FUN_0053cae8","0053bce0","FUN_0053bce0"
"0053cae8","FUN_0053cae8","00546060","FUN_00546060"
"0053cae8","FUN_0053cae8","005460b0","FUN_005460b0"
"0053cb50","FUN_0053cb50","0053bd10","FUN_0053bd10"
"0053cb50","FUN_0053cb50","00546060","FUN_00546060"
"0053cb50","FUN_0053cb50","005460b0","FUN_005460b0"
"0053cbb8","FUN_0053cbb8","0053bd00","FUN_0053bd00"
"0053cbb8","FUN_0053cbb8","00546060","FUN_00546060"
"0053cbb8","FUN_0053cbb8","005460b0","FUN_005460b0"
"0053cc20","FUN_0053cc20","0053bd40","FUN_0053bd40"
"0053cc40","FUN_0053cc40","0053bd50","FUN_0053bd50"
"0053cc60","FUN_0053cc60","0053bd60","FUN_0053bd60"
"0053cc80","FUN_0053cc80","0053bd70","FUN_0053bd70"
"0053cca0","FUN_0053cca0","0053be50","FUN_0053be50"
"0053cca0","FUN_0053cca0","0053bed0","FUN_0053bed0"
"0053cca0","FUN_0053cca0","0053bf10","FUN_0053bf10"
"0053cca0","FUN_0053cca0","0053bfe0","FUN_0053bfe0"
"0053cca0","FUN_0053cca0","0053ed08","FUN_0053ed08"
"0053cd78","FUN_0053cd78","0053bfa0","FUN_0053bfa0"
"0053ce68","FUN_0053ce68","0053bee0","FUN_0053bee0"
"0053ce68","FUN_0053ce68","0053bfd0","FUN_0053bfd0"
"0053cf00","FUN_0053cf00","0053bfd0","FUN_0053bfd0"
"0053cf80","FUN_0053cf80","0053bf20","FUN_0053bf20"
"0053cf80","FUN_0053cf80","0053bfd0","FUN_0053bfd0"
"0053d0e0","FUN_0053d0e0","0053bea0","FUN_0053bea0"
"0053d0e0","FUN_0053d0e0","0053ca70","FUN_0053ca70"
"0053d0e0","FUN_0053d0e0","00546060","FUN_00546060"
"0053d0e0","FUN_0053d0e0","005460b0","FUN_005460b0"
"0053d258","FUN_0053d258","0053bfd0","FUN_0053bfd0"
"0053d280","FUN_0053d280","0053c3d0","FUN_0053c3d0"
"0053d2c8","FUN_0053d2c8","0053c3d0","FUN_0053c3d0"
"0053d320","FUN_0053d320","0053c3d0","FUN_0053c3d0"
"0053d348","FUN_0053d348","0053c3d0","FUN_0053c3d0"
"0053d378","FUN_0053d378","0053c3d0","FUN_0053c3d0"
"0053d3a0","FUN_0053d3a0","0053c3d0","FUN_0053c3d0"
"0053d3d8","FUN_0053d3d8","0053c3d0","FUN_0053c3d0"
"0053d440","FUN_0053d440","0053c3d0","FUN_0053c3d0"
"0053d468","FUN_0053d468","0053c3d0","FUN_0053c3d0"
"0053d490","FUN_0053d490","0053c3d0","FUN_0053c3d0"
"0053d560","FUN_0053d560","0053d3d8","FUN_0053d3d8"
"0053d560","FUN_0053d560","0053ed08","FUN_0053ed08"
"0053d6f8","FUN_0053d6f8","00546060","FUN_00546060"
"0053d870","FUN_0053d870","0053d520","FUN_0053d520"
"0053d940","FUN_0053d940","0053c220","FUN_0053c220"
"0053d940","FUN_0053d940","0053d280","FUN_0053d280"
"0053d940","FUN_0053d940","0053d4b8","FUN_0053d4b8"
"0053da38","FUN_0053da38","0053d490","FUN_0053d490"
"0053dae8","FUN_0053dae8","0053da00","FUN_0053da00"
"0053dbb0","FUN_0053dbb0","00531530","FUN_00531530"
"0053dbb0","FUN_0053dbb0","00531e40","FUN_00531e40"
"0053dbb0","FUN_0053dbb0","00531ea8","FUN_00531ea8"
"0053dbb0","FUN_0053dbb0","00532130","FUN_00532130"
"0053dbb0","FUN_0053dbb0","00532390","FUN_00532390"
"0053dbb0","FUN_0053dbb0","0053db20","FUN_0053db20"
"0053dbb0","FUN_0053dbb0","0053eb48","FUN_0053eb48"
"0053eaf8","FUN_0053eaf8","0053da38","FUN_0053da38"
"0053eb20","FUN_0053eb20","0053dae8","FUN_0053dae8"
"0053eb48","FUN_0053eb48","0053dd88","FUN_0053dd88"
"0053eb98","FUN_0053eb98","0053dd88","FUN_0053dd88"
"0053ebd0","FUN_0053ebd0","0053dd88","FUN_0053dd88"
"0053ec18","FUN_0053ec18","0053dd88","FUN_0053dd88"
"0053ec18","FUN_0053ec18","00546060","FUN_00546060"
"0053ec88","FUN_0053ec88","0053dd88","FUN_0053dd88"
"0053ec88","FUN_0053ec88","00546060","FUN_00546060"
"0053ed08","FUN_0053ed08","0053dd88","FUN_0053dd88"
"0053ed08","FUN_0053ed08","00546060","FUN_00546060"
"0053ee00","FUN_0053ee00","00546060","FUN_00546060"
"0053ee00","FUN_0053ee00","005460b0","FUN_005460b0"
"0053f080","FUN_0053f080","0053bcd0","FUN_0053bcd0"
"0053f080","FUN_0053f080","0053cb50","FUN_0053cb50"
"0053f1b0","FUN_0053f1b0","0053c360","FUN_0053c360"
"0053f1b0","FUN_0053f1b0","0053c370","FUN_0053c370"
"0053f1b0","FUN_0053f1b0","0053f4b0","FUN_0053f4b0"
"0053f2e8","FUN_0053f2e8","0053f1b0","FUN_0053f1b0"
"0053f328","FUN_0053f328","0053f1b0","FUN_0053f1b0"
"0053f560","FUN_0053f560","00546060","FUN_00546060"
"0053f560","FUN_0053f560","005460b0","FUN_005460b0"
"0053f700","FUN_0053f700","0053f080","FUN_0053f080"
"0053f728","FUN_0053f728","00546060","FUN_00546060"
"0053f728","FUN_0053f728","005460b0","FUN_005460b0"
"0053f820","FUN_0053f820","0053f7f0","FUN_0053f7f0"
"0053f860","FUN_0053f860","0053bfd0","FUN_0053bfd0"
"0053f860","FUN_0053f860","0053f7d0","FUN_0053f7d0"
"0053f930","FUN_0053f930","0053f328","FUN_0053f328"
"0053f970","FUN_0053f970","0053f328","FUN_0053f328"
"0053f970","FUN_0053f970","0053f7f0","FUN_0053f7f0"
"0053f970","FUN_0053f970","0053f820","FUN_0053f820"
"0053f970","FUN_0053f970","00547e20","FUN_00547e20"
"0053fa40","FUN_0053fa40","0053bfa0","FUN_0053bfa0"
"0053fa40","FUN_0053fa40","0053f2e8","FUN_0053f2e8"
"0053fa40","FUN_0053fa40","0053f728","FUN_0053f728"
"0053fa40","FUN_0053fa40","0053f7d0","FUN_0053f7d0"
"0053fbf8","FUN_0053fbf8","0053f328","FUN_0053f328"
"0053fc38","FUN_0053fc38","0053f7f0","FUN_0053f7f0"
"0053fc38","FUN_0053fc38","0053fba8","FUN_0053fba8"
"0053fd08","FUN_0053fd08","0053bfa0","FUN_0053bfa0"
"0053fd08","FUN_0053fd08","0053f2e8","FUN_0053f2e8"
"0053fd08","FUN_0053fd08","0053f728","FUN_0053f728"
"0053fd08","FUN_0053fd08","0053f7d0","FUN_0053f7d0"
"0053fee8","FUN_0053fee8","0053bfa0","FUN_0053bfa0"
"0053fee8","FUN_0053fee8","0053f2e8","FUN_0053f2e8"
"0053fee8","FUN_0053fee8","0053f4b0","FUN_0053f4b0"
"0053fee8","FUN_0053fee8","0053f728","FUN_0053f728"
"0053fee8","FUN_0053fee8","0053f7d0","FUN_0053f7d0"
"00540128","FUN_00540128","00546060","FUN_00546060"
"00540128","FUN_00540128","005460b0","FUN_005460b0"
"00540290","FUN_00540290","00546060","FUN_00546060"
"00540290","FUN_00540290","005460b0","FUN_005460b0"
"00540328","FUN_00540328","00546060","FUN_00546060"
"00540328","FUN_00540328","005460b0","FUN_005460b0"
"005403b8","FUN_005403b8","00546060","FUN_00546060"
"005405d8","FUN_005405d8","0053bec0","FUN_0053bec0"
"005405d8","FUN_005405d8","005403b8","FUN_005403b8"
"005405d8","FUN_005405d8","00540410","FUN_00540410"
"00540618","FUN_00540618","0053bfa0","FUN_0053bfa0"
"00540688","FUN_00540688","0053bfc0","FUN_0053bfc0"
"00540688","FUN_00540688","0053bfe0","FUN_0053bfe0"
"00540688","FUN_00540688","00540618","FUN_00540618"
"00540708","FUN_00540708","0053bfc0","FUN_0053bfc0"
"00540708","FUN_00540708","0053bfe0","FUN_0053bfe0"
"00540708","FUN_00540708","00540618","FUN_00540618"
"00540790","FUN_00540790","0053fee8","FUN_0053fee8"
"00540880","FUN_00540880","0053bfc0","FUN_0053bfc0"
"00540880","FUN_00540880","0053bfe0","FUN_0053bfe0"
"00540880","FUN_00540880","00540618","FUN_00540618"
"00540ca8","FUN_00540ca8","0053bfa0","FUN_0053bfa0"
"00540d00","FUN_00540d00","0053bfe0","FUN_0053bfe0"
"00540d00","FUN_00540d00","00540ca8","FUN_00540ca8"
"00540d30","FUN_00540d30","0053bfc0","FUN_0053bfc0"
"00540e28","FUN_00540e28","0053f0e8","FUN_0053f0e8"
"00540e28","FUN_00540e28","0053f560","FUN_0053f560"
"00540e28","FUN_00540e28","0053fd08","FUN_0053fd08"
"00540e28","FUN_00540e28","00546060","FUN_00546060"
"00540e28","FUN_00540e28","005460b0","FUN_005460b0"
"00541030","FUN_00541030","0054eb18","FUN_0054eb18"
"005410c0","FUN_005410c0","0054ed68","FUN_0054ed68"
"005410f8","FUN_005410f8","00540d00","FUN_00540d00"
"00541238","FUN_00541238","00540d00","FUN_00540d00"
"00541328","FUN_00541328","00540d00","FUN_00540d00"
"005415b8","FUN_005415b8","00540880","FUN_00540880"
"005415b8","FUN_005415b8","00540d00","FUN_00540d00"
"00541730","FUN_00541730","00540880","FUN_00540880"
"00541730","FUN_00541730","00540d00","FUN_00540d00"
"00541970","FUN_00541970","00540880","FUN_00540880"
"00541970","FUN_00541970","00540d00","FUN_00540d00"
"00541be0","FUN_00541be0","00540880","FUN_00540880"
"00541be0","FUN_00541be0","00540d00","FUN_00540d00"
"00541ea0","FUN_00541ea0","00540880","FUN_00540880"
"00541ea0","FUN_00541ea0","00540d00","FUN_00540d00"
"00542228","FUN_00542228","00540880","FUN_00540880"
"00542228","FUN_00542228","00540d00","FUN_00540d00"
"00542410","FUN_00542410","00540d00","FUN_00540d00"
"005425c0","FUN_005425c0","00542410","FUN_00542410"
"005425e0","FUN_005425e0","00540d00","FUN_00540d00"
"00542798","FUN_00542798","00542410","FUN_00542410"
"005427b8","FUN_005427b8","00540d00","FUN_00540d00"
"00542a38","FUN_00542a38","00540d00","FUN_00540d00"
"00542b68","FUN_00542b68","00542410","FUN_00542410"
"00542b88","FUN_00542b88","00540d00","FUN_00540d00"
"00542c50","FUN_00542c50","00540880","FUN_00540880"
"00542c50","FUN_00542c50","00540d00","FUN_00540d00"
"00542db8","FUN_00542db8","00540880","FUN_00540880"
"00542db8","FUN_00542db8","00540d00","FUN_00540d00"
"00542f10","FUN_00542f10","00540d00","FUN_00540d00"
"005430c8","FUN_005430c8","00540d00","FUN_00540d00"
"00543318","FUN_00543318","00540d00","FUN_00540d00"
"00543520","FUN_00543520","00542410","FUN_00542410"
"00543540","FUN_00543540","00540d00","FUN_00540d00"
"005436f0","FUN_005436f0","00540d00","FUN_00540d00"
"00543970","FUN_00543970","00542410","FUN_00542410"
"00543990","FUN_00543990","00540880","FUN_00540880"
"00543990","FUN_00543990","00540d00","FUN_00540d00"
"00543bd0","FUN_00543bd0","00540d00","FUN_00540d00"
"00543e78","FUN_00543e78","00540d00","FUN_00540d00"
"00544070","FUN_00544070","00540d00","FUN_00540d00"
"00544250","FUN_00544250","0053fd08","FUN_0053fd08"
"005442d8","FUN_005442d8","0053fee8","FUN_0053fee8"
"00544348","FUN_00544348","0053fee8","FUN_0053fee8"
"005443c8","FUN_005443c8","0053fee8","FUN_0053fee8"
"00544440","FUN_00544440","005443c8","FUN_005443c8"
"00544550","FUN_00544550","0053fee8","FUN_0053fee8"
"005445c0","FUN_005445c0","0053fee8","FUN_0053fee8"
"00544630","FUN_00544630","0053fee8","FUN_0053fee8"
"005446a0","FUN_005446a0","0053fee8","FUN_0053fee8"
"00544720","FUN_00544720","0053fee8","FUN_0053fee8"
"005447a0","FUN_005447a0","0053fd08","FUN_0053fd08"
"005448a0","FUN_005448a0","0054eb18","FUN_0054eb18"
"00544930","FUN_00544930","0054ed68","FUN_0054ed68"
"00544968","FUN_00544968","005447a0","FUN_005447a0"
"00544968","FUN_00544968","005448a0","FUN_005448a0"
"00544b70","FUN_00544b70","005447a0","FUN_005447a0"
"00544b70","FUN_00544b70","005448a0","FUN_005448a0"
"00544d78","FUN_00544d78","005447a0","FUN_005447a0"
"00544d78","FUN_00544d78","005448a0","FUN_005448a0"
"00544e08","FUN_00544e08","005447a0","FUN_005447a0"
"00544e08","FUN_00544e08","005448a0","FUN_005448a0"
"00544ea8","FUN_00544ea8","005447a0","FUN_005447a0"
"00544ea8","FUN_00544ea8","005448a0","FUN_005448a0"
"00544f38","FUN_00544f38","00544968","FUN_00544968"
"00544f58","FUN_00544f58","00544968","FUN_00544968"
"00544f78","FUN_00544f78","005447a0","FUN_005447a0"
"00544f78","FUN_00544f78","005448a0","FUN_005448a0"
"005451a0","FUN_005451a0","00544f78","FUN_00544f78"
"005451c0","FUN_005451c0","00544f78","FUN_00544f78"
"005451e0","FUN_005451e0","005447a0","FUN_005447a0"
"005451e0","FUN_005451e0","005448a0","FUN_005448a0"
"005452e8","FUN_005452e8","005451e0","FUN_005451e0"
"00545330","FUN_00545330","0053fee8","FUN_0053fee8"
"00545330","FUN_00545330","005447a0","FUN_005447a0"
"00545420","FUN_00545420","0053fee8","FUN_0053fee8"
"00545420","FUN_00545420","005447a0","FUN_005447a0"
"00545500","FUN_00545500","0053c270","FUN_0053c270"
"00545500","FUN_00545500","0053c360","FUN_0053c360"
"00545500","FUN_00545500","0053c3a0","FUN_0053c3a0"
"00545500","FUN_00545500","0053c3b0","FUN_0053c3b0"
"00545500","FUN_00545500","0053f4b0","FUN_0053f4b0"
"00545500","FUN_00545500","005481e8","FUN_005481e8"
"00545658","FUN_00545658","0053c3b0","FUN_0053c3b0"
"00545680","FUN_00545680","0053c3b0","FUN_0053c3b0"
"00545680","FUN_00545680","0053c420","FUN_0053c420"
"00545680","FUN_00545680","005481e8","FUN_005481e8"
"005456d0","FUN_005456d0","0053ec88","FUN_0053ec88"
"005456d0","FUN_005456d0","0053f560","FUN_0053f560"
"005456d0","FUN_005456d0","0053f700","FUN_0053f700"
"005457e0","FUN_005457e0","0053bc50","FUN_0053bc50"
"00545930","FUN_00545930","0053c220","FUN_0053c220"
"00545930","FUN_00545930","005458c8","FUN_005458c8"
"00545930","FUN_00545930","00545910","FUN_00545910"
"00545930","FUN_00545930","00545920","FUN_00545920"
"00545a28","FUN_00545a28","00545a18","FUN_00545a18"
"00545ab8","FUN_00545ab8","0053c400","FUN_0053c400"
"00545ab8","FUN_00545ab8","0053c410","FUN_0053c410"
"00545ab8","FUN_00545ab8","00545af8","FUN_00545af8"
"00545af8","FUN_00545af8","0053ed08","FUN_0053ed08"
"00545af8","FUN_00545af8","00545a18","FUN_00545a18"
"00545af8","FUN_00545af8","00546718","FUN_00546718"
"005460c8","FUN_005460c8","0053bfa0","FUN_0053bfa0"
"005461d0","FUN_005461d0","00546138","FUN_00546138"
"00546208","FUN_00546208","005461c0","FUN_005461c0"
"00546208","FUN_00546208","00546308","FUN_00546308"
"00546318","FUN_00546318","0053cd78","FUN_0053cd78"
"00546318","FUN_00546318","00545930","FUN_00545930"
"00546318","FUN_00546318","005460c8","FUN_005460c8"
"00546318","FUN_00546318","00546208","FUN_00546208"
"00546318","FUN_00546318","00546440","FUN_00546440"
"00546318","FUN_00546318","005467f8","FUN_005467f8"
"00546318","FUN_00546318","00546970","FUN_00546970"
"00546318","FUN_00546318","00546bb0","FUN_00546bb0"
"00546318","FUN_00546318","00548030","FUN_00548030"
"005463d8","FUN_005463d8","0053c050","FUN_0053c050"
"00546440","FUN_00546440","0053c220","FUN_0053c220"
"00546440","FUN_00546440","00546370","FUN_00546370"
"00546440","FUN_00546440","00546380","FUN_00546380"
"00546440","FUN_00546440","005463c8","FUN_005463c8"
"00546440","FUN_00546440","005463d8","FUN_005463d8"
"00546540","FUN_00546540","00546530","FUN_00546530"
"005466d0","FUN_005466d0","0053bbe0","FUN_0053bbe0"
"005466d0","FUN_005466d0","00546540","FUN_00546540"
"005466d0","FUN_005466d0","00546658","thunk_FUN_00545ab8"
"00546718","FUN_00546718","0053bbc0","FUN_0053bbc0"
"00546718","FUN_00546718","00546658","thunk_FUN_00545ab8"
"00546740","FUN_00546740","0053c3c0","FUN_0053c3c0"
"00546740","FUN_00546740","00546540","FUN_00546540"
"00546740","FUN_00546740","00546658","thunk_FUN_00545ab8"
"005467f8","FUN_005467f8","0053c220","FUN_0053c220"
"005467f8","FUN_005467f8","00546790","FUN_00546790"
"005467f8","FUN_005467f8","005467a0","FUN_005467a0"
"005467f8","FUN_005467f8","005467e8","FUN_005467e8"
"00546940","FUN_00546940","005468d0","FUN_005468d0"
"00546950","FUN_00546950","005468d0","FUN_005468d0"
"00546970","FUN_00546970","0054ed68","FUN_0054ed68"
"00546ac8","FUN_00546ac8","0053bca0","FUN_0053bca0"
"00546ac8","FUN_00546ac8","0053ca80","FUN_0053ca80"
"00546ac8","FUN_00546ac8","00546060","FUN_00546060"
"00546ac8","FUN_00546ac8","005460b0","FUN_005460b0"
"00546ac8","FUN_00546ac8","00546940","FUN_00546940"
"00546ac8","FUN_00546ac8","00546950","FUN_00546950"
"00546bb0","FUN_00546bb0","00546060","FUN_00546060"
"00546bb0","FUN_00546bb0","005460b0","FUN_005460b0"
"00546bb0","FUN_00546bb0","00546950","FUN_00546950"
"00546bb0","FUN_00546bb0","00546cc0","FUN_00546cc0"
"00546bb0","FUN_00546bb0","005471b8","FUN_005471b8"
"00546c40","FUN_00546c40","00546060","FUN_00546060"
"00546c40","FUN_00546c40","005460b0","FUN_005460b0"
"00546c40","FUN_00546c40","00546950","FUN_00546950"
"00546f10","FUN_00546f10","00546950","FUN_00546950"
"00546f10","FUN_00546f10","00546cc0","FUN_00546cc0"
"00546f10","FUN_00546f10","00546ed8","FUN_00546ed8"
"00547208","FUN_00547208","00546060","FUN_00546060"
"005472f8","FUN_005472f8","00546060","FUN_00546060"
"005472f8","FUN_005472f8","005460b0","FUN_005460b0"
"005472f8","FUN_005472f8","00547288","FUN_00547288"
"005473e0","FUN_005473e0","00546060","FUN_00546060"
"005473e0","FUN_005473e0","005460b0","FUN_005460b0"
"005473e0","FUN_005473e0","00547340","FUN_00547340"
"00547480","FUN_00547480","00546060","FUN_00546060"
"00547480","FUN_00547480","005460b0","FUN_005460b0"
"00547480","FUN_00547480","00547430","FUN_00547430"
"00547590","FUN_00547590","00546060","FUN_00546060"
"00547590","FUN_00547590","005460b0","FUN_005460b0"
"00547590","FUN_00547590","005474e0","FUN_005474e0"
"005476a8","FUN_005476a8","00546060","FUN_00546060"
"005476a8","FUN_005476a8","005460b0","FUN_005460b0"
"005476a8","FUN_005476a8","005475e0","FUN_005475e0"
"005476f8","FUN_005476f8","00546060","FUN_00546060"
"005476f8","FUN_005476f8","005460b0","FUN_005460b0"
"00547810","FUN_00547810","00546060","FUN_00546060"
"00547810","FUN_00547810","005460b0","FUN_005460b0"
"00547810","FUN_00547810","005477c8","FUN_005477c8"
"005478d0","FUN_005478d0","00546060","FUN_00546060"
"005478d0","FUN_005478d0","005460b0","FUN_005460b0"
"005478d0","FUN_005478d0","00547860","FUN_00547860"
"00547a18","FUN_00547a18","00546060","FUN_00546060"
"00547a18","FUN_00547a18","005460b0","FUN_005460b0"
"00547a18","FUN_00547a18","00547920","FUN_00547920"
"00547a98","FUN_00547a98","005308b8","FUN_005308b8"
"00547b40","FUN_00547b40","005308b8","FUN_005308b8"
"00547bb0","FUN_00547bb0","00531448","FUN_00531448"
"00547cf0","FUN_00547cf0","00546060","FUN_00546060"
"00547cf0","FUN_00547cf0","005460b0","FUN_005460b0"
"00547cf0","FUN_00547cf0","005472f8","FUN_005472f8"
"00547e20","FUN_00547e20","00547288","FUN_00547288"
"00547f10","FUN_00547f10","00546060","FUN_00546060"
"00547f10","FUN_00547f10","005460b0","FUN_005460b0"
"00547f10","FUN_00547f10","005473e0","FUN_005473e0"
"00547fb8","FUN_00547fb8","00547340","FUN_00547340"
"00548030","FUN_00548030","0054ed68","FUN_0054ed68"
"005480d8","FUN_005480d8","00546060","FUN_00546060"
"005480d8","FUN_005480d8","005460b0","FUN_005460b0"
"00548498","FUN_00548498","00541328","FUN_00541328"
"00548498","FUN_00548498","005415b8","FUN_005415b8"
"00548498","FUN_00548498","00541970","FUN_00541970"
"00548498","FUN_00548498","0054ab58","FUN_0054ab58"
"00548548","FUN_00548548","00548420","FUN_00548420"
"005488c0","FUN_005488c0","00548420","FUN_00548420"
"00548980","FUN_00548980","00548420","FUN_00548420"
"00548a48","FUN_00548a48","00548980","FUN_00548980"
"00548d38","FUN_00548d38","0053ec88","FUN_0053ec88"
"00548e20","FUN_00548e20","00548420","FUN_00548420"
"00548e20","FUN_00548e20","00548548","FUN_00548548"
"00548e20","FUN_00548e20","00548a48","FUN_00548a48"
"00548e20","FUN_00548e20","00548c30","FUN_00548c30"
"005490b8","FUN_005490b8","005488c0","FUN_005488c0"
"005490b8","FUN_005490b8","00548d38","FUN_00548d38"
"00549118","FUN_00549118","0053c430","FUN_0053c430"
"00549118","FUN_00549118","0053c4c0","FUN_0053c4c0"
"00549118","FUN_00549118","00548420","FUN_00548420"
"005491b0","FUN_005491b0","0053ec88","FUN_0053ec88"
"005497f0","FUN_005497f0","0053ec88","FUN_0053ec88"
"00549970","FUN_00549970","0053c2c0","FUN_0053c2c0"
"00549970","FUN_00549970","0053c2e0","FUN_0053c2e0"
"00549970","FUN_00549970","0053ec88","FUN_0053ec88"
"0054a088","FUN_0054a088","00548980","FUN_00548980"
"0054a268","FUN_0054a268","005488c0","FUN_005488c0"
"0054a268","FUN_0054a268","00548d38","FUN_00548d38"
"0054a2c8","FUN_0054a2c8","0053ec88","FUN_0053ec88"
"0054a2c8","FUN_0054a2c8","0054aa60","FUN_0054aa60"
"0054a750","FUN_0054a750","0054a2c8","FUN_0054a2c8"
"0054a750","FUN_0054a750","0054a3c0","FUN_0054a3c0"
"0054a7b8","FUN_0054a7b8","0054a2c8","FUN_0054a2c8"
"0054a7b8","FUN_0054a7b8","0054a3c0","FUN_0054a3c0"
"0054a830","FUN_0054a830","0054a2c8","FUN_0054a2c8"
"0054a830","FUN_0054a830","0054a3c0","FUN_0054a3c0"
"0054a8a8","FUN_0054a8a8","0054a2c8","FUN_0054a2c8"
"0054a8f0","FUN_0054a8f0","0054a2c8","FUN_0054a2c8"
"0054a8f0","FUN_0054a8f0","0054a3c0","FUN_0054a3c0"
"0054a970","FUN_0054a970","0054a2c8","FUN_0054a2c8"
"0054a970","FUN_0054a970","0054a3c0","FUN_0054a3c0"
"0054a9f0","FUN_0054a9f0","0054a2c8","FUN_0054a2c8"
"0054aa28","FUN_0054aa28","0054a338","FUN_0054a338"
"0054aa60","FUN_0054aa60","00546060","FUN_00546060"
"0054aa60","FUN_0054aa60","005460b0","FUN_005460b0"
"0054ab10","FUN_0054ab10","00100218","thunk_FUN_00546718"
"0054ab10","FUN_0054ab10","00551588","FUN_00551588"
"0054ab40","FUN_0054ab40","00553730","FUN_00553730"
"0054ab58","FUN_0054ab58","00553aa0","FUN_00553aa0"
"0054ab80","FUN_0054ab80","00553aa0","FUN_00553aa0"
"0054aba0","FUN_0054aba0","0054ac08","FUN_0054ac08"
"0054aba0","FUN_0054aba0","0054ee28","FUN_0054ee28"
"0054aba0","FUN_0054aba0","0054eea8","FUN_0054eea8"
"0054ac08","FUN_0054ac08","0054e2d8","FUN_0054e2d8"
"0054acc0","FUN_0054acc0","0053c688","FUN_0053c688"
"0054af48","FUN_0054af48","0054efa0","FUN_0054efa0"
"0054c390","FUN_0054c390","0054da68","FUN_0054da68"
"0054c640","FUN_0054c640","0054e2d8","FUN_0054e2d8"
"0054c640","FUN_0054c640","0054ed68","FUN_0054ed68"
"0054c6b8","FUN_0054c6b8","0054c7f0","FUN_0054c7f0"
"0054c7b0","FUN_0054c7b0","0054da68","FUN_0054da68"
"0054c7f0","FUN_0054c7f0","0054c5e0","FUN_0054c5e0"
"0054c938","FUN_0054c938","0054c6b8","FUN_0054c6b8"
"0054c938","FUN_0054c938","0054c880","FUN_0054c880"
"0054c938","FUN_0054c938","0054d070","FUN_0054d070"
"0054c938","FUN_0054c938","0054ff10","FUN_0054ff10"
"0054ca18","FUN_0054ca18","0054c938","FUN_0054c938"
"0054ca98","FUN_0054ca98","0054d688","FUN_0054d688"
"0054ca98","FUN_0054ca98","00551fb8","FUN_00551fb8"
"0054cc08","FUN_0054cc08","0054cf00","FUN_0054cf00"
"0054cc08","FUN_0054cc08","0054ee28","FUN_0054ee28"
"0054cc08","FUN_0054cc08","0054eea8","FUN_0054eea8"
"0054cf00","FUN_0054cf00","0054ee28","FUN_0054ee28"
"0054cf00","FUN_0054cf00","0054eea8","FUN_0054eea8"
"0054cf00","FUN_0054cf00","005512d0","FUN_005512d0"
"0054d520","FUN_0054d520","0053c758","FUN_0053c758"
"0054d688","FUN_0054d688","00556938","FUN_00556938"
"0054db88","FUN_0054db88","0054dbd8","FUN_0054dbd8"
"0054dbd8","FUN_0054dbd8","0054c1b0","FUN_0054c1b0"
"0054dbd8","FUN_0054dbd8","0054c1b8","FUN_0054c1b8"
"0054dbd8","FUN_0054dbd8","005523c8","FUN_005523c8"
"0054dd20","FUN_0054dd20","0054dbd8","FUN_0054dbd8"
"0054dd40","FUN_0054dd40","00551d58","FUN_00551d58"
"0054dde0","FUN_0054dde0","0054dd40","FUN_0054dd40"
"0054de08","FUN_0054de08","0054ddd0","FUN_0054ddd0"
"0054de28","FUN_0054de28","0053c698","FUN_0053c698"
"0054de88","FUN_0054de88","0053c750","FUN_0053c750"
"0054de88","FUN_0054de88","0054d520","FUN_0054d520"
"0054de88","FUN_0054de88","0054e2d8","FUN_0054e2d8"
"0054dfe0","FUN_0054dfe0","0054e2d8","FUN_0054e2d8"
"0054dfe0","FUN_0054dfe0","0054ee28","FUN_0054ee28"
"0054dfe0","FUN_0054dfe0","0054eea8","FUN_0054eea8"
"0054e038","FUN_0054e038","0054cc08","FUN_0054cc08"
"0054e038","FUN_0054e038","0054ee28","FUN_0054ee28"
"0054e038","FUN_0054e038","0054eea8","FUN_0054eea8"
"0054e080","FUN_0054e080","005512d0","FUN_005512d0"
"0054e2d8","FUN_0054e2d8","0054ee28","FUN_0054ee28"
"0054e2d8","FUN_0054e2d8","0054eea8","FUN_0054eea8"
"0054ee28","FUN_0054ee28","0053be90","FUN_0053be90"
"0054ee28","FUN_0054ee28","0053bfe0","FUN_0053bfe0"
"0054eea8","FUN_0054eea8","0053bfc0","FUN_0053bfc0"
"0054eef8","FUN_0054eef8","0054ac08","FUN_0054ac08"
"0054efd0","FUN_0054efd0","0054ebb0","FUN_0054ebb0"
"0054efd0","FUN_0054efd0","0054eef8","FUN_0054eef8"
"0054f348","FUN_0054f348","0054eef8","FUN_0054eef8"
"0054f590","FUN_0054f590","0054efa0","FUN_0054efa0"
"0054f590","FUN_0054f590","0054efd0","FUN_0054efd0"
"0054f590","FUN_0054f590","0054f348","FUN_0054f348"
"0054f590","FUN_0054f590","0054f380","FUN_0054f380"
"0054f690","FUN_0054f690","0054eef8","FUN_0054eef8"
"0054f690","FUN_0054f690","0054efa0","FUN_0054efa0"
"0054f850","FUN_0054f850","0054eef8","FUN_0054eef8"
"0054f850","FUN_0054f850","0054f7e8","FUN_0054f7e8"
"0054fab0","FUN_0054fab0","0054f208","FUN_0054f208"
"0054fc48","FUN_0054fc48","0054eef8","FUN_0054eef8"
"0054fc48","FUN_0054fc48","0054f208","FUN_0054f208"
"0054fc48","FUN_0054fc48","0054f288","FUN_0054f288"
"0054fdd0","FUN_0054fdd0","00532130","FUN_00532130"
"0054fdd0","FUN_0054fdd0","0054fab0","FUN_0054fab0"
"0054fea0","FUN_0054fea0","00531ea8","FUN_00531ea8"
"0054ff10","FUN_0054ff10","0053c660","FUN_0053c660"
"0054ff70","FUN_0054ff70","00554188","FUN_00554188"
"0054ffd0","FUN_0054ffd0","00554110","FUN_00554110"
"00550a48","FUN_00550a48","0052fb18","FUN_0052fb18"
"00550ab0","FUN_00550ab0","0053c5e8","FUN_0053c5e8"
"00550b10","FUN_00550b10","0054ee28","FUN_0054ee28"
"00550b10","FUN_00550b10","0054eea8","FUN_0054eea8"
"00550b10","FUN_00550b10","00550b78","FUN_00550b78"
"00550b78","FUN_00550b78","0054e2d8","FUN_0054e2d8"
"00550b78","FUN_00550b78","0054ee28","FUN_0054ee28"
"00551118","FUN_00551118","0054c390","FUN_0054c390"
"005512d0","FUN_005512d0","0053c6a0","FUN_0053c6a0"
"00551398","FUN_00551398","00551328","FUN_00551328"
"00551418","FUN_00551418","00551328","FUN_00551328"
"005514f0","FUN_005514f0","00551328","FUN_00551328"
"00551588","FUN_00551588","00551418","FUN_00551418"
"005515a8","FUN_005515a8","00551398","FUN_00551398"
"00551610","FUN_00551610","0053c778","FUN_0053c778"
"00551710","FUN_00551710","00554110","FUN_00554110"
"005517a8","FUN_005517a8","00551fb8","FUN_00551fb8"
"005517a8","FUN_005517a8","00555a98","FUN_00555a98"
"00551850","FUN_00551850","00550ab0","FUN_00550ab0"
"005518b8","FUN_005518b8","0054de28","FUN_0054de28"
"005518b8","FUN_005518b8","005568d8","FUN_005568d8"
"00551938","FUN_00551938","0054de28","FUN_0054de28"
"005519a0","FUN_005519a0","0054acc0","FUN_0054acc0"
"00553730","FUN_00553730","00552818","FUN_00552818"
"00553aa0","FUN_00553aa0","00553868","FUN_00553868"
"00553d00","FUN_00553d00","00553ad0","FUN_00553ad0"
"00554010","FUN_00554010","0054d688","FUN_0054d688"
"00554058","FUN_00554058","00554110","FUN_00554110"
"00554110","FUN_00554110","0054c7f0","FUN_0054c7f0"
"00554110","FUN_00554110","00554188","FUN_00554188"
"00554188","FUN_00554188","0054de08","FUN_0054de08"
"00554188","FUN_00554188","0054ea00","FUN_0054ea00"
"00554188","FUN_00554188","00554010","FUN_00554010"
"00554188","FUN_00554188","00554058","FUN_00554058"
"00554188","FUN_00554188","00556938","FUN_00556938"
"00555a98","FUN_00555a98","00551150","FUN_00551150"
"00556828","FUN_00556828","00554110","FUN_00554110"
"00556880","FUN_00556880","00554110","FUN_00554110"
"005568d8","FUN_005568d8","0053c568","FUN_0053c568"
"00556e90","FUN_00556e90","00556df0","FUN_00556df0"
"00557d10","FUN_00557d10","00110390","FUN_00110390"
"00557de0","FUN_00557de0","00558db0","FUN_00558db0"
"005581c0","FUN_005581c0","0053d018","FUN_0053d018"
"005581c0","FUN_005581c0","005400e8","FUN_005400e8"
"005581c0","FUN_005581c0","0054ebb0","FUN_0054ebb0"
"00558240","FUN_00558240","0053d018","FUN_0053d018"
"00558240","FUN_00558240","005400e8","FUN_005400e8"
"00558240","FUN_00558240","0054ebb0","FUN_0054ebb0"
"005582c0","FUN_005582c0","0053d018","FUN_0053d018"
"005582c0","FUN_005582c0","005400e8","FUN_005400e8"
"00558360","FUN_00558360","0053d018","FUN_0053d018"
"00558360","FUN_00558360","005400e8","FUN_005400e8"
"005583d0","FUN_005583d0","0053d018","FUN_0053d018"
"005583d0","FUN_005583d0","005400e8","FUN_005400e8"
"00558440","FUN_00558440","0053d018","FUN_0053d018"
"00558440","FUN_00558440","005400e8","FUN_005400e8"
"00558440","FUN_00558440","0054ebb0","FUN_0054ebb0"
"005584d0","FUN_005584d0","0053d018","FUN_0053d018"
"005584d0","FUN_005584d0","005400e8","FUN_005400e8"
"00558db0","FUN_00558db0","0053fee8","FUN_0053fee8"
"00558db0","FUN_00558db0","005400e8","FUN_005400e8"
"00558db0","FUN_00558db0","00558e30","FUN_00558e30"
"00558db0","FUN_00558db0","00559440","FUN_00559440"
"00559440","FUN_00559440","0053b738","FUN_0053b738"
"00559440","FUN_00559440","00559720","FUN_00559720"
"00559440","FUN_00559440","005597c0","FUN_005597c0"
"00559720","FUN_00559720","0053bb28","FUN_0053bb28"
"00559bb0","FUN_00559bb0","00550a48","FUN_00550a48"
"00559c20","FUN_00559c20","00550a48","FUN_00550a48"
"00559f10","FUN_00559f10","00263f30","FUN_00263f30"
"00559f10","FUN_00559f10","00264190","FUN_00264190"
"00559fd0","FUN_00559fd0","00558360","FUN_00558360"
"00559fd0","FUN_00559fd0","005584d0","FUN_005584d0"
"0055a1b0","FUN_0055a1b0","00557de0","FUN_00557de0"
"0055a1b0","FUN_0055a1b0","005582c0","FUN_005582c0"
"0055a1b0","FUN_0055a1b0","00559fd0","FUN_00559fd0"
"0055a390","FUN_0055a390","00558940","FUN_00558940"
"0055a390","FUN_0055a390","00558ab0","FUN_00558ab0"
"0055a390","FUN_0055a390","00558b10","FUN_00558b10"
"0055a490","FUN_0055a490","00558ba0","FUN_00558ba0"
"0055a530","FUN_0055a530","0056cea0","FUN_0056cea0"
"0055a560","FUN_0055a560","0056ccb0","FUN_0056ccb0"
"0055ccb0","FUN_0055ccb0","0056a9f0","FUN_0056a9f0"
"0055d120","FUN_0055d120","0055fab0","FUN_0055fab0"
"0055d120","FUN_0055d120","0056d390","FUN_0056d390"
"0055d120","FUN_0055d120","0056d7f0","FUN_0056d7f0"
"0055f310","FUN_0055f310","00558540","FUN_00558540"
"0055f310","FUN_0055f310","00558680","FUN_00558680"
"0055f310","FUN_0055f310","0056a7a0","FUN_0056a7a0"
"0055f310","FUN_0055f310","0056a8d0","FUN_0056a8d0"
"0055f310","FUN_0055f310","0056acb0","FUN_0056acb0"
"0055f310","FUN_0055f310","0056cac0","FUN_0056cac0"
"0055f430","FUN_0055f430","00558540","FUN_00558540"
"0055f430","FUN_0055f430","00558680","FUN_00558680"
"0055f430","FUN_0055f430","0056a7a0","FUN_0056a7a0"
"0055f430","FUN_0055f430","0056a8d0","FUN_0056a8d0"
"0055f430","FUN_0055f430","0056cac0","FUN_0056cac0"
"0055f430","FUN_0055f430","0056cda0","FUN_0056cda0"
"0055f430","FUN_0055f430","005811f0","FUN_005811f0"
"0055f570","FUN_0055f570","0056a7a0","FUN_0056a7a0"
"0055f570","FUN_0055f570","0056cac0","FUN_0056cac0"
"0055f790","FUN_0055f790","0055fab0","FUN_0055fab0"
"0055fab0","FUN_0055fab0","0056a9a0","FUN_0056a9a0"
"0055fab0","FUN_0055fab0","0056cb70","FUN_0056cb70"
"005604a0","FUN_005604a0","0010eba0","FUN_0010eba0"
"005604a0","FUN_005604a0","004602b0","FUN_004602b0"
"005604a0","FUN_005604a0","00472950","FUN_00472950"
"005604a0","FUN_005604a0","0056a960","FUN_0056a960"
"005604a0","FUN_005604a0","0056a9f0","FUN_0056a9f0"
"00560a60","FUN_00560a60","00264190","FUN_00264190"
"00560a60","FUN_00560a60","002ec1c0","FUN_002ec1c0"
"005611d0","FUN_005611d0","00559bb0","FUN_00559bb0"
"00561ce0","FUN_00561ce0","005623f0","FUN_005623f0"
"00561ce0","FUN_00561ce0","005625a0","FUN_005625a0"
"00561dc0","FUN_00561dc0","00561f00","FUN_00561f00"
"00561e40","FUN_00561e40","00561f00","FUN_00561f00"
"00561ea0","FUN_00561ea0","00561f00","FUN_00561f00"
"00561f00","FUN_00561f00","004602b0","FUN_004602b0"
"00561f00","FUN_00561f00","00472950","FUN_00472950"
"00562160","FUN_00562160","005630f0","FUN_005630f0"
"005623f0","FUN_005623f0","0028d0a0","FUN_0028d0a0"
"005623f0","FUN_005623f0","00562490","FUN_00562490"
"00563070","FUN_00563070","00559d10","FUN_00559d10"
"00563520","FUN_00563520","00559bb0","FUN_00559bb0"
"00563680","FUN_00563680","00558710","FUN_00558710"
"005637a0","FUN_005637a0","0056a5d0","FUN_0056a5d0"
"005637a0","FUN_005637a0","0056a7a0","FUN_0056a7a0"
"005637a0","FUN_005637a0","0056cac0","FUN_0056cac0"
"00563f10","FUN_00563f10","002d2ba0","FUN_002d2ba0"
"005641e0","FUN_005641e0","0055fc70","FUN_0055fc70"
"00564a80","FUN_00564a80","002ebd70","FUN_002ebd70"
"00564a80","FUN_00564a80","00564cc0","FUN_00564cc0"
"00564b00","FUN_00564b00","002ebd70","FUN_002ebd70"
"00564b00","FUN_00564b00","00564cc0","FUN_00564cc0"
"00564b00","FUN_00564b00","0056a7a0","FUN_0056a7a0"
"00564b00","FUN_00564b00","0056a8d0","FUN_0056a8d0"
"00564b00","FUN_00564b00","0056cac0","FUN_0056cac0"
"00564e20","FUN_00564e20","001018e0","FUN_001018e0"
"00564f40","FUN_00564f40","00596800","FUN_00596800"
"00564f70","FUN_00564f70","00596850","FUN_00596850"
"00565040","FUN_00565040","0054ebb0","FUN_0054ebb0"
"00565040","FUN_00565040","00558360","FUN_00558360"
"00565040","FUN_00565040","005584d0","FUN_005584d0"
"00565040","FUN_00565040","00566e10","FUN_00566e10"
"00565040","FUN_00565040","00567980","FUN_00567980"
"00565040","FUN_00565040","00567cb0","FUN_00567cb0"
"00565040","FUN_00565040","00581d80","FUN_00581d80"
"00565490","FUN_00565490","002d3510","FUN_002d3510"
"00565490","FUN_00565490","0054ebb0","FUN_0054ebb0"
"00565a50","FUN_00565a50","00565800","FUN_00565800"
"00565a50","FUN_00565a50","005815b0","FUN_005815b0"
"00565bf0","FUN_00565bf0","00559bb0","FUN_00559bb0"
"00565bf0","FUN_00565bf0","00566520","FUN_00566520"
"00565bf0","FUN_00565bf0","005815b0","FUN_005815b0"
"00566640","FUN_00566640","0018ed90","FUN_0018ed90"
"00566640","FUN_00566640","00263f30","FUN_00263f30"
"00566640","FUN_00566640","002a55c0","FUN_002a55c0"
"00566640","FUN_00566640","002a7020","FUN_002a7020"
"00566640","FUN_00566640","002a8820","thunk_FUN_002a6180"
"00566640","FUN_00566640","002a8a00","FUN_002a8a00"
"00566640","FUN_00566640","002a8b00","FUN_002a8b00"
"00566640","FUN_00566640","002a8bf0","FUN_002a8bf0"
"00566640","FUN_00566640","002a8c80","FUN_002a8c80"
"00566640","FUN_00566640","002a8ca0","FUN_002a8ca0"
"00566640","FUN_00566640","002a8db0","FUN_002a8db0"
"00566640","FUN_00566640","002a8dd0","FUN_002a8dd0"
"00566640","FUN_00566640","002a8de0","FUN_002a8de0"
"00566640","FUN_00566640","002a8e40","FUN_002a8e40"
"00566640","FUN_00566640","002a8e50","FUN_002a8e50"
"00566640","FUN_00566640","00551710","FUN_00551710"
"00566640","FUN_00566640","00551ea0","FUN_00551ea0"
"00566640","FUN_00566640","0056a570","FUN_0056a570"
"00566640","FUN_00566640","005821c0","FUN_005821c0"
"005668a0","FUN_005668a0","00558940","FUN_00558940"
"005668a0","FUN_005668a0","00558b10","FUN_00558b10"
"005668a0","FUN_005668a0","005669f0","FUN_005669f0"
"00566e10","FUN_00566e10","002d2ba0","FUN_002d2ba0"
"00567980","FUN_00567980","00248fc0","FUN_00248fc0"
"00567980","FUN_00567980","00565800","FUN_00565800"
"00567980","FUN_00567980","00565bf0","FUN_00565bf0"
"00567980","FUN_00567980","0056a570","FUN_0056a570"
"00567980","FUN_00567980","0056f9a0","FUN_0056f9a0"
"00567980","FUN_00567980","005815b0","FUN_005815b0"
"00567980","FUN_00567980","00581b40","FUN_00581b40"
"00567cb0","FUN_00567cb0","00565800","FUN_00565800"
"00567cb0","FUN_00567cb0","005815b0","FUN_005815b0"
"00567cb0","FUN_00567cb0","00581730","FUN_00581730"
"005684a0","FUN_005684a0","00559c80","FUN_00559c80"
"005684a0","FUN_005684a0","005687c0","FUN_005687c0"
"005684a0","FUN_005684a0","0056a1d0","FUN_0056a1d0"
"00568c10","FUN_00568c10","005583d0","FUN_005583d0"
"00568c10","FUN_00568c10","00558cf0","FUN_00558cf0"
"00568c10","FUN_00568c10","00559c80","FUN_00559c80"
"00568c10","FUN_00568c10","005687c0","FUN_005687c0"
"00568e60","FUN_00568e60","00559bb0","FUN_00559bb0"
"00568e60","FUN_00568e60","00568f60","FUN_00568f60"
"00568f60","FUN_00568f60","002d2ba0","FUN_002d2ba0"
"0056a570","FUN_0056a570","0056f9a0","FUN_0056f9a0"
"0056a5d0","FUN_0056a5d0","001018e0","FUN_001018e0"
"0056a5d0","FUN_0056a5d0","0056a920","FUN_0056a920"
"0056a630","FUN_0056a630","002ebb00","FUN_002ebb00"
"0056a630","FUN_0056a630","0056a920","FUN_0056a920"
"0056a8d0","FUN_0056a8d0","002ebb00","FUN_002ebb00"
"0056a8d0","FUN_0056a8d0","0056a920","FUN_0056a920"
"0056a920","FUN_0056a920","002ebd70","FUN_002ebd70"
"0056a960","FUN_0056a960","002ebd70","FUN_002ebd70"
"0056a9a0","FUN_0056a9a0","002ebd70","FUN_002ebd70"
"0056a9a0","FUN_0056a9a0","0056acb0","FUN_0056acb0"
"0056cac0","FUN_0056cac0","002ebd70","FUN_002ebd70"
"0056cac0","FUN_0056cac0","0056a630","FUN_0056a630"
"0056cb70","FUN_0056cb70","002ebd70","FUN_002ebd70"
"0056d590","FUN_0056d590","001018e0","FUN_001018e0"
"0056d590","FUN_0056d590","0056a5d0","FUN_0056a5d0"
"0056d590","FUN_0056d590","0056d7f0","FUN_0056d7f0"
"0056d6e0","FUN_0056d6e0","00559bb0","FUN_00559bb0"
"0056d7f0","FUN_0056d7f0","0056a9a0","FUN_0056a9a0"
"0056d7f0","FUN_0056d7f0","0056cb70","FUN_0056cb70"
"0056dad0","FUN_0056dad0","0056a9f0","FUN_0056a9f0"
"0056f8e0","FUN_0056f8e0","0056f710","FUN_0056f710"
"0056f9d0","FUN_0056f9d0","0016bba0","FUN_0016bba0"
"0056f9d0","FUN_0056f9d0","00575550","FUN_00575550"
"00570c20","FUN_00570c20","00558680","FUN_00558680"
"00570c20","FUN_00570c20","0056f710","FUN_0056f710"
"00570c20","FUN_00570c20","00573ab0","FUN_00573ab0"
"00570ed0","FUN_00570ed0","0019de60","FUN_0019de60"
"00574540","FUN_00574540","0056a5d0","FUN_0056a5d0"
"00574540","FUN_00574540","0056a7a0","FUN_0056a7a0"
"00574540","FUN_00574540","0056cac0","FUN_0056cac0"
"00574540","FUN_00574540","00574860","FUN_00574860"
"00574860","FUN_00574860","005734b0","FUN_005734b0"
"005748c0","FUN_005748c0","00558540","FUN_00558540"
"005748c0","FUN_005748c0","00558680","FUN_00558680"
"005748c0","FUN_005748c0","0056cbe0","FUN_0056cbe0"
"005748c0","FUN_005748c0","0056d1f0","FUN_0056d1f0"
"005748c0","FUN_005748c0","0056f8e0","FUN_0056f8e0"
"005748c0","FUN_005748c0","005746b0","FUN_005746b0"
"00574df0","FUN_00574df0","005746b0","FUN_005746b0"
"00574df0","FUN_00574df0","005762d0","FUN_005762d0"
"00574df0","FUN_00574df0","0057ee80","FUN_0057ee80"
"005751b0","FUN_005751b0","0056a960","FUN_0056a960"
"005751b0","FUN_005751b0","0056acb0","FUN_0056acb0"
"005751b0","FUN_005751b0","0056cb70","FUN_0056cb70"
"005751b0","FUN_005751b0","00575df0","FUN_00575df0"
"00577420","FUN_00577420","00558680","FUN_00558680"
"00577550","FUN_00577550","00558680","FUN_00558680"
"00577550","FUN_00577550","005751b0","FUN_005751b0"
"00577550","FUN_00577550","005777a0","FUN_005777a0"
"00577550","FUN_00577550","00577bd0","FUN_00577bd0"
"00577550","FUN_00577550","00578590","FUN_00578590"
"00577550","FUN_00577550","00578770","FUN_00578770"
"00577550","FUN_00577550","00579220","FUN_00579220"
"00577550","FUN_00577550","005799d0","FUN_005799d0"
"00577550","FUN_00577550","0057a150","FUN_0057a150"
"00577550","FUN_00577550","0057a860","FUN_0057a860"
"00577550","FUN_00577550","0057b070","FUN_0057b070"
"00577550","FUN_00577550","0057b730","FUN_0057b730"
"00578770","FUN_00578770","0010eba0","FUN_0010eba0"
"00578770","FUN_00578770","00558680","FUN_00558680"
"00578770","FUN_00578770","005746b0","FUN_005746b0"
"0057b730","FUN_0057b730","0010eba0","FUN_0010eba0"
"0057b730","FUN_0057b730","00558680","FUN_00558680"
"0057b730","FUN_0057b730","005746b0","FUN_005746b0"
"0057b8d0","FUN_0057b8d0","0010eba0","FUN_0010eba0"
"0057b8d0","FUN_0057b8d0","0010edf0","FUN_0010edf0"
"0057b8d0","FUN_0057b8d0","00110390","FUN_00110390"
"0057b8d0","FUN_0057b8d0","00558680","FUN_00558680"
"0057b8d0","FUN_0057b8d0","005746b0","FUN_005746b0"
"0057be10","FUN_0057be10","0056a5d0","FUN_0056a5d0"
"0057be10","FUN_0057be10","0056cac0","FUN_0056cac0"
"0057cda0","FUN_0057cda0","0057cee0","FUN_0057cee0"
"0057cda0","FUN_0057cda0","0057d050","FUN_0057d050"
"0057cda0","FUN_0057cda0","0057d100","FUN_0057d100"
"0057cee0","FUN_0057cee0","00559bb0","FUN_00559bb0"
"0057f020","FUN_0057f020","00576520","FUN_00576520"
"0057f020","FUN_0057f020","005767f0","FUN_005767f0"
"0057f020","FUN_0057f020","00576d00","FUN_00576d00"
"0057f020","FUN_0057f020","00577420","FUN_00577420"
"0057f020","FUN_0057f020","0057cda0","FUN_0057cda0"
"0057f020","FUN_0057f020","0057f350","FUN_0057f350"
"0057f020","FUN_0057f020","0057f700","FUN_0057f700"
"0057f020","FUN_0057f020","0057fab0","FUN_0057fab0"
"0057f020","FUN_0057f020","0057fd00","FUN_0057fd00"
"0057f020","FUN_0057f020","00580160","FUN_00580160"
"0057f020","FUN_0057f020","00580570","FUN_00580570"
"0057f1e0","FUN_0057f1e0","00558680","FUN_00558680"
"0057f1e0","FUN_0057f1e0","0056a960","FUN_0056a960"
"0057f1e0","FUN_0057f1e0","0056acb0","FUN_0056acb0"
"0057f1e0","FUN_0057f1e0","0056cb70","FUN_0056cb70"
"00580f70","FUN_00580f70","00264190","FUN_00264190"
"00580f70","FUN_00580f70","00557fc0","FUN_00557fc0"
"00580f70","FUN_00580f70","005582c0","FUN_005582c0"
"00580f70","FUN_00580f70","00559fd0","FUN_00559fd0"
"00580f70","FUN_00580f70","005607d0","FUN_005607d0"
"00580f70","FUN_00580f70","00565040","FUN_00565040"
"00580f70","FUN_00580f70","00565a50","FUN_00565a50"
"00580f70","FUN_00580f70","0056ae20","FUN_0056ae20"
"00580f70","FUN_00580f70","0056f9a0","FUN_0056f9a0"
"00580f70","FUN_00580f70","00581570","FUN_00581570"
"00580f70","FUN_00580f70","00581580","FUN_00581580"
"00580f70","FUN_00580f70","00581590","FUN_00581590"
"00580f70","FUN_00580f70","005815b0","FUN_005815b0"
"00580f70","FUN_00580f70","00581840","FUN_00581840"
"00580f70","FUN_00580f70","005819f0","FUN_005819f0"
"00580f70","FUN_00580f70","00583bb0","FUN_00583bb0"
"00580f70","FUN_00580f70","0058eae0","FUN_0058eae0"
"00580f70","FUN_00580f70","005948b0","FUN_005948b0"
"00580f70","FUN_00580f70","00598bd0","FUN_00598bd0"
"00580f70","FUN_00580f70","005a12d0","FUN_005a12d0"
"00581160","FUN_00581160","00557e90","FUN_00557e90"
"00581230","FUN_00581230","0053d018","FUN_0053d018"
"00581230","FUN_00581230","00557de0","FUN_00557de0"
"00581230","FUN_00581230","005582c0","FUN_005582c0"
"00581230","FUN_00581230","00559fd0","FUN_00559fd0"
"00581230","FUN_00581230","0055a240","FUN_0055a240"
"00581230","FUN_00581230","0055a270","FUN_0055a270"
"00581230","FUN_00581230","0055a530","FUN_0055a530"
"00581230","FUN_00581230","00560910","FUN_00560910"
"00581230","FUN_00581230","00565040","FUN_00565040"
"00581230","FUN_00581230","00565490","FUN_00565490"
"00581230","FUN_00581230","00565bf0","FUN_00565bf0"
"00581230","FUN_00581230","0056acf0","FUN_0056acf0"
"00581230","FUN_00581230","0056ae10","FUN_0056ae10"
"00581230","FUN_00581230","0056ae20","FUN_0056ae20"
"00581230","FUN_00581230","005815b0","FUN_005815b0"
"00581230","FUN_00581230","005817c0","FUN_005817c0"
"00581230","FUN_00581230","00581d80","FUN_00581d80"
"00581230","FUN_00581230","00581d90","FUN_00581d90"
"00581230","FUN_00581230","00583c90","FUN_00583c90"
"00581230","FUN_00581230","0058ea80","FUN_0058ea80"
"00581230","FUN_00581230","00594b40","FUN_00594b40"
"00581230","FUN_00581230","00594bd0","FUN_00594bd0"
"00581230","FUN_00581230","00599060","FUN_00599060"
"00581230","FUN_00581230","005a0d10","FUN_005a0d10"
"00581430","FUN_00581430","0055a530","FUN_0055a530"
"00581430","FUN_00581430","00560910","FUN_00560910"
"00581430","FUN_00581430","0056acf0","FUN_0056acf0"
"00581430","FUN_00581430","0056ae10","FUN_0056ae10"
"00581430","FUN_00581430","0056ae20","FUN_0056ae20"
"00581430","FUN_00581430","005815b0","FUN_005815b0"
"00581430","FUN_00581430","00583c90","FUN_00583c90"
"00581430","FUN_00581430","0058ea80","FUN_0058ea80"
"00581430","FUN_00581430","00599060","FUN_00599060"
"005814e0","FUN_005814e0","00565780","FUN_00565780"
"00581510","FUN_00581510","00557e30","FUN_00557e30"
"00581540","FUN_00581540","00557e40","FUN_00557e40"
"00581570","FUN_00581570","00557e70","FUN_00557e70"
"00581580","FUN_00581580","00557e80","FUN_00557e80"
"00581590","FUN_00581590","00557ea0","FUN_00557ea0"
"005815c0","FUN_005815c0","00582ab0","FUN_00582ab0"
"00581670","FUN_00581670","00598900","FUN_00598900"
"005816f0","FUN_005816f0","00565a50","FUN_00565a50"
"005816f0","FUN_005816f0","00581cd0","FUN_00581cd0"
"00581730","FUN_00581730","00565bf0","FUN_00565bf0"
"00581740","FUN_00581740","00566490","FUN_00566490"
"00581740","FUN_00581740","00581cd0","FUN_00581cd0"
"005817a0","FUN_005817a0","00566500","FUN_00566500"
"005817c0","FUN_005817c0","00566520","FUN_00566520"
"00581840","FUN_00581840","0056a570","FUN_0056a570"
"005819f0","FUN_005819f0","0053d018","FUN_0053d018"
"005819f0","FUN_005819f0","00557de0","FUN_00557de0"
"005819f0","FUN_005819f0","005582c0","FUN_005582c0"
"005819f0","FUN_005819f0","00559fd0","FUN_00559fd0"
"005819f0","FUN_005819f0","0055a240","FUN_0055a240"
"005819f0","FUN_005819f0","0055a270","FUN_0055a270"
"005819f0","FUN_005819f0","00565800","FUN_00565800"
"005819f0","FUN_005819f0","00565a50","FUN_00565a50"
"005819f0","FUN_005819f0","0056a570","FUN_0056a570"
"005819f0","FUN_005819f0","0056f9a0","FUN_0056f9a0"
"00581b30","FUN_00581b30","0055a270","FUN_0055a270"
"00581b40","FUN_00581b40","0055a280","FUN_0055a280"
"00581cd0","FUN_00581cd0","0055a280","FUN_0055a280"
"00581d80","FUN_00581d80","00594ba0","FUN_00594ba0"
"00581d90","FUN_00581d90","0053d018","FUN_0053d018"
"00581d90","FUN_00581d90","00557de0","FUN_00557de0"
"00581d90","FUN_00581d90","005582c0","FUN_005582c0"
"00581d90","FUN_00581d90","005948b0","FUN_005948b0"
"00581d90","FUN_00581d90","00594b70","FUN_00594b70"
"00581d90","FUN_00581d90","00594ba0","FUN_00594ba0"
"00581e40","FUN_00581e40","0058f0c0","FUN_0058f0c0"
"00581e50","FUN_00581e50","0058f1c0","FUN_0058f1c0"
"00581e60","FUN_00581e60","0058f260","FUN_0058f260"
"00581e70","FUN_00581e70","0058f5c0","FUN_0058f5c0"
"00581ec0","FUN_00581ec0","0058f8a0","FUN_0058f8a0"
"00581fb0","FUN_00581fb0","00556b60","FUN_00556b60"
"005821c0","FUN_005821c0","002a55c0","FUN_002a55c0"
"00582a70","FUN_00582a70","00558540","FUN_00558540"
"00583140","FUN_00583140","00559bb0","FUN_00559bb0"
"00583140","FUN_00583140","0056a7a0","FUN_0056a7a0"
"00583140","FUN_00583140","0056cac0","FUN_0056cac0"
"00583140","FUN_00583140","005833d0","FUN_005833d0"
"00583a10","FUN_00583a10","00558540","FUN_00558540"
"00583a10","FUN_00583a10","00558680","FUN_00558680"
"00583a10","FUN_00583a10","0056a7a0","FUN_0056a7a0"
"00583a10","FUN_00583a10","0056cac0","FUN_0056cac0"
"00583a10","FUN_00583a10","005811f0","FUN_005811f0"
"00585340","FUN_00585340","0051e3b8","FUN_0051e3b8"
"00585340","FUN_00585340","0053bfe0","FUN_0053bfe0"
"00585340","FUN_00585340","00543bd0","FUN_00543bd0"
"005853c0","FUN_005853c0","0053bfa0","FUN_0053bfa0"
"00585460","FUN_00585460","0053bb28","FUN_0053bb28"
"00585610","FUN_00585610","00585630","FUN_00585630"
"00585630","FUN_00585630","00585680","FUN_00585680"
"00585630","FUN_00585630","00586a40","thunk_FUN_00586a50"
"00588880","FUN_00588880","005859b0","thunk_FUN_005859c0"
"00588880","FUN_00588880","005888f0","FUN_005888f0"
"00589060","FUN_00589060","0011ee10","FUN_0011ee10"
"00589060","FUN_00589060","00121770","FUN_00121770"
"00589060","FUN_00589060","0025fc10","FUN_0025fc10"
"00589060","FUN_00589060","002601e0","FUN_002601e0"
"00589510","FUN_00589510","00586870","thunk_FUN_00586880"
"00589af0","FUN_00589af0","0027e180","FUN_0027e180"
"0058a7a0","FUN_0058a7a0","0027faf0","FUN_0027faf0"
"0058a7f0","FUN_0058a7f0","005097a0","FUN_005097a0"
"0058b600","FUN_0058b600","005097a0","FUN_005097a0"
"0058c810","FUN_0058c810","00101a00","FUN_00101a00"
"0058c810","FUN_0058c810","00233270","FUN_00233270"
"0058c810","FUN_0058c810","002332b0","FUN_002332b0"
"0058c810","FUN_0058c810","002333d0","FUN_002333d0"
"0058c810","FUN_0058c810","00556c90","FUN_00556c90"
"0058ca60","FUN_0058ca60","0012b3d0","FUN_0012b3d0"
"0058cb00","FUN_0058cb00","00101be0","FUN_00101be0"
"0058d3b0","FUN_0058d3b0","0034eaf8","FUN_0034eaf8"
"0058dfc0","FUN_0058dfc0","0034eaf8","FUN_0034eaf8"
"0058ea80","FUN_0058ea80","0058f7c0","FUN_0058f7c0"
"0058eae0","FUN_0058eae0","0056ccb0","FUN_0056ccb0"
"0058eae0","FUN_0058eae0","005925d0","FUN_005925d0"
"0058f1c0","FUN_0058f1c0","005586b0","FUN_005586b0"
"0058f1c0","FUN_0058f1c0","005588c0","FUN_005588c0"
"0058f5c0","FUN_0058f5c0","0056cbe0","FUN_0056cbe0"
"0058f7c0","FUN_0058f7c0","0056d1f0","FUN_0056d1f0"
"00592c70","FUN_00592c70","00100d40","FUN_00100d40"
"00592c70","FUN_00592c70","0053bda0","FUN_0053bda0"
"00592c70","FUN_00592c70","0053be30","FUN_0053be30"
"00592c70","FUN_00592c70","0053be90","FUN_0053be90"
"00592c70","FUN_00592c70","0053bea0","FUN_0053bea0"
"00592c70","FUN_00592c70","0053bfa0","FUN_0053bfa0"
"00592e10","FUN_00592e10","00100d30","FUN_00100d30"
"00592e10","FUN_00592e10","0034fb70","FUN_0034fb70"
"00592e10","FUN_00592e10","0053bca0","FUN_0053bca0"
"00592e10","FUN_00592e10","0053bdb0","FUN_0053bdb0"
"00592e10","FUN_00592e10","0053bfe0","FUN_0053bfe0"
"00592f10","FUN_00592f10","00593a40","FUN_00593a40"
"00592f80","FUN_00592f80","0053bfc0","FUN_0053bfc0"
"00592f80","FUN_00592f80","00593a40","FUN_00593a40"
"00592fe0","FUN_00592fe0","002a55c0","FUN_002a55c0"
"00592fe0","FUN_00592fe0","002b0a90","FUN_002b0a90"
"00592fe0","FUN_00592fe0","002b0b60","FUN_002b0b60"
"00592fe0","FUN_00592fe0","002b2290","FUN_002b2290"
"00593180","FUN_00593180","002a55c0","FUN_002a55c0"
"00593180","FUN_00593180","002b0d00","FUN_002b0d00"
"00593180","FUN_00593180","005821c0","FUN_005821c0"
"00593560","FUN_00593560","00593a10","FUN_00593a10"
"005935c0","FUN_005935c0","002a55e0","FUN_002a55e0"
"00593a10","FUN_00593a10","00593a40","FUN_00593a40"
"00593a40","FUN_00593a40","0039be60","FUN_0039be60"
"00593a40","FUN_00593a40","00547208","FUN_00547208"
"00593c20","FUN_00593c20","0053bfd0","FUN_0053bfd0"
"005948b0","FUN_005948b0","00558d80","FUN_00558d80"
"005948b0","FUN_005948b0","00581b30","FUN_00581b30"
"005948b0","FUN_005948b0","00594c20","FUN_00594c20"
"005959d0","FUN_005959d0","00558940","FUN_00558940"
"005959d0","FUN_005959d0","00558ab0","FUN_00558ab0"
"005959d0","FUN_005959d0","00558b10","FUN_00558b10"
"00595ad0","FUN_00595ad0","00558ba0","FUN_00558ba0"
"00595c20","FUN_00595c20","0027b9f0","FUN_0027b9f0"
"00595c60","FUN_00595c60","0027b9f0","FUN_0027b9f0"
"00596800","FUN_00596800","00558540","FUN_00558540"
"00596800","FUN_00596800","005811f0","FUN_005811f0"
"00596850","FUN_00596850","0056d390","FUN_0056d390"
"00596ef0","FUN_00596ef0","0056a7a0","FUN_0056a7a0"
"00596ef0","FUN_00596ef0","0056a8d0","FUN_0056a8d0"
"00596ef0","FUN_00596ef0","0056cac0","FUN_0056cac0"
"00596fc0","FUN_00596fc0","0056a9a0","FUN_0056a9a0"
"00596fc0","FUN_00596fc0","0056cb70","FUN_0056cb70"
"00598630","FUN_00598630","00558680","FUN_00558680"
"00598630","FUN_00598630","0056a7a0","FUN_0056a7a0"
"00598630","FUN_00598630","0056a8d0","FUN_0056a8d0"
"00598630","FUN_00598630","0056cac0","FUN_0056cac0"
"00598900","FUN_00598900","00596870","FUN_00596870"
"00598900","FUN_00598900","00596c90","FUN_00596c90"
"00598900","FUN_00598900","005989a0","FUN_005989a0"
"00598bd0","FUN_00598bd0","0024b790","FUN_0024b790"
"00598bd0","FUN_00598bd0","00550a48","FUN_00550a48"
"00599060","FUN_00599060","0056d7f0","FUN_0056d7f0"
"00599f00","FUN_00599f00","0056a9a0","FUN_0056a9a0"
"00599f00","FUN_00599f00","0056cb70","FUN_0056cb70"
"00599f00","FUN_00599f00","0056d390","FUN_0056d390"
"00599fc0","FUN_00599fc0","0059a2c0","FUN_0059a2c0"
"00599fc0","FUN_00599fc0","0059a470","FUN_0059a470"
"0059a100","FUN_0059a100","003d6a20","FUN_003d6a20"
"0059a100","FUN_0059a100","003d6ae0","FUN_003d6ae0"
"0059a100","FUN_0059a100","0056a9f0","FUN_0056a9f0"
"0059d120","FUN_0059d120","0056d390","FUN_0056d390"
"0059d480","FUN_0059d480","0056a9a0","FUN_0056a9a0"
"0059d480","FUN_0059d480","0056ccb0","FUN_0056ccb0"
"0059d480","FUN_0059d480","0059d140","FUN_0059d140"
"0059d7e0","FUN_0059d7e0","00248fc0","FUN_00248fc0"
"0059daa0","FUN_0059daa0","002be0b0","FUN_002be0b0"
"0059dd50","FUN_0059dd50","002c1620","FUN_002c1620"
"0059e070","FUN_0059e070","002c1620","FUN_002c1620"
"0059e350","FUN_0059e350","002c1620","FUN_002c1620"
"0059e5b0","FUN_0059e5b0","00263f30","FUN_00263f30"
"0059e5b0","FUN_0059e5b0","00264190","FUN_00264190"
"0059e5b0","FUN_0059e5b0","0059e700","FUN_0059e700"
"0059e710","FUN_0059e710","00264190","FUN_00264190"
"0059e710","FUN_0059e710","0059e5b0","FUN_0059e5b0"
"0059e7b0","FUN_0059e7b0","001a5a80","FUN_001a5a80"
"0059e7b0","FUN_0059e7b0","00264190","FUN_00264190"
"0059e7b0","FUN_0059e7b0","0059e820","FUN_0059e820"
"0059e820","FUN_0059e820","0059e850","FUN_0059e850"
"0059e820","FUN_0059e820","0059e860","FUN_0059e860"
"0059e880","FUN_0059e880","001a5a80","FUN_001a5a80"
"0059e880","FUN_0059e880","00264190","FUN_00264190"
"0059e970","FUN_0059e970","0059e960","FUN_0059e960"
"0059eb10","FUN_0059eb10","003edae0","FUN_003edae0"
"0059eb30","FUN_0059eb30","003e7590","FUN_003e7590"
"0059f100","FUN_0059f100","0010f200","FUN_0010f200"
"0059f100","FUN_0059f100","002663d0","FUN_002663d0"
"0059f100","FUN_0059f100","0059f1b0","FUN_0059f1b0"
"0059f100","FUN_0059f100","0059f1c0","FUN_0059f1c0"
"0059f100","FUN_0059f100","0059f2b0","FUN_0059f2b0"
"0059f2e0","FUN_0059f2e0","00290660","FUN_00290660"
"0059f2e0","FUN_0059f2e0","0059f310","FUN_0059f310"
"0059f560","FUN_0059f560","00264190","FUN_00264190"
"0059f560","FUN_0059f560","003e1c40","FUN_003e1c40"
"0059f560","FUN_0059f560","003e1c60","FUN_003e1c60"
"0059f560","FUN_0059f560","003e1cb0","FUN_003e1cb0"
"0059f560","FUN_0059f560","003e27c0","FUN_003e27c0"
"0059f560","FUN_0059f560","003e2940","FUN_003e2940"
"0059f560","FUN_0059f560","003e2f90","FUN_003e2f90"
"0059f560","FUN_0059f560","0059eb10","FUN_0059eb10"
"0059f560","FUN_0059f560","0059eb80","FUN_0059eb80"
"0059f560","FUN_0059f560","0059f660","FUN_0059f660"
"0059f560","FUN_0059f560","0059f670","FUN_0059f670"
"0059f560","FUN_0059f560","0059f680","FUN_0059f680"
"0059f710","FUN_0059f710","00264190","FUN_00264190"
"0059f710","FUN_0059f710","002d3130","FUN_002d3130"
"0059f710","FUN_0059f710","004c1480","FUN_004c1480"
"0059f760","FUN_0059f760","00264190","FUN_00264190"
"0059f760","FUN_0059f760","002d3130","FUN_002d3130"
"0059f760","FUN_0059f760","004c1480","FUN_004c1480"
"0059f7b0","FUN_0059f7b0","00264190","FUN_00264190"
"0059f7b0","FUN_0059f7b0","002d3130","FUN_002d3130"
"0059f7b0","FUN_0059f7b0","004c1480","FUN_004c1480"
"0059f870","FUN_0059f870","0059ebf0","FUN_0059ebf0"
"0059fa30","FUN_0059fa30","0059f8f0","FUN_0059f8f0"
"0059fa30","FUN_0059fa30","0059fd30","FUN_0059fd30"
"0059fa30","FUN_0059fa30","0059fd80","FUN_0059fd80"
"0059fa30","FUN_0059fa30","005a0010","FUN_005a0010"
"0059fa30","FUN_0059fa30","005a0290","FUN_005a0290"
"0059fb90","FUN_0059fb90","0059f6d0","FUN_0059f6d0"
"0059fd30","FUN_0059fd30","002cbe70","FUN_002cbe70"
"0059fd30","FUN_0059fd30","0059fa30","FUN_0059fa30"
"0059fd80","FUN_0059fd80","002cbe70","FUN_002cbe70"
"0059fd80","FUN_0059fd80","0059fa30","FUN_0059fa30"
"0059fe70","FUN_0059fe70","002be050","FUN_002be050"
"0059fec0","FUN_0059fec0","002c1620","FUN_002c1620"
"0059ff20","FUN_0059ff20","00264190","FUN_00264190"
"0059ff20","FUN_0059ff20","003e9300","FUN_003e9300"
"0059ff20","FUN_0059ff20","003e9370","FUN_003e9370"
"0059ff20","FUN_0059ff20","003fccc0","FUN_003fccc0"
"0059ff20","FUN_0059ff20","00481c80","FUN_00481c80"
"0059ff20","FUN_0059ff20","004cb940","FUN_004cb940"
"0059ff20","FUN_0059ff20","0059eb10","FUN_0059eb10"
"0059ff20","FUN_0059ff20","0059eb80","FUN_0059eb80"
"0059ffc0","FUN_0059ffc0","001a5a80","FUN_001a5a80"
"0059ffc0","FUN_0059ffc0","00264190","FUN_00264190"
"005a0190","FUN_005a0190","00264190","FUN_00264190"
"005a0190","FUN_005a0190","002df660","FUN_002df660"
"005a0190","FUN_005a0190","0059faf0","FUN_0059faf0"
"005a0210","FUN_005a0210","00198ee0","FUN_00198ee0"
"005a0210","FUN_005a0210","001993b0","FUN_001993b0"
"005a0210","FUN_005a0210","00264190","FUN_00264190"
"005a0440","FUN_005a0440","002d3130","FUN_002d3130"
"005a0510","FUN_005a0510","002d3130","FUN_002d3130"
"005a06a0","FUN_005a06a0","005a09c0","FUN_005a09c0"
"005a0c80","FUN_005a0c80","001018e0","FUN_001018e0"
"005a0c80","FUN_005a0c80","0056a5d0","FUN_0056a5d0"
"005a0c80","FUN_005a0c80","005a1c90","FUN_005a1c90"
"005a0d10","FUN_005a0d10","005a19f0","FUN_005a19f0"
"005a0d10","FUN_005a0d10","005a1c90","FUN_005a1c90"
"005a11d0","FUN_005a11d0","0056acb0","FUN_0056acb0"
"005a11d0","FUN_005a11d0","005a1740","FUN_005a1740"
"005a11d0","FUN_005a11d0","005a1c90","FUN_005a1c90"
"005a12d0","FUN_005a12d0","005815b0","FUN_005815b0"
"005a12d0","FUN_005a12d0","005a1740","FUN_005a1740"
"005a12d0","FUN_005a12d0","005a19f0","FUN_005a19f0"
"005a12d0","FUN_005a12d0","005a1b20","FUN_005a1b20"
"005a12d0","FUN_005a12d0","005a1c90","FUN_005a1c90"
"005a1740","FUN_005a1740","0056a5d0","FUN_0056a5d0"
"005a1740","FUN_005a1740","0056a7a0","FUN_0056a7a0"
"005a1740","FUN_005a1740","0056cac0","FUN_0056cac0"
"005a1740","FUN_005a1740","005815b0","FUN_005815b0"
"005a1740","FUN_005a1740","005a19f0","FUN_005a19f0"
"005a19f0","FUN_005a19f0","005815b0","FUN_005815b0"
"005a1c90","FUN_005a1c90","0056a9a0","FUN_0056a9a0"
"005a1c90","FUN_005a1c90","0056cb70","FUN_0056cb70"
"005a1c90","FUN_005a1c90","005a19f0","FUN_005a19f0"
"005a1e50","FUN_005a1e50","0034eaf8","FUN_0034eaf8"
"006586c0","FUN_006586c0","00556b60","FUN_00556b60"
"00658720","FUN_00658720","00556b60","FUN_00556b60"
"006587e0","FUN_006587e0","0012be60","FUN_0012be60"
"00658b50","FUN_00658b50","00166580","FUN_00166580"
"00658b50","FUN_00658b50","0054ed68","FUN_0054ed68"
"00658bb0","FUN_00658bb0","00556b60","FUN_00556b60"
"00658e00","FUN_00658e00","00556b60","FUN_00556b60"
"00659220","FUN_00659220","00556b60","FUN_00556b60"
"00659280","FUN_00659280","00556b60","FUN_00556b60"
"006592e0","FUN_006592e0","004d0460","FUN_004d0460"
"006592e0","FUN_006592e0","00556b60","FUN_00556b60"
"00659450","FUN_00659450","00556b60","FUN_00556b60"
"00659750","FUN_00659750","00556b60","FUN_00556b60"
"00659830","FUN_00659830","00556b60","FUN_00556b60"
"006598b0","FUN_006598b0","00556b60","FUN_00556b60"
"00659a00","FUN_00659a00","00556b60","FUN_00556b60"
"00659d60","FUN_00659d60","00556b60","FUN_00556b60"
"00659dc0","FUN_00659dc0","00556b60","FUN_00556b60"
"0065a0b0","FUN_0065a0b0","00556b60","FUN_00556b60"
"0065a110","FUN_0065a110","00556b60","FUN_00556b60"
"0065a380","FUN_0065a380","00556b60","FUN_00556b60"
"0065a420","FUN_0065a420","00556b60","FUN_00556b60"
"0065a560","FUN_0065a560","00556b60","FUN_00556b60"
"0065a890","FUN_0065a890","00556b60","FUN_00556b60"
"0065aa00","FUN_0065aa00","003d4130","FUN_003d4130"
"0065aa90","FUN_0065aa90","00556b60","FUN_00556b60"
"0065aaf0","FUN_0065aaf0","00556b60","FUN_00556b60"
"0065ab40","FUN_0065ab40","00556b60","FUN_00556b60"
"0065af10","FUN_0065af10","003d4130","FUN_003d4130"
"0065afa0","FUN_0065afa0","00556b60","FUN_00556b60"
"0065b060","FUN_0065b060","004adf80","FUN_004adf80"
"0065b150","FUN_0065b150","00556b60","FUN_00556b60"
"0065b2b0","FUN_0065b2b0","00556b60","FUN_00556b60"
"0065b300","FUN_0065b300","00556b60","FUN_00556b60"
"0065b360","FUN_0065b360","00556b60","FUN_00556b60"
"0065b3a0","FUN_0065b3a0","00556b60","FUN_00556b60"
"0065b5d0","FUN_0065b5d0","00556b60","FUN_00556b60"
"0065b9a0","FUN_0065b9a0","005641e0","FUN_005641e0"
