entry,name,namespace,size,external,thunk,decompile_status
"00100008","entry","Global",132,false,false,"ok"
"00100218","thunk_FUN_00546718","Global",8,false,true,"ok"
"00100230","thunk_FUN_0053bfe0","Global",8,false,true,"ok"
"00100240","thunk_FUN_0053bfc0","Global",8,false,true,"ok"
"00100250","FUN_00100250","Global",100,false,false,"ok"
"00100320","FUN_00100320","Global",16,false,false,"ok"
"001005e0","FUN_001005e0","Global",12,false,false,"ok"
"00100780","FUN_00100780","Global",176,false,false,"ok"
"00100850","FUN_00100850","Global",20,false,false,"ok"
"00100b10","FUN_00100b10","Global",12,false,false,"ok"
"00100d20","FUN_00100d20","Global",8,false,false,"ok"
"00100d30","FUN_00100d30","Global",8,false,false,"ok"
"00100d40","FUN_00100d40","Global",20,false,false,"ok"
"00100f00","FUN_00100f00","Global",176,false,false,"ok"
"00100fd0","FUN_00100fd0","Global",120,false,false,"ok"
"00101060","FUN_00101060","Global",8,false,false,"ok"
"00101150","FUN_00101150","Global",12,false,false,"ok"
"001015f0","FUN_001015f0","Global",88,false,false,"ok"
"00101650","FUN_00101650","Global",12,false,false,"ok"
"00101670","FUN_00101670","Global",56,false,false,"ok"
"001016c0","FUN_001016c0","Global",52,false,false,"ok"
"00101700","FUN_00101700","Global",8,false,false,"ok"
"001018e0","FUN_001018e0","Global",256,false,false,"ok"
"00101a00","FUN_00101a00","Global",8,false,false,"ok"
"00101be0","FUN_00101be0","Global",256,false,false,"ok"
"00101d00","FUN_00101d00","Global",28,false,false,"ok"
"00101d30","FUN_00101d30","Global",20,false,false,"ok"
"00101d50","FUN_00101d50","Global",56,false,false,"ok"
"00101db0","FUN_00101db0","Global",40,false,false,"ok"
"00101e00","FUN_00101e00","Global",116,false,false,"ok"
"00101ec0","FUN_00101ec0","Global",40,false,false,"ok"
"00101f00","FUN_00101f00","Global",48,false,false,"ok"
"00101f40","FUN_00101f40","Global",12,false,false,"ok"
"00102050","FUN_00102050","Global",12,false,false,"ok"
"001021a0","FUN_001021a0","Global",44,false,false,"ok"
"00102210","FUN_00102210","Global",52,false,false,"ok"
"00102260","FUN_00102260","Global",132,false,false,"ok"
"00102350","FUN_00102350","Global",40,false,false,"ok"
"001023d0","FUN_001023d0","Global",108,false,false,"ok"
"00102460","FUN_00102460","Global",32,false,false,"ok"
"001024d0","FUN_001024d0","Global",68,false,false,"ok"
"00102570","FUN_00102570","Global",80,false,false,"ok"
"001025d0","FUN_001025d0","Global",24,false,false,"ok"
"001025f0","FUN_001025f0","Global",72,false,false,"ok"
"00102640","FUN_00102640","Global",20,false,false,"ok"
"00102660","FUN_00102660","Global",8,false,false,"ok"
"001026d0","FUN_001026d0","Global",48,false,false,"ok"
"001027e0","FUN_001027e0","Global",36,false,false,"ok"
"00102930","FUN_00102930","Global",12,false,false,"ok"
"00102fc0","FUN_00102fc0","Global",20,false,false,"ok"
"00103080","FUN_00103080","Global",12,false,false,"ok"
"00103410","FUN_00103410","Global",52,false,false,"ok"
"00103450","FUN_00103450","Global",28,false,false,"ok"
"001039b0","FUN_001039b0","Global",28,false,false,"ok"
"00103e60","FUN_00103e60","Global",12,false,false,"ok"
"001041d0","FUN_001041d0","Global",28,false,false,"ok"
"00104670","FUN_00104670","Global",12,false,false,"ok"
"001049c0","FUN_001049c0","Global",24,false,false,"ok"
"00104e70","FUN_00104e70","Global",28,false,false,"ok"
"00105340","FUN_00105340","Global",12,false,false,"ok"
"00105670","FUN_00105670","Global",28,false,false,"ok"
"00105b40","FUN_00105b40","Global",52,false,false,"ok"
"00105ba0","FUN_00105ba0","Global",24,false,false,"ok"
"00105e30","FUN_00105e30","Global",60,false,false,"ok"
"00105f60","FUN_00105f60","Global",240,false,false,"ok"
"001060e0","FUN_001060e0","Global",48,false,false,"ok"
"001062e0","FUN_001062e0","Global",388,false,false,"ok"
"00106850","FUN_00106850","Global",24,false,false,"ok"
"00106bc0","FUN_00106bc0","Global",60,false,false,"ok"
"00106d00","FUN_00106d00","Global",180,false,false,"ok"
"00106dc0","FUN_00106dc0","Global",268,false,false,"ok"
"00107510","FUN_00107510","Global",16,false,false,"ok"
"001075a0","FUN_001075a0","Global",36,false,false,"ok"
"00107650","FUN_00107650","Global",16,false,false,"ok"
"001077a0","FUN_001077a0","Global",304,false,false,"ok"
"00107900","FUN_00107900","Global",44,false,false,"ok"
"00107940","FUN_00107940","Global",8,false,false,"ok"
"001079d0","FUN_001079d0","Global",8,false,false,"ok"
"00107a90","FUN_00107a90","Global",20,false,false,"ok"
"00107b70","FUN_00107b70","Global",24,false,false,"ok"
"00107c90","FUN_00107c90","Global",12,false,false,"ok"
"00107dc0","FUN_00107dc0","Global",24,false,false,"ok"
"00108020","FUN_00108020","Global",16,false,false,"ok"
"00108360","FUN_00108360","Global",92,false,false,"ok"
"001083d0","FUN_001083d0","Global",28,false,false,"ok"
"001086d0","FUN_001086d0","Global",8,false,false,"ok"
"00108900","FUN_00108900","Global",8,false,false,"ok"
"00108a40","FUN_00108a40","Global",64,false,false,"ok"
"00108a90","FUN_00108a90","Global",16,false,false,"ok"
"00109e60","FUN_00109e60","Global",200,false,false,"ok"
"00109f40","FUN_00109f40","Global",16,false,false,"ok"
"0010a020","FUN_0010a020","Global",24,false,false,"ok"
"0010a040","FUN_0010a040","Global",24,false,false,"ok"
"0010a0a0","FUN_0010a0a0","Global",20,false,false,"ok"
"0010a0c0","FUN_0010a0c0","Global",20,false,false,"ok"
"0010a0e0","FUN_0010a0e0","Global",84,false,false,"ok"
"0010a140","FUN_0010a140","Global",48,false,false,"ok"
"0010a1c0","FUN_0010a1c0","Global",76,false,false,"ok"
"0010a220","FUN_0010a220","Global",8,false,false,"ok"
"0010a360","FUN_0010a360","Global",236,false,false,"ok"
"0010a460","FUN_0010a460","Global",32,false,false,"ok"
"0010a490","FUN_0010a490","Global",96,false,false,"ok"
"0010a500","FUN_0010a500","Global",88,false,false,"ok"
"0010a570","FUN_0010a570","Global",156,false,false,"ok"
"0010a620","FUN_0010a620","Global",8,false,false,"ok"
"0010a790","FUN_0010a790","Global",164,false,false,"ok"
"0010a850","FUN_0010a850","Global",24,false,false,"ok"
"0010a8f0","FUN_0010a8f0","Global",36,false,false,"ok"
"0010a920","FUN_0010a920","Global",44,false,false,"ok"
"0010a970","FUN_0010a970","Global",8,false,false,"ok"
"0010aaf0","FUN_0010aaf0","Global",16,false,false,"ok"
"0010ab20","FUN_0010ab20","Global",12,false,false,"ok"
"0010ab40","FUN_0010ab40","Global",12,false,false,"ok"
"0010ab60","FUN_0010ab60","Global",636,false,false,"ok"
"0010aee0","FUN_0010aee0","Global",24,false,false,"ok"
"0010af00","FUN_0010af00","Global",136,false,false,"ok"
"0010afa0","FUN_0010afa0","Global",92,false,false,"ok"
"0010b010","FUN_0010b010","Global",16,false,false,"ok"
"0010b0c0","FUN_0010b0c0","Global",68,false,false,"ok"
"0010b120","FUN_0010b120","Global",16,false,false,"ok"
"0010b2f0","FUN_0010b2f0","Global",20,false,false,"ok"
"0010b580","FUN_0010b580","Global",28,false,false,"ok"
"0010b6e0","FUN_0010b6e0","Global",52,false,false,"ok"
"0010b720","FUN_0010b720","Global",24,false,false,"ok"
"0010b7a0","FUN_0010b7a0","Global",24,false,false,"ok"
"0010b7c0","FUN_0010b7c0","Global",24,false,false,"ok"
"0010b880","FUN_0010b880","Global",100,false,false,"ok"
"0010b910","FUN_0010b910","Global",96,false,false,"ok"
"0010b980","FUN_0010b980","Global",24,false,false,"ok"
"0010ba60","FUN_0010ba60","Global",8,false,false,"ok"
"0010bcf0","FUN_0010bcf0","Global",8,false,false,"ok"
"0010bfd0","FUN_0010bfd0","Global",36,false,false,"ok"
"0010c000","FUN_0010c000","Global",8,false,false,"ok"
"0010c2f0","FUN_0010c2f0","Global",92,false,false,"ok"
"0010c390","FUN_0010c390","Global",68,false,false,"ok"
"0010c3f0","FUN_0010c3f0","Global",28,false,false,"ok"
"0010c420","FUN_0010c420","Global",24,false,false,"ok"
"0010c6f0","FUN_0010c6f0","Global",8,false,false,"ok"
"0010c760","FUN_0010c760","Global",132,false,false,"ok"
"0010c800","FUN_0010c800","Global",16,false,false,"ok"
"0010cac0","FUN_0010cac0","Global",16,false,false,"ok"
"0010cc20","FUN_0010cc20","Global",12,false,false,"ok"
"0010cd50","FUN_0010cd50","Global",16,false,false,"ok"
"0010ced0","FUN_0010ced0","Global",16,false,false,"ok"
"0010d2c0","FUN_0010d2c0","Global",388,false,false,"ok"
"0010d460","FUN_0010d460","Global",24,false,false,"ok"
"0010dba0","FUN_0010dba0","Global",16,false,false,"ok"
"0010dbd0","FUN_0010dbd0","Global",8,false,false,"ok"
"0010dd70","FUN_0010dd70","Global",20,false,false,"ok"
"0010e2a0","FUN_0010e2a0","Global",20,false,false,"ok"
"0010e800","FUN_0010e800","Global",80,false,false,"ok"
"0010e870","FUN_0010e870","Global",64,false,false,"ok"
"0010e9f0","FUN_0010e9f0","Global",220,false,false,"ok"
"0010eae0","FUN_0010eae0","Global",80,false,false,"ok"
"0010eb40","FUN_0010eb40","Global",1,false,false,"ok"
"0010eb70","FUN_0010eb70","Global",32,false,false,"ok"
"0010eba0","FUN_0010eba0","Global",96,false,false,"ok"
"0010ec10","FUN_0010ec10","Global",8,false,false,"ok"
"0010ec80","FUN_0010ec80","Global",56,false,false,"ok"
"0010ece0","FUN_0010ece0","Global",92,false,false,"ok"
"0010ed50","FUN_0010ed50","Global",36,false,false,"ok"
"0010ed80","FUN_0010ed80","Global",104,false,false,"ok"
"0010edf0","FUN_0010edf0","Global",16,false,false,"ok"
"0010efc0","FUN_0010efc0","Global",48,false,false,"ok"
"0010f000","FUN_0010f000","Global",8,false,false,"ok"
"0010f010","FUN_0010f010","Global",28,false,false,"ok"
"0010f080","FUN_0010f080","Global",28,false,false,"ok"
"0010f100","FUN_0010f100","Global",28,false,false,"ok"
"0010f180","FUN_0010f180","Global",28,false,false,"ok"
"0010f200","FUN_0010f200","Global",8,false,false,"ok"
"0010f3c0","FUN_0010f3c0","Global",28,false,false,"ok"
"0010f480","FUN_0010f480","Global",28,false,false,"ok"
"0010f540","FUN_0010f540","Global",28,false,false,"ok"
"0010f600","FUN_0010f600","Global",8,false,false,"ok"
"0010fae0","FUN_0010fae0","Global",8,false,false,"ok"
"0010fb60","FUN_0010fb60","Global",128,false,false,"ok"
"0010fbf0","FUN_0010fbf0","Global",8,false,false,"ok"
"0010fc70","FUN_0010fc70","Global",504,false,false,"ok"
"0010fd70","FUN_0010fd70","Global",268,false,false,"ok"
"0010fe90","FUN_0010fe90","Global",192,false,false,"ok"
"00110060","FUN_00110060","Global",24,false,false,"ok"
"001100d0","FUN_001100d0","Global",104,false,false,"ok"
"00110140","FUN_00110140","Global",40,false,false,"ok"
"00110280","FUN_00110280","Global",32,false,false,"ok"
"00110310","FUN_00110310","Global",2640,false,false,"ok"
"00110390","FUN_00110390","Global",12,false,false,"ok"
"00110400","FUN_00110400","Global",12,false,false,"ok"
"00110490","FUN_00110490","Global",1,false,false,"ok"
"001104a0","FUN_001104a0","Global",1,false,false,"ok"
"001104b0","FUN_001104b0","Global",276,false,false,"ok"
"001105d0","FUN_001105d0","Global",200,false,false,"ok"
"001106c0","FUN_001106c0","Global",28,false,false,"ok"
"00110740","FUN_00110740","Global",28,false,false,"ok"
"00110780","FUN_00110780","Global",28,false,false,"ok"
"001107c0","FUN_001107c0","Global",28,false,false,"ok"
"00110800","FUN_00110800","Global",36,false,false,"ok"
"00110830","FUN_00110830","Global",8,false,false,"ok"
"00110920","FUN_00110920","Global",12,false,false,"ok"
"00110aa0","FUN_00110aa0","Global",28,false,false,"ok"
"00110c50","FUN_00110c50","Global",32,false,false,"ok"
"00110c80","FUN_00110c80","Global",28,false,false,"ok"
"00110cb0","FUN_00110cb0","Global",64,false,false,"ok"
"00110d10","FUN_00110d10","Global",100,false,false,"ok"
"00110d90","FUN_00110d90","Global",104,false,false,"ok"
"00110e20","FUN_00110e20","Global",16,false,false,"ok"
"00111100","FUN_00111100","Global",96,false,false,"ok"
"001111a0","FUN_001111a0","Global",28,false,false,"ok"
"001111d0","FUN_001111d0","Global",12,false,false,"ok"
"001112a0","FUN_001112a0","Global",12,false,false,"ok"
"00111330","FUN_00111330","Global",96,false,false,"ok"
"00111354","FUN_00111354","Global",36,false,false,"ok"
"00111378","FUN_00111378","Global",32,false,false,"ok"
"001114a4","FUN_001114a4","Global",68,false,false,"ok"
"001114e8","FUN_001114e8","Global",68,false,false,"ok"
"0011152c","FUN_0011152c","Global",40,false,false,"ok"
"00111670","FUN_00111670","Global",8,false,false,"ok"
"00111760","FUN_00111760","Global",32,false,false,"ok"
"001117a0","FUN_001117a0","Global",12,false,false,"ok"
"00111940","FUN_00111940","Global",72,false,false,"ok"
"00111990","FUN_00111990","Global",84,false,false,"ok"
"00111a00","FUN_00111a00","Global",24,false,false,"ok"
"00111a40","FUN_00111a40","Global",4,false,false,"ok"
"00111a50","FUN_00111a50","Global",8,false,false,"ok"
"00111a60","FUN_00111a60","Global",16,false,false,"ok"
"00111a90","FUN_00111a90","Global",20,false,false,"ok"
"00111aa4","FUN_00111aa4","Global",36,false,false,"ok"
"00111ac8","FUN_00111ac8","Global",36,false,false,"ok"
"00111aec","FUN_00111aec","Global",36,false,false,"ok"
"00111b10","FUN_00111b10","Global",36,false,false,"ok"
"00111b34","FUN_00111b34","Global",36,false,false,"ok"
"00111b58","FUN_00111b58","Global",112,false,false,"ok"
"00111bf0","FUN_00111bf0","Global",152,false,false,"ok"
"00111cb0","FUN_00111cb0","Global",24,false,false,"ok"
"00111cf0","FUN_00111cf0","Global",16,false,false,"ok"
"00111d30","FUN_00111d30","Global",16,false,false,"ok"
"00111da0","FUN_00111da0","Global",44,false,false,"ok"
"00111de0","FUN_00111de0","Global",36,false,false,"ok"
"00111e20","FUN_00111e20","Global",8,false,false,"ok"
"00111e80","FUN_00111e80","Global",44,false,false,"ok"
"00111ec0","FUN_00111ec0","Global",104,false,false,"ok"
"00111f30","FUN_00111f30","Global",24,false,false,"ok"
"00111f50","FUN_00111f50","Global",12,false,false,"ok"
"00112150","FUN_00112150","Global",8,false,false,"ok"
"00112210","FUN_00112210","Global",16,false,false,"ok"
"001122e0","FUN_001122e0","Global",96,false,false,"ok"
"00112380","FUN_00112380","Global",16,false,false,"ok"
"00112450","FUN_00112450","Global",20,false,false,"ok"
"001125f0","FUN_001125f0","Global",40,false,false,"ok"
"00112620","FUN_00112620","Global",108,false,false,"ok"
"001126a0","FUN_001126a0","Global",88,false,false,"ok"
"00112710","FUN_00112710","Global",12,false,false,"ok"
"00112860","FUN_00112860","Global",20,false,false,"ok"
"00112b40","FUN_00112b40","Global",12,false,false,"ok"
"00112cd0","FUN_00112cd0","Global",12,false,false,"ok"
"00112e10","FUN_00112e10","Global",44,false,false,"ok"
"00112e50","FUN_00112e50","Global",372,false,false,"ok"
"00112fd0","FUN_00112fd0","Global",140,false,false,"ok"
"00113080","FUN_00113080","Global",36,false,false,"ok"
"001130c0","FUN_001130c0","Global",1,false,false,"ok"
"00113120","FUN_00113120","Global",276,false,false,"ok"
"00113560","FUN_00113560","Global",24,false,false,"ok"
"00113780","FUN_00113780","Global",12,false,false,"ok"
"001142a0","FUN_001142a0","Global",12,false,false,"ok"
"00114cc0","FUN_00114cc0","Global",24,false,false,"ok"
"00115190","FUN_00115190","Global",100,false,false,"ok"
"00115200","FUN_00115200","Global",256,false,false,"ok"
"00115730","FUN_00115730","Global",16,false,false,"ok"
"00115e50","FUN_00115e50","Global",20,false,false,"ok"
"00116180","FUN_00116180","Global",8,false,false,"ok"
"00117700","FUN_00117700","Global",16,false,false,"ok"
"00117d90","FUN_00117d90","Global",32,false,false,"ok"
"00118290","FUN_00118290","Global",8,false,false,"ok"
"00118560","FUN_00118560","Global",8,false,false,"ok"
"00118820","FUN_00118820","Global",20,false,false,"ok"
"00118aa0","FUN_00118aa0","Global",12,false,false,"ok"
"0011b020","FUN_0011b020","Global",8,false,false,"ok"
"0011b4f0","FUN_0011b4f0","Global",8,false,false,"ok"
"0011ba10","FUN_0011ba10","Global",128,false,false,"ok"
"0011baa0","FUN_0011baa0","Global",8,false,false,"ok"
"0011c3b0","FUN_0011c3b0","Global",68,false,false,"ok"
"0011c440","FUN_0011c440","Global",32,false,false,"ok"
"0011c5e0","FUN_0011c5e0","Global",84,false,false,"ok"
"0011c780","FUN_0011c780","Global",24,false,false,"ok"
"0011ccc0","FUN_0011ccc0","Global",12,false,false,"ok"
"0011d0e0","FUN_0011d0e0","Global",28,false,false,"ok"
"0011d240","FUN_0011d240","Global",176,false,false,"ok"
"0011d320","FUN_0011d320","Global",20,false,false,"ok"
"0011da20","FUN_0011da20","Global",20,false,false,"ok"
"0011e130","FUN_0011e130","Global",20,false,false,"ok"
"0011e550","FUN_0011e550","Global",16,false,false,"ok"
"0011ec80","FUN_0011ec80","Global",52,false,false,"ok"
"0011ecd0","FUN_0011ecd0","Global",44,false,false,"ok"
"0011ee10","FUN_0011ee10","Global",48,false,false,"ok"
"0011ee90","FUN_0011ee90","Global",36,false,false,"ok"
"0011eed0","FUN_0011eed0","Global",32,false,false,"ok"
"0011ef00","FUN_0011ef00","Global",36,false,false,"ok"
"0011ef30","FUN_0011ef30","Global",196,false,false,"ok"
"0011f000","FUN_0011f000","Global",36,false,false,"ok"
"0011f030","FUN_0011f030","Global",60,false,false,"ok"
"0011f080","FUN_0011f080","Global",24,false,false,"ok"
"0011f4c0","FUN_0011f4c0","Global",12,false,false,"ok"
"001205d0","FUN_001205d0","Global",16,false,false,"ok"
"00120d60","FUN_00120d60","Global",20,false,false,"ok"
"00121430","FUN_00121430","Global",16,false,false,"ok"
"00121770","FUN_00121770","Global",20,false,false,"ok"
"00121cd0","FUN_00121cd0","Global",20,false,false,"ok"
"001221d0","FUN_001221d0","Global",12,false,false,"ok"
"001226f0","FUN_001226f0","Global",8,false,false,"ok"
"00122d30","FUN_00122d30","Global",8,false,false,"ok"
"00123290","FUN_00123290","Global",76,false,false,"ok"
"00123550","FUN_00123550","Global",16,false,false,"ok"
"001239e0","FUN_001239e0","Global",16,false,false,"ok"
"00127090","FUN_00127090","Global",36,false,false,"ok"
"001271b0","FUN_001271b0","Global",12,false,false,"ok"
"00127600","FUN_00127600","Global",12,false,false,"ok"
"001278e0","FUN_001278e0","Global",24,false,false,"ok"
"00127c00","FUN_00127c00","Global",16,false,false,"ok"
"00127da0","FUN_00127da0","Global",40,false,false,"ok"
"00127fc0","FUN_00127fc0","Global",16,false,false,"ok"
"00128500","FUN_00128500","Global",16,false,false,"ok"
"00128600","FUN_00128600","Global",136,false,false,"ok"
"001286a0","FUN_001286a0","Global",12,false,false,"ok"
"00128bf0","FUN_00128bf0","Global",28,false,false,"ok"
"00129bf0","FUN_00129bf0","Global",8,false,false,"ok"
"0012a910","FUN_0012a910","Global",28,false,false,"ok"
"0012b220","FUN_0012b220","Global",20,false,false,"ok"
"0012b240","FUN_0012b240","Global",20,false,false,"ok"
"0012b260","FUN_0012b260","Global",180,false,false,"ok"
"0012b330","FUN_0012b330","Global",84,false,false,"ok"
"0012b390","FUN_0012b390","Global",48,false,false,"ok"
"0012b3d0","FUN_0012b3d0","Global",32,false,false,"ok"
"0012b460","FUN_0012b460","Global",164,false,false,"ok"
"0012b530","FUN_0012b530","Global",12,false,false,"ok"
"0012bca0","FUN_0012bca0","Global",8,false,false,"ok"
"0012bdc0","FUN_0012bdc0","Global",44,false,false,"ok"
"0012be00","FUN_0012be00","Global",28,false,false,"ok"
"0012be30","FUN_0012be30","Global",28,false,false,"ok"
"0012be60","FUN_0012be60","Global",88,false,false,"ok"
"0012bec0","FUN_0012bec0","Global",116,false,false,"ok"
"0012bf50","FUN_0012bf50","Global",8,false,false,"ok"
"0012bf60","FUN_0012bf60","Global",12,false,false,"ok"
"0012bff0","FUN_0012bff0","Global",160,false,false,"ok"
"0012c0a0","FUN_0012c0a0","Global",28,false,false,"ok"
"0012c2c0","FUN_0012c2c0","Global",84,false,false,"ok"
"0012c330","FUN_0012c330","Global",80,false,false,"ok"
"0012c390","FUN_0012c390","Global",172,false,false,"ok"
"0012c4c0","FUN_0012c4c0","Global",24,false,false,"ok"
"0012c4e0","FUN_0012c4e0","Global",36,false,false,"ok"
"0012c510","FUN_0012c510","Global",20,false,false,"ok"
"0012c6f0","FUN_0012c6f0","Global",24,false,false,"ok"
"0012cb50","FUN_0012cb50","Global",20,false,false,"ok"
"0012cdd0","FUN_0012cdd0","Global",256,false,false,"ok"
"0012cee0","FUN_0012cee0","Global",212,false,false,"ok"
"0012d090","FUN_0012d090","Global",24,false,false,"ok"
"0012e0e0","thunk_FUN_0012e0f0","Global",8,false,true,"ok"
"0012e0f0","FUN_0012e0f0","Global",220,false,false,"ok"
"0012e1e0","FUN_0012e1e0","Global",16,false,false,"ok"
"0012f950","FUN_0012f950","Global",16,false,false,"ok"
"001301c0","FUN_001301c0","Global",84,false,false,"ok"
"00130220","FUN_00130220","Global",16,false,false,"ok"
"001311c0","FUN_001311c0","Global",8,false,false,"ok"
"001312c0","FUN_001312c0","Global",12,false,false,"ok"
"00131560","FUN_00131560","Global",204,false,false,"ok"
"00131650","FUN_00131650","Global",12,false,false,"ok"
"001328e0","FUN_001328e0","Global",8,false,false,"ok"
"00132af0","FUN_00132af0","Global",8,false,false,"ok"
"00132bc0","FUN_00132bc0","Global",224,false,false,"ok"
"00132cc0","FUN_00132cc0","Global",16,false,false,"ok"
"00132d10","FUN_00132d10","Global",184,false,false,"ok"
"00132dd0","FUN_00132dd0","Global",12,false,false,"ok"
"00133170","FUN_00133170","Global",8,false,false,"ok"
"00133860","FUN_00133860","Global",100,false,false,"ok"
"001338d0","FUN_001338d0","Global",60,false,false,"ok"
"00133920","FUN_00133920","Global",44,false,false,"ok"
"00133960","FUN_00133960","Global",16,false,false,"ok"
"00133a40","FUN_00133a40","Global",28,false,false,"ok"
"00133ae0","FUN_00133ae0","Global",8,false,false,"ok"
"00134570","FUN_00134570","Global",316,false,false,"ok"
"001346e0","FUN_001346e0","Global",20,false,false,"ok"
"00136450","FUN_00136450","Global",20,false,false,"ok"
"00136640","FUN_00136640","Global",32,false,false,"ok"
"00136af0","FUN_00136af0","Global",8,false,false,"ok"
"00138370","FUN_00138370","Global",80,false,false,"ok"
"001383d0","FUN_001383d0","Global",12,false,false,"ok"
"00138eb0","FUN_00138eb0","Global",8,false,false,"ok"
"00139320","FUN_00139320","Global",24,false,false,"ok"
"001397d0","FUN_001397d0","Global",120,false,false,"ok"
"00139e50","FUN_00139e50","Global",16,false,false,"ok"
"0013a4c0","FUN_0013a4c0","Global",16,false,false,"ok"
"0013aaf0","FUN_0013aaf0","Global",20,false,false,"ok"
"0013b500","FUN_0013b500","Global",12,false,false,"ok"
"0013b6f0","FUN_0013b6f0","Global",16,false,false,"ok"
"0013be20","FUN_0013be20","Global",16,false,false,"ok"
"0013c600","FUN_0013c600","Global",20,false,false,"ok"
"0013ccf0","FUN_0013ccf0","Global",68,false,false,"ok"
"0013cd70","FUN_0013cd70","Global",20,false,false,"ok"
"0013d460","FUN_0013d460","Global",16,false,false,"ok"
"0013d790","FUN_0013d790","Global",20,false,false,"ok"
"0013d7c0","FUN_0013d7c0","Global",8,false,false,"ok"
"0013d7d0","FUN_0013d7d0","Global",56,false,false,"ok"
"0013d810","FUN_0013d810","Global",20,false,false,"ok"
"0013dd30","FUN_0013dd30","Global",84,false,false,"ok"
"0013de10","FUN_0013de10","Global",76,false,false,"ok"
"0013e200","FUN_0013e200","Global",168,false,false,"ok"
"0013e2b0","FUN_0013e2b0","Global",20,false,false,"ok"
"0013e6c0","FUN_0013e6c0","Global",12,false,false,"ok"
"0013e770","FUN_0013e770","Global",16,false,false,"ok"
"0013eb80","FUN_0013eb80","Global",24,false,false,"ok"
"0013ed50","FUN_0013ed50","Global",12,false,false,"ok"
"0013ef50","FUN_0013ef50","Global",384,false,false,"ok"
"0013f0f0","FUN_0013f0f0","Global",56,false,false,"ok"
"0013f140","FUN_0013f140","Global",340,false,false,"ok"
"0013f2b0","FUN_0013f2b0","Global",80,false,false,"ok"
"0013f340","FUN_0013f340","Global",56,false,false,"ok"
"0013f3d0","FUN_0013f3d0","Global",60,false,false,"ok"
"0013f450","FUN_0013f450","Global",52,false,false,"ok"
"0013f4a0","FUN_0013f4a0","Global",196,false,false,"ok"
"0013f5e0","FUN_0013f5e0","Global",256,false,false,"ok"
"0013f6f0","FUN_0013f6f0","Global",40,false,false,"ok"
"0013f780","FUN_0013f780","Global",12,false,false,"ok"
"001410b0","FUN_001410b0","Global",132,false,false,"ok"
"001411b0","FUN_001411b0","Global",8,false,false,"ok"
"00141370","FUN_00141370","Global",52,false,false,"ok"
"001413f0","FUN_001413f0","Global",16,false,false,"ok"
"00141fc0","FUN_00141fc0","Global",120,false,false,"ok"
"00142050","FUN_00142050","Global",28,false,false,"ok"
"00142080","FUN_00142080","Global",64,false,false,"ok"
"001420c0","FUN_001420c0","Global",28,false,false,"ok"
"00142860","FUN_00142860","Global",20,false,false,"ok"
"00143870","FUN_00143870","Global",12,false,false,"ok"
"00144890","FUN_00144890","Global",20,false,false,"ok"
"00144e70","FUN_00144e70","Global",92,false,false,"ok"
"00144f00","FUN_00144f00","Global",16,false,false,"ok"
"001453c0","FUN_001453c0","Global",112,false,false,"ok"
"001454f0","FUN_001454f0","Global",108,false,false,"ok"
"00145630","FUN_00145630","Global",20,false,false,"ok"
"00145bb0","FUN_00145bb0","Global",12,false,false,"ok"
"00146610","FUN_00146610","Global",16,false,false,"ok"
"00147b40","FUN_00147b40","Global",80,false,false,"ok"
"00147ba0","FUN_00147ba0","Global",80,false,false,"ok"
"00147c90","FUN_00147c90","Global",12,false,false,"ok"
"00147d40","FUN_00147d40","Global",80,false,false,"ok"
"00147e20","FUN_00147e20","Global",20,false,false,"ok"
"00147fe0","FUN_00147fe0","Global",28,false,false,"ok"
"00148210","FUN_00148210","Global",28,false,false,"ok"
"00148570","FUN_00148570","Global",20,false,false,"ok"
"001489f0","FUN_001489f0","Global",20,false,false,"ok"
"00148c70","FUN_00148c70","Global",28,false,false,"ok"
"001497b0","FUN_001497b0","Global",16,false,false,"ok"
"0014a960","FUN_0014a960","Global",8,false,false,"ok"
"0014d7f0","FUN_0014d7f0","Global",12,false,false,"ok"
"0014ee60","FUN_0014ee60","Global",392,false,false,"ok"
"0014f000","FUN_0014f000","Global",20,false,false,"ok"
"0014f910","FUN_0014f910","Global",308,false,false,"ok"
"0014fa60","FUN_0014fa60","Global",24,false,false,"ok"
"00150010","FUN_00150010","Global",108,false,false,"ok"
"001500f0","FUN_001500f0","Global",64,false,false,"ok"
"00150140","FUN_00150140","Global",12,false,false,"ok"
"00150dc0","FUN_00150dc0","Global",8,false,false,"ok"
"00154210","FUN_00154210","Global",16,false,false,"ok"
"00154700","FUN_00154700","Global",68,false,false,"ok"
"00154750","FUN_00154750","Global",44,false,false,"ok"
"00154790","FUN_00154790","Global",12,false,false,"ok"
"00155170","FUN_00155170","Global",20,false,false,"ok"
"00155aa0","FUN_00155aa0","Global",12,false,false,"ok"
"001560c0","FUN_001560c0","Global",20,false,false,"ok"
"00156550","FUN_00156550","Global",20,false,false,"ok"
"001567f0","FUN_001567f0","Global",16,false,false,"ok"
"00156a10","FUN_00156a10","Global",12,false,false,"ok"
"00156c70","FUN_00156c70","Global",12,false,false,"ok"
"00156d70","FUN_00156d70","Global",188,false,false,"ok"
"00156e40","FUN_00156e40","Global",12,false,false,"ok"
"00156f20","FUN_00156f20","Global",260,false,false,"ok"
"00157050","FUN_00157050","Global",152,false,false,"ok"
"001571b0","FUN_001571b0","Global",84,false,false,"ok"
"00157210","FUN_00157210","Global",312,false,false,"ok"
"001573c0","FUN_001573c0","Global",8,false,false,"ok"
"001576f0","FUN_001576f0","Global",24,false,false,"ok"
"00157a80","FUN_00157a80","Global",12,false,false,"ok"
"00157db0","FUN_00157db0","Global",8,false,false,"ok"
"00158750","FUN_00158750","Global",680,false,false,"ok"
"00158a10","FUN_00158a10","Global",464,false,false,"ok"
"00159510","FUN_00159510","Global",52,false,false,"ok"
"00159570","FUN_00159570","Global",104,false,false,"ok"
"001596d0","FUN_001596d0","Global",24,false,false,"ok"
"00159a30","FUN_00159a30","Global",60,false,false,"ok"
"00159a80","FUN_00159a80","Global",12,false,false,"ok"
"00159db0","FUN_00159db0","Global",20,false,false,"ok"
"0015a1e0","FUN_0015a1e0","Global",156,false,false,"ok"
"0015a290","FUN_0015a290","Global",820,false,false,"ok"
"0015a5e0","FUN_0015a5e0","Global",12,false,false,"ok"
"0015a8c0","FUN_0015a8c0","Global",212,false,false,"ok"
"0015aa00","FUN_0015aa00","Global",12,false,false,"ok"
"0015b200","FUN_0015b200","Global",272,false,false,"ok"
"0015b330","FUN_0015b330","Global",332,false,false,"ok"
"0015b490","FUN_0015b490","Global",16,false,false,"ok"
"0015b6f0","FUN_0015b6f0","Global",20,false,false,"ok"
"0015bc40","FUN_0015bc40","Global",32,false,false,"ok"
"0015c1b0","FUN_0015c1b0","Global",24,false,false,"ok"
"0015ccc0","FUN_0015ccc0","Global",12,false,false,"ok"
"0015ddf0","FUN_0015ddf0","Global",20,false,false,"ok"
"0015e070","FUN_0015e070","Global",24,false,false,"ok"
"0015e700","FUN_0015e700","Global",168,false,false,"ok"
"0015e7c0","FUN_0015e7c0","Global",176,false,false,"ok"
"0015e880","FUN_0015e880","Global",168,false,false,"ok"
"0015e940","FUN_0015e940","Global",168,false,false,"ok"
"0015ea00","FUN_0015ea00","Global",176,false,false,"ok"
"0015eb00","FUN_0015eb00","Global",80,false,false,"ok"
"0015eb90","FUN_0015eb90","Global",20,false,false,"ok"
"0015ecf0","FUN_0015ecf0","Global",8,false,false,"ok"
"0015f030","FUN_0015f030","Global",12,false,false,"ok"
"0015f100","FUN_0015f100","Global",28,false,false,"ok"
"0015f130","FUN_0015f130","Global",68,false,false,"ok"
"0015f1f0","FUN_0015f1f0","Global",20,false,false,"ok"
"0015f930","FUN_0015f930","Global",2336,false,false,"ok"
"00160280","FUN_00160280","Global",60,false,false,"ok"
"001604e0","FUN_001604e0","Global",12,false,false,"ok"
"00161530","FUN_00161530","Global",292,false,false,"ok"
"00161670","FUN_00161670","Global",16,false,false,"ok"
"001624c0","FUN_001624c0","Global",48,false,false,"ok"
"00162520","FUN_00162520","Global",44,false,false,"ok"
"00162560","FUN_00162560","Global",20,false,false,"ok"
"00162580","FUN_00162580","Global",4,false,false,"ok"
"00162590","FUN_00162590","Global",4,false,false,"ok"
"001625a0","FUN_001625a0","Global",24,false,false,"ok"
"001625c0","FUN_001625c0","Global",80,false,false,"ok"
"00162620","FUN_00162620","Global",32,false,false,"ok"
"00162650","FUN_00162650","Global",88,false,false,"ok"
"001626b0","FUN_001626b0","Global",28,false,false,"ok"
"001626e0","FUN_001626e0","Global",1,false,false,"ok"
"00162750","FUN_00162750","Global",8,false,false,"ok"
"00162880","FUN_00162880","Global",16,false,false,"ok"
"001629f0","FUN_001629f0","Global",20,false,false,"ok"
"00162c90","FUN_00162c90","Global",8,false,false,"ok"
"00162f10","FUN_00162f10","Global",28,false,false,"ok"
"00163670","FUN_00163670","Global",28,false,false,"ok"
"00163a20","FUN_00163a20","Global",32,false,false,"ok"
"00163aa0","FUN_00163aa0","Global",28,false,false,"ok"
"001640d0","FUN_001640d0","Global",20,false,false,"ok"
"00164400","FUN_00164400","Global",12,false,false,"ok"
"00164a50","FUN_00164a50","Global",12,false,false,"ok"
"00164b30","FUN_00164b30","Global",8,false,false,"ok"
"001651d0","FUN_001651d0","Global",8,false,false,"ok"
"00165790","FUN_00165790","Global",20,false,false,"ok"
"00165f90","FUN_00165f90","Global",8,false,false,"ok"
"00166080","FUN_00166080","Global",8,false,false,"ok"
"00166530","FUN_00166530","Global",64,false,false,"ok"
"00166580","FUN_00166580","Global",1,false,false,"ok"
"00166590","FUN_00166590","Global",28,false,false,"ok"
"00166730","FUN_00166730","Global",24,false,false,"ok"
"00166eb0","FUN_00166eb0","Global",28,false,false,"ok"
"00166ee0","FUN_00166ee0","Global",56,false,false,"ok"
"00166f30","FUN_00166f30","Global",12,false,false,"ok"
"001678b0","FUN_001678b0","Global",8,false,false,"ok"
"00167b80","FUN_00167b80","Global",8,false,false,"ok"
"00167b90","FUN_00167b90","Global",12,false,false,"ok"
"00167be0","FUN_00167be0","Global",16,false,false,"ok"
"00167c80","FUN_00167c80","Global",64,false,false,"ok"
"00167ce0","FUN_00167ce0","Global",136,false,false,"ok"
"00167da0","FUN_00167da0","Global",32,false,false,"ok"
"00167e00","FUN_00167e00","Global",284,false,false,"ok"
"00167f50","FUN_00167f50","Global",344,false,false,"ok"
"00168110","FUN_00168110","Global",16,false,false,"ok"
"00168700","FUN_00168700","Global",16,false,false,"ok"
"00168ba0","FUN_00168ba0","Global",112,false,false,"ok"
"00168c20","FUN_00168c20","Global",304,false,false,"ok"
"00168d60","FUN_00168d60","Global",136,false,false,"ok"
"00168e00","FUN_00168e00","Global",40,false,false,"ok"
"00168e40","FUN_00168e40","Global",336,false,false,"ok"
"00169010","FUN_00169010","Global",24,false,false,"ok"
"00169940","FUN_00169940","Global",12,false,false,"ok"
"0016a330","FUN_0016a330","Global",12,false,false,"ok"
"0016a490","FUN_0016a490","Global",24,false,false,"ok"
"0016ada0","FUN_0016ada0","Global",48,false,false,"ok"
"0016ae60","FUN_0016ae60","Global",300,false,false,"ok"
"0016afb0","FUN_0016afb0","Global",8,false,false,"ok"
"0016b250","FUN_0016b250","Global",208,false,false,"ok"
"0016b330","FUN_0016b330","Global",56,false,false,"ok"
"0016b610","FUN_0016b610","Global",440,false,false,"ok"
"0016b7e0","FUN_0016b7e0","Global",80,false,false,"ok"
"0016b840","FUN_0016b840","Global",32,false,false,"ok"
"0016ba10","FUN_0016ba10","Global",68,false,false,"ok"
"0016ba60","FUN_0016ba60","Global",28,false,false,"ok"
"0016ba90","FUN_0016ba90","Global",8,false,false,"ok"
"0016bba0","FUN_0016bba0","Global",100,false,false,"ok"
"0016bc10","FUN_0016bc10","Global",12,false,false,"ok"
"0016bc40","FUN_0016bc40","Global",12,false,false,"ok"
"0016bc80","FUN_0016bc80","Global",116,false,false,"ok"
"0016bd30","FUN_0016bd30","Global",72,false,false,"ok"
"0016be00","FUN_0016be00","Global",44,false,false,"ok"
"0016bf90","FUN_0016bf90","Global",92,false,false,"ok"
"0016c280","FUN_0016c280","Global",152,false,false,"ok"
"0016c420","FUN_0016c420","Global",8,false,false,"ok"
"0016c520","FUN_0016c520","Global",72,false,false,"ok"
"0016c580","FUN_0016c580","Global",12,false,false,"ok"
"0016c590","FUN_0016c590","Global",100,false,false,"ok"
"0016c600","FUN_0016c600","Global",140,false,false,"ok"
"0016c6a0","FUN_0016c6a0","Global",160,false,false,"ok"
"0016c770","FUN_0016c770","Global",156,false,false,"ok"
"0016c820","FUN_0016c820","Global",156,false,false,"ok"
"0016c9f0","FUN_0016c9f0","Global",28,false,false,"ok"
"00170200","FUN_00170200","Global",16,false,false,"ok"
"001707c0","FUN_001707c0","Global",16,false,false,"ok"
"00171410","FUN_00171410","Global",92,false,false,"ok"
"00171480","FUN_00171480","Global",40,false,false,"ok"
"001714e0","FUN_001714e0","Global",88,false,false,"ok"
"00171560","FUN_00171560","Global",12,false,false,"ok"
"001716f0","FUN_001716f0","Global",168,false,false,"ok"
"00171840","FUN_00171840","Global",12,false,false,"ok"
"00173240","FUN_00173240","Global",12,false,false,"ok"
"001734d0","FUN_001734d0","Global",8,false,false,"ok"
"00173ea0","FUN_00173ea0","Global",32,false,false,"ok"
"00173f90","FUN_00173f90","Global",20,false,false,"ok"
"00174040","FUN_00174040","Global",48,false,false,"ok"
"00174260","FUN_00174260","Global",20,false,false,"ok"
"00174570","FUN_00174570","Global",8,false,false,"ok"
"00174910","FUN_00174910","Global",20,false,false,"ok"
"001750f0","FUN_001750f0","Global",8,false,false,"ok"
"001764c0","FUN_001764c0","Global",12,false,false,"ok"
"00176650","FUN_00176650","Global",12,false,false,"ok"
"00176d70","FUN_00176d70","Global",8,false,false,"ok"
"00176d80","FUN_00176d80","Global",20,false,false,"ok"
"00176da0","FUN_00176da0","Global",20,false,false,"ok"
"00176dc0","FUN_00176dc0","Global",48,false,false,"ok"
"00176e00","FUN_00176e00","Global",48,false,false,"ok"
"00176e40","FUN_00176e40","Global",24,false,false,"ok"
"00177080","FUN_00177080","Global",24,false,false,"ok"
"001771f0","FUN_001771f0","Global",408,false,false,"ok"
"001773a0","FUN_001773a0","Global",388,false,false,"ok"
"00177540","FUN_00177540","Global",8,false,false,"ok"
"001775f0","FUN_001775f0","Global",92,false,false,"ok"
"00177660","FUN_00177660","Global",12,false,false,"ok"
"00177710","FUN_00177710","Global",40,false,false,"ok"
"00177770","FUN_00177770","Global",12,false,false,"ok"
"001777e0","FUN_001777e0","Global",96,false,false,"ok"
"00177850","FUN_00177850","Global",72,false,false,"ok"
"001778b0","FUN_001778b0","Global",12,false,false,"ok"
"00177a30","FUN_00177a30","Global",40,false,false,"ok"
"00177d50","FUN_00177d50","Global",8,false,false,"ok"
"00177f10","FUN_00177f10","Global",12,false,false,"ok"
"001780d0","FUN_001780d0","Global",8,false,false,"ok"
"00178180","FUN_00178180","Global",56,false,false,"ok"
"001781e0","FUN_001781e0","Global",36,false,false,"ok"
"00178240","FUN_00178240","Global",80,false,false,"ok"
"00178320","FUN_00178320","Global",52,false,false,"ok"
"00178380","FUN_00178380","Global",12,false,false,"ok"
"001784d0","FUN_001784d0","Global",16,false,false,"ok"
"00178510","FUN_00178510","Global",16,false,false,"ok"
"00178550","FUN_00178550","Global",136,false,false,"ok"
"001785f0","FUN_001785f0","Global",136,false,false,"ok"
"00178690","FUN_00178690","Global",8,false,false,"ok"
"00178bc0","FUN_00178bc0","Global",8,false,false,"ok"
"00179040","FUN_00179040","Global",140,false,false,"ok"
"001790e0","FUN_001790e0","Global",124,false,false,"ok"
"00179170","FUN_00179170","Global",16,false,false,"ok"
"00179a00","FUN_00179a00","Global",68,false,false,"ok"
"00179d80","FUN_00179d80","Global",12,false,false,"ok"
"0017a190","FUN_0017a190","Global",24,false,false,"ok"
"0017a6c0","FUN_0017a6c0","Global",20,false,false,"ok"
"0017ab70","FUN_0017ab70","Global",12,false,false,"ok"
"0017b010","FUN_0017b010","Global",24,false,false,"ok"
"0017b250","FUN_0017b250","Global",12,false,false,"ok"
"0017b610","FUN_0017b610","Global",704,false,false,"ok"
"0017b910","FUN_0017b910","Global",184,false,false,"ok"
"0017ba00","FUN_0017ba00","Global",16,false,false,"ok"
"0017bc90","FUN_0017bc90","Global",408,false,false,"ok"
"0017bf20","FUN_0017bf20","Global",204,false,false,"ok"
"0017c090","FUN_0017c090","Global",16,false,false,"ok"
"0017c550","FUN_0017c550","Global",16,false,false,"ok"
"0017ce60","FUN_0017ce60","Global",140,false,false,"ok"
"0017d030","FUN_0017d030","Global",120,false,false,"ok"
"0017d170","FUN_0017d170","Global",140,false,false,"ok"
"0017d210","FUN_0017d210","Global",16,false,false,"ok"
"0017d660","FUN_0017d660","Global",16,false,false,"ok"
"0017e320","FUN_0017e320","Global",16,false,false,"ok"
"0017ee90","FUN_0017ee90","Global",60,false,false,"ok"
"0017ef20","FUN_0017ef20","Global",16,false,false,"ok"
"0017ef60","FUN_0017ef60","Global",12,false,false,"ok"
"0017efc0","FUN_0017efc0","Global",16,false,false,"ok"
"0017f010","FUN_0017f010","Global",172,false,false,"ok"
"0017f0d0","FUN_0017f0d0","Global",28,false,false,"ok"
"0017f8e0","FUN_0017f8e0","Global",8,false,false,"ok"
"0017fce0","FUN_0017fce0","Global",548,false,false,"ok"
"0017ffe0","FUN_0017ffe0","Global",16,false,false,"ok"
"001802f0","FUN_001802f0","Global",16,false,false,"ok"
"00180970","FUN_00180970","Global",32,false,false,"ok"
"00180d80","FUN_00180d80","Global",12,false,false,"ok"
"00180e60","FUN_00180e60","Global",32,false,false,"ok"
"001819c0","FUN_001819c0","Global",20,false,false,"ok"
"00182130","FUN_00182130","Global",104,false,false,"ok"
"001824b0","FUN_001824b0","Global",20,false,false,"ok"
"00182850","FUN_00182850","Global",16,false,false,"ok"
"001839d0","FUN_001839d0","Global",172,false,false,"ok"
"00183a90","FUN_00183a90","Global",16,false,false,"ok"
"00184050","FUN_00184050","Global",604,false,false,"ok"
"00184550","FUN_00184550","Global",760,false,false,"ok"
"001849d0","FUN_001849d0","Global",680,false,false,"ok"
"00184df0","FUN_00184df0","Global",40,false,false,"ok"
"00185390","FUN_00185390","Global",872,false,false,"ok"
"00185890","FUN_00185890","Global",32,false,false,"ok"
"00185dd0","FUN_00185dd0","Global",608,false,false,"ok"
"001861b0","FUN_001861b0","Global",400,false,false,"ok"
"00186350","FUN_00186350","Global",564,false,false,"ok"
"00186740","FUN_00186740","Global",32,false,false,"ok"
"00186a40","FUN_00186a40","Global",12,false,false,"ok"
"00187240","FUN_00187240","Global",12,false,false,"ok"
"00188170","FUN_00188170","Global",36,false,false,"ok"
"00188440","FUN_00188440","Global",32,false,false,"ok"
"00188710","FUN_00188710","Global",16,false,false,"ok"
"00189080","FUN_00189080","Global",16,false,false,"ok"
"001893c0","FUN_001893c0","Global",20,false,false,"ok"
"00189a20","FUN_00189a20","Global",8,false,false,"ok"
"0018a340","FUN_0018a340","Global",28,false,false,"ok"
"0018a490","FUN_0018a490","Global",12,false,false,"ok"
"0018a680","FUN_0018a680","Global",8,false,false,"ok"
"0018ab00","FUN_0018ab00","Global",116,false,false,"ok"
"0018ab80","FUN_0018ab80","Global",12,false,false,"ok"
"0018ae90","FUN_0018ae90","Global",204,false,false,"ok"
"0018af60","FUN_0018af60","Global",48,false,false,"ok"
"0018afa0","FUN_0018afa0","Global",312,false,false,"ok"
"0018b0f0","FUN_0018b0f0","Global",232,false,false,"ok"
"0018b1e0","FUN_0018b1e0","Global",612,false,false,"ok"
"0018b460","FUN_0018b460","Global",8,false,false,"ok"
"0018b570","FUN_0018b570","Global",16,false,false,"ok"
"0018b8b0","FUN_0018b8b0","Global",16,false,false,"ok"
"0018bb40","FUN_0018bb40","Global",236,false,false,"ok"
"0018bc40","FUN_0018bc40","Global",124,false,false,"ok"
"0018bcd0","FUN_0018bcd0","Global",12,false,false,"ok"
"0018bf60","FUN_0018bf60","Global",12,false,false,"ok"
"0018c270","FUN_0018c270","Global",388,false,false,"ok"
"0018c410","FUN_0018c410","Global",80,false,false,"ok"
"0018c470","FUN_0018c470","Global",20,false,false,"ok"
"0018c760","FUN_0018c760","Global",16,false,false,"ok"
"0018cb90","FUN_0018cb90","Global",1,false,false,"ok"
"0018cba0","FUN_0018cba0","Global",12,false,false,"ok"
"0018cde0","FUN_0018cde0","Global",12,false,false,"ok"
"0018cf60","FUN_0018cf60","Global",12,false,false,"ok"
"0018d0f0","FUN_0018d0f0","Global",24,false,false,"ok"
"0018d390","FUN_0018d390","Global",724,false,false,"ok"
"0018d680","FUN_0018d680","Global",680,false,false,"ok"
"0018d940","FUN_0018d940","Global",108,false,false,"ok"
"0018d9c0","FUN_0018d9c0","Global",108,false,false,"ok"
"0018db30","FUN_0018db30","Global",24,false,false,"ok"
"0018df90","FUN_0018df90","Global",12,false,false,"ok"
"0018e420","FUN_0018e420","Global",8,false,false,"ok"
"0018e7e0","FUN_0018e7e0","Global",16,false,false,"ok"
"0018e7f0","FUN_0018e7f0","Global",12,false,false,"ok"
"0018ecb0","FUN_0018ecb0","Global",176,false,false,"ok"
"0018ed90","FUN_0018ed90","Global",228,false,false,"ok"
"0018f0d0","FUN_0018f0d0","Global",72,false,false,"ok"
"0018f130","FUN_0018f130","Global",80,false,false,"ok"
"0018f190","FUN_0018f190","Global",116,false,false,"ok"
"0018f210","FUN_0018f210","Global",208,false,false,"ok"
"0018f540","FUN_0018f540","Global",160,false,false,"ok"
"0018f600","FUN_0018f600","Global",8,false,false,"ok"
"0018f7e0","FUN_0018f7e0","Global",76,false,false,"ok"
"0018f840","FUN_0018f840","Global",16,false,false,"ok"
"0018fa60","FUN_0018fa60","Global",136,false,false,"ok"
"0018fb70","FUN_0018fb70","Global",72,false,false,"ok"
"0018fbd0","FUN_0018fbd0","Global",80,false,false,"ok"
"0018fc30","FUN_0018fc30","Global",196,false,false,"ok"
"0018fd00","FUN_0018fd00","Global",1,false,false,"ok"
"0018fd10","FUN_0018fd10","Global",16,false,false,"ok"
"00190a40","FUN_00190a40","Global",80,false,false,"ok"
"00190ac0","FUN_00190ac0","Global",612,false,false,"ok"
"00190d40","FUN_00190d40","Global",8,false,false,"ok"
"00190d60","FUN_00190d60","Global",12,false,false,"ok"
"00190d70","FUN_00190d70","Global",28,false,false,"ok"
"00190da0","FUN_00190da0","Global",100,false,false,"ok"
"00190e10","FUN_00190e10","Global",180,false,false,"ok"
"00190fe0","FUN_00190fe0","Global",28,false,false,"ok"
"00191010","FUN_00191010","Global",104,false,false,"ok"
"001911f0","FUN_001911f0","Global",16,false,false,"ok"
"00192390","FUN_00192390","Global",12,false,false,"ok"
"001927b0","FUN_001927b0","Global",148,false,false,"ok"
"001929d0","FUN_001929d0","Global",1,false,false,"ok"
"001929e0","FUN_001929e0","Global",12,false,false,"ok"
"00192e70","FUN_00192e70","Global",68,false,false,"ok"
"00192ec0","FUN_00192ec0","Global",68,false,false,"ok"
"00192f10","FUN_00192f10","Global",1,false,false,"ok"
"00192f60","FUN_00192f60","Global",208,false,false,"ok"
"00193040","FUN_00193040","Global",256,false,false,"ok"
"00193150","FUN_00193150","Global",100,false,false,"ok"
"001931c0","FUN_001931c0","Global",52,false,false,"ok"
"00193210","FUN_00193210","Global",8,false,false,"ok"
"001939d0","FUN_001939d0","Global",8,false,false,"ok"
"00193ad0","FUN_00193ad0","Global",1060,false,false,"ok"
"001941a0","FUN_001941a0","Global",160,false,false,"ok"
"00194250","FUN_00194250","Global",60,false,false,"ok"
"001942f0","FUN_001942f0","Global",20,false,false,"ok"
"00194b00","FUN_00194b00","Global",12,false,false,"ok"
"001958b0","FUN_001958b0","Global",16,false,false,"ok"
"001970e0","FUN_001970e0","Global",12,false,false,"ok"
"00197320","FUN_00197320","Global",8,false,false,"ok"
"00197550","FUN_00197550","Global",8,false,false,"ok"
"00197b80","FUN_00197b80","Global",16,false,false,"ok"
"00198460","FUN_00198460","Global",32,false,false,"ok"
"00198510","FUN_00198510","Global",64,false,false,"ok"
"00198650","FUN_00198650","Global",180,false,false,"ok"
"00198780","FUN_00198780","Global",8,false,false,"ok"
"00198910","FUN_00198910","Global",8,false,false,"ok"
"00198a30","FUN_00198a30","Global",16,false,false,"ok"
"00198ca0","FUN_00198ca0","Global",12,false,false,"ok"
"00198dd0","FUN_00198dd0","Global",12,false,false,"ok"
"00198ee0","FUN_00198ee0","Global",8,false,false,"ok"
"00199050","FUN_00199050","Global",24,false,false,"ok"
"001992b0","FUN_001992b0","Global",20,false,false,"ok"
"001992e0","FUN_001992e0","Global",160,false,false,"ok"
"001993b0","FUN_001993b0","Global",32,false,false,"ok"
"00199490","FUN_00199490","Global",36,false,false,"ok"
"00199550","FUN_00199550","Global",36,false,false,"ok"
"00199620","FUN_00199620","Global",12,false,false,"ok"
"001997f0","FUN_001997f0","Global",124,false,false,"ok"
"00199990","FUN_00199990","Global",36,false,false,"ok"
"00199a00","FUN_00199a00","Global",8,false,false,"ok"
"00199c50","FUN_00199c50","Global",160,false,false,"ok"
"00199de0","FUN_00199de0","Global",156,false,false,"ok"
"00199ea0","FUN_00199ea0","Global",48,false,false,"ok"
"00199f90","FUN_00199f90","Global",76,false,false,"ok"
"0019a070","FUN_0019a070","Global",12,false,false,"ok"
"0019a1a0","FUN_0019a1a0","Global",28,false,false,"ok"
"0019a1c0","FUN_0019a1c0","Global",8,false,false,"ok"
"0019a2d0","FUN_0019a2d0","Global",60,false,false,"ok"
"0019a330","FUN_0019a330","Global",8,false,false,"ok"
"0019a710","FUN_0019a710","Global",36,false,false,"ok"
"0019a740","FUN_0019a740","Global",20,false,false,"ok"
"0019b990","FUN_0019b990","Global",16,false,false,"ok"
"0019c0d0","FUN_0019c0d0","Global",780,false,false,"ok"
"0019c520","FUN_0019c520","Global",84,false,false,"ok"
"0019c840","FUN_0019c840","Global",720,false,false,"ok"
"0019cb20","FUN_0019cb20","Global",236,false,false,"ok"
"0019cc40","FUN_0019cc40","Global",28,false,false,"ok"
"0019cc70","FUN_0019cc70","Global",116,false,false,"ok"
"0019ccf0","FUN_0019ccf0","Global",12,false,false,"ok"
"0019cd80","FUN_0019cd80","Global",16,false,false,"ok"
"0019d2a0","FUN_0019d2a0","Global",8,false,false,"ok"
"0019d2c0","FUN_0019d2c0","Global",308,false,false,"ok"
"0019d410","FUN_0019d410","Global",112,false,false,"ok"
"0019d4c0","FUN_0019d4c0","Global",24,false,false,"ok"
"0019d800","FUN_0019d800","Global",12,false,false,"ok"
"0019d880","FUN_0019d880","Global",368,false,false,"ok"
"0019dad0","FUN_0019dad0","Global",8,false,false,"ok"
"0019ddf0","FUN_0019ddf0","Global",72,false,false,"ok"
"0019de60","FUN_0019de60","Global",32,false,false,"ok"
"0019dea0","FUN_0019dea0","Global",1,false,false,"ok"
"0019deb0","FUN_0019deb0","Global",8,false,false,"ok"
"0019dfc0","FUN_0019dfc0","Global",8,false,false,"ok"
"0019e0d0","FUN_0019e0d0","Global",44,false,false,"ok"
"0019e110","FUN_0019e110","Global",140,false,false,"ok"
"0019e1b0","FUN_0019e1b0","Global",228,false,false,"ok"
"0019e2b0","FUN_0019e2b0","Global",24,false,false,"ok"
"0019e540","FUN_0019e540","Global",12,false,false,"ok"
"0019ee70","FUN_0019ee70","Global",8,false,false,"ok"
"0019f730","FUN_0019f730","Global",32,false,false,"ok"
"0019f760","FUN_0019f760","Global",72,false,false,"ok"
"0019f7e0","FUN_0019f7e0","Global",120,false,false,"ok"
"0019f870","FUN_0019f870","Global",160,false,false,"ok"
"0019f940","FUN_0019f940","Global",56,false,false,"ok"
"0019f9e0","FUN_0019f9e0","Global",48,false,false,"ok"
"0019fa20","FUN_0019fa20","Global",16,false,false,"ok"
"0019fa60","FUN_0019fa60","Global",12,false,false,"ok"
"0019fac0","FUN_0019fac0","Global",112,false,false,"ok"
"0019fb40","FUN_0019fb40","Global",16,false,false,"ok"
"0019fb90","FUN_0019fb90","Global",164,false,false,"ok"
"0019fc40","FUN_0019fc40","Global",120,false,false,"ok"
"0019fcc0","FUN_0019fcc0","Global",52,false,false,"ok"
"0019fd30","FUN_0019fd30","Global",16,false,false,"ok"
"0019fd40","FUN_0019fd40","Global",24,false,false,"ok"
"001a0010","FUN_001a0010","Global",8,false,false,"ok"
"001a00c0","FUN_001a00c0","Global",20,false,false,"ok"
"001a00e0","FUN_001a00e0","Global",8,false,false,"ok"
"001a0180","FUN_001a0180","Global",8,false,false,"ok"
"001a0190","FUN_001a0190","Global",16,false,false,"ok"
"001a0260","FUN_001a0260","Global",16,false,false,"ok"
"001a0390","FUN_001a0390","Global",52,false,false,"ok"
"001a03d0","FUN_001a03d0","Global",160,false,false,"ok"
"001a05c0","FUN_001a05c0","Global",248,false,false,"ok"
"001a06e0","FUN_001a06e0","Global",272,false,false,"ok"
"001a0940","FUN_001a0940","Global",148,false,false,"ok"
"001a0b80","FUN_001a0b80","Global",56,false,false,"ok"
"001a0bd0","FUN_001a0bd0","Global",204,false,false,"ok"
"001a0cd0","FUN_001a0cd0","Global",16,false,false,"ok"
"001a2170","FUN_001a2170","Global",48,false,false,"ok"
"001a21c0","FUN_001a21c0","Global",16,false,false,"ok"
"001a30b0","FUN_001a30b0","Global",20,false,false,"ok"
"001a3210","FUN_001a3210","Global",880,false,false,"ok"
"001a3700","FUN_001a3700","Global",68,false,false,"ok"
"001a3750","FUN_001a3750","Global",44,false,false,"ok"
"001a3790","FUN_001a3790","Global",108,false,false,"ok"
"001a3900","FUN_001a3900","Global",16,false,false,"ok"
"001a3f40","FUN_001a3f40","Global",84,false,false,"ok"
"001a3fa0","FUN_001a3fa0","Global",60,false,false,"ok"
"001a4140","FUN_001a4140","Global",16,false,false,"ok"
"001a42a0","FUN_001a42a0","Global",8,false,false,"ok"
"001a4e70","FUN_001a4e70","Global",8,false,false,"ok"
"001a5460","FUN_001a5460","Global",240,false,false,"ok"
"001a5560","FUN_001a5560","Global",20,false,false,"ok"
"001a57c0","FUN_001a57c0","Global",20,false,false,"ok"
"001a5a40","FUN_001a5a40","Global",32,false,false,"ok"
"001a5a60","FUN_001a5a60","Global",32,false,false,"ok"
"001a5a80","FUN_001a5a80","Global",32,false,false,"ok"
"001a5c50","FUN_001a5c50","Global",72,false,false,"ok"
"001a5d10","FUN_001a5d10","Global",8,false,false,"ok"
"001a61e0","FUN_001a61e0","Global",40,false,false,"ok"
"001a62b0","FUN_001a62b0","Global",208,false,false,"ok"
"001a63d0","FUN_001a63d0","Global",32,false,false,"ok"
"001a6650","FUN_001a6650","Global",8,false,false,"ok"
"001a6970","FUN_001a6970","Global",100,false,false,"ok"
"001a69e0","FUN_001a69e0","Global",100,false,false,"ok"
"001a6a50","FUN_001a6a50","Global",180,false,false,"ok"
"001a6b20","FUN_001a6b20","Global",12,false,false,"ok"
"001a70e0","FUN_001a70e0","Global",112,false,false,"ok"
"001a72d0","FUN_001a72d0","Global",8,false,false,"ok"
"001a73b0","FUN_001a73b0","Global",12,false,false,"ok"
"001a77a0","FUN_001a77a0","Global",80,false,false,"ok"
"001a7800","FUN_001a7800","Global",208,false,false,"ok"
"001a78e0","FUN_001a78e0","Global",208,false,false,"ok"
"001a79c0","FUN_001a79c0","Global",24,false,false,"ok"
"001a79f0","FUN_001a79f0","Global",8,false,false,"ok"
"001a7b10","FUN_001a7b10","Global",12,false,false,"ok"
"001a7f20","FUN_001a7f20","Global",32,false,false,"ok"
"001a7f80","FUN_001a7f80","Global",8,false,false,"ok"
"001a80b0","FUN_001a80b0","Global",80,false,false,"ok"
"001a8130","FUN_001a8130","Global",72,false,false,"ok"
"001a81e0","FUN_001a81e0","Global",72,false,false,"ok"
"001a8270","FUN_001a8270","Global",56,false,false,"ok"
"001a8310","FUN_001a8310","Global",112,false,false,"ok"
"001a83d0","FUN_001a83d0","Global",56,false,false,"ok"
"001a8460","FUN_001a8460","Global",176,false,false,"ok"
"001a8520","FUN_001a8520","Global",12,false,false,"ok"
"001a87d0","FUN_001a87d0","Global",328,false,false,"ok"
"001a8930","FUN_001a8930","Global",132,false,false,"ok"
"001a8d30","FUN_001a8d30","Global",12,false,false,"ok"
"001a9130","FUN_001a9130","Global",8,false,false,"ok"
"001a93b0","FUN_001a93b0","Global",20,false,false,"ok"
"001a96f0","FUN_001a96f0","Global",20,false,false,"ok"
"001a98a0","FUN_001a98a0","Global",12,false,false,"ok"
"001a9970","FUN_001a9970","Global",44,false,false,"ok"
"001a9a20","FUN_001a9a20","Global",120,false,false,"ok"
"001a9c20","FUN_001a9c20","Global",372,false,false,"ok"
"001a9db0","FUN_001a9db0","Global",136,false,false,"ok"
"001a9e50","FUN_001a9e50","Global",16,false,false,"ok"
"001aa4e0","FUN_001aa4e0","Global",12,false,false,"ok"
"001abda0","FUN_001abda0","Global",8,false,false,"ok"
"001ac5d0","FUN_001ac5d0","Global",52,false,false,"ok"
"001ac850","FUN_001ac850","Global",12,false,false,"ok"
"001acbb0","FUN_001acbb0","Global",20,false,false,"ok"
"001acf00","FUN_001acf00","Global",24,false,false,"ok"
"001ad090","FUN_001ad090","Global",24,false,false,"ok"
"001ad380","FUN_001ad380","Global",160,false,false,"ok"
"001ad430","FUN_001ad430","Global",16,false,false,"ok"
"001adbf0","FUN_001adbf0","Global",12,false,false,"ok"
"001adf70","FUN_001adf70","Global",160,false,false,"ok"
"001ae160","FUN_001ae160","Global",16,false,false,"ok"
"001ae270","FUN_001ae270","Global",64,false,false,"ok"
"001ae2f0","FUN_001ae2f0","Global",16,false,false,"ok"
"001aed30","FUN_001aed30","Global",192,false,false,"ok"
"001aee50","FUN_001aee50","Global",172,false,false,"ok"
"001aef70","FUN_001aef70","Global",172,false,false,"ok"
"001af0b0","FUN_001af0b0","Global",16,false,false,"ok"
"001af3b0","FUN_001af3b0","Global",24,false,false,"ok"
"001afac0","FUN_001afac0","Global",24,false,false,"ok"
"001b0090","FUN_001b0090","Global",72,false,false,"ok"
"001b01b0","FUN_001b01b0","Global",8,false,false,"ok"
"001b01c0","FUN_001b01c0","Global",60,false,false,"ok"
"001b0210","FUN_001b0210","Global",20,false,false,"ok"
"001b07f0","FUN_001b07f0","Global",28,false,false,"ok"
"001b0820","FUN_001b0820","Global",64,false,false,"ok"
"001b0870","FUN_001b0870","Global",40,false,false,"ok"
"001b08b0","FUN_001b08b0","Global",80,false,false,"ok"
"001b0910","FUN_001b0910","Global",136,false,false,"ok"
"001b09b0","FUN_001b09b0","Global",360,false,false,"ok"
"001b0b30","FUN_001b0b30","Global",56,false,false,"ok"
"001b0b80","FUN_001b0b80","Global",8,false,false,"ok"
"001b0c20","FUN_001b0c20","Global",304,false,false,"ok"
"001b0d60","FUN_001b0d60","Global",520,false,false,"ok"
"001b0f80","FUN_001b0f80","Global",8,false,false,"ok"
"001b0fa0","FUN_001b0fa0","Global",12,false,false,"ok"
"001b10a0","FUN_001b10a0","Global",124,false,false,"ok"
"001b1130","FUN_001b1130","Global",40,false,false,"ok"
"001b17f0","FUN_001b17f0","Global",28,false,false,"ok"
"001b1820","FUN_001b1820","Global",40,false,false,"ok"
"001b1890","FUN_001b1890","Global",20,false,false,"ok"
"001b2550","FUN_001b2550","Global",12,false,false,"ok"
"001b27b0","FUN_001b27b0","Global",16,false,false,"ok"
"001b2ae0","FUN_001b2ae0","Global",12,false,false,"ok"
"001b2de0","FUN_001b2de0","Global",140,false,false,"ok"
"001b2e80","FUN_001b2e80","Global",8,false,false,"ok"
"001b3440","FUN_001b3440","Global",12,false,false,"ok"
"001b3bd0","FUN_001b3bd0","Global",120,false,false,"ok"
"001b3ca0","FUN_001b3ca0","Global",8,false,false,"ok"
"001b4240","FUN_001b4240","Global",20,false,false,"ok"
"001b4350","FUN_001b4350","Global",8,false,false,"ok"
"001b47c0","FUN_001b47c0","Global",28,false,false,"ok"
"001b4fb0","FUN_001b4fb0","Global",84,false,false,"ok"
"001b5010","FUN_001b5010","Global",132,false,false,"ok"
"001b52e0","FUN_001b52e0","Global",68,false,false,"ok"
"001b56b0","FUN_001b56b0","Global",176,false,false,"ok"
"001b5780","FUN_001b5780","Global",20,false,false,"ok"
"001b5880","FUN_001b5880","Global",16,false,false,"ok"
"001b5950","FUN_001b5950","Global",16,false,false,"ok"
"001b5a30","FUN_001b5a30","Global",24,false,false,"ok"
"001b5be0","FUN_001b5be0","Global",16,false,false,"ok"
"001b5c20","FUN_001b5c20","Global",20,false,false,"ok"
"001b5c60","FUN_001b5c60","Global",16,false,false,"ok"
"001b5ca0","FUN_001b5ca0","Global",16,false,false,"ok"
"001b5ce0","FUN_001b5ce0","Global",88,false,false,"ok"
"001b5d50","FUN_001b5d50","Global",116,false,false,"ok"
"001b5dd0","FUN_001b5dd0","Global",208,false,false,"ok"
"001b5f10","FUN_001b5f10","Global",128,false,false,"ok"
"001b6070","FUN_001b6070","Global",72,false,false,"ok"
"001b60d0","FUN_001b60d0","Global",116,false,false,"ok"
"001b6230","FUN_001b6230","Global",80,false,false,"ok"
"001b6290","FUN_001b6290","Global",172,false,false,"ok"
"001b6660","FUN_001b6660","Global",216,false,false,"ok"
"001b6750","FUN_001b6750","Global",80,false,false,"ok"
"001b67b0","FUN_001b67b0","Global",32,false,false,"ok"
"001b6c10","FUN_001b6c10","Global",80,false,false,"ok"
"001b6c70","FUN_001b6c70","Global",20,false,false,"ok"
"001bc5a0","FUN_001bc5a0","Global",4,false,false,"ok"
"001bc5b0","FUN_001bc5b0","Global",584,false,false,"ok"
"001bca90","FUN_001bca90","Global",316,false,false,"ok"
"001bccb0","FUN_001bccb0","Global",324,false,false,"ok"
"001bced0","FUN_001bced0","Global",188,false,false,"ok"
"001bcfe0","FUN_001bcfe0","Global",12,false,false,"ok"
"001bd500","FUN_001bd500","Global",16,false,false,"ok"
"001bd640","FUN_001bd640","Global",16,false,false,"ok"
"001bd780","FUN_001bd780","Global",8,false,false,"ok"
"001bd8f0","FUN_001bd8f0","Global",40,false,false,"ok"
"001bd9f0","FUN_001bd9f0","Global",60,false,false,"ok"
"001bdae0","FUN_001bdae0","Global",68,false,false,"ok"
"001bdb70","FUN_001bdb70","Global",68,false,false,"ok"
"001bdd00","FUN_001bdd00","Global",8,false,false,"ok"
"001be0d0","FUN_001be0d0","Global",60,false,false,"ok"
"001be190","FUN_001be190","Global",4,false,false,"ok"
"001be730","FUN_001be730","Global",64,false,false,"ok"
"001be820","FUN_001be820","Global",164,false,false,"ok"
"001be8e0","FUN_001be8e0","Global",112,false,false,"ok"
"001beb10","FUN_001beb10","Global",16,false,false,"ok"
"001bebd0","FUN_001bebd0","Global",20,false,false,"ok"
"001c0510","FUN_001c0510","Global",284,false,false,"ok"
"001c0690","FUN_001c0690","Global",20,false,false,"ok"
"001c4c50","FUN_001c4c50","Global",12,false,false,"ok"
"001c50f0","FUN_001c50f0","Global",20,false,false,"ok"
"001c52c0","FUN_001c52c0","Global",8,false,false,"ok"
"001c5730","FUN_001c5730","Global",24,false,false,"ok"
"001c59e0","FUN_001c59e0","Global",8,false,false,"ok"
"001c5be0","FUN_001c5be0","Global",20,false,false,"ok"
"001c5dd0","FUN_001c5dd0","Global",1084,false,false,"ok"
"001c65c0","FUN_001c65c0","Global",32,false,false,"ok"
"001c65f0","FUN_001c65f0","Global",8,false,false,"ok"
"001c6d00","FUN_001c6d00","Global",8,false,false,"ok"
"001c7260","FUN_001c7260","Global",12,false,false,"ok"
"001c7660","FUN_001c7660","Global",112,false,false,"ok"
"001c77d0","FUN_001c77d0","Global",16,false,false,"ok"
"001c82d0","FUN_001c82d0","Global",8,false,false,"ok"
"001c8580","FUN_001c8580","Global",12,false,false,"ok"
"001c8b30","FUN_001c8b30","Global",136,false,false,"ok"
"001c8f30","FUN_001c8f30","Global",372,false,false,"ok"
"001c91d0","FUN_001c91d0","Global",8,false,false,"ok"
"001c9600","FUN_001c9600","Global",8,false,false,"ok"
"001c9e40","FUN_001c9e40","Global",12,false,false,"ok"
"001ca060","FUN_001ca060","Global",8,false,false,"ok"
"001ca5f0","FUN_001ca5f0","Global",12,false,false,"ok"
"001cafa0","FUN_001cafa0","Global",28,false,false,"ok"
"001cb1c0","FUN_001cb1c0","Global",24,false,false,"ok"
"001cb590","FUN_001cb590","Global",28,false,false,"ok"
"001cb7b0","FUN_001cb7b0","Global",24,false,false,"ok"
"001cbd00","FUN_001cbd00","Global",480,false,false,"ok"
"001cbf30","FUN_001cbf30","Global",20,false,false,"ok"
"001cc760","FUN_001cc760","Global",12,false,false,"ok"
"001ce4e0","FUN_001ce4e0","Global",8,false,false,"ok"
"001ceab0","FUN_001ceab0","Global",24,false,false,"ok"
"001cfad0","FUN_001cfad0","Global",16,false,false,"ok"
"001d0840","FUN_001d0840","Global",356,false,false,"ok"
"001d0d90","FUN_001d0d90","Global",16,false,false,"ok"
"001d1780","FUN_001d1780","Global",52,false,false,"ok"
"001d1860","FUN_001d1860","Global",804,false,false,"ok"
"001d2260","FUN_001d2260","Global",12,false,false,"ok"
"001d37b0","FUN_001d37b0","Global",12,false,false,"ok"
"001d5490","FUN_001d5490","Global",8,false,false,"ok"
"001d68c0","FUN_001d68c0","Global",12,false,false,"ok"
"001d7820","FUN_001d7820","Global",260,false,false,"ok"
"001d7a20","FUN_001d7a20","Global",28,false,false,"ok"
"001d8020","FUN_001d8020","Global",12,false,false,"ok"
"001d87f0","FUN_001d87f0","Global",8,false,false,"ok"
"001d8e50","FUN_001d8e50","Global",8,false,false,"ok"
"001d8fd0","FUN_001d8fd0","Global",204,false,false,"ok"
"001d9380","FUN_001d9380","Global",24,false,false,"ok"
"001d96f0","FUN_001d96f0","Global",8,false,false,"ok"
"001d9ee0","FUN_001d9ee0","Global",28,false,false,"ok"
"001da420","FUN_001da420","Global",8,false,false,"ok"
"001daa80","FUN_001daa80","Global",20,false,false,"ok"
"001dadc0","FUN_001dadc0","Global",12,false,false,"ok"
"001db230","FUN_001db230","Global",8,false,false,"ok"
"001db660","FUN_001db660","Global",16,false,false,"ok"
"001dc3f0","FUN_001dc3f0","Global",8,false,false,"ok"
"001dc740","FUN_001dc740","Global",80,false,false,"ok"
"001dc7b0","FUN_001dc7b0","Global",88,false,false,"ok"
"001dccd0","FUN_001dccd0","Global",80,false,false,"ok"
"001dcd30","FUN_001dcd30","Global",332,false,false,"ok"
"001dd550","FUN_001dd550","Global",12,false,false,"ok"
"001de6b0","FUN_001de6b0","Global",72,false,false,"ok"
"001decd0","FUN_001decd0","Global",20,false,false,"ok"
"001dee40","FUN_001dee40","Global",20,false,false,"ok"
"001df800","FUN_001df800","Global",160,false,false,"ok"
"001dfad0","FUN_001dfad0","Global",12,false,false,"ok"
"001dfb90","FUN_001dfb90","Global",100,false,false,"ok"
"001dfd90","FUN_001dfd90","Global",168,false,false,"ok"
"001e0450","FUN_001e0450","Global",224,false,false,"ok"
"001e0910","FUN_001e0910","Global",48,false,false,"ok"
"001e0950","FUN_001e0950","Global",4,false,false,"ok"
"001e0960","FUN_001e0960","Global",40,false,false,"ok"
"001e0a10","FUN_001e0a10","Global",48,false,false,"ok"
"001e0a50","FUN_001e0a50","Global",12,false,false,"ok"
"001e1320","FUN_001e1320","Global",328,false,false,"ok"
"001e1480","FUN_001e1480","Global",8,false,false,"ok"
"001e1b70","FUN_001e1b70","Global",296,false,false,"ok"
"001e1db0","FUN_001e1db0","Global",24,false,false,"ok"
"001e24f0","FUN_001e24f0","Global",204,false,false,"ok"
"001e25d0","FUN_001e25d0","Global",444,false,false,"ok"
"001e27c0","FUN_001e27c0","Global",1064,false,false,"ok"
"001e2d00","FUN_001e2d00","Global",16,false,false,"ok"
"001e34c0","FUN_001e34c0","Global",24,false,false,"ok"
"001e3f00","FUN_001e3f00","Global",8,false,false,"ok"
"001e4590","FUN_001e4590","Global",28,false,false,"ok"
"001e45c0","FUN_001e45c0","Global",64,false,false,"ok"
"001e4610","FUN_001e4610","Global",12,false,false,"ok"
"001e48c0","FUN_001e48c0","Global",16,false,false,"ok"
"001e5170","FUN_001e5170","Global",124,false,false,"ok"
"001e53a0","FUN_001e53a0","Global",28,false,false,"ok"
"001e53e0","FUN_001e53e0","Global",16,false,false,"ok"
"001e5790","FUN_001e5790","Global",8,false,false,"ok"
"001e5890","FUN_001e5890","Global",124,false,false,"ok"
"001e5990","FUN_001e5990","Global",16,false,false,"ok"
"001e6790","FUN_001e6790","Global",436,false,false,"ok"
"001e69b0","FUN_001e69b0","Global",12,false,false,"ok"
"001e7340","FUN_001e7340","Global",12,false,false,"ok"
"001e8060","FUN_001e8060","Global",12,false,false,"ok"
"001e85d0","FUN_001e85d0","Global",16,false,false,"ok"
"001e8b20","FUN_001e8b20","Global",16,false,false,"ok"
"001e8f80","FUN_001e8f80","Global",16,false,false,"ok"
"001e9480","FUN_001e9480","Global",16,false,false,"ok"
"001e96e0","FUN_001e96e0","Global",32,false,false,"ok"
"001e9820","FUN_001e9820","Global",224,false,false,"ok"
"001e9910","FUN_001e9910","Global",12,false,false,"ok"
"001e9b40","FUN_001e9b40","Global",12,false,false,"ok"
"001e9ed0","FUN_001e9ed0","Global",32,false,false,"ok"
"001ea490","FUN_001ea490","Global",488,false,false,"ok"
"001ea750","FUN_001ea750","Global",344,false,false,"ok"
"001ea8d0","FUN_001ea8d0","Global",8,false,false,"ok"
"001eb030","FUN_001eb030","Global",20,false,false,"ok"
"001eb280","FUN_001eb280","Global",28,false,false,"ok"
"001eb3f0","FUN_001eb3f0","Global",172,false,false,"ok"
"001eb530","FUN_001eb530","Global",484,false,false,"ok"
"001eb720","FUN_001eb720","Global",1256,false,false,"ok"
"001ebc20","FUN_001ebc20","Global",484,false,false,"ok"
"001ec020","FUN_001ec020","Global",108,false,false,"ok"
"001ec100","FUN_001ec100","Global",832,false,false,"ok"
"001ec660","FUN_001ec660","Global",12,false,false,"ok"
"001eca80","FUN_001eca80","Global",264,false,false,"ok"
"001ecbe0","FUN_001ecbe0","Global",252,false,false,"ok"
"001ecd80","FUN_001ecd80","Global",260,false,false,"ok"
"001ecec0","FUN_001ecec0","Global",20,false,false,"ok"
"001edcc0","FUN_001edcc0","Global",1,false,false,"ok"
"001edcd0","FUN_001edcd0","Global",484,false,false,"ok"
"001edec0","FUN_001edec0","Global",24,false,false,"ok"
"001ee470","FUN_001ee470","Global",16,false,false,"ok"
"001ee620","FUN_001ee620","Global",72,false,false,"ok"
"001ee6e0","FUN_001ee6e0","Global",152,false,false,"ok"
"001ee790","FUN_001ee790","Global",16,false,false,"ok"
"001ef4d0","FUN_001ef4d0","Global",56,false,false,"ok"
"001ef520","FUN_001ef520","Global",556,false,false,"ok"
"001ef760","FUN_001ef760","Global",8,false,false,"ok"
"001efa90","FUN_001efa90","Global",364,false,false,"ok"
"001efc10","FUN_001efc10","Global",24,false,false,"ok"
"001f0060","FUN_001f0060","Global",336,false,false,"ok"
"001f01c0","FUN_001f01c0","Global",72,false,false,"ok"
"001f0230","FUN_001f0230","Global",8,false,false,"ok"
"001f0560","FUN_001f0560","Global",116,false,false,"ok"
"001f05e0","FUN_001f05e0","Global",212,false,false,"ok"
"001f0760","FUN_001f0760","Global",112,false,false,"ok"
"001f07e0","FUN_001f07e0","Global",96,false,false,"ok"
"001f0850","FUN_001f0850","Global",92,false,false,"ok"
"001f08c0","FUN_001f08c0","Global",428,false,false,"ok"
"001f0ab0","FUN_001f0ab0","Global",36,false,false,"ok"
"001f0c50","FUN_001f0c50","Global",28,false,false,"ok"
"001f1240","FUN_001f1240","Global",20,false,false,"ok"
"001f14f0","FUN_001f14f0","Global",12,false,false,"ok"
"001f1840","FUN_001f1840","Global",352,false,false,"ok"
"001f1ad0","FUN_001f1ad0","Global",1,false,false,"ok"
"001f1ae0","FUN_001f1ae0","Global",128,false,false,"ok"
"001f1c90","FUN_001f1c90","Global",8,false,false,"ok"
"001f1d20","FUN_001f1d20","Global",20,false,false,"ok"
"001f1e20","FUN_001f1e20","Global",84,false,false,"ok"
"001f1ea0","FUN_001f1ea0","Global",208,false,false,"ok"
"001f1f90","FUN_001f1f90","Global",20,false,false,"ok"
"001f3010","FUN_001f3010","Global",16,false,false,"ok"
"001f3950","FUN_001f3950","Global",20,false,false,"ok"
"001f4e10","FUN_001f4e10","Global",392,false,false,"ok"
"001f5040","FUN_001f5040","Global",32,false,false,"ok"
"001f5230","FUN_001f5230","Global",8,false,false,"ok"
"001f55e0","FUN_001f55e0","Global",20,false,false,"ok"
"001f5820","FUN_001f5820","Global",20,false,false,"ok"
"001f6130","FUN_001f6130","Global",64,false,false,"ok"
"001f62e0","FUN_001f62e0","Global",84,false,false,"ok"
"001f6340","FUN_001f6340","Global",60,false,false,"ok"
"001f6390","FUN_001f6390","Global",16,false,false,"ok"
"001f6750","FUN_001f6750","Global",16,false,false,"ok"
"001f6ed0","FUN_001f6ed0","Global",20,false,false,"ok"
"001f7010","FUN_001f7010","Global",8,false,false,"ok"
"001f7170","FUN_001f7170","Global",228,false,false,"ok"
"001f7260","FUN_001f7260","Global",12,false,false,"ok"
"001f7830","FUN_001f7830","Global",8,false,false,"ok"
"001f7b00","FUN_001f7b00","Global",76,false,false,"ok"
"001f7d80","FUN_001f7d80","Global",8,false,false,"ok"
"001f7fe0","FUN_001f7fe0","Global",128,false,false,"ok"
"001f82b0","FUN_001f82b0","Global",148,false,false,"ok"
"001f8360","FUN_001f8360","Global",768,false,false,"ok"
"001f8680","FUN_001f8680","Global",28,false,false,"ok"
"001f8770","FUN_001f8770","Global",164,false,false,"ok"
"001f8830","FUN_001f8830","Global",12,false,false,"ok"
"001f8b30","FUN_001f8b30","Global",28,false,false,"ok"
"001f9900","FUN_001f9900","Global",52,false,false,"ok"
"001f9950","FUN_001f9950","Global",8,false,false,"ok"
"001f9a20","FUN_001f9a20","Global",116,false,false,"ok"
"001f9b90","FUN_001f9b90","Global",80,false,false,"ok"
"001f9c60","FUN_001f9c60","Global",136,false,false,"ok"
"001f9d00","FUN_001f9d00","Global",216,false,false,"ok"
"001f9e30","FUN_001f9e30","Global",32,false,false,"ok"
"001fa3a0","FUN_001fa3a0","Global",136,false,false,"ok"
"001fa440","FUN_001fa440","Global",52,false,false,"ok"
"001fa4c0","FUN_001fa4c0","Global",24,false,false,"ok"
"001fa780","FUN_001fa780","Global",316,false,false,"ok"
"001fa8d0","FUN_001fa8d0","Global",16,false,false,"ok"
"001faf60","FUN_001faf60","Global",16,false,false,"ok"
"001fc4d0","FUN_001fc4d0","Global",20,false,false,"ok"
"001fe560","FUN_001fe560","Global",20,false,false,"ok"
"001ff6a0","FUN_001ff6a0","Global",20,false,false,"ok"
"001ff980","FUN_001ff980","Global",84,false,false,"ok"
"001ff9f0","FUN_001ff9f0","Global",96,false,false,"ok"
"001ffa60","FUN_001ffa60","Global",44,false,false,"ok"
"001ffb30","FUN_001ffb30","Global",44,false,false,"ok"
"001ffb90","FUN_001ffb90","Global",44,false,false,"ok"
"001ffbd0","FUN_001ffbd0","Global",56,false,false,"ok"
"001ffc10","FUN_001ffc10","Global",48,false,false,"ok"
"001ffc60","FUN_001ffc60","Global",52,false,false,"ok"
"001ffcc0","FUN_001ffcc0","Global",52,false,false,"ok"
"001ffd30","FUN_001ffd30","Global",8,false,false,"ok"
"002004d0","FUN_002004d0","Global",104,false,false,"ok"
"00200540","FUN_00200540","Global",128,false,false,"ok"
"002005d0","FUN_002005d0","Global",56,false,false,"ok"
"00200620","FUN_00200620","Global",56,false,false,"ok"
"002006a0","FUN_002006a0","Global",8,false,false,"ok"
"002013f0","FUN_002013f0","Global",368,false,false,"ok"
"00201570","FUN_00201570","Global",12,false,false,"ok"
"002015f0","FUN_002015f0","Global",96,false,false,"ok"
"00201670","FUN_00201670","Global",28,false,false,"ok"
"002016a0","FUN_002016a0","Global",112,false,false,"ok"
"00201720","FUN_00201720","Global",84,false,false,"ok"
"00201790","FUN_00201790","Global",88,false,false,"ok"
"00201800","FUN_00201800","Global",36,false,false,"ok"
"00201830","FUN_00201830","Global",52,false,false,"ok"
"00201870","FUN_00201870","Global",104,false,false,"ok"
"00201920","FUN_00201920","Global",88,false,false,"ok"
"00201990","FUN_00201990","Global",104,false,false,"ok"
"00201a00","FUN_00201a00","Global",88,false,false,"ok"
"00201b20","FUN_00201b20","Global",12,false,false,"ok"
"002032a0","FUN_002032a0","Global",108,false,false,"ok"
"00203320","FUN_00203320","Global",40,false,false,"ok"
"00203440","FUN_00203440","Global",428,false,false,"ok"
"00203600","FUN_00203600","Global",12,false,false,"ok"
"00203f80","FUN_00203f80","Global",28,false,false,"ok"
"002048d0","FUN_002048d0","Global",8,false,false,"ok"
"00204c20","FUN_00204c20","Global",60,false,false,"ok"
"00204ce0","FUN_00204ce0","Global",76,false,false,"ok"
"00204d40","FUN_00204d40","Global",12,false,false,"ok"
"002069f0","FUN_002069f0","Global",152,false,false,"ok"
"00206b40","FUN_00206b40","Global",132,false,false,"ok"
"00206be0","FUN_00206be0","Global",256,false,false,"ok"
"00206cf0","FUN_00206cf0","Global",12,false,false,"ok"
"00206e60","FUN_00206e60","Global",16,false,false,"ok"
"002070a0","FUN_002070a0","Global",104,false,false,"ok"
"00207170","FUN_00207170","Global",20,false,false,"ok"
"002074a0","FUN_002074a0","Global",12,false,false,"ok"
"00207750","FUN_00207750","Global",20,false,false,"ok"
"00207bf0","FUN_00207bf0","Global",32,false,false,"ok"
"00207c60","FUN_00207c60","Global",48,false,false,"ok"
"00207d50","FUN_00207d50","Global",48,false,false,"ok"
"00207d90","FUN_00207d90","Global",8,false,false,"ok"
"00207ec0","FUN_00207ec0","Global",8,false,false,"ok"
"00207f30","FUN_00207f30","Global",12,false,false,"ok"
"00209bc0","FUN_00209bc0","Global",108,false,false,"ok"
"00209c40","FUN_00209c40","Global",148,false,false,"ok"
"00209cf0","FUN_00209cf0","Global",12,false,false,"ok"
"0020b970","FUN_0020b970","Global",28,false,false,"ok"
"0020b9a0","FUN_0020b9a0","Global",264,false,false,"ok"
"0020bb40","FUN_0020bb40","Global",112,false,false,"ok"
"0020bbc0","FUN_0020bbc0","Global",24,false,false,"ok"
"0020c370","FUN_0020c370","Global",12,false,false,"ok"
"0020c690","FUN_0020c690","Global",352,false,false,"ok"
"0020dee0","FUN_0020dee0","Global",12,false,false,"ok"
"0020e4c0","FUN_0020e4c0","Global",1264,false,false,"ok"
"0020f1b0","FUN_0020f1b0","Global",16,false,false,"ok"
"0020f6f0","FUN_0020f6f0","Global",20,false,false,"ok"
"0020faf0","FUN_0020faf0","Global",24,false,false,"ok"
"00210910","FUN_00210910","Global",32,false,false,"ok"
"00210f40","FUN_00210f40","Global",8,false,false,"ok"
"00211980","FUN_00211980","Global",248,false,false,"ok"
"00211a80","FUN_00211a80","Global",20,false,false,"ok"
"00211e00","FUN_00211e00","Global",16,false,false,"ok"
"00212cc0","FUN_00212cc0","Global",20,false,false,"ok"
"002135e0","FUN_002135e0","Global",320,false,false,"ok"
"00213960","FUN_00213960","Global",20,false,false,"ok"
"00213b90","FUN_00213b90","Global",12,false,false,"ok"
"002140f0","FUN_002140f0","Global",40,false,false,"ok"
"00214120","FUN_00214120","Global",64,false,false,"ok"
"00214210","FUN_00214210","Global",52,false,false,"ok"
"00214280","FUN_00214280","Global",52,false,false,"ok"
"002142e0","FUN_002142e0","Global",52,false,false,"ok"
"00214330","FUN_00214330","Global",28,false,false,"ok"
"00214360","FUN_00214360","Global",88,false,false,"ok"
"00214460","FUN_00214460","Global",12,false,false,"ok"
"00214ee0","FUN_00214ee0","Global",16,false,false,"ok"
"0021a5f0","FUN_0021a5f0","Global",140,false,false,"ok"
"0021a7a0","FUN_0021a7a0","Global",20,false,false,"ok"
"0021a860","FUN_0021a860","Global",20,false,false,"ok"
"0021a980","FUN_0021a980","Global",72,false,false,"ok"
"0021aa80","FUN_0021aa80","Global",48,false,false,"ok"
"0021aaf0","FUN_0021aaf0","Global",24,false,false,"ok"
"0021ae00","FUN_0021ae00","Global",196,false,false,"ok"
"0021af60","FUN_0021af60","Global",1,false,false,"ok"
"0021af80","FUN_0021af80","Global",12,false,false,"ok"
"0021afd0","FUN_0021afd0","Global",1,false,false,"ok"
"0021b030","FUN_0021b030","Global",108,false,false,"ok"
"0021b100","FUN_0021b100","Global",116,false,false,"ok"
"0021b190","FUN_0021b190","Global",20,false,false,"ok"
"0021c510","FUN_0021c510","Global",8,false,false,"ok"
"0021c7e0","FUN_0021c7e0","Global",640,false,false,"ok"
"0021e570","FUN_0021e570","Global",12,false,false,"ok"
"0021eb20","FUN_0021eb20","Global",100,false,false,"ok"
"0021ecb0","FUN_0021ecb0","Global",84,false,false,"ok"
"0021ed20","FUN_0021ed20","Global",60,false,false,"ok"
"0021ed70","FUN_0021ed70","Global",136,false,false,"ok"
"0021ee10","FUN_0021ee10","Global",16,false,false,"ok"
"0021f0c0","FUN_0021f0c0","Global",8,false,false,"ok"
"0021f1d0","FUN_0021f1d0","Global",80,false,false,"ok"
"0021f340","FUN_0021f340","Global",40,false,false,"ok"
"0021f4d0","FUN_0021f4d0","Global",204,false,false,"ok"
"0021f690","FUN_0021f690","Global",204,false,false,"ok"
"0021f850","FUN_0021f850","Global",116,false,false,"ok"
"0021f8f0","FUN_0021f8f0","Global",220,false,false,"ok"
"0021faf0","FUN_0021faf0","Global",216,false,false,"ok"
"0021fcf0","FUN_0021fcf0","Global",204,false,false,"ok"
"0021fee0","FUN_0021fee0","Global",96,false,false,"ok"
"0021ff50","FUN_0021ff50","Global",52,false,false,"ok"
"0021ff90","FUN_0021ff90","Global",220,false,false,"ok"
"00220190","FUN_00220190","Global",240,false,false,"ok"
"002204a0","FUN_002204a0","Global",60,false,false,"ok"
"002204f0","FUN_002204f0","Global",60,false,false,"ok"
"00220540","FUN_00220540","Global",216,false,false,"ok"
"00220690","FUN_00220690","Global",52,false,false,"ok"
"002206d0","FUN_002206d0","Global",16,false,false,"ok"
"002207c0","FUN_002207c0","Global",316,false,false,"ok"
"00220910","FUN_00220910","Global",52,false,false,"ok"
"00220990","FUN_00220990","Global",84,false,false,"ok"
"002209f0","FUN_002209f0","Global",240,false,false,"ok"
"00220af0","FUN_00220af0","Global",24,false,false,"ok"
"00221a70","FUN_00221a70","Global",148,false,false,"ok"
"00221b50","FUN_00221b50","Global",16,false,false,"ok"
"00221d90","FUN_00221d90","Global",12,false,false,"ok"
"00222430","FUN_00222430","Global",16,false,false,"ok"
"00222600","FUN_00222600","Global",12,false,false,"ok"
"002228b0","FUN_002228b0","Global",16,false,false,"ok"
"00225270","FUN_00225270","Global",172,false,false,"ok"
"00225590","FUN_00225590","Global",156,false,false,"ok"
"00225730","FUN_00225730","Global",16,false,false,"ok"
"00225af0","FUN_00225af0","Global",48,false,false,"ok"
"00225b30","FUN_00225b30","Global",24,false,false,"ok"
"002261c0","FUN_002261c0","Global",24,false,false,"ok"
"00226350","FUN_00226350","Global",116,false,false,"ok"
"002263d0","FUN_002263d0","Global",60,false,false,"ok"
"00226420","FUN_00226420","Global",40,false,false,"ok"
"002264b0","FUN_002264b0","Global",84,false,false,"ok"
"00226580","FUN_00226580","Global",20,false,false,"ok"
"00226660","FUN_00226660","Global",84,false,false,"ok"
"002266c0","FUN_002266c0","Global",68,false,false,"ok"
"002267b0","FUN_002267b0","Global",28,false,false,"ok"
"002268e0","FUN_002268e0","Global",28,false,false,"ok"
"00226c00","FUN_00226c00","Global",60,false,false,"ok"
"00226c90","FUN_00226c90","Global",60,false,false,"ok"
"00226d20","FUN_00226d20","Global",60,false,false,"ok"
"00226da0","FUN_00226da0","Global",60,false,false,"ok"
"00226e30","FUN_00226e30","Global",172,false,false,"ok"
"00226f90","FUN_00226f90","Global",172,false,false,"ok"
"002270f0","FUN_002270f0","Global",116,false,false,"ok"
"002271b0","FUN_002271b0","Global",12,false,false,"ok"
"002275c0","FUN_002275c0","Global",40,false,false,"ok"
"00227600","FUN_00227600","Global",60,false,false,"ok"
"00227650","FUN_00227650","Global",164,false,false,"ok"
"00227780","FUN_00227780","Global",32,false,false,"ok"
"00227d30","FUN_00227d30","Global",8,false,false,"ok"
"00228000","FUN_00228000","Global",68,false,false,"ok"
"002280e0","FUN_002280e0","Global",120,false,false,"ok"
"00228230","FUN_00228230","Global",12,false,false,"ok"
"00228830","FUN_00228830","Global",20,false,false,"ok"
"00228b70","FUN_00228b70","Global",20,false,false,"ok"
"00229af0","FUN_00229af0","Global",12,false,false,"ok"
"0022a4e0","FUN_0022a4e0","Global",20,false,false,"ok"
"0022b280","FUN_0022b280","Global",16,false,false,"ok"
"0022bf20","FUN_0022bf20","Global",20,false,false,"ok"
"0022c4d0","FUN_0022c4d0","Global",156,false,false,"ok"
"0022c840","FUN_0022c840","Global",24,false,false,"ok"
"0022c9e0","FUN_0022c9e0","Global",264,false,false,"ok"
"0022cc90","FUN_0022cc90","Global",48,false,false,"ok"
"0022ccf0","FUN_0022ccf0","Global",36,false,false,"ok"
"0022cd20","FUN_0022cd20","Global",48,false,false,"ok"
"0022cf30","FUN_0022cf30","Global",256,false,false,"ok"
"0022d210","FUN_0022d210","Global",12,false,false,"ok"
"0022d570","FUN_0022d570","Global",1,false,false,"ok"
"0022d580","FUN_0022d580","Global",64,false,false,"ok"
"0022d5d0","FUN_0022d5d0","Global",80,false,false,"ok"
"0022d640","FUN_0022d640","Global",12,false,false,"ok"
"0022d6c0","FUN_0022d6c0","Global",40,false,false,"ok"
"0022d6f0","FUN_0022d6f0","Global",88,false,false,"ok"
"0022d810","FUN_0022d810","Global",8,false,false,"ok"
"0022db20","FUN_0022db20","Global",132,false,false,"ok"
"0022dbc0","FUN_0022dbc0","Global",48,false,false,"ok"
"0022dc00","FUN_0022dc00","Global",276,false,false,"ok"
"0022dd30","FUN_0022dd30","Global",12,false,false,"ok"
"0022e5e0","FUN_0022e5e0","Global",24,false,false,"ok"
"0022e850","FUN_0022e850","Global",8,false,false,"ok"
"0022eb50","FUN_0022eb50","Global",368,false,false,"ok"
"0022ecd0","FUN_0022ecd0","Global",64,false,false,"ok"
"0022ee10","FUN_0022ee10","Global",192,false,false,"ok"
"0022f000","FUN_0022f000","Global",280,false,false,"ok"
"0022f410","FUN_0022f410","Global",176,false,false,"ok"
"0022f4d0","FUN_0022f4d0","Global",32,false,false,"ok"
"0022f500","FUN_0022f500","Global",108,false,false,"ok"
"0022f580","FUN_0022f580","Global",284,false,false,"ok"
"0022f6b0","FUN_0022f6b0","Global",708,false,false,"ok"
"0022fa00","FUN_0022fa00","Global",80,false,false,"ok"
"0022fa60","FUN_0022fa60","Global",24,false,false,"ok"
"002310a0","FUN_002310a0","Global",40,false,false,"ok"
"002313c0","FUN_002313c0","Global",12,false,false,"ok"
"00231510","FUN_00231510","Global",60,false,false,"ok"
"00231560","FUN_00231560","Global",868,false,false,"ok"
"00231910","FUN_00231910","Global",60,false,false,"ok"
"00231960","FUN_00231960","Global",28,false,false,"ok"
"00231e70","FUN_00231e70","Global",12,false,false,"ok"
"00232450","FUN_00232450","Global",36,false,false,"ok"
"00232620","FUN_00232620","Global",28,false,false,"ok"
"00232650","FUN_00232650","Global",92,false,false,"ok"
"002326c0","FUN_002326c0","Global",88,false,false,"ok"
"00232990","FUN_00232990","Global",212,false,false,"ok"
"00232a80","FUN_00232a80","Global",100,false,false,"ok"
"00232af0","FUN_00232af0","Global",68,false,false,"ok"
"00232bb0","FUN_00232bb0","Global",92,false,false,"ok"
"00232c20","FUN_00232c20","Global",16,false,false,"ok"
"00232d20","FUN_00232d20","Global",20,false,false,"ok"
"00232ea0","FUN_00232ea0","Global",12,false,false,"ok"
"00232eb0","FUN_00232eb0","Global",124,false,false,"ok"
"00232f40","FUN_00232f40","Global",80,false,false,"ok"
"00233060","FUN_00233060","Global",12,false,false,"ok"
"00233070","FUN_00233070","Global",124,false,false,"ok"
"00233110","FUN_00233110","Global",36,false,false,"ok"
"002331a0","FUN_002331a0","Global",12,false,false,"ok"
"00233270","FUN_00233270","Global",48,false,false,"ok"
"002332b0","FUN_002332b0","Global",8,false,false,"ok"
"00233310","FUN_00233310","Global",8,false,false,"ok"
"00233370","FUN_00233370","Global",8,false,false,"ok"
"002333d0","FUN_002333d0","Global",36,false,false,"ok"
"00233400","FUN_00233400","Global",40,false,false,"ok"
"00233430","FUN_00233430","Global",36,false,false,"ok"
"00233460","FUN_00233460","Global",80,false,false,"ok"
"002334d0","FUN_002334d0","Global",48,false,false,"ok"
"00233620","FUN_00233620","Global",128,false,false,"ok"
"002337e0","FUN_002337e0","Global",8,false,false,"ok"
"002339c0","FUN_002339c0","Global",8,false,false,"ok"
"00233a80","FUN_00233a80","Global",12,false,false,"ok"
"00233cd0","FUN_00233cd0","Global",276,false,false,"ok"
"00233df0","FUN_00233df0","Global",204,false,false,"ok"
"00233f30","FUN_00233f30","Global",24,false,false,"ok"
"002344c0","FUN_002344c0","Global",8,false,false,"ok"
"00235ce0","FUN_00235ce0","Global",12,false,false,"ok"
"00235ec0","FUN_00235ec0","Global",12,false,false,"ok"
"00236610","FUN_00236610","Global",8,false,false,"ok"
"002367c0","FUN_002367c0","Global",8,false,false,"ok"
"00238380","FUN_00238380","Global",20,false,false,"ok"
"00238900","FUN_00238900","Global",12,false,false,"ok"
"002398e0","FUN_002398e0","Global",24,false,false,"ok"
"00239bb0","FUN_00239bb0","Global",8,false,false,"ok"
"00239e60","FUN_00239e60","Global",12,false,false,"ok"
"0023a030","FUN_0023a030","Global",104,false,false,"ok"
"0023a0b0","FUN_0023a0b0","Global",16,false,false,"ok"
"0023ae00","FUN_0023ae00","Global",312,false,false,"ok"
"0023b2f0","FUN_0023b2f0","Global",228,false,false,"ok"
"0023b400","FUN_0023b400","Global",496,false,false,"ok"
"0023b620","FUN_0023b620","Global",432,false,false,"ok"
"0023b810","FUN_0023b810","Global",204,false,false,"ok"
"0023b8f0","FUN_0023b8f0","Global",16,false,false,"ok"
"0023b950","FUN_0023b950","Global",16,false,false,"ok"
"0023b9b0","FUN_0023b9b0","Global",136,false,false,"ok"
"0023ba50","FUN_0023ba50","Global",8,false,false,"ok"
"0023d1c0","FUN_0023d1c0","Global",12,false,false,"ok"
"0023e130","FUN_0023e130","Global",168,false,false,"ok"
"0023e1f0","FUN_0023e1f0","Global",60,false,false,"ok"
"0023e260","FUN_0023e260","Global",8,false,false,"ok"
"0023e570","FUN_0023e570","Global",12,false,false,"ok"
"0023e6b0","FUN_0023e6b0","Global",24,false,false,"ok"
"0023e9c0","FUN_0023e9c0","Global",16,false,false,"ok"
"0023eb30","FUN_0023eb30","Global",8,false,false,"ok"
"0023eda0","FUN_0023eda0","Global",20,false,false,"ok"
"0023fe10","FUN_0023fe10","Global",116,false,false,"ok"
"0023fea0","FUN_0023fea0","Global",612,false,false,"ok"
"00240910","FUN_00240910","Global",16,false,false,"ok"
"00240a10","FUN_00240a10","Global",16,false,false,"ok"
"00240e10","FUN_00240e10","Global",20,false,false,"ok"
"00241190","FUN_00241190","Global",312,false,false,"ok"
"002412d0","FUN_002412d0","Global",1,false,false,"ok"
"002412e0","FUN_002412e0","Global",12,false,false,"ok"
"00241ef0","FUN_00241ef0","Global",24,false,false,"ok"
"00242020","FUN_00242020","Global",16,false,false,"ok"
"00242150","FUN_00242150","Global",8,false,false,"ok"
"00242ae0","FUN_00242ae0","Global",32,false,false,"ok"
"00242b10","FUN_00242b10","Global",152,false,false,"ok"
"00242bc0","FUN_00242bc0","Global",36,false,false,"ok"
"00242bf0","FUN_00242bf0","Global",224,false,false,"ok"
"00242ce0","FUN_00242ce0","Global",624,false,false,"ok"
"00242f90","FUN_00242f90","Global",420,false,false,"ok"
"002433d0","FUN_002433d0","Global",56,false,false,"ok"
"00243870","FUN_00243870","Global",12,false,false,"ok"
"00243ca0","FUN_00243ca0","Global",20,false,false,"ok"
"00243e00","FUN_00243e00","Global",8,false,false,"ok"
"00243fd0","FUN_00243fd0","Global",76,false,false,"ok"
"00244030","FUN_00244030","Global",8,false,false,"ok"
"00244190","FUN_00244190","Global",12,false,false,"ok"
"00244470","FUN_00244470","Global",8,false,false,"ok"
"00244590","FUN_00244590","Global",20,false,false,"ok"
"00244a00","FUN_00244a00","Global",16,false,false,"ok"
"00244f30","FUN_00244f30","Global",8,false,false,"ok"
"00244f40","FUN_00244f40","Global",32,false,false,"ok"
"00244f70","FUN_00244f70","Global",40,false,false,"ok"
"00244fa0","FUN_00244fa0","Global",20,false,false,"ok"
"00245190","FUN_00245190","Global",12,false,false,"ok"
"00245260","FUN_00245260","Global",8,false,false,"ok"
"002454b0","FUN_002454b0","Global",16,false,false,"ok"
"00245770","FUN_00245770","Global",248,false,false,"ok"
"00245880","FUN_00245880","Global",104,false,false,"ok"
"002459f0","FUN_002459f0","Global",180,false,false,"ok"
"00245ab0","FUN_00245ab0","Global",44,false,false,"ok"
"00245af0","FUN_00245af0","Global",148,false,false,"ok"
"00245b90","FUN_00245b90","Global",36,false,false,"ok"
"00245eb0","FUN_00245eb0","Global",36,false,false,"ok"
"00245ff0","FUN_00245ff0","Global",80,false,false,"ok"
"00246050","FUN_00246050","Global",8,false,false,"ok"
"002461a0","FUN_002461a0","Global",392,false,false,"ok"
"00246390","FUN_00246390","Global",44,false,false,"ok"
"002463d0","FUN_002463d0","Global",836,false,false,"ok"
"00246730","FUN_00246730","Global",28,false,false,"ok"
"00246760","FUN_00246760","Global",16,false,false,"ok"
"00246cf0","FUN_00246cf0","Global",12,false,false,"ok"
"00246fd0","FUN_00246fd0","Global",204,false,false,"ok"
"002470b0","FUN_002470b0","Global",12,false,false,"ok"
"00247390","FUN_00247390","Global",36,false,false,"ok"
"002473c0","FUN_002473c0","Global",68,false,false,"ok"
"00247410","FUN_00247410","Global",236,false,false,"ok"
"00247530","FUN_00247530","Global",16,false,false,"ok"
"00247700","FUN_00247700","Global",340,false,false,"ok"
"00247860","FUN_00247860","Global",4,false,false,"ok"
"00247a90","FUN_00247a90","Global",16,false,false,"ok"
"00247ad0","FUN_00247ad0","Global",16,false,false,"ok"
"00248eb0","FUN_00248eb0","Global",16,false,false,"ok"
"00248f30","FUN_00248f30","Global",16,false,false,"ok"
"00248f70","FUN_00248f70","Global",68,false,false,"ok"
"00248fc0","FUN_00248fc0","Global",28,false,false,"ok"
"00249100","FUN_00249100","Global",128,false,false,"ok"
"00249190","FUN_00249190","Global",128,false,false,"ok"
"00249680","FUN_00249680","Global",128,false,false,"ok"
"00249720","FUN_00249720","Global",228,false,false,"ok"
"00249cb0","FUN_00249cb0","Global",8,false,false,"ok"
"00249e00","FUN_00249e00","Global",8,false,false,"ok"
"0024a570","FUN_0024a570","Global",68,false,false,"ok"
"0024a5c0","FUN_0024a5c0","Global",68,false,false,"ok"
"0024aa10","FUN_0024aa10","Global",8,false,false,"ok"
"0024b1e0","FUN_0024b1e0","Global",36,false,false,"ok"
"0024b380","FUN_0024b380","Global",300,false,false,"ok"
"0024b700","FUN_0024b700","Global",8,false,false,"ok"
"0024b710","FUN_0024b710","Global",52,false,false,"ok"
"0024b760","FUN_0024b760","Global",36,false,false,"ok"
"0024b790","FUN_0024b790","Global",8,false,false,"ok"
"0024bb50","FUN_0024bb50","Global",100,false,false,"ok"
"0024bbd0","FUN_0024bbd0","Global",108,false,false,"ok"
"0024bc50","FUN_0024bc50","Global",8,false,false,"ok"
"0024bf00","FUN_0024bf00","Global",244,false,false,"ok"
"0024c010","FUN_0024c010","Global",8,false,false,"ok"
"0024c420","FUN_0024c420","Global",116,false,false,"ok"
"0024c4a0","FUN_0024c4a0","Global",116,false,false,"ok"
"0024c520","FUN_0024c520","Global",12,false,false,"ok"
"0024c6d0","FUN_0024c6d0","Global",200,false,false,"ok"
"0024c7a0","FUN_0024c7a0","Global",244,false,false,"ok"
"0024c910","FUN_0024c910","Global",468,false,false,"ok"
"0024cb60","FUN_0024cb60","Global",212,false,false,"ok"
"0024cc90","FUN_0024cc90","Global",144,false,false,"ok"
"0024cd30","FUN_0024cd30","Global",8,false,false,"ok"
"0024cf90","FUN_0024cf90","Global",8,false,false,"ok"
"0024db80","FUN_0024db80","Global",592,false,false,"ok"
"0024de80","FUN_0024de80","Global",32,false,false,"ok"
"0024e010","FUN_0024e010","Global",460,false,false,"ok"
"0024e260","FUN_0024e260","Global",500,false,false,"ok"
"0024e470","FUN_0024e470","Global",280,false,false,"ok"
"0024e5a0","FUN_0024e5a0","Global",24,false,false,"ok"
"0024f260","FUN_0024f260","Global",16,false,false,"ok"
"0024f570","FUN_0024f570","Global",172,false,false,"ok"
"0024f640","FUN_0024f640","Global",8,false,false,"ok"
"0024fc70","FUN_0024fc70","Global",12,false,false,"ok"
"0024ff50","FUN_0024ff50","Global",28,false,false,"ok"
"002504f0","FUN_002504f0","Global",12,false,false,"ok"
"00253840","FUN_00253840","Global",12,false,false,"ok"
"002545a0","FUN_002545a0","Global",12,false,false,"ok"
"00254b90","FUN_00254b90","Global",8,false,false,"ok"
"00257540","FUN_00257540","Global",24,false,false,"ok"
"00257610","FUN_00257610","Global",20,false,false,"ok"
"00257770","FUN_00257770","Global",16,false,false,"ok"
"00257b50","FUN_00257b50","Global",8,false,false,"ok"
"00258310","FUN_00258310","Global",12,false,false,"ok"
"00259870","FUN_00259870","Global",8,false,false,"ok"
"0025c000","FUN_0025c000","Global",12,false,false,"ok"
"0025cbd0","FUN_0025cbd0","Global",12,false,false,"ok"
"0025d680","FUN_0025d680","Global",28,false,false,"ok"
"0025d880","FUN_0025d880","Global",12,false,false,"ok"
"0025d9e0","FUN_0025d9e0","Global",112,false,false,"ok"
"0025dbd0","FUN_0025dbd0","Global",12,false,false,"ok"
"0025df20","FUN_0025df20","Global",20,false,false,"ok"
"0025e350","FUN_0025e350","Global",296,false,false,"ok"
"0025e490","FUN_0025e490","Global",8,false,false,"ok"
"0025f6e0","FUN_0025f6e0","Global",128,false,false,"ok"
"0025f7d0","FUN_0025f7d0","Global",8,false,false,"ok"
"0025fa60","FUN_0025fa60","Global",44,false,false,"ok"
"0025fad0","FUN_0025fad0","Global",12,false,false,"ok"
"0025fb70","FUN_0025fb70","Global",8,false,false,"ok"
"0025fc10","FUN_0025fc10","Global",60,false,false,"ok"
"0025fc60","FUN_0025fc60","Global",32,false,false,"ok"
"0025fc90","FUN_0025fc90","Global",112,false,false,"ok"
"0025fd10","FUN_0025fd10","Global",68,false,false,"ok"
"0025ff70","FUN_0025ff70","Global",260,false,false,"ok"
"00260080","FUN_00260080","Global",336,false,false,"ok"
"002601e0","FUN_002601e0","Global",264,false,false,"ok"
"00260300","FUN_00260300","Global",64,false,false,"ok"
"002603d0","FUN_002603d0","Global",32,false,false,"ok"
"00260410","FUN_00260410","Global",348,false,false,"ok"
"00260580","FUN_00260580","Global",76,false,false,"ok"
"002605e0","FUN_002605e0","Global",8,false,false,"ok"
"00263140","FUN_00263140","Global",28,false,false,"ok"
"00263170","FUN_00263170","Global",12,false,false,"ok"
"00263640","FUN_00263640","Global",20,false,false,"ok"
"00263810","FUN_00263810","Global",24,false,false,"ok"
"00263d50","FUN_00263d50","Global",132,false,false,"ok"
"00263de0","FUN_00263de0","Global",204,false,false,"ok"
"00263ec0","FUN_00263ec0","Global",96,false,false,"ok"
"00263f30","FUN_00263f30","Global",128,false,false,"ok"
"00264030","FUN_00264030","Global",332,false,false,"ok"
"00264190","FUN_00264190","Global",48,false,false,"ok"
"002641d0","FUN_002641d0","Global",48,false,false,"ok"
"00264210","FUN_00264210","Global",340,false,false,"ok"
"00264530","FUN_00264530","Global",412,false,false,"ok"
"002646e0","FUN_002646e0","Global",388,false,false,"ok"
"002648a0","FUN_002648a0","Global",8,false,false,"ok"
"002648b0","FUN_002648b0","Global",8,false,false,"ok"
"002648c0","FUN_002648c0","Global",84,false,false,"ok"
"00264930","FUN_00264930","Global",56,false,false,"ok"
"00264980","FUN_00264980","Global",76,false,false,"ok"
"00264c20","FUN_00264c20","Global",12,false,false,"ok"
"00265090","FUN_00265090","Global",132,false,false,"ok"
"00265130","FUN_00265130","Global",1,false,false,"ok"
"00265260","FUN_00265260","Global",8,false,false,"ok"
"00265400","FUN_00265400","Global",84,false,false,"ok"
"00265460","FUN_00265460","Global",20,false,false,"ok"
"002658a0","FUN_002658a0","Global",8,false,false,"ok"
"00265ca0","FUN_00265ca0","Global",108,false,false,"ok"
"00265d20","FUN_00265d20","Global",8,false,false,"ok"
"00265dc0","FUN_00265dc0","Global",340,false,false,"ok"
"00265fa0","FUN_00265fa0","Global",180,false,false,"ok"
"00266060","FUN_00266060","Global",544,false,false,"ok"
"00266290","thunk_FUN_001016c0","Global",8,false,true,"ok"
"002662a0","thunk_FUN_00101670","Global",8,false,true,"ok"
"002663d0","FUN_002663d0","Global",48,false,false,"ok"
"00266410","FUN_00266410","Global",1,false,false,"ok"
"00266420","FUN_00266420","Global",1,false,false,"ok"
"00266430","FUN_00266430","Global",1,false,false,"ok"
"00266440","FUN_00266440","Global",48,false,false,"ok"
"00266490","FUN_00266490","Global",1,false,false,"ok"
"002664c0","FUN_002664c0","Global",1,false,false,"ok"
"002664d0","FUN_002664d0","Global",240,false,false,"ok"
"00266600","FUN_00266600","Global",16,false,false,"ok"
"00266620","FUN_00266620","Global",8,false,false,"ok"
"00266690","FUN_00266690","Global",8,false,false,"ok"
"002667a0","FUN_002667a0","Global",16,false,false,"ok"
"002668b0","FUN_002668b0","Global",16,false,false,"ok"
"002669c0","FUN_002669c0","Global",16,false,false,"ok"
"00266ad0","FUN_00266ad0","Global",12,false,false,"ok"
"00266bf0","FUN_00266bf0","Global",12,false,false,"ok"
"00266d00","FUN_00266d00","Global",12,false,false,"ok"
"00266e10","FUN_00266e10","Global",12,false,false,"ok"
"00266f20","FUN_00266f20","Global",16,false,false,"ok"
"00267030","FUN_00267030","Global",8,false,false,"ok"
"002670c0","FUN_002670c0","Global",8,false,false,"ok"
"002671d0","FUN_002671d0","Global",8,false,false,"ok"
"00267260","FUN_00267260","Global",16,false,false,"ok"
"00267370","FUN_00267370","Global",16,false,false,"ok"
"00267490","FUN_00267490","Global",12,false,false,"ok"
"002675b0","FUN_002675b0","Global",16,false,false,"ok"
"002676c0","FUN_002676c0","Global",8,false,false,"ok"
"002677d0","FUN_002677d0","Global",8,false,false,"ok"
"002677f0","FUN_002677f0","Global",8,false,false,"ok"
"00267800","FUN_00267800","Global",12,false,false,"ok"
"00267810","FUN_00267810","Global",132,false,false,"ok"
"002678b0","FUN_002678b0","Global",124,false,false,"ok"
"00267990","FUN_00267990","Global",64,false,false,"ok"
"002679e0","FUN_002679e0","Global",164,false,false,"ok"
"00267a90","FUN_00267a90","Global",80,false,false,"ok"
"00267af0","FUN_00267af0","Global",172,false,false,"ok"
"00267bb0","FUN_00267bb0","Global",156,false,false,"ok"
"00267c60","FUN_00267c60","Global",100,false,false,"ok"
"00267d60","FUN_00267d60","Global",708,false,false,"ok"
"00268100","FUN_00268100","Global",188,false,false,"ok"
"002681d0","FUN_002681d0","Global",20,false,false,"ok"
"00268830","FUN_00268830","Global",40,false,false,"ok"
"00268b10","FUN_00268b10","Global",16,false,false,"ok"
"00269b10","FUN_00269b10","Global",472,false,false,"ok"
"00269d00","FUN_00269d00","Global",8,false,false,"ok"
"0026a6c0","FUN_0026a6c0","Global",204,false,false,"ok"
"0026a7a0","FUN_0026a7a0","Global",8,false,false,"ok"
"0026acf0","FUN_0026acf0","Global",64,false,false,"ok"
"0026b010","FUN_0026b010","Global",56,false,false,"ok"
"0026b070","FUN_0026b070","Global",16,false,false,"ok"
"0026b2e0","FUN_0026b2e0","Global",24,false,false,"ok"
"0026b580","FUN_0026b580","Global",208,false,false,"ok"
"0026b660","FUN_0026b660","Global",20,false,false,"ok"
"0026b8d0","FUN_0026b8d0","Global",8,false,false,"ok"
"0026ba60","FUN_0026ba60","Global",8,false,false,"ok"
"0026baf0","FUN_0026baf0","Global",128,false,false,"ok"
"0026bb80","FUN_0026bb80","Global",136,false,false,"ok"
"0026bc20","FUN_0026bc20","Global",156,false,false,"ok"
"0026bcd0","FUN_0026bcd0","Global",260,false,false,"ok"
"0026be80","FUN_0026be80","Global",152,false,false,"ok"
"0026bfe0","FUN_0026bfe0","Global",20,false,false,"ok"
"0026c710","FUN_0026c710","Global",12,false,false,"ok"
"0026ce90","FUN_0026ce90","Global",44,false,false,"ok"
"0026d150","FUN_0026d150","Global",16,false,false,"ok"
"0026d3c0","FUN_0026d3c0","Global",16,false,false,"ok"
"0026d550","FUN_0026d550","Global",228,false,false,"ok"
"0026d6a0","FUN_0026d6a0","Global",152,false,false,"ok"
"0026d740","FUN_0026d740","Global",116,false,false,"ok"
"0026d7c0","FUN_0026d7c0","Global",144,false,false,"ok"
"0026d860","FUN_0026d860","Global",12,false,false,"ok"
"0026dc00","FUN_0026dc00","Global",20,false,false,"ok"
"0026df50","FUN_0026df50","Global",28,false,false,"ok"
"0026e4a0","FUN_0026e4a0","Global",436,false,false,"ok"
"0026e660","FUN_0026e660","Global",8,false,false,"ok"
"0026e980","FUN_0026e980","Global",16,false,false,"ok"
"0026ed50","FUN_0026ed50","Global",28,false,false,"ok"
"0026f130","FUN_0026f130","Global",164,false,false,"ok"
"0026f1e0","FUN_0026f1e0","Global",12,false,false,"ok"
"0026f5e0","FUN_0026f5e0","Global",380,false,false,"ok"
"0026f8d0","FUN_0026f8d0","Global",444,false,false,"ok"
"0026faa0","FUN_0026faa0","Global",80,false,false,"ok"
"0026fb90","FUN_0026fb90","Global",76,false,false,"ok"
"0026fc10","FUN_0026fc10","Global",16,false,false,"ok"
"0026fc50","FUN_0026fc50","Global",20,false,false,"ok"
"00270020","FUN_00270020","Global",156,false,false,"ok"
"002700d0","FUN_002700d0","Global",88,false,false,"ok"
"00270140","FUN_00270140","Global",536,false,false,"ok"
"00270370","FUN_00270370","Global",112,false,false,"ok"
"002703f0","FUN_002703f0","Global",40,false,false,"ok"
"00270430","FUN_00270430","Global",132,false,false,"ok"
"002704d0","FUN_002704d0","Global",68,false,false,"ok"
"00270530","FUN_00270530","Global",172,false,false,"ok"
"00270660","FUN_00270660","Global",44,false,false,"ok"
"002706a0","FUN_002706a0","Global",188,false,false,"ok"
"002707e0","FUN_002707e0","Global",64,false,false,"ok"
"00270830","FUN_00270830","Global",188,false,false,"ok"
"00270970","FUN_00270970","Global",64,false,false,"ok"
"002709c0","FUN_002709c0","Global",188,false,false,"ok"
"00270b00","FUN_00270b00","Global",64,false,false,"ok"
"00270b50","FUN_00270b50","Global",412,false,false,"ok"
"00271280","FUN_00271280","Global",288,false,false,"ok"
"002713b0","FUN_002713b0","Global",32,false,false,"ok"
"00271f80","FUN_00271f80","Global",8,false,false,"ok"
"00272770","FUN_00272770","Global",28,false,false,"ok"
"00272cf0","FUN_00272cf0","Global",8,false,false,"ok"
"00272ed0","FUN_00272ed0","Global",236,false,false,"ok"
"00272fd0","FUN_00272fd0","Global",12,false,false,"ok"
"00273090","FUN_00273090","Global",264,false,false,"ok"
"002731b0","FUN_002731b0","Global",16,false,false,"ok"
"002739f0","FUN_002739f0","Global",348,false,false,"ok"
"00273ca0","FUN_00273ca0","Global",12,false,false,"ok"
"00273eb0","FUN_00273eb0","Global",680,false,false,"ok"
"00274170","FUN_00274170","Global",40,false,false,"ok"
"002741b0","FUN_002741b0","Global",8,false,false,"ok"
"00274370","FUN_00274370","Global",420,false,false,"ok"
"00274c30","FUN_00274c30","Global",20,false,false,"ok"
"00274e30","FUN_00274e30","Global",28,false,false,"ok"
"00276660","FUN_00276660","Global",24,false,false,"ok"
"002766c0","FUN_002766c0","Global",24,false,false,"ok"
"00276a60","FUN_00276a60","Global",32,false,false,"ok"
"00278320","FUN_00278320","Global",84,false,false,"ok"
"00278380","FUN_00278380","Global",16,false,false,"ok"
"0027ae00","FUN_0027ae00","Global",96,false,false,"ok"
"0027b2e0","FUN_0027b2e0","Global",332,false,false,"ok"
"0027b440","FUN_0027b440","Global",12,false,false,"ok"
"0027b460","FUN_0027b460","Global",12,false,false,"ok"
"0027b480","FUN_0027b480","Global",12,false,false,"ok"
"0027b4d0","FUN_0027b4d0","Global",12,false,false,"ok"
"0027b4f0","FUN_0027b4f0","Global",12,false,false,"ok"
"0027b510","FUN_0027b510","Global",12,false,false,"ok"
"0027b550","thunk_FUN_00547208","Global",8,false,true,"ok"
"0027b560","FUN_0027b560","Global",120,false,false,"ok"
"0027b5e0","FUN_0027b5e0","Global",1,false,false,"ok"
"0027b5f0","FUN_0027b5f0","Global",232,false,false,"ok"
"0027b930","FUN_0027b930","Global",68,false,false,"ok"
"0027b980","FUN_0027b980","Global",84,false,false,"ok"
"0027b9e0","FUN_0027b9e0","Global",1,false,false,"ok"
"0027b9f0","FUN_0027b9f0","Global",36,false,false,"ok"
"0027ba20","FUN_0027ba20","Global",16,false,false,"ok"
"0027ba80","FUN_0027ba80","Global",1,false,false,"ok"
"0027ba90","FUN_0027ba90","Global",280,false,false,"ok"
"0027bbc0","FUN_0027bbc0","Global",16,false,false,"ok"
"0027bbe0","FUN_0027bbe0","Global",32,false,false,"ok"
"0027bc10","FUN_0027bc10","Global",8,false,false,"ok"
"0027c040","FUN_0027c040","Global",448,false,false,"ok"
"0027c2f0","FUN_0027c2f0","Global",24,false,false,"ok"
"0027c390","FUN_0027c390","Global",104,false,false,"ok"
"0027c480","FUN_0027c480","Global",72,false,false,"ok"
"0027c4e0","FUN_0027c4e0","Global",76,false,false,"ok"
"0027c540","FUN_0027c540","Global",32,false,false,"ok"
"0027c5b0","FUN_0027c5b0","Global",28,false,false,"ok"
"0027c7b0","FUN_0027c7b0","Global",1,false,false,"ok"
"0027c7c0","FUN_0027c7c0","Global",20,false,false,"ok"
"0027ca50","FUN_0027ca50","Global",56,false,false,"ok"
"0027ca90","FUN_0027ca90","Global",232,false,false,"ok"
"0027cb90","FUN_0027cb90","Global",8,false,false,"ok"
"0027cc40","FUN_0027cc40","Global",32,false,false,"ok"
"0027d180","FUN_0027d180","Global",188,false,false,"ok"
"0027d250","FUN_0027d250","Global",20,false,false,"ok"
"0027d520","FUN_0027d520","Global",12,false,false,"ok"
"0027d760","FUN_0027d760","Global",20,false,false,"ok"
"0027d980","FUN_0027d980","Global",8,false,false,"ok"
"0027dcb0","FUN_0027dcb0","Global",92,false,false,"ok"
"0027dd60","FUN_0027dd60","Global",136,false,false,"ok"
"0027de00","FUN_0027de00","Global",184,false,false,"ok"
"0027df20","FUN_0027df20","Global",16,false,false,"ok"
"0027e040","FUN_0027e040","Global",180,false,false,"ok"
"0027e100","FUN_0027e100","Global",116,false,false,"ok"
"0027e180","FUN_0027e180","Global",12,false,false,"ok"
"0027faf0","FUN_0027faf0","Global",24,false,false,"ok"
"00281780","FUN_00281780","Global",8,false,false,"ok"
"00281990","FUN_00281990","Global",8,false,false,"ok"
"00282140","FUN_00282140","Global",16,false,false,"ok"
"00282360","FUN_00282360","Global",24,false,false,"ok"
"002824e0","FUN_002824e0","Global",20,false,false,"ok"
"00282640","FUN_00282640","Global",16,false,false,"ok"
"002828b0","FUN_002828b0","Global",8,false,false,"ok"
"00283900","FUN_00283900","Global",8,false,false,"ok"
"00284150","FUN_00284150","Global",16,false,false,"ok"
"00284420","FUN_00284420","Global",84,false,false,"ok"
"00284480","FUN_00284480","Global",304,false,false,"ok"
"002845c0","FUN_002845c0","Global",12,false,false,"ok"
"00284710","FUN_00284710","Global",24,false,false,"ok"
"00284830","FUN_00284830","Global",16,false,false,"ok"
"00284ba0","FUN_00284ba0","Global",184,false,false,"ok"
"00284cc0","FUN_00284cc0","Global",16,false,false,"ok"
"00285060","FUN_00285060","Global",16,false,false,"ok"
"00285210","FUN_00285210","Global",196,false,false,"ok"
"00285340","FUN_00285340","Global",16,false,false,"ok"
"002856b0","FUN_002856b0","Global",12,false,false,"ok"
"00285850","FUN_00285850","Global",28,false,false,"ok"
"00285d10","FUN_00285d10","Global",16,false,false,"ok"
"00286090","FUN_00286090","Global",20,false,false,"ok"
"00286240","FUN_00286240","Global",16,false,false,"ok"
"002866e0","FUN_002866e0","Global",16,false,false,"ok"
"00286a50","FUN_00286a50","Global",196,false,false,"ok"
"00286b60","FUN_00286b60","Global",432,false,false,"ok"
"00286d50","FUN_00286d50","Global",24,false,false,"ok"
"00286f70","FUN_00286f70","Global",20,false,false,"ok"
"002871e0","FUN_002871e0","Global",16,false,false,"ok"
"002873a0","FUN_002873a0","Global",24,false,false,"ok"
"00287680","FUN_00287680","Global",8,false,false,"ok"
"00287940","FUN_00287940","Global",20,false,false,"ok"
"00287bc0","FUN_00287bc0","Global",156,false,false,"ok"
"00287c70","FUN_00287c70","Global",32,false,false,"ok"
"00287e20","FUN_00287e20","Global",8,false,false,"ok"
"00288190","FUN_00288190","Global",8,false,false,"ok"
"00288610","FUN_00288610","Global",12,false,false,"ok"
"00288720","FUN_00288720","Global",16,false,false,"ok"
"00288ac0","FUN_00288ac0","Global",32,false,false,"ok"
"00288df0","FUN_00288df0","Global",320,false,false,"ok"
"00288f40","FUN_00288f40","Global",8,false,false,"ok"
"002893e0","FUN_002893e0","Global",8,false,false,"ok"
"002896c0","FUN_002896c0","Global",8,false,false,"ok"
"002898c0","FUN_002898c0","Global",20,false,false,"ok"
"00289a40","FUN_00289a40","Global",28,false,false,"ok"
"00289cb0","FUN_00289cb0","Global",8,false,false,"ok"
"0028a020","FUN_0028a020","Global",16,false,false,"ok"
"0028a300","FUN_0028a300","Global",148,false,false,"ok"
"0028a6b0","FUN_0028a6b0","Global",32,false,false,"ok"
"0028a910","FUN_0028a910","Global",68,false,false,"ok"
"0028a980","FUN_0028a980","Global",80,false,false,"ok"
"0028a9e0","FUN_0028a9e0","Global",68,false,false,"ok"
"0028aa40","FUN_0028aa40","Global",44,false,false,"ok"
"0028aa90","FUN_0028aa90","Global",96,false,false,"ok"
"0028ab10","FUN_0028ab10","Global",84,false,false,"ok"
"0028ab80","FUN_0028ab80","Global",32,false,false,"ok"
"0028abc0","FUN_0028abc0","Global",196,false,false,"ok"
"0028aca0","FUN_0028aca0","Global",64,false,false,"ok"
"0028acf0","FUN_0028acf0","Global",124,false,false,"ok"
"0028ad80","FUN_0028ad80","Global",284,false,false,"ok"
"0028af60","FUN_0028af60","Global",188,false,false,"ok"
"0028b030","FUN_0028b030","Global",8,false,false,"ok"
"0028b170","FUN_0028b170","Global",80,false,false,"ok"
"0028b1e0","FUN_0028b1e0","Global",48,false,false,"ok"
"0028b240","FUN_0028b240","Global",28,false,false,"ok"
"0028b270","FUN_0028b270","Global",84,false,false,"ok"
"0028b2f0","FUN_0028b2f0","Global",100,false,false,"ok"
"0028b390","FUN_0028b390","Global",8,false,false,"ok"
"0028b410","FUN_0028b410","Global",68,false,false,"ok"
"0028b470","FUN_0028b470","Global",44,false,false,"ok"
"0028b4b0","FUN_0028b4b0","Global",44,false,false,"ok"
"0028b4f0","FUN_0028b4f0","Global",20,false,false,"ok"
"0028b510","FUN_0028b510","Global",8,false,false,"ok"
"0028b5b0","FUN_0028b5b0","Global",80,false,false,"ok"
"0028b630","FUN_0028b630","Global",572,false,false,"ok"
"0028b880","FUN_0028b880","Global",20,false,false,"ok"
"0028b980","FUN_0028b980","Global",88,false,false,"ok"
"0028b9e0","FUN_0028b9e0","Global",52,false,false,"ok"
"0028ba20","FUN_0028ba20","Global",28,false,false,"ok"
"0028bab0","FUN_0028bab0","Global",12,false,false,"ok"
"0028bb60","FUN_0028bb60","Global",104,false,false,"ok"
"0028bbe0","FUN_0028bbe0","Global",112,false,false,"ok"
"0028bc60","FUN_0028bc60","Global",112,false,false,"ok"
"0028bce0","FUN_0028bce0","Global",112,false,false,"ok"
"0028bd60","FUN_0028bd60","Global",112,false,false,"ok"
"0028bde0","FUN_0028bde0","Global",120,false,false,"ok"
"0028be70","FUN_0028be70","Global",48,false,false,"ok"
"0028beb0","FUN_0028beb0","Global",112,false,false,"ok"
"0028bf30","FUN_0028bf30","Global",4,false,false,"ok"
"0028bf40","FUN_0028bf40","Global",120,false,false,"ok"
"0028bfd0","FUN_0028bfd0","Global",116,false,false,"ok"
"0028c050","FUN_0028c050","Global",120,false,false,"ok"
"0028c0e0","FUN_0028c0e0","Global",120,false,false,"ok"
"0028c170","FUN_0028c170","Global",128,false,false,"ok"
"0028c200","FUN_0028c200","Global",20,false,false,"ok"
"0028c250","FUN_0028c250","Global",60,false,false,"ok"
"0028c2a0","FUN_0028c2a0","Global",96,false,false,"ok"
"0028c310","FUN_0028c310","Global",20,false,false,"ok"
"0028c350","FUN_0028c350","Global",96,false,false,"ok"
"0028c3c0","FUN_0028c3c0","Global",20,false,false,"ok"
"0028c400","FUN_0028c400","Global",112,false,false,"ok"
"0028c480","FUN_0028c480","Global",20,false,false,"ok"
"0028c4e0","FUN_0028c4e0","Global",96,false,false,"ok"
"0028c550","FUN_0028c550","Global",20,false,false,"ok"
"0028c5a0","FUN_0028c5a0","Global",96,false,false,"ok"
"0028c610","FUN_0028c610","Global",20,false,false,"ok"
"0028c660","FUN_0028c660","Global",96,false,false,"ok"
"0028c6d0","FUN_0028c6d0","Global",20,false,false,"ok"
"0028c710","FUN_0028c710","Global",80,false,false,"ok"
"0028c770","FUN_0028c770","Global",20,false,false,"ok"
"0028c850","FUN_0028c850","Global",88,false,false,"ok"
"0028c8d0","FUN_0028c8d0","Global",48,false,false,"ok"
"0028c910","FUN_0028c910","Global",16,false,false,"ok"
"0028cba0","FUN_0028cba0","Global",20,false,false,"ok"
"0028ced0","FUN_0028ced0","Global",16,false,false,"ok"
"0028d0a0","FUN_0028d0a0","Global",92,false,false,"ok"
"0028d120","FUN_0028d120","Global",48,false,false,"ok"
"0028d210","FUN_0028d210","Global",52,false,false,"ok"
"0028d310","FUN_0028d310","Global",112,false,false,"ok"
"0028d3b0","FUN_0028d3b0","Global",36,false,false,"ok"
"0028d3e0","FUN_0028d3e0","Global",24,false,false,"ok"
"0028d400","FUN_0028d400","Global",20,false,false,"ok"
"0028d4a0","FUN_0028d4a0","Global",88,false,false,"ok"
"0028d510","FUN_0028d510","Global",48,false,false,"ok"
"0028d570","FUN_0028d570","Global",148,false,false,"ok"
"0028d620","FUN_0028d620","Global",8,false,false,"ok"
"0028d820","FUN_0028d820","Global",16,false,false,"ok"
"0028d8f0","FUN_0028d8f0","Global",40,false,false,"ok"
"0028d950","FUN_0028d950","Global",28,false,false,"ok"
"0028d980","FUN_0028d980","Global",64,false,false,"ok"
"0028da00","FUN_0028da00","Global",8,false,false,"ok"
"0028db50","FUN_0028db50","Global",8,false,false,"ok"
"0028dd00","FUN_0028dd00","Global",184,false,false,"ok"
"0028de10","FUN_0028de10","Global",8,false,false,"ok"
"0028df50","FUN_0028df50","Global",184,false,false,"ok"
"0028e060","FUN_0028e060","Global",172,false,false,"ok"
"0028e150","FUN_0028e150","Global",24,false,false,"ok"
"0028e180","FUN_0028e180","Global",32,false,false,"ok"
"0028e1b0","FUN_0028e1b0","Global",80,false,false,"ok"
"0028e210","FUN_0028e210","Global",12,false,false,"ok"
"0028e420","FUN_0028e420","Global",32,false,false,"ok"
"0028ebb0","FUN_0028ebb0","Global",16,false,false,"ok"
"0028ed30","FUN_0028ed30","Global",80,false,false,"ok"
"0028ed90","FUN_0028ed90","Global",16,false,false,"ok"
"0028ef80","FUN_0028ef80","Global",424,false,false,"ok"
"0028f330","FUN_0028f330","Global",540,false,false,"ok"
"0028f750","FUN_0028f750","Global",16,false,false,"ok"
"0028f770","FUN_0028f770","Global",28,false,false,"ok"
"0028f7a0","FUN_0028f7a0","Global",28,false,false,"ok"
"0028f9a0","FUN_0028f9a0","Global",8,false,false,"ok"
"0028fbd0","FUN_0028fbd0","Global",112,false,false,"ok"
"0028fc60","FUN_0028fc60","Global",1,false,false,"ok"
"0028fc70","FUN_0028fc70","Global",108,false,false,"ok"
"0028fcf0","FUN_0028fcf0","Global",16,false,false,"ok"
"0028fd10","FUN_0028fd10","Global",44,false,false,"ok"
"0028fd50","FUN_0028fd50","Global",412,false,false,"ok"
"00290050","FUN_00290050","Global",8,false,false,"ok"
"002901c0","FUN_002901c0","Global",12,false,false,"ok"
"002902b0","FUN_002902b0","Global",72,false,false,"ok"
"00290370","FUN_00290370","Global",172,false,false,"ok"
"00290430","FUN_00290430","Global",24,false,false,"ok"
"00290450","FUN_00290450","Global",56,false,false,"ok"
"00290490","FUN_00290490","Global",72,false,false,"ok"
"002904f0","FUN_002904f0","Global",68,false,false,"ok"
"00290560","FUN_00290560","Global",8,false,false,"ok"
"00290570","FUN_00290570","Global",8,false,false,"ok"
"00290580","FUN_00290580","Global",20,false,false,"ok"
"002905a0","FUN_002905a0","Global",20,false,false,"ok"
"002905c0","FUN_002905c0","Global",144,false,false,"ok"
"00290660","FUN_00290660","Global",16,false,false,"ok"
"00290680","FUN_00290680","Global",64,false,false,"ok"
"002906d0","FUN_002906d0","Global",12,false,false,"ok"
"00290820","FUN_00290820","Global",100,false,false,"ok"
"002909c0","FUN_002909c0","Global",180,false,false,"ok"
"00290a80","FUN_00290a80","Global",212,false,false,"ok"
"00290b60","FUN_00290b60","Global",72,false,false,"ok"
"00290bc0","FUN_00290bc0","Global",8,false,false,"ok"
"00290bd0","FUN_00290bd0","Global",48,false,false,"ok"
"00290c20","FUN_00290c20","Global",16,false,false,"ok"
"00290c60","FUN_00290c60","Global",16,false,false,"ok"
"00290c70","FUN_00290c70","Global",28,false,false,"ok"
"00290ce0","FUN_00290ce0","Global",8,false,false,"ok"
"00290cf0","FUN_00290cf0","Global",8,false,false,"ok"
"00290d00","FUN_00290d00","Global",8,false,false,"ok"
"00290d10","FUN_00290d10","Global",128,false,false,"ok"
"00290da0","FUN_00290da0","Global",28,false,false,"ok"
"00290dd0","FUN_00290dd0","Global",8,false,false,"ok"
"00290eb0","FUN_00290eb0","Global",56,false,false,"ok"
"00290f00","FUN_00290f00","Global",20,false,false,"ok"
"00291140","FUN_00291140","Global",8,false,false,"ok"
"00291290","FUN_00291290","Global",8,false,false,"ok"
"00291430","FUN_00291430","Global",24,false,false,"ok"
"00291500","FUN_00291500","Global",24,false,false,"ok"
"002915e0","FUN_002915e0","Global",8,false,false,"ok"
"00291730","FUN_00291730","Global",8,false,false,"ok"
"002918d0","FUN_002918d0","Global",20,false,false,"ok"
"00291910","FUN_00291910","Global",24,false,false,"ok"
"00291a40","FUN_00291a40","Global",8,false,false,"ok"
"00291be0","FUN_00291be0","Global",20,false,false,"ok"
"00291c50","FUN_00291c50","Global",20,false,false,"ok"
"00291cd0","FUN_00291cd0","Global",20,false,false,"ok"
"00291d90","FUN_00291d90","Global",36,false,false,"ok"
"00291e10","FUN_00291e10","Global",76,false,false,"ok"
"00291e70","FUN_00291e70","Global",8,false,false,"ok"
"00291ef0","FUN_00291ef0","Global",40,false,false,"ok"
"00291ff0","FUN_00291ff0","Global",8,false,false,"ok"
"00292010","FUN_00292010","Global",28,false,false,"ok"
"002920c0","FUN_002920c0","Global",116,false,false,"ok"
"00292140","FUN_00292140","Global",156,false,false,"ok"
"002921f0","FUN_002921f0","Global",12,false,false,"ok"
"00292220","FUN_00292220","Global",8,false,false,"ok"
"00292230","FUN_00292230","Global",12,false,false,"ok"
"00292240","FUN_00292240","Global",60,false,false,"ok"
"00292290","FUN_00292290","Global",44,false,false,"ok"
"002922d0","FUN_002922d0","Global",44,false,false,"ok"
"00292310","FUN_00292310","Global",128,false,false,"ok"
"002923b0","FUN_002923b0","Global",44,false,false,"ok"
"002923f0","FUN_002923f0","Global",44,false,false,"ok"
"00292430","FUN_00292430","Global",12,false,false,"ok"
"00292830","FUN_00292830","Global",68,false,false,"ok"
"00292890","FUN_00292890","Global",188,false,false,"ok"
"00292960","FUN_00292960","Global",84,false,false,"ok"
"002929c0","FUN_002929c0","Global",172,false,false,"ok"
"00292ac0","FUN_00292ac0","Global",72,false,false,"ok"
"00292b20","FUN_00292b20","Global",16,false,false,"ok"
"00292be0","FUN_00292be0","Global",40,false,false,"ok"
"00292c20","FUN_00292c20","Global",68,false,false,"ok"
"00292c70","FUN_00292c70","Global",48,false,false,"ok"
"00292cb0","FUN_00292cb0","Global",124,false,false,"ok"
"00292d60","FUN_00292d60","Global",20,false,false,"ok"
"00292d80","FUN_00292d80","Global",20,false,false,"ok"
"00292da0","FUN_00292da0","Global",64,false,false,"ok"
"00292ed0","FUN_00292ed0","Global",276,false,false,"ok"
"00292ff0","FUN_00292ff0","Global",12,false,false,"ok"
"00293190","FUN_00293190","Global",36,false,false,"ok"
"002931c0","FUN_002931c0","Global",104,false,false,"ok"
"00293240","FUN_00293240","Global",128,false,false,"ok"
"002933e0","FUN_002933e0","Global",16,false,false,"ok"
"002936d0","FUN_002936d0","Global",108,false,false,"ok"
"00293750","FUN_00293750","Global",76,false,false,"ok"
"002937b0","FUN_002937b0","Global",20,false,false,"ok"
"00293980","FUN_00293980","Global",48,false,false,"ok"
"00293a80","FUN_00293a80","Global",28,false,false,"ok"
"00293f40","FUN_00293f40","Global",16,false,false,"ok"
"002940a0","FUN_002940a0","Global",12,false,false,"ok"
"00294330","FUN_00294330","Global",32,false,false,"ok"
"002943f0","FUN_002943f0","Global",56,false,false,"ok"
"00294520","FUN_00294520","Global",148,false,false,"ok"
"002946b0","FUN_002946b0","Global",172,false,false,"ok"
"00294870","FUN_00294870","Global",8,false,false,"ok"
"00294b60","FUN_00294b60","Global",248,false,false,"ok"
"00294c70","FUN_00294c70","Global",340,false,false,"ok"
"00294df0","FUN_00294df0","Global",48,false,false,"ok"
"00294e30","FUN_00294e30","Global",36,false,false,"ok"
"00294e60","FUN_00294e60","Global",192,false,false,"ok"
"00294f30","FUN_00294f30","Global",72,false,false,"ok"
"00294fa0","FUN_00294fa0","Global",36,false,false,"ok"
"00294fd0","FUN_00294fd0","Global",4,false,false,"ok"
"00294fe0","FUN_00294fe0","Global",8,false,false,"ok"
"00295d40","FUN_00295d40","Global",240,false,false,"ok"
"00295fe0","FUN_00295fe0","Global",24,false,false,"ok"
"00296280","FUN_00296280","Global",8,false,false,"ok"
"002968f0","FUN_002968f0","Global",188,false,false,"ok"
"002969c0","FUN_002969c0","Global",16,false,false,"ok"
"00296b00","FUN_00296b00","Global",160,false,false,"ok"
"00296bb0","FUN_00296bb0","Global",776,false,false,"ok"
"002970d0","FUN_002970d0","Global",56,false,false,"ok"
"00297240","FUN_00297240","Global",16,false,false,"ok"
"00298000","FUN_00298000","Global",12,false,false,"ok"
"002985f0","FUN_002985f0","Global",24,false,false,"ok"
"00299470","FUN_00299470","Global",16,false,false,"ok"
"00299580","FUN_00299580","Global",104,false,false,"ok"
"002995f0","FUN_002995f0","Global",8,false,false,"ok"
"00299e30","FUN_00299e30","Global",268,false,false,"ok"
"0029a240","FUN_0029a240","Global",16,false,false,"ok"
"0029bac0","FUN_0029bac0","Global",28,false,false,"ok"
"0029baf0","FUN_0029baf0","Global",176,false,false,"ok"
"0029bbb0","FUN_0029bbb0","Global",52,false,false,"ok"
"0029bc00","FUN_0029bc00","Global",16,false,false,"ok"
"0029bd10","FUN_0029bd10","Global",80,false,false,"ok"
"0029bd70","FUN_0029bd70","Global",224,false,false,"ok"
"0029be60","FUN_0029be60","Global",68,false,false,"ok"
"0029beb0","FUN_0029beb0","Global",8,false,false,"ok"
"0029d140","FUN_0029d140","Global",224,false,false,"ok"
"0029d250","FUN_0029d250","Global",28,false,false,"ok"
"0029d510","FUN_0029d510","Global",24,false,false,"ok"
"0029d950","FUN_0029d950","Global",28,false,false,"ok"
"0029e860","FUN_0029e860","Global",8,false,false,"ok"
"0029e970","FUN_0029e970","Global",212,false,false,"ok"
"0029ea60","FUN_0029ea60","Global",12,false,false,"ok"
"0029eb50","FUN_0029eb50","Global",36,false,false,"ok"
"0029ef50","FUN_0029ef50","Global",24,false,false,"ok"
"0029f590","FUN_0029f590","Global",92,false,false,"ok"
"0029f700","FUN_0029f700","Global",152,false,false,"ok"
"0029f8e0","FUN_0029f8e0","Global",40,false,false,"ok"
"0029fac0","FUN_0029fac0","Global",316,false,false,"ok"
"0029fcf0","FUN_0029fcf0","Global",32,false,false,"ok"
"002a0040","FUN_002a0040","Global",32,false,false,"ok"
"002a0450","FUN_002a0450","Global",32,false,false,"ok"
"002a0480","FUN_002a0480","Global",296,false,false,"ok"
"002a0610","FUN_002a0610","Global",12,false,false,"ok"
"002a1890","FUN_002a1890","Global",120,false,false,"ok"
"002a1910","FUN_002a1910","Global",164,false,false,"ok"
"002a1a30","FUN_002a1a30","Global",12,false,false,"ok"
"002a1df0","FUN_002a1df0","Global",112,false,false,"ok"
"002a1e70","FUN_002a1e70","Global",28,false,false,"ok"
"002a1eb0","FUN_002a1eb0","Global",96,false,false,"ok"
"002a1f40","FUN_002a1f40","Global",8,false,false,"ok"
"002a2010","FUN_002a2010","Global",12,false,false,"ok"
"002a2410","FUN_002a2410","Global",12,false,false,"ok"
"002a2500","FUN_002a2500","Global",16,false,false,"ok"
"002a25d0","FUN_002a25d0","Global",112,false,false,"ok"
"002a2660","FUN_002a2660","Global",316,false,false,"ok"
"002a27b0","FUN_002a27b0","Global",296,false,false,"ok"
"002a2e30","FUN_002a2e30","Global",16,false,false,"ok"
"002a3110","FUN_002a3110","Global",16,false,false,"ok"
"002a3710","FUN_002a3710","Global",20,false,false,"ok"
"002a3890","FUN_002a3890","Global",12,false,false,"ok"
"002a3980","FUN_002a3980","Global",100,false,false,"ok"
"002a39f0","FUN_002a39f0","Global",12,false,false,"ok"
"002a3b00","FUN_002a3b00","Global",196,false,false,"ok"
"002a3f80","FUN_002a3f80","Global",24,false,false,"ok"
"002a44f0","FUN_002a44f0","Global",8,false,false,"ok"
"002a4500","FUN_002a4500","Global",8,false,false,"ok"
"002a5400","FUN_002a5400","Global",76,false,false,"ok"
"002a55c0","FUN_002a55c0","Global",16,false,false,"ok"
"002a55e0","FUN_002a55e0","Global",48,false,false,"ok"
"002a5710","FUN_002a5710","Global",64,false,false,"ok"
"002a5760","FUN_002a5760","Global",12,false,false,"ok"
"002a5a60","FUN_002a5a60","Global",112,false,false,"ok"
"002a5ae0","FUN_002a5ae0","Global",56,false,false,"ok"
"002a5b20","FUN_002a5b20","Global",12,false,false,"ok"
"002a6180","FUN_002a6180","Global",24,false,false,"ok"
"002a68a0","FUN_002a68a0","Global",24,false,false,"ok"
"002a6f50","FUN_002a6f50","Global",116,false,false,"ok"
"002a7020","FUN_002a7020","Global",24,false,false,"ok"
"002a71d0","FUN_002a71d0","Global",12,false,false,"ok"
"002a71f0","FUN_002a71f0","Global",24,false,false,"ok"
"002a7920","FUN_002a7920","Global",360,false,false,"ok"
"002a7aa0","FUN_002a7aa0","Global",16,false,false,"ok"
"002a8120","FUN_002a8120","Global",8,false,false,"ok"
"002a8820","thunk_FUN_002a6180","Global",8,false,true,"ok"
"002a8a00","FUN_002a8a00","Global",12,false,false,"ok"
"002a8a20","FUN_002a8a20","Global",152,false,false,"ok"
"002a8b00","FUN_002a8b00","Global",28,false,false,"ok"
"002a8bf0","FUN_002a8bf0","Global",96,false,false,"ok"
"002a8c60","FUN_002a8c60","Global",4,false,false,"ok"
"002a8c70","FUN_002a8c70","Global",4,false,false,"ok"
"002a8c80","FUN_002a8c80","Global",4,false,false,"ok"
"002a8c90","FUN_002a8c90","Global",4,false,false,"ok"
"002a8ca0","FUN_002a8ca0","Global",28,false,false,"ok"
"002a8d90","FUN_002a8d90","Global",20,false,false,"ok"
"002a8db0","FUN_002a8db0","Global",20,false,false,"ok"
"002a8dd0","FUN_002a8dd0","Global",4,false,false,"ok"
"002a8de0","FUN_002a8de0","Global",12,false,false,"ok"
"002a8e00","FUN_002a8e00","Global",44,false,false,"ok"
"002a8e40","FUN_002a8e40","Global",4,false,false,"ok"
"002a8e50","FUN_002a8e50","Global",104,false,false,"ok"
"002a8ed0","FUN_002a8ed0","Global",72,false,false,"ok"
"002a8f30","FUN_002a8f30","Global",536,false,false,"ok"
"002a9150","FUN_002a9150","Global",228,false,false,"ok"
"002a92b0","FUN_002a92b0","Global",96,false,false,"ok"
"002a9340","FUN_002a9340","Global",36,false,false,"ok"
"002a9370","FUN_002a9370","Global",16,false,false,"ok"
"002a9530","FUN_002a9530","Global",12,false,false,"ok"
"002a96c0","FUN_002a96c0","Global",268,false,false,"ok"
"002a97e0","FUN_002a97e0","Global",1,false,false,"ok"
"002a97f0","FUN_002a97f0","Global",100,false,false,"ok"
"002a99e0","FUN_002a99e0","Global",16,false,false,"ok"
"002a9b40","FUN_002a9b40","Global",16,false,false,"ok"
"002a9c60","FUN_002a9c60","Global",28,false,false,"ok"
"002a9f20","FUN_002a9f20","Global",20,false,false,"ok"
"002aa150","FUN_002aa150","Global",24,false,false,"ok"
"002aa4d0","FUN_002aa4d0","Global",20,false,false,"ok"
"002aa9f0","FUN_002aa9f0","Global",40,false,false,"ok"
"002ab500","FUN_002ab500","Global",28,false,false,"ok"
"002abd00","FUN_002abd00","Global",12,false,false,"ok"
"002ac960","FUN_002ac960","Global",964,false,false,"ok"
"002acf90","FUN_002acf90","Global",1,false,false,"ok"
"002acfa0","FUN_002acfa0","Global",612,false,false,"ok"
"002ad660","FUN_002ad660","Global",444,false,false,"ok"
"002adb60","FUN_002adb60","Global",16,false,false,"ok"
"002ae060","FUN_002ae060","Global",716,false,false,"ok"
"002aed60","FUN_002aed60","Global",8,false,false,"ok"
"002aef80","FUN_002aef80","Global",652,false,false,"ok"
"002af220","FUN_002af220","Global",48,false,false,"ok"
"002af630","FUN_002af630","Global",48,false,false,"ok"
"002af890","FUN_002af890","Global",600,false,false,"ok"
"002afe10","FUN_002afe10","Global",48,false,false,"ok"
"002b01a0","FUN_002b01a0","Global",500,false,false,"ok"
"002b0430","FUN_002b0430","Global",288,false,false,"ok"
"002b08f0","FUN_002b08f0","Global",68,false,false,"ok"
"002b0950","FUN_002b0950","Global",40,false,false,"ok"
"002b0990","FUN_002b0990","Global",1,false,false,"ok"
"002b09a0","FUN_002b09a0","Global",68,false,false,"ok"
"002b0a00","FUN_002b0a00","Global",44,false,false,"ok"
"002b0a90","FUN_002b0a90","Global",44,false,false,"ok"
"002b0ad0","FUN_002b0ad0","Global",120,false,false,"ok"
"002b0b60","FUN_002b0b60","Global",96,false,false,"ok"
"002b0bd0","FUN_002b0bd0","Global",92,false,false,"ok"
"002b0c40","FUN_002b0c40","Global",164,false,false,"ok"
"002b0d00","FUN_002b0d00","Global",16,false,false,"ok"
"002b1770","FUN_002b1770","Global",1172,false,false,"ok"
"002b1c10","FUN_002b1c10","Global",1116,false,false,"ok"
"002b2230","FUN_002b2230","Global",72,false,false,"ok"
"002b2290","FUN_002b2290","Global",8,false,false,"ok"
"002b2360","FUN_002b2360","Global",24,false,false,"ok"
"002b2400","FUN_002b2400","Global",36,false,false,"ok"
"002b2ac0","FUN_002b2ac0","Global",16,false,false,"ok"
"002b2b60","FUN_002b2b60","Global",296,false,false,"ok"
"002b2cc0","FUN_002b2cc0","Global",24,false,false,"ok"
"002b2e80","FUN_002b2e80","Global",16,false,false,"ok"
"002b31e0","FUN_002b31e0","Global",12,false,false,"ok"
"002b3470","FUN_002b3470","Global",24,false,false,"ok"
"002b37a0","FUN_002b37a0","Global",12,false,false,"ok"
"002b38d0","FUN_002b38d0","Global",88,false,false,"ok"
"002b3af0","FUN_002b3af0","Global",20,false,false,"ok"
"002b4640","FUN_002b4640","Global",216,false,false,"ok"
"002b4730","FUN_002b4730","Global",8,false,false,"ok"
"002b4b60","FUN_002b4b60","Global",92,false,false,"ok"
"002b4bd0","FUN_002b4bd0","Global",64,false,false,"ok"
"002b4c20","FUN_002b4c20","Global",136,false,false,"ok"
"002b4cd0","FUN_002b4cd0","Global",12,false,false,"ok"
"002b5150","FUN_002b5150","Global",400,false,false,"ok"
"002b5300","FUN_002b5300","Global",16,false,false,"ok"
"002b74f0","FUN_002b74f0","Global",160,false,false,"ok"
"002b7a30","FUN_002b7a30","Global",32,false,false,"ok"
"002b7ec0","FUN_002b7ec0","Global",8,false,false,"ok"
"002b7fb0","FUN_002b7fb0","Global",8,false,false,"ok"
"002b8200","FUN_002b8200","Global",8,false,false,"ok"
"002b88b0","FUN_002b88b0","Global",12,false,false,"ok"
"002b8da0","FUN_002b8da0","Global",8,false,false,"ok"
"002b8e80","FUN_002b8e80","Global",80,false,false,"ok"
"002b8ee0","FUN_002b8ee0","Global",16,false,false,"ok"
"002b9010","FUN_002b9010","Global",8,false,false,"ok"
"002b9230","FUN_002b9230","Global",260,false,false,"ok"
"002b9370","FUN_002b9370","Global",16,false,false,"ok"
"002ba1c0","FUN_002ba1c0","Global",12,false,false,"ok"
"002baa50","FUN_002baa50","Global",104,false,false,"ok"
"002baac0","FUN_002baac0","Global",284,false,false,"ok"
"002bac10","FUN_002bac10","Global",128,false,false,"ok"
"002bacd0","FUN_002bacd0","Global",136,false,false,"ok"
"002baef0","FUN_002baef0","Global",116,false,false,"ok"
"002bafe0","FUN_002bafe0","Global",8,false,false,"ok"
"002bb1a0","FUN_002bb1a0","Global",152,false,false,"ok"
"002bb260","FUN_002bb260","Global",108,false,false,"ok"
"002bb2e0","FUN_002bb2e0","Global",8,false,false,"ok"
"002bb5f0","FUN_002bb5f0","Global",248,false,false,"ok"
"002bb7b0","FUN_002bb7b0","Global",24,false,false,"ok"
"002bc090","FUN_002bc090","Global",12,false,false,"ok"
"002bc3f0","FUN_002bc3f0","Global",80,false,false,"ok"
"002bc450","FUN_002bc450","Global",164,false,false,"ok"
"002bc500","FUN_002bc500","Global",80,false,false,"ok"
"002bc560","FUN_002bc560","Global",8,false,false,"ok"
"002bc5f0","FUN_002bc5f0","Global",152,false,false,"ok"
"002bc6a0","FUN_002bc6a0","Global",60,false,false,"ok"
"002bc6f0","FUN_002bc6f0","Global",16,false,false,"ok"
"002be050","FUN_002be050","Global",8,false,false,"ok"
"002be060","FUN_002be060","Global",20,false,false,"ok"
"002be0b0","FUN_002be0b0","Global",4,false,false,"ok"
"002be160","FUN_002be160","Global",8,false,false,"ok"
"002bec10","FUN_002bec10","Global",16,false,false,"ok"
"002bf8c0","FUN_002bf8c0","Global",224,false,false,"ok"
"002bfb60","FUN_002bfb60","Global",100,false,false,"ok"
"002bfbd0","FUN_002bfbd0","Global",8,false,false,"ok"
"002bfc60","FUN_002bfc60","Global",180,false,false,"ok"
"002bfd20","FUN_002bfd20","Global",12,false,false,"ok"
"002bfe00","FUN_002bfe00","Global",128,false,false,"ok"
"002bfed0","FUN_002bfed0","Global",332,false,false,"ok"
"002c0220","FUN_002c0220","Global",208,false,false,"ok"
"002c0300","FUN_002c0300","Global",28,false,false,"ok"
"002c0330","FUN_002c0330","Global",12,false,false,"ok"
"002c05d0","FUN_002c05d0","Global",12,false,false,"ok"
"002c0ab0","FUN_002c0ab0","Global",24,false,false,"ok"
"002c0e20","FUN_002c0e20","Global",12,false,false,"ok"
"002c0fa0","FUN_002c0fa0","Global",16,false,false,"ok"
"002c11e0","FUN_002c11e0","Global",20,false,false,"ok"
"002c1560","FUN_002c1560","Global",124,false,false,"ok"
"002c1620","FUN_002c1620","Global",24,false,false,"ok"
"002c1a60","FUN_002c1a60","Global",24,false,false,"ok"
"002c1f30","FUN_002c1f30","Global",28,false,false,"ok"
"002c2040","FUN_002c2040","Global",24,false,false,"ok"
"002c2a30","FUN_002c2a30","Global",28,false,false,"ok"
"002c2cd0","FUN_002c2cd0","Global",16,false,false,"ok"
"002c3120","FUN_002c3120","Global",16,false,false,"ok"
"002c3680","FUN_002c3680","Global",16,false,false,"ok"
"002c3df0","FUN_002c3df0","Global",300,false,false,"ok"
"002c3f30","FUN_002c3f30","Global",20,false,false,"ok"
"002c4150","FUN_002c4150","Global",204,false,false,"ok"
"002c4230","FUN_002c4230","Global",364,false,false,"ok"
"002c43c0","FUN_002c43c0","Global",12,false,false,"ok"
"002c4610","FUN_002c4610","Global",228,false,false,"ok"
"002c4700","FUN_002c4700","Global",44,false,false,"ok"
"002c4740","FUN_002c4740","Global",12,false,false,"ok"
"002c4960","FUN_002c4960","Global",16,false,false,"ok"
"002c4ca0","FUN_002c4ca0","Global",12,false,false,"ok"
"002c4d50","FUN_002c4d50","Global",16,false,false,"ok"
"002c4e50","FUN_002c4e50","Global",28,false,false,"ok"
"002c4f40","FUN_002c4f40","Global",16,false,false,"ok"
"002c51f0","FUN_002c51f0","Global",8,false,false,"ok"
"002c52b0","FUN_002c52b0","Global",332,false,false,"ok"
"002c5480","FUN_002c5480","Global",12,false,false,"ok"
"002c5890","FUN_002c5890","Global",108,false,false,"ok"
"002c5910","FUN_002c5910","Global",208,false,false,"ok"
"002c5a00","FUN_002c5a00","Global",68,false,false,"ok"
"002c5a50","FUN_002c5a50","Global",60,false,false,"ok"
"002c5aa0","FUN_002c5aa0","Global",12,false,false,"ok"
"002c5e40","FUN_002c5e40","Global",8,false,false,"ok"
"002c6e10","FUN_002c6e10","Global",12,false,false,"ok"
"002c6f40","FUN_002c6f40","Global",12,false,false,"ok"
"002c7080","FUN_002c7080","Global",12,false,false,"ok"
"002c71c0","FUN_002c71c0","Global",660,false,false,"ok"
"002c7460","FUN_002c7460","Global",12,false,false,"ok"
"002c76a0","FUN_002c76a0","Global",256,false,false,"ok"
"002c77b0","FUN_002c77b0","Global",284,false,false,"ok"
"002c78e0","FUN_002c78e0","Global",1908,false,false,"ok"
"002c8080","FUN_002c8080","Global",1,false,false,"ok"
"002c8090","FUN_002c8090","Global",4,false,false,"ok"
"002c80a0","FUN_002c80a0","Global",8,false,false,"ok"
"002c80b0","FUN_002c80b0","Global",16,false,false,"ok"
"002c80d0","FUN_002c80d0","Global",16,false,false,"ok"
"002c84f0","FUN_002c84f0","Global",16,false,false,"ok"
"002c8620","FUN_002c8620","Global",20,false,false,"ok"
"002c8650","FUN_002c8650","Global",20,false,false,"ok"
"002c8690","FUN_002c8690","Global",172,false,false,"ok"
"002c8900","FUN_002c8900","Global",20,false,false,"ok"
"002c8ea0","FUN_002c8ea0","Global",1,false,false,"ok"
"002c8f10","FUN_002c8f10","Global",136,false,false,"ok"
"002c9010","FUN_002c9010","Global",3272,false,false,"ok"
"002c9d80","FUN_002c9d80","Global",3272,false,false,"ok"
"002caaf0","FUN_002caaf0","Global",16,false,false,"ok"
"002cb5b0","FUN_002cb5b0","Global",16,false,false,"ok"
"002cbe70","FUN_002cbe70","Global",32,false,false,"ok"
"002cc000","FUN_002cc000","Global",948,false,false,"ok"
"002cc3e0","FUN_002cc3e0","Global",12,false,false,"ok"
"002cc8c0","FUN_002cc8c0","Global",320,false,false,"ok"
"002cca20","FUN_002cca20","Global",1124,false,false,"ok"
"002ccef0","FUN_002ccef0","Global",1648,false,false,"ok"
"002cd5a0","FUN_002cd5a0","Global",68,false,false,"ok"
"002cd5f0","FUN_002cd5f0","Global",524,false,false,"ok"
"002cd830","FUN_002cd830","Global",196,false,false,"ok"
"002cd950","FUN_002cd950","Global",8,false,false,"ok"
"002ce6e0","FUN_002ce6e0","Global",64,false,false,"ok"
"002ce8b0","FUN_002ce8b0","Global",16,false,false,"ok"
"002cf2f0","FUN_002cf2f0","Global",32,false,false,"ok"
"002cf4a0","FUN_002cf4a0","Global",8,false,false,"ok"
"002cf930","FUN_002cf930","Global",612,false,false,"ok"
"002cfbb0","FUN_002cfbb0","Global",492,false,false,"ok"
"002cfed0","FUN_002cfed0","Global",8,false,false,"ok"
"002cff80","FUN_002cff80","Global",20,false,false,"ok"
"002cffa0","FUN_002cffa0","Global",20,false,false,"ok"
"002cffc0","FUN_002cffc0","Global",84,false,false,"ok"
"002d0020","FUN_002d0020","Global",48,false,false,"ok"
"002d0060","FUN_002d0060","Global",60,false,false,"ok"
"002d0110","FUN_002d0110","Global",96,false,false,"ok"
"002d0280","FUN_002d0280","Global",8,false,false,"ok"
"002d0ba0","FUN_002d0ba0","Global",24,false,false,"ok"
"002d1450","FUN_002d1450","Global",1,false,false,"ok"
"002d1480","FUN_002d1480","Global",1,false,false,"ok"
"002d1490","FUN_002d1490","Global",1,false,false,"ok"
"002d14a0","FUN_002d14a0","Global",392,false,false,"ok"
"002d1640","FUN_002d1640","Global",684,false,false,"ok"
"002d1990","FUN_002d1990","Global",32,false,false,"ok"
"002d19c0","FUN_002d19c0","Global",88,false,false,"ok"
"002d1a30","FUN_002d1a30","Global",120,false,false,"ok"
"002d1ac0","FUN_002d1ac0","Global",20,false,false,"ok"
"002d1e50","FUN_002d1e50","Global",136,false,false,"ok"
"002d1f60","FUN_002d1f60","Global",340,false,false,"ok"
"002d2180","FUN_002d2180","Global",128,false,false,"ok"
"002d2210","FUN_002d2210","Global",20,false,false,"ok"
"002d26c0","FUN_002d26c0","Global",12,false,false,"ok"
"002d2a60","FUN_002d2a60","Global",312,false,false,"ok"
"002d2ba0","FUN_002d2ba0","Global",60,false,false,"ok"
"002d2bf0","FUN_002d2bf0","Global",8,false,false,"ok"
"002d2c30","FUN_002d2c30","Global",12,false,false,"ok"
"002d2fe0","FUN_002d2fe0","Global",8,false,false,"ok"
"002d3130","FUN_002d3130","Global",100,false,false,"ok"
"002d34a0","FUN_002d34a0","Global",100,false,false,"ok"
"002d3510","FUN_002d3510","Global",4,false,false,"ok"
"002d3570","FUN_002d3570","Global",2068,false,false,"ok"
"002d3dd0","FUN_002d3dd0","Global",92,false,false,"ok"
"002d4010","FUN_002d4010","Global",16,false,false,"ok"
"002d4070","FUN_002d4070","Global",28,false,false,"ok"
"002d61e0","FUN_002d61e0","Global",8,false,false,"ok"
"002d6610","FUN_002d6610","Global",140,false,false,"ok"
"002d66b0","FUN_002d66b0","Global",92,false,false,"ok"
"002d6820","FUN_002d6820","Global",44,false,false,"ok"
"002d6890","FUN_002d6890","Global",12,false,false,"ok"
"002d6bf0","FUN_002d6bf0","Global",20,false,false,"ok"
"002d6dd0","FUN_002d6dd0","Global",12,false,false,"ok"
"002d6ef0","FUN_002d6ef0","Global",148,false,false,"ok"
"002d7070","FUN_002d7070","Global",108,false,false,"ok"
"002d73e0","FUN_002d73e0","Global",144,false,false,"ok"
"002d7680","FUN_002d7680","Global",80,false,false,"ok"
"002d7980","FUN_002d7980","Global",28,false,false,"ok"
"002d7ad0","FUN_002d7ad0","Global",28,false,false,"ok"
"002d7c20","FUN_002d7c20","Global",40,false,false,"ok"
"002d7fc0","FUN_002d7fc0","Global",64,false,false,"ok"
"002d8220","FUN_002d8220","Global",96,false,false,"ok"
"002d8540","FUN_002d8540","Global",96,false,false,"ok"
"002d8860","FUN_002d8860","Global",80,false,false,"ok"
"002d8b80","FUN_002d8b80","Global",16,false,false,"ok"
"002d8d00","FUN_002d8d00","Global",64,false,false,"ok"
"002d8db0","FUN_002d8db0","Global",80,false,false,"ok"
"002d8e40","FUN_002d8e40","Global",36,false,false,"ok"
"002d9410","FUN_002d9410","Global",284,false,false,"ok"
"002d9540","FUN_002d9540","Global",84,false,false,"ok"
"002d95b0","FUN_002d95b0","Global",20,false,false,"ok"
"002d9960","FUN_002d9960","Global",20,false,false,"ok"
"002d9de0","FUN_002d9de0","Global",16,false,false,"ok"
"002d9e70","FUN_002d9e70","Global",16,false,false,"ok"
"002d9ef0","FUN_002d9ef0","Global",52,false,false,"ok"
"002d9f30","FUN_002d9f30","Global",52,false,false,"ok"
"002d9f70","FUN_002d9f70","Global",20,false,false,"ok"
"002dc2a0","FUN_002dc2a0","Global",104,false,false,"ok"
"002dc320","FUN_002dc320","Global",8,false,false,"ok"
"002dc5a0","FUN_002dc5a0","Global",76,false,false,"ok"
"002dc600","FUN_002dc600","Global",608,false,false,"ok"
"002dc9a0","FUN_002dc9a0","Global",12,false,false,"ok"
"002dd8e0","FUN_002dd8e0","Global",164,false,false,"ok"
"002dde90","FUN_002dde90","Global",104,false,false,"ok"
"002de0a0","FUN_002de0a0","Global",164,false,false,"ok"
"002de530","FUN_002de530","Global",8,false,false,"ok"
"002de7a0","FUN_002de7a0","Global",8,false,false,"ok"
"002de9b0","FUN_002de9b0","Global",180,false,false,"ok"
"002dea70","FUN_002dea70","Global",28,false,false,"ok"
"002dec20","FUN_002dec20","Global",8,false,false,"ok"
"002df0c0","FUN_002df0c0","Global",28,false,false,"ok"
"002df660","FUN_002df660","Global",940,false,false,"ok"
"002dfb00","FUN_002dfb00","Global",88,false,false,"ok"
"002dfb60","FUN_002dfb60","Global",12,false,false,"ok"
"002e00b0","FUN_002e00b0","Global",24,false,false,"ok"
"002e00d0","FUN_002e00d0","Global",76,false,false,"ok"
"002e0130","FUN_002e0130","Global",16,false,false,"ok"
"002e0820","FUN_002e0820","Global",60,false,false,"ok"
"002e0910","FUN_002e0910","Global",60,false,false,"ok"
"002e0a30","FUN_002e0a30","Global",164,false,false,"ok"
"002e0af0","FUN_002e0af0","Global",16,false,false,"ok"
"002e0b50","FUN_002e0b50","Global",84,false,false,"ok"
"002e0c00","FUN_002e0c00","Global",68,false,false,"ok"
"002e0c50","FUN_002e0c50","Global",20,false,false,"ok"
"002e0e30","FUN_002e0e30","Global",8,false,false,"ok"
"002e0f30","FUN_002e0f30","Global",36,false,false,"ok"
"002e0f60","thunk_FUN_002e1b70","Global",8,false,true,"ok"
"002e0fb0","FUN_002e0fb0","Global",1,false,false,"ok"
"002e0fc0","FUN_002e0fc0","Global",376,false,false,"ok"
"002e12f0","FUN_002e12f0","Global",88,false,false,"ok"
"002e1350","FUN_002e1350","Global",16,false,false,"ok"
"002e1560","FUN_002e1560","Global",8,false,false,"ok"
"002e1a40","FUN_002e1a40","Global",64,false,false,"ok"
"002e1a90","FUN_002e1a90","Global",8,false,false,"ok"
"002e1b10","FUN_002e1b10","Global",76,false,false,"ok"
"002e1b70","FUN_002e1b70","Global",64,false,false,"ok"
"002e1c60","FUN_002e1c60","Global",16,false,false,"ok"
"002e2060","FUN_002e2060","Global",12,false,false,"ok"
"002e2b70","FUN_002e2b70","Global",8,false,false,"ok"
"002e2c40","FUN_002e2c40","Global",28,false,false,"ok"
"002e2c80","FUN_002e2c80","Global",48,false,false,"ok"
"002e2de0","FUN_002e2de0","Global",176,false,false,"ok"
"002e2ea0","FUN_002e2ea0","Global",272,false,false,"ok"
"002e30f0","FUN_002e30f0","Global",8,false,false,"ok"
"002e3b10","FUN_002e3b10","Global",144,false,false,"ok"
"002e3bd0","FUN_002e3bd0","Global",160,false,false,"ok"
"002e3d40","FUN_002e3d40","Global",156,false,false,"ok"
"002e3eb0","FUN_002e3eb0","Global",8,false,false,"ok"
"002e3fe0","FUN_002e3fe0","Global",16,false,false,"ok"
"002e6fc0","FUN_002e6fc0","Global",180,false,false,"ok"
"002e7210","FUN_002e7210","Global",8,false,false,"ok"
"002e7490","FUN_002e7490","Global",8,false,false,"ok"
"002e7690","FUN_002e7690","Global",24,false,false,"ok"
"002e7780","FUN_002e7780","Global",112,false,false,"ok"
"002e7800","FUN_002e7800","Global",24,false,false,"ok"
"002e7a80","FUN_002e7a80","Global",16,false,false,"ok"
"002e7c50","FUN_002e7c50","Global",16,false,false,"ok"
"002e7ed0","FUN_002e7ed0","Global",16,false,false,"ok"
"002e8070","FUN_002e8070","Global",28,false,false,"ok"
"002e8160","FUN_002e8160","Global",20,false,false,"ok"
"002e8290","FUN_002e8290","Global",464,false,false,"ok"
"002e8470","FUN_002e8470","Global",144,false,false,"ok"
"002e8510","FUN_002e8510","Global",12,false,false,"ok"
"002e8610","FUN_002e8610","Global",136,false,false,"ok"
"002e89f0","FUN_002e89f0","Global",684,false,false,"ok"
"002e8cb0","FUN_002e8cb0","Global",8,false,false,"ok"
"002e9300","FUN_002e9300","Global",16,false,false,"ok"
"002e9620","FUN_002e9620","Global",16,false,false,"ok"
"002e9940","FUN_002e9940","Global",32,false,false,"ok"
"002e9b20","FUN_002e9b20","Global",8,false,false,"ok"
"002e9bf0","FUN_002e9bf0","Global",12,false,false,"ok"
"002e9d10","FUN_002e9d10","Global",216,false,false,"ok"
"002e9e20","FUN_002e9e20","Global",40,false,false,"ok"
"002e9eb0","FUN_002e9eb0","Global",16,false,false,"ok"
"002e9ff0","FUN_002e9ff0","Global",16,false,false,"ok"
"002ea220","FUN_002ea220","Global",84,false,false,"ok"
"002ea290","FUN_002ea290","Global",32,false,false,"ok"
"002ea6c0","FUN_002ea6c0","Global",44,false,false,"ok"
"002ea7d0","FUN_002ea7d0","Global",24,false,false,"ok"
"002ea9a0","FUN_002ea9a0","Global",12,false,false,"ok"
"002eaa50","FUN_002eaa50","Global",8,false,false,"ok"
"002eab80","FUN_002eab80","Global",8,false,false,"ok"
"002eac10","FUN_002eac10","Global",376,false,false,"ok"
"002ead90","FUN_002ead90","Global",704,false,false,"ok"
"002eb090","FUN_002eb090","Global",12,false,false,"ok"
"002eb7d0","FUN_002eb7d0","Global",128,false,false,"ok"
"002eb8c0","FUN_002eb8c0","Global",108,false,false,"ok"
"002ebb00","FUN_002ebb00","Global",20,false,false,"ok"
"002ebd70","FUN_002ebd70","Global",80,false,false,"ok"
"002ebdd0","FUN_002ebdd0","Global",144,false,false,"ok"
"002ebed0","FUN_002ebed0","Global",188,false,false,"ok"
"002ec1c0","FUN_002ec1c0","Global",8,false,false,"ok"
"002ec1d0","FUN_002ec1d0","Global",8,false,false,"ok"
"002ec1e0","FUN_002ec1e0","Global",8,false,false,"ok"
"002ec250","FUN_002ec250","Global",76,false,false,"ok"
"002ec2b0","FUN_002ec2b0","Global",120,false,false,"ok"
"002ec350","FUN_002ec350","Global",36,false,false,"ok"
"002ec460","FUN_002ec460","Global",32,false,false,"ok"
"002ede60","FUN_002ede60","Global",108,false,false,"ok"
"002ef270","FUN_002ef270","Global",16,false,false,"ok"
"002f0770","FUN_002f0770","Global",8,false,false,"ok"
"002f0d60","FUN_002f0d60","Global",12,false,false,"ok"
"002f19d0","FUN_002f19d0","Global",12,false,false,"ok"
"002f1ed0","FUN_002f1ed0","Global",16,false,false,"ok"
"002f2480","FUN_002f2480","Global",16,false,false,"ok"
"002f2620","FUN_002f2620","Global",12,false,false,"ok"
"002f2880","FUN_002f2880","Global",340,false,false,"ok"
"002f29f0","FUN_002f29f0","Global",16,false,false,"ok"
"002f2f90","FUN_002f2f90","Global",384,false,false,"ok"
"002f3130","FUN_002f3130","Global",48,false,false,"ok"
"002f3170","FUN_002f3170","Global",44,false,false,"ok"
"002f31b0","FUN_002f31b0","Global",60,false,false,"ok"
"002f3200","FUN_002f3200","Global",20,false,false,"ok"
"002f3970","FUN_002f3970","Global",64,false,false,"ok"
"002f39c0","FUN_002f39c0","Global",12,false,false,"ok"
"002f3d40","FUN_002f3d40","Global",684,false,false,"ok"
"002f45b0","FUN_002f45b0","Global",32,false,false,"ok"
"002f4c50","FUN_002f4c50","Global",76,false,false,"ok"
"002f4cb0","FUN_002f4cb0","Global",36,false,false,"ok"
"002f4ce0","FUN_002f4ce0","Global",28,false,false,"ok"
"002f4d10","FUN_002f4d10","Global",76,false,false,"ok"
"002f4d70","FUN_002f4d70","Global",12,false,false,"ok"
"002f5140","FUN_002f5140","Global",128,false,false,"ok"
"002f51d0","FUN_002f51d0","Global",8,false,false,"ok"
"002f5430","FUN_002f5430","Global",1,false,false,"ok"
"002f5440","FUN_002f5440","Global",16,false,false,"ok"
"002f5de0","FUN_002f5de0","Global",92,false,false,"ok"
"002f60e0","FUN_002f60e0","Global",1,false,false,"ok"
"002f60f0","FUN_002f60f0","Global",8,false,false,"ok"
"002f65d0","FUN_002f65d0","Global",92,false,false,"ok"
"002f6640","FUN_002f6640","Global",20,false,false,"ok"
"002f6c90","FUN_002f6c90","Global",8,false,false,"ok"
"002f6e70","FUN_002f6e70","Global",20,false,false,"ok"
"002f7280","FUN_002f7280","Global",356,false,false,"ok"
"002f7400","FUN_002f7400","Global",28,false,false,"ok"
"002f7430","FUN_002f7430","Global",8,false,false,"ok"
"002f7540","FUN_002f7540","Global",108,false,false,"ok"
"002f75d0","FUN_002f75d0","Global",12,false,false,"ok"
"002f7680","FUN_002f7680","Global",8,false,false,"ok"
"002f7940","FUN_002f7940","Global",128,false,false,"ok"
"002f7a50","FUN_002f7a50","Global",20,false,false,"ok"
"002f8ce0","FUN_002f8ce0","Global",84,false,false,"ok"
"002f8da0","FUN_002f8da0","Global",8,false,false,"ok"
"002f9300","FUN_002f9300","Global",136,false,false,"ok"
"002f9390","FUN_002f9390","Global",208,false,false,"ok"
"002f9470","FUN_002f9470","Global",192,false,false,"ok"
"002f9550","FUN_002f9550","Global",20,false,false,"ok"
"002f9990","FUN_002f9990","Global",96,false,false,"ok"
"002f9a00","FUN_002f9a00","Global",8,false,false,"ok"
"002f9de0","FUN_002f9de0","Global",88,false,false,"ok"
"002f9e40","FUN_002f9e40","Global",60,false,false,"ok"
"002f9e90","FUN_002f9e90","Global",60,false,false,"ok"
"002f9ee0","FUN_002f9ee0","Global",20,false,false,"ok"
"002fa580","FUN_002fa580","Global",180,false,false,"ok"
"002fa650","FUN_002fa650","Global",100,false,false,"ok"
"002fa6c0","FUN_002fa6c0","Global",12,false,false,"ok"
"002fae20","FUN_002fae20","Global",52,false,false,"ok"
"002fb0f0","FUN_002fb0f0","Global",152,false,false,"ok"
"002fb250","FUN_002fb250","Global",44,false,false,"ok"
"002fb300","FUN_002fb300","Global",388,false,false,"ok"
"002fb4e0","FUN_002fb4e0","Global",12,false,false,"ok"
"002fb5f0","FUN_002fb5f0","Global",8,false,false,"ok"
"002fc320","FUN_002fc320","Global",8,false,false,"ok"
"002fc880","FUN_002fc880","Global",8,false,false,"ok"
"002fd030","FUN_002fd030","Global",24,false,false,"ok"
"002fd620","FUN_002fd620","Global",20,false,false,"ok"
"002fd850","FUN_002fd850","Global",52,false,false,"ok"
"002fd8b0","FUN_002fd8b0","Global",144,false,false,"ok"
"002fd950","FUN_002fd950","Global",16,false,false,"ok"
"002fde80","FUN_002fde80","Global",8,false,false,"ok"
"002fdf30","FUN_002fdf30","Global",20,false,false,"ok"
"002feeb0","FUN_002feeb0","Global",12,false,false,"ok"
"002ff380","FUN_002ff380","Global",16,false,false,"ok"
"002ff5c0","FUN_002ff5c0","Global",152,false,false,"ok"
"002ff670","FUN_002ff670","Global",120,false,false,"ok"
"002ff700","FUN_002ff700","Global",1,false,false,"ok"
"002ff710","FUN_002ff710","Global",16,false,false,"ok"
"002ffca0","FUN_002ffca0","Global",1164,false,false,"ok"
"003001d0","FUN_003001d0","Global",48,false,false,"ok"
"00300260","FUN_00300260","Global",1,false,false,"ok"
"00300270","FUN_00300270","Global",92,false,false,"ok"
"003002e0","FUN_003002e0","Global",68,false,false,"ok"
"00300340","FUN_00300340","Global",56,false,false,"ok"
"00300390","FUN_00300390","Global",68,false,false,"ok"
"00300410","FUN_00300410","Global",52,false,false,"ok"
"00300460","FUN_00300460","Global",152,false,false,"ok"
"00300500","FUN_00300500","Global",64,false,false,"ok"
"00300550","FUN_00300550","Global",20,false,false,"ok"
"00300750","FUN_00300750","Global",368,false,false,"ok"
"00300a40","FUN_00300a40","Global",320,false,false,"ok"
"00300b90","FUN_00300b90","Global",172,false,false,"ok"
"00300e70","FUN_00300e70","Global",136,false,false,"ok"
"00300f10","FUN_00300f10","Global",68,false,false,"ok"
"00300f60","FUN_00300f60","Global",12,false,false,"ok"
"00300f70","FUN_00300f70","Global",52,false,false,"ok"
"00300fd0","FUN_00300fd0","Global",156,false,false,"ok"
"00301080","FUN_00301080","Global",16,false,false,"ok"
"003011b0","FUN_003011b0","Global",12,false,false,"ok"
"00301240","FUN_00301240","Global",8,false,false,"ok"
"00301380","FUN_00301380","Global",136,false,false,"ok"
"00301420","FUN_00301420","Global",248,false,false,"ok"
"00301530","FUN_00301530","Global",84,false,false,"ok"
"00301590","FUN_00301590","Global",44,false,false,"ok"
"003015e0","FUN_003015e0","Global",136,false,false,"ok"
"00301680","FUN_00301680","Global",68,false,false,"ok"
"003016d0","FUN_003016d0","Global",24,false,false,"ok"
"003016f0","FUN_003016f0","Global",24,false,false,"ok"
"00301710","FUN_00301710","Global",64,false,false,"ok"
"00301760","FUN_00301760","Global",100,false,false,"ok"
"00301820","FUN_00301820","Global",60,false,false,"ok"
"00301890","FUN_00301890","Global",8,false,false,"ok"
"003018b0","FUN_003018b0","Global",112,false,false,"ok"
"00301940","FUN_00301940","Global",68,false,false,"ok"
"003019a0","FUN_003019a0","Global",64,false,false,"ok"
"00301a30","FUN_00301a30","Global",80,false,false,"ok"
"00301a90","FUN_00301a90","Global",172,false,false,"ok"
"00301b50","FUN_00301b50","Global",520,false,false,"ok"
"00301d70","FUN_00301d70","Global",296,false,false,"ok"
"00301ea0","FUN_00301ea0","Global",12,false,false,"ok"
"00302080","FUN_00302080","Global",20,false,false,"ok"
"00302cd0","FUN_00302cd0","Global",16,false,false,"ok"
"00303320","FUN_00303320","Global",68,false,false,"ok"
"00303380","FUN_00303380","Global",20,false,false,"ok"
"003035b0","FUN_003035b0","Global",92,false,false,"ok"
"00303620","FUN_00303620","Global",84,false,false,"ok"
"00303690","FUN_00303690","Global",12,false,false,"ok"
"003040e0","FUN_003040e0","Global",116,false,false,"ok"
"003041a0","FUN_003041a0","Global",64,false,false,"ok"
"003041f0","FUN_003041f0","Global",44,false,false,"ok"
"003042b0","FUN_003042b0","Global",52,false,false,"ok"
"00304320","FUN_00304320","Global",152,false,false,"ok"
"003043d0","FUN_003043d0","Global",164,false,false,"ok"
"00304480","FUN_00304480","Global",340,false,false,"ok"
"00304610","FUN_00304610","Global",80,false,false,"ok"
"00304670","FUN_00304670","Global",36,false,false,"ok"
"003046d0","FUN_003046d0","Global",76,false,false,"ok"
"00304730","FUN_00304730","Global",60,false,false,"ok"
"00304780","FUN_00304780","Global",56,false,false,"ok"
"003048f0","FUN_003048f0","Global",20,false,false,"ok"
"00304a50","FUN_00304a50","Global",36,false,false,"ok"
"00304a80","FUN_00304a80","Global",16,false,false,"ok"
"00304ac0","FUN_00304ac0","Global",44,false,false,"ok"
"00304b60","FUN_00304b60","Global",44,false,false,"ok"
"00304bb0","FUN_00304bb0","Global",8,false,false,"ok"
"00304be0","FUN_00304be0","Global",52,false,false,"ok"
"00304c40","FUN_00304c40","Global",140,false,false,"ok"
"00304ce0","FUN_00304ce0","Global",20,false,false,"ok"
"00304e40","FUN_00304e40","Global",28,false,false,"ok"
"00304f30","FUN_00304f30","Global",28,false,false,"ok"
"00305010","FUN_00305010","Global",116,false,false,"ok"
"003050a0","FUN_003050a0","Global",12,false,false,"ok"
"00305170","FUN_00305170","Global",8,false,false,"ok"
"00306a60","FUN_00306a60","Global",12,false,false,"ok"
"00306b30","FUN_00306b30","Global",124,false,false,"ok"
"00306ce0","FUN_00306ce0","Global",148,false,false,"ok"
"00306ec0","FUN_00306ec0","Global",148,false,false,"ok"
"00307280","FUN_00307280","Global",20,false,false,"ok"
"00307490","FUN_00307490","Global",12,false,false,"ok"
"003077b0","FUN_003077b0","Global",8,false,false,"ok"
"00307ae0","FUN_00307ae0","Global",8,false,false,"ok"
"00307f50","FUN_00307f50","Global",32,false,false,"ok"
"003082f0","FUN_003082f0","Global",32,false,false,"ok"
"00308630","FUN_00308630","Global",32,false,false,"ok"
"00308970","FUN_00308970","Global",16,false,false,"ok"
"00308c50","FUN_00308c50","Global",20,false,false,"ok"
"00308ea0","FUN_00308ea0","Global",8,false,false,"ok"
"00309510","FUN_00309510","Global",16,false,false,"ok"
"00309a30","FUN_00309a30","Global",24,false,false,"ok"
"00309f90","FUN_00309f90","Global",12,false,false,"ok"
"0030a460","FUN_0030a460","Global",16,false,false,"ok"
"0030a780","FUN_0030a780","Global",20,false,false,"ok"
"0030aa10","FUN_0030aa10","Global",264,false,false,"ok"
"0030ab30","FUN_0030ab30","Global",24,false,false,"ok"
"0030ac30","FUN_0030ac30","Global",8,false,false,"ok"
"0030afa0","FUN_0030afa0","Global",8,false,false,"ok"
"0030b2c0","FUN_0030b2c0","Global",268,false,false,"ok"
"0030b440","FUN_0030b440","Global",264,false,false,"ok"
"0030b560","FUN_0030b560","Global",16,false,false,"ok"
"0030b990","FUN_0030b990","Global",148,false,false,"ok"
"0030bab0","FUN_0030bab0","Global",596,false,false,"ok"
"0030bd20","FUN_0030bd20","Global",8,false,false,"ok"
"0030bda0","FUN_0030bda0","Global",788,false,false,"ok"
"0030c0c0","FUN_0030c0c0","Global",16,false,false,"ok"
"0030d510","FUN_0030d510","Global",16,false,false,"ok"
"0030e060","FUN_0030e060","Global",16,false,false,"ok"
"003103d0","FUN_003103d0","Global",16,false,false,"ok"
"003135b0","FUN_003135b0","Global",92,false,false,"ok"
"003158f0","FUN_003158f0","Global",28,false,false,"ok"
"00316560","FUN_00316560","Global",20,false,false,"ok"
"00316d00","FUN_00316d00","Global",8,false,false,"ok"
"00316da0","FUN_00316da0","Global",236,false,false,"ok"
"00316ea0","FUN_00316ea0","Global",76,false,false,"ok"
"00317190","FUN_00317190","Global",96,false,false,"ok"
"00317200","FUN_00317200","Global",108,false,false,"ok"
"00317280","FUN_00317280","Global",12,false,false,"ok"
"00318b30","FUN_00318b30","Global",28,false,false,"ok"
"00319a60","FUN_00319a60","Global",12,false,false,"ok"
"00319db0","FUN_00319db0","Global",12,false,false,"ok"
"00319ef0","FUN_00319ef0","Global",380,false,false,"ok"
"0031a1f0","FUN_0031a1f0","Global",12,false,false,"ok"
"0031ab50","FUN_0031ab50","Global",24,false,false,"ok"
"0031bb60","FUN_0031bb60","Global",12,false,false,"ok"
"0031d410","FUN_0031d410","Global",132,false,false,"ok"
"0031d4c0","FUN_0031d4c0","Global",16,false,false,"ok"
"0031dd00","FUN_0031dd00","Global",8,false,false,"ok"
"0031ddf0","FUN_0031ddf0","Global",20,false,false,"ok"
"0031e520","FUN_0031e520","Global",16,false,false,"ok"
"0031f090","FUN_0031f090","Global",12,false,false,"ok"
"0031f190","FUN_0031f190","Global",1212,false,false,"ok"
"0031f6c0","FUN_0031f6c0","Global",172,false,false,"ok"
"0031f780","FUN_0031f780","Global",80,false,false,"ok"
"0031f7e0","FUN_0031f7e0","Global",8,false,false,"ok"
"0031fb80","FUN_0031fb80","Global",428,false,false,"ok"
"0031fd40","FUN_0031fd40","Global",12,false,false,"ok"
"00320550","FUN_00320550","Global",12,false,false,"ok"
"00320ec0","FUN_00320ec0","Global",44,false,false,"ok"
"00320fe0","FUN_00320fe0","Global",76,false,false,"ok"
"00321040","FUN_00321040","Global",76,false,false,"ok"
"003210a0","FUN_003210a0","Global",24,false,false,"ok"
"00321650","FUN_00321650","Global",40,false,false,"ok"
"003216e0","FUN_003216e0","Global",256,false,false,"ok"
"00321820","FUN_00321820","Global",160,false,false,"ok"
"00321980","FUN_00321980","Global",8,false,false,"ok"
"00322250","FUN_00322250","Global",16,false,false,"ok"
"00322970","FUN_00322970","Global",44,false,false,"ok"
"00322a20","FUN_00322a20","Global",64,false,false,"ok"
"00322b40","FUN_00322b40","Global",16,false,false,"ok"
"00322ce0","FUN_00322ce0","Global",12,false,false,"ok"
"00323030","FUN_00323030","Global",124,false,false,"ok"
"003230c0","FUN_003230c0","Global",48,false,false,"ok"
"00323110","FUN_00323110","Global",16,false,false,"ok"
"00323620","FUN_00323620","Global",80,false,false,"ok"
"003236b0","FUN_003236b0","Global",28,false,false,"ok"
"003236e0","FUN_003236e0","Global",64,false,false,"ok"
"00323fd0","FUN_00323fd0","Global",120,false,false,"ok"
"00324080","FUN_00324080","Global",288,false,false,"ok"
"00324790","FUN_00324790","Global",12,false,false,"ok"
"00324d00","FUN_00324d00","Global",20,false,false,"ok"
"00325480","FUN_00325480","Global",12,false,false,"ok"
"00329d60","FUN_00329d60","Global",24,false,false,"ok"
"0032a6d0","FUN_0032a6d0","Global",392,false,false,"ok"
"0032a870","FUN_0032a870","Global",300,false,false,"ok"
"0032a9c0","FUN_0032a9c0","Global",48,false,false,"ok"
"0032aa00","FUN_0032aa00","Global",16,false,false,"ok"
"0032bc00","FUN_0032bc00","Global",84,false,false,"ok"
"0032bc60","FUN_0032bc60","Global",20,false,false,"ok"
"0032c200","FUN_0032c200","Global",12,false,false,"ok"
"0032c8a0","FUN_0032c8a0","Global",8,false,false,"ok"
"0032ca70","FUN_0032ca70","Global",24,false,false,"ok"
"0032cd90","FUN_0032cd90","Global",24,false,false,"ok"
"0032d180","FUN_0032d180","Global",40,false,false,"ok"
"0032d800","FUN_0032d800","Global",32,false,false,"ok"
"0032dc80","FUN_0032dc80","Global",152,false,false,"ok"
"0032dde0","FUN_0032dde0","Global",60,false,false,"ok"
"0032de30","FUN_0032de30","Global",836,false,false,"ok"
"0032e2d0","FUN_0032e2d0","Global",116,false,false,"ok"
"0032e410","FUN_0032e410","Global",24,false,false,"ok"
"0032e660","FUN_0032e660","Global",76,false,false,"ok"
"0032e6c0","FUN_0032e6c0","Global",8,false,false,"ok"
"0032f6f0","FUN_0032f6f0","Global",20,false,false,"ok"
"003300a0","FUN_003300a0","Global",12,false,false,"ok"
"00331320","FUN_00331320","Global",12,false,false,"ok"
"00332c58","FUN_00332c58","Global",16,false,false,"ok"
"00332e68","FUN_00332e68","Global",12,false,false,"ok"
"00332fe0","FUN_00332fe0","Global",76,false,false,"ok"
"00333038","FUN_00333038","Global",16,false,false,"ok"
"003330d0","FUN_003330d0","Global",20,false,false,"ok"
"003330f8","FUN_003330f8","Global",20,false,false,"ok"
"00333120","FUN_00333120","Global",4,false,false,"ok"
"00333170","FUN_00333170","Global",4,false,false,"ok"
"003331c0","FUN_003331c0","Global",4,false,false,"ok"
"00333210","FUN_00333210","Global",16,false,false,"ok"
"00333368","FUN_00333368","Global",52,false,false,"ok"
"003333f0","FUN_003333f0","Global",52,false,false,"ok"
"00333430","FUN_00333430","Global",52,false,false,"ok"
"00333530","FUN_00333530","Global",1,false,false,"ok"
"00333538","FUN_00333538","Global",4,false,false,"ok"
"00333548","FUN_00333548","Global",8,false,false,"ok"
"003335a0","FUN_003335a0","Global",8,false,false,"ok"
"003336a8","FUN_003336a8","Global",4,false,false,"ok"
"00333710","FUN_00333710","Global",32,false,false,"ok"
"00333748","FUN_00333748","Global",12,false,false,"ok"
"00333818","FUN_00333818","Global",8,false,false,"ok"
"00333920","FUN_00333920","Global",16,false,false,"ok"
"00333a50","FUN_00333a50","Global",16,false,false,"ok"
"00333d50","FUN_00333d50","Global",136,false,false,"ok"
"00334210","FUN_00334210","Global",544,false,false,"ok"
"003345b8","FUN_003345b8","Global",4,false,false,"ok"
"00334ab0","FUN_00334ab0","Global",2044,false,false,"ok"
"00334d38","FUN_00334d38","Global",324,false,false,"ok"
"00334eb0","FUN_00334eb0","Global",556,false,false,"ok"
"003350f0","FUN_003350f0","Global",428,false,false,"ok"
"00335320","FUN_00335320","Global",48,false,false,"ok"
"00335358","FUN_00335358","Global",136,false,false,"ok"
"003353e8","FUN_003353e8","Global",120,false,false,"ok"
"00335468","FUN_00335468","Global",2692,false,false,"ok"
"00335628","FUN_00335628","Global",20,false,false,"ok"
"00335648","FUN_00335648","Global",20,false,false,"ok"
"00335740","FUN_00335740","Global",20,false,false,"ok"
"00335760","FUN_00335760","Global",20,false,false,"ok"
"00335a10","FUN_00335a10","Global",36,false,false,"ok"
"00335a40","FUN_00335a40","Global",8,false,false,"ok"
"00335af8","FUN_00335af8","Global",16,false,false,"ok"
"00335b60","FUN_00335b60","Global",8,false,false,"ok"
"00335ec8","FUN_00335ec8","Global",12,false,false,"ok"
"00336238","FUN_00336238","Global",8,false,false,"ok"
"003364e0","FUN_003364e0","Global",24,false,false,"ok"
"003366a8","FUN_003366a8","Global",8,false,false,"ok"
"003367a8","FUN_003367a8","Global",64,false,false,"ok"
"00336940","FUN_00336940","Global",4,false,false,"ok"
"00336ab8","FUN_00336ab8","Global",8,false,false,"ok"
"00336d08","FUN_00336d08","Global",40,false,false,"ok"
"00336d58","FUN_00336d58","Global",240,false,false,"ok"
"00336e60","FUN_00336e60","Global",8,false,false,"ok"
"00336f20","FUN_00336f20","Global",12,false,false,"ok"
"00337290","FUN_00337290","Global",20,false,false,"ok"
"003372b0","FUN_003372b0","Global",20,false,false,"ok"
"003372d0","FUN_003372d0","Global",20,false,false,"ok"
"003372f0","FUN_003372f0","Global",8,false,false,"ok"
"00337428","FUN_00337428","Global",12,false,false,"ok"
"00337610","FUN_00337610","Global",232,false,false,"ok"
"00337718","FUN_00337718","Global",48,false,false,"ok"
"003378a0","FUN_003378a0","Global",20,false,false,"ok"
"003379c8","FUN_003379c8","Global",8,false,false,"ok"
"00337a40","FUN_00337a40","Global",16,false,false,"ok"
"00337cc8","FUN_00337cc8","Global",20,false,false,"ok"
"00337e68","FUN_00337e68","Global",12,false,false,"ok"
"00338068","FUN_00338068","Global",4,false,false,"ok"
"003381c0","FUN_003381c0","Global",40,false,false,"ok"
"00338270","FUN_00338270","Global",12,false,false,"ok"
"00338388","FUN_00338388","Global",56,false,false,"ok"
"00338400","FUN_00338400","Global",60,false,false,"ok"
"00338458","FUN_00338458","Global",32,false,false,"ok"
"003385e8","FUN_003385e8","Global",20,false,false,"ok"
"00338698","FUN_00338698","Global",16,false,false,"ok"
"003387d8","FUN_003387d8","Global",16,false,false,"ok"
"00338880","FUN_00338880","Global",4,false,false,"ok"
"003388f8","FUN_003388f8","Global",44,false,false,"ok"
"00338968","FUN_00338968","Global",8,false,false,"ok"
"00338a98","FUN_00338a98","Global",8,false,false,"ok"
"00338df8","FUN_00338df8","Global",40,false,false,"ok"
"00338ed0","FUN_00338ed0","Global",4,false,false,"ok"
"00338f68","FUN_00338f68","Global",4,false,false,"ok"
"00338fc8","FUN_00338fc8","Global",8,false,false,"ok"
"00339038","FUN_00339038","Global",64,false,false,"ok"
"00339098","FUN_00339098","Global",52,false,false,"ok"
"003391b0","FUN_003391b0","Global",36,false,false,"ok"
"00339260","FUN_00339260","Global",44,false,false,"ok"
"003392a0","FUN_003392a0","Global",44,false,false,"ok"
"003392e0","FUN_003392e0","Global",44,false,false,"ok"
"00339320","FUN_00339320","Global",44,false,false,"ok"
"00339450","FUN_00339450","Global",80,false,false,"ok"
"00339ad8","FUN_00339ad8","Global",16,false,false,"ok"
"00339e40","FUN_00339e40","Global",68,false,false,"ok"
"00339e98","FUN_00339e98","Global",1,false,false,"ok"
"00339ea0","FUN_00339ea0","Global",8,false,false,"ok"
"0033a068","FUN_0033a068","Global",56,false,false,"ok"
"0033a0e0","FUN_0033a0e0","Global",60,false,false,"ok"
"0033a148","FUN_0033a148","Global",80,false,false,"ok"
"0033a1a8","FUN_0033a1a8","Global",52,false,false,"ok"
"0033a1e8","FUN_0033a1e8","Global",8,false,false,"ok"
"0033a2b0","FUN_0033a2b0","Global",4,false,false,"ok"
"0033a348","FUN_0033a348","Global",8,false,false,"ok"
"0033a3a0","FUN_0033a3a0","Global",24,false,false,"ok"
"0033a3c0","FUN_0033a3c0","Global",8,false,false,"ok"
"0033a440","FUN_0033a440","Global",16,false,false,"ok"
"0033a548","FUN_0033a548","Global",28,false,false,"ok"
"0033a948","FUN_0033a948","Global",32,false,false,"ok"
"0033a970","FUN_0033a970","Global",24,false,false,"ok"
"0033a9a8","FUN_0033a9a8","Global",24,false,false,"ok"
"0033ac08","FUN_0033ac08","Global",80,false,false,"ok"
"0033ae58","FUN_0033ae58","Global",20,false,false,"ok"
"0033aff8","FUN_0033aff8","Global",196,false,false,"ok"
"0033b0f8","FUN_0033b0f8","Global",20,false,false,"ok"
"0033b1a0","FUN_0033b1a0","Global",12,false,false,"ok"
"0033b490","FUN_0033b490","Global",4,false,false,"ok"
"0033b7c0","FUN_0033b7c0","Global",44,false,false,"ok"
"0033b820","FUN_0033b820","Global",4,false,false,"ok"
"0033b958","FUN_0033b958","Global",48,false,false,"ok"
"0033b998","FUN_0033b998","Global",24,false,false,"ok"
"0033ba30","FUN_0033ba30","Global",4,false,false,"ok"
"0033ba88","FUN_0033ba88","Global",4,false,false,"ok"
"0033bbd0","FUN_0033bbd0","Global",24,false,false,"ok"
"0033bdf0","FUN_0033bdf0","Global",16,false,false,"ok"
"0033bf78","FUN_0033bf78","Global",8,false,false,"ok"
"0033c260","FUN_0033c260","Global",44,false,false,"ok"
"0033c2c0","FUN_0033c2c0","Global",4,false,false,"ok"
"0033c380","FUN_0033c380","Global",8,false,false,"ok"
"0033c3f8","FUN_0033c3f8","Global",20,false,false,"ok"
"0033c4d0","FUN_0033c4d0","Global",16,false,false,"ok"
"0033c578","FUN_0033c578","Global",24,false,false,"ok"
"0033c650","FUN_0033c650","Global",20,false,false,"ok"
"0033c678","FUN_0033c678","Global",1156,false,false,"ok"
"0033cf40","FUN_0033cf40","Global",12,false,false,"ok"
"0033d118","FUN_0033d118","Global",8,false,false,"ok"
"0033d658","FUN_0033d658","Global",12,false,false,"ok"
"0033d830","FUN_0033d830","Global",16,false,false,"ok"
"0033d980","FUN_0033d980","Global",4,false,false,"ok"
"0033dae0","FUN_0033dae0","Global",24,false,false,"ok"
"0033db00","FUN_0033db00","Global",24,false,false,"ok"
"0033db20","FUN_0033db20","Global",28,false,false,"ok"
"0033db58","FUN_0033db58","Global",24,false,false,"ok"
"0033db98","FUN_0033db98","Global",32,false,false,"ok"
"0033dbf8","FUN_0033dbf8","Global",56,false,false,"ok"
"0033dc40","FUN_0033dc40","Global",88,false,false,"ok"
"0033dca8","FUN_0033dca8","Global",252,false,false,"ok"
"0033ddb8","FUN_0033ddb8","Global",8,false,false,"ok"
"0033de88","FUN_0033de88","Global",8,false,false,"ok"
"0033df58","FUN_0033df58","Global",56,false,false,"ok"
"0033dfd0","FUN_0033dfd0","Global",72,false,false,"ok"
"0033e058","FUN_0033e058","Global",16,false,false,"ok"
"0033e0c0","FUN_0033e0c0","Global",60,false,false,"ok"
"0033e140","FUN_0033e140","Global",96,false,false,"ok"
"0033e1b0","FUN_0033e1b0","Global",16,false,false,"ok"
"0033e208","FUN_0033e208","Global",4,false,false,"ok"
"0033e268","FUN_0033e268","Global",40,false,false,"ok"
"0033e458","FUN_0033e458","Global",48,false,false,"ok"
"0033e4a8","FUN_0033e4a8","Global",36,false,false,"ok"
"0033e4e8","FUN_0033e4e8","Global",44,false,false,"ok"
"0033e558","FUN_0033e558","Global",44,false,false,"ok"
"0033e5c8","FUN_0033e5c8","Global",16,false,false,"ok"
"0033e630","FUN_0033e630","Global",44,false,false,"ok"
"0033e6a0","FUN_0033e6a0","Global",44,false,false,"ok"
"0033e710","FUN_0033e710","Global",16,false,false,"ok"
"0033e778","FUN_0033e778","Global",8,false,false,"ok"
"0033e840","FUN_0033e840","Global",108,false,false,"ok"
"0033e950","FUN_0033e950","Global",16,false,false,"ok"
"0033e9d8","FUN_0033e9d8","Global",12,false,false,"ok"
"0033eb28","FUN_0033eb28","Global",12,false,false,"ok"
"0033ec80","FUN_0033ec80","Global",48,false,false,"ok"
"0033ece8","FUN_0033ece8","Global",56,false,false,"ok"
"0033ed38","FUN_0033ed38","Global",28,false,false,"ok"
"0033edf0","FUN_0033edf0","Global",8,false,false,"ok"
"0033ee78","FUN_0033ee78","Global",8,false,false,"ok"
"0033ef00","FUN_0033ef00","Global",20,false,false,"ok"
"0033f010","FUN_0033f010","Global",28,false,false,"ok"
"0033f038","FUN_0033f038","Global",40,false,false,"ok"
"0033f070","FUN_0033f070","Global",16,false,false,"ok"
"0033f1c0","FUN_0033f1c0","Global",204,false,false,"ok"
"0033f298","FUN_0033f298","Global",16,false,false,"ok"
"0033f310","FUN_0033f310","Global",36,false,false,"ok"
"0033f390","FUN_0033f390","Global",36,false,false,"ok"
"0033f410","FUN_0033f410","Global",36,false,false,"ok"
"0033f490","FUN_0033f490","Global",36,false,false,"ok"
"0033f510","FUN_0033f510","Global",40,false,false,"ok"
"0033f648","FUN_0033f648","Global",20,false,false,"ok"
"0033f710","FUN_0033f710","Global",8,false,false,"ok"
"0033f7b8","FUN_0033f7b8","Global",8,false,false,"ok"
"0033f828","FUN_0033f828","Global",8,false,false,"ok"
"0033f920","FUN_0033f920","Global",20,false,false,"ok"
"0033fa30","FUN_0033fa30","Global",4,false,false,"ok"
"0033fac0","FUN_0033fac0","Global",52,false,false,"ok"
"0033fb00","FUN_0033fb00","Global",16,false,false,"ok"
"0033fb70","FUN_0033fb70","Global",72,false,false,"ok"
"0033fbc8","FUN_0033fbc8","Global",40,false,false,"ok"
"0033fc00","FUN_0033fc00","Global",32,false,false,"ok"
"0033fca0","FUN_0033fca0","Global",32,false,false,"ok"
"0033fd60","FUN_0033fd60","Global",32,false,false,"ok"
"0033fe10","FUN_0033fe10","Global",12,false,false,"ok"
"0033fe90","FUN_0033fe90","Global",56,false,false,"ok"
"0033ff08","FUN_0033ff08","Global",56,false,false,"ok"
"0033ff50","FUN_0033ff50","Global",4,false,false,"ok"
"0033ffe0","FUN_0033ffe0","Global",16,false,false,"ok"
"00340048","FUN_00340048","Global",60,false,false,"ok"
"003400d0","FUN_003400d0","Global",4,false,false,"ok"
"00340128","FUN_00340128","Global",8,false,false,"ok"
"003401d0","FUN_003401d0","Global",52,false,false,"ok"
"00340370","FUN_00340370","Global",20,false,false,"ok"
"003404a0","FUN_003404a0","Global",4,false,false,"ok"
"00340978","FUN_00340978","Global",24,false,false,"ok"
"00340e50","FUN_00340e50","Global",16,false,false,"ok"
"00341158","FUN_00341158","Global",24,false,false,"ok"
"00341280","FUN_00341280","Global",8,false,false,"ok"
"00341410","FUN_00341410","Global",12,false,false,"ok"
"003415d0","FUN_003415d0","Global",4,false,false,"ok"
"00341978","FUN_00341978","Global",24,false,false,"ok"
"00341bf8","FUN_00341bf8","Global",496,false,false,"ok"
"00341e20","FUN_00341e20","Global",24,false,false,"ok"
"00341ec0","FUN_00341ec0","Global",24,false,false,"ok"
"00341f30","FUN_00341f30","Global",12,false,false,"ok"
"00342040","FUN_00342040","Global",60,false,false,"ok"
"00342090","FUN_00342090","Global",4,false,false,"ok"
"003421b0","FUN_003421b0","Global",16,false,false,"ok"
"003422a8","FUN_003422a8","Global",20,false,false,"ok"
"003423f0","FUN_003423f0","Global",8,false,false,"ok"
"00342428","FUN_00342428","Global",40,false,false,"ok"
"00342700","FUN_00342700","Global",40,false,false,"ok"
"00342760","FUN_00342760","Global",8,false,false,"ok"
"00342968","FUN_00342968","Global",8,false,false,"ok"
"003429c8","FUN_003429c8","Global",8,false,false,"ok"
"00342ab0","FUN_00342ab0","Global",4,false,false,"ok"
"00342c00","FUN_00342c00","Global",8,false,false,"ok"
"00342c68","FUN_00342c68","Global",8,false,false,"ok"
"00342cd0","FUN_00342cd0","Global",4,false,false,"ok"
"00342de0","FUN_00342de0","Global",4,false,false,"ok"
"00342e90","FUN_00342e90","Global",12,false,false,"ok"
"00342f38","FUN_00342f38","Global",32,false,false,"ok"
"00343020","FUN_00343020","Global",16,false,false,"ok"
"00343120","FUN_00343120","Global",12,false,false,"ok"
"003431a8","FUN_003431a8","Global",72,false,false,"ok"
"003431f8","FUN_003431f8","Global",8,false,false,"ok"
"00343298","FUN_00343298","Global",8,false,false,"ok"
"003432d8","FUN_003432d8","Global",8,false,false,"ok"
"00343318","FUN_00343318","Global",40,false,false,"ok"
"00343350","FUN_00343350","Global",8,false,false,"ok"
"003433c8","FUN_003433c8","Global",84,false,false,"ok"
"00343460","FUN_00343460","Global",16,false,false,"ok"
"00343508","FUN_00343508","Global",20,false,false,"ok"
"00343570","FUN_00343570","Global",56,false,false,"ok"
"003435b0","FUN_003435b0","Global",48,false,false,"ok"
"00343628","FUN_00343628","Global",60,false,false,"ok"
"00343670","FUN_00343670","Global",56,false,false,"ok"
"003436e8","FUN_003436e8","Global",16,false,false,"ok"
"00343a50","FUN_00343a50","Global",44,false,false,"ok"
"00343cd0","FUN_00343cd0","Global",28,false,false,"ok"
"00344018","FUN_00344018","Global",12,false,false,"ok"
"00344130","FUN_00344130","Global",16,false,false,"ok"
"00344310","FUN_00344310","Global",12,false,false,"ok"
"00344378","FUN_00344378","Global",16,false,false,"ok"
"00344440","FUN_00344440","Global",28,false,false,"ok"
"00344508","FUN_00344508","Global",4,false,false,"ok"
"00344590","FUN_00344590","Global",16,false,false,"ok"
"00344618","FUN_00344618","Global",4,false,false,"ok"
"00344de8","FUN_00344de8","Global",8,false,false,"ok"
"00345060","FUN_00345060","Global",4,false,false,"ok"
"00345740","FUN_00345740","Global",8,false,false,"ok"
"00345d00","FUN_00345d00","Global",104,false,false,"ok"
"00345e48","FUN_00345e48","Global",20,false,false,"ok"
"00345fe0","FUN_00345fe0","Global",8,false,false,"ok"
"003461e0","FUN_003461e0","Global",20,false,false,"ok"
"00346218","FUN_00346218","Global",20,false,false,"ok"
"003462c0","FUN_003462c0","Global",56,false,false,"ok"
"00346300","FUN_00346300","Global",44,false,false,"ok"
"00346388","FUN_00346388","Global",20,false,false,"ok"
"003463a8","FUN_003463a8","Global",16,false,false,"ok"
"003463c0","FUN_003463c0","Global",20,false,false,"ok"
"003463e0","FUN_003463e0","Global",8,false,false,"ok"
"00346480","FUN_00346480","Global",8,false,false,"ok"
"00346530","FUN_00346530","Global",16,false,false,"ok"
"003465e8","FUN_003465e8","Global",20,false,false,"ok"
"00346698","FUN_00346698","Global",8,false,false,"ok"
"00346720","FUN_00346720","Global",52,false,false,"ok"
"003467d0","FUN_003467d0","Global",52,false,false,"ok"
"003468a8","FUN_003468a8","Global",208,false,false,"ok"
"00346998","FUN_00346998","Global",16,false,false,"ok"
"003469b0","FUN_003469b0","Global",20,false,false,"ok"
"003469d0","FUN_003469d0","Global",16,false,false,"ok"
"00346a40","FUN_00346a40","Global",16,false,false,"ok"
"00346ab8","FUN_00346ab8","Global",56,false,false,"ok"
"00346b00","FUN_00346b00","Global",56,false,false,"ok"
"00346ba8","FUN_00346ba8","Global",20,false,false,"ok"
"00346c48","FUN_00346c48","Global",64,false,false,"ok"
"00346c90","FUN_00346c90","Global",12,false,false,"ok"
"00346d18","FUN_00346d18","Global",100,false,false,"ok"
"003470d8","FUN_003470d8","Global",876,false,false,"ok"
"00347560","FUN_00347560","Global",800,false,false,"ok"
"00347980","FUN_00347980","Global",844,false,false,"ok"
"00347d70","FUN_00347d70","Global",876,false,false,"ok"
"00348608","FUN_00348608","Global",32,false,false,"ok"
"00348840","FUN_00348840","Global",32,false,false,"ok"
"00348a30","FUN_00348a30","Global",4,false,false,"ok"
"00348cc8","FUN_00348cc8","Global",324,false,false,"ok"
"00348e78","FUN_00348e78","Global",316,false,false,"ok"
"00349018","FUN_00349018","Global",304,false,false,"ok"
"003491b0","FUN_003491b0","Global",32,false,false,"ok"
"00349450","FUN_00349450","Global",28,false,false,"ok"
"00349688","FUN_00349688","Global",8,false,false,"ok"
"003499c0","FUN_003499c0","Global",24,false,false,"ok"
"00349cd8","FUN_00349cd8","Global",8,false,false,"ok"
"00349ef8","FUN_00349ef8","Global",8,false,false,"ok"
"0034a128","FUN_0034a128","Global",8,false,false,"ok"
"0034a7f0","FUN_0034a7f0","Global",96,false,false,"ok"
"0034aa10","FUN_0034aa10","Global",20,false,false,"ok"
"0034aef0","FUN_0034aef0","Global",8,false,false,"ok"
"0034b130","FUN_0034b130","Global",32,false,false,"ok"
"0034b3e0","FUN_0034b3e0","Global",344,false,false,"ok"
"0034ba00","FUN_0034ba00","Global",36,false,false,"ok"
"0034c428","FUN_0034c428","Global",8,false,false,"ok"
"0034cad8","FUN_0034cad8","Global",276,false,false,"ok"
"0034cc00","FUN_0034cc00","Global",12,false,false,"ok"
"0034cd20","FUN_0034cd20","Global",8,false,false,"ok"
"0034cef8","FUN_0034cef8","Global",20,false,false,"ok"
"0034cff8","FUN_0034cff8","Global",4,false,false,"ok"
"0034d140","FUN_0034d140","Global",60,false,false,"ok"
"0034d188","FUN_0034d188","Global",24,false,false,"ok"
"0034d2a8","FUN_0034d2a8","Global",24,false,false,"ok"
"0034d818","FUN_0034d818","Global",12,false,false,"ok"
"0034da88","FUN_0034da88","Global",20,false,false,"ok"
"0034df00","FUN_0034df00","Global",8,false,false,"ok"
"0034e118","FUN_0034e118","Global",12,false,false,"ok"
"0034e290","FUN_0034e290","Global",12,false,false,"ok"
"0034e460","FUN_0034e460","Global",4,false,false,"ok"
"0034e5f8","FUN_0034e5f8","Global",604,false,false,"ok"
"0034eaf8","FUN_0034eaf8","Global",4,false,false,"ok"
"0034f110","FUN_0034f110","Global",4,false,false,"ok"
"0034f378","FUN_0034f378","Global",4,false,false,"ok"
"0034f570","FUN_0034f570","Global",8,false,false,"ok"
"0034f6a0","FUN_0034f6a0","Global",4,false,false,"ok"
"0034f880","FUN_0034f880","Global",24,false,false,"ok"
"0034fb70","FUN_0034fb70","Global",1,false,false,"ok"
"0034fb78","FUN_0034fb78","Global",1,false,false,"ok"
"0034fb80","FUN_0034fb80","Global",12,false,false,"ok"
"0034fc98","FUN_0034fc98","Global",212,false,false,"ok"
"0034fd78","FUN_0034fd78","Global",4,false,false,"ok"
"0034fe60","FUN_0034fe60","Global",132,false,false,"ok"
"0034fef8","FUN_0034fef8","Global",64,false,false,"ok"
"0034ff40","FUN_0034ff40","Global",44,false,false,"ok"
"0034ff80","FUN_0034ff80","Global",92,false,false,"ok"
"0034ffe8","FUN_0034ffe8","Global",8,false,false,"ok"
"00350a80","FUN_00350a80","Global",56,false,false,"ok"
"00350e90","FUN_00350e90","Global",56,false,false,"ok"
"00351088","FUN_00351088","Global",8,false,false,"ok"
"00351a88","FUN_00351a88","Global",8,false,false,"ok"
"00351ee8","FUN_00351ee8","Global",80,false,false,"ok"
"00352468","FUN_00352468","Global",40,false,false,"ok"
"00353768","FUN_00353768","Global",60,false,false,"ok"
"003552a8","FUN_003552a8","Global",8,false,false,"ok"
"00355ac8","FUN_00355ac8","Global",12,false,false,"ok"
"00355ce0","FUN_00355ce0","Global",8,false,false,"ok"
"00355fc8","FUN_00355fc8","Global",8,false,false,"ok"
"00356380","FUN_00356380","Global",8,false,false,"ok"
"00356660","FUN_00356660","Global",8,false,false,"ok"
"00356a10","FUN_00356a10","Global",24,false,false,"ok"
"003572c0","FUN_003572c0","Global",4,false,false,"ok"
"003574d0","FUN_003574d0","Global",8,false,false,"ok"
"003577b8","FUN_003577b8","Global",8,false,false,"ok"
"00357b00","FUN_00357b00","Global",32,false,false,"ok"
"00357bf0","FUN_00357bf0","Global",4,false,false,"ok"
"00357e20","FUN_00357e20","Global",76,false,false,"ok"
"00357f98","FUN_00357f98","Global",4,false,false,"ok"
"00358288","FUN_00358288","Global",216,false,false,"ok"
"00358378","FUN_00358378","Global",24,false,false,"ok"
"00358df0","FUN_00358df0","Global",8,false,false,"ok"
"00359b00","FUN_00359b00","Global",8,false,false,"ok"
"00359ea0","FUN_00359ea0","Global",52,false,false,"ok"
"00359fd8","FUN_00359fd8","Global",88,false,false,"ok"
"0035a108","FUN_0035a108","Global",468,false,false,"ok"
"0035a2e8","FUN_0035a2e8","Global",484,false,false,"ok"
"0035a4d8","FUN_0035a4d8","Global",204,false,false,"ok"
"0035a5b0","FUN_0035a5b0","Global",8,false,false,"ok"
"0035acd0","FUN_0035acd0","Global",32,false,false,"ok"
"0035ad28","FUN_0035ad28","Global",4,false,false,"ok"
"0035adb8","FUN_0035adb8","Global",48,false,false,"ok"
"0035ae70","FUN_0035ae70","Global",12,false,false,"ok"
"0035b1b0","FUN_0035b1b0","Global",1,false,false,"ok"
"0035b1b8","FUN_0035b1b8","Global",176,false,false,"ok"
"0035b270","FUN_0035b270","Global",12,false,false,"ok"
"0035b2e8","FUN_0035b2e8","Global",4,false,false,"ok"
"0035b360","FUN_0035b360","Global",152,false,false,"ok"
"0035b418","FUN_0035b418","Global",128,false,false,"ok"
"0035b4c0","FUN_0035b4c0","Global",8,false,false,"ok"
"0035b578","FUN_0035b578","Global",4,false,false,"ok"
"0035b6d8","FUN_0035b6d8","Global",8,false,false,"ok"
"0035b9c0","FUN_0035b9c0","Global",316,false,false,"ok"
"0035bc18","FUN_0035bc18","Global",4,false,false,"ok"
"0035bd90","FUN_0035bd90","Global",116,false,false,"ok"
"0035bed8","FUN_0035bed8","Global",8,false,false,"ok"
"0035c620","FUN_0035c620","Global",8,false,false,"ok"
"0035ca68","FUN_0035ca68","Global",8,false,false,"ok"
"0035e620","FUN_0035e620","Global",12,false,false,"ok"
"0035fc80","FUN_0035fc80","Global",12,false,false,"ok"
"00361698","FUN_00361698","Global",96,false,false,"ok"
"00361708","FUN_00361708","Global",44,false,false,"ok"
"00361748","FUN_00361748","Global",60,false,false,"ok"
"003617c8","FUN_003617c8","Global",8,false,false,"ok"
"00361950","FUN_00361950","Global",4,false,false,"ok"
"00362898","FUN_00362898","Global",60,false,false,"ok"
"003630a8","FUN_003630a8","Global",28,false,false,"ok"
"00363980","FUN_00363980","Global",16,false,false,"ok"
"00363c40","FUN_00363c40","Global",28,false,false,"ok"
"00363fc8","FUN_00363fc8","Global",24,false,false,"ok"
"00364320","FUN_00364320","Global",40,false,false,"ok"
"003646b8","FUN_003646b8","Global",16,false,false,"ok"
"00364820","FUN_00364820","Global",20,false,false,"ok"
"003649d0","FUN_003649d0","Global",4,false,false,"ok"
"00364d60","FUN_00364d60","Global",4,false,false,"ok"
"00365380","FUN_00365380","Global",8,false,false,"ok"
"00365630","FUN_00365630","Global",8,false,false,"ok"
"003658b8","FUN_003658b8","Global",20,false,false,"ok"
"00365c68","FUN_00365c68","Global",20,false,false,"ok"
"003662d8","FUN_003662d8","Global",8,false,false,"ok"
"003665a8","FUN_003665a8","Global",12,false,false,"ok"
"00366b58","FUN_00366b58","Global",72,false,false,"ok"
"00366ba8","FUN_00366ba8","Global",1,false,false,"ok"
"00366fb8","FUN_00366fb8","Global",4,false,false,"ok"
"003671b0","FUN_003671b0","Global",8,false,false,"ok"
"003673e8","FUN_003673e8","Global",1,false,false,"ok"
"00367748","FUN_00367748","Global",12,false,false,"ok"
"00368058","FUN_00368058","Global",28,false,false,"ok"
"00368578","FUN_00368578","Global",220,false,false,"ok"
"00368678","FUN_00368678","Global",168,false,false,"ok"
"003687a8","FUN_003687a8","Global",8,false,false,"ok"
"00368b58","FUN_00368b58","Global",20,false,false,"ok"
"00368f68","FUN_00368f68","Global",8,false,false,"ok"
"00369168","FUN_00369168","Global",452,false,false,"ok"
"003694f8","FUN_003694f8","Global",20,false,false,"ok"
"00369740","FUN_00369740","Global",12,false,false,"ok"
"003698b0","FUN_003698b0","Global",32,false,false,"ok"
"00369970","FUN_00369970","Global",24,false,false,"ok"
"00369ac0","FUN_00369ac0","Global",32,false,false,"ok"
"00369ae8","FUN_00369ae8","Global",8,false,false,"ok"
"00369b80","FUN_00369b80","Global",8,false,false,"ok"
"00369c50","FUN_00369c50","Global",1,false,false,"ok"
"00369e18","FUN_00369e18","Global",160,false,false,"ok"
"00369fa8","FUN_00369fa8","Global",36,false,false,"ok"
"0036a130","FUN_0036a130","Global",136,false,false,"ok"
"0036a3c8","FUN_0036a3c8","Global",24,false,false,"ok"
"0036a488","FUN_0036a488","Global",8,false,false,"ok"
"0036a500","FUN_0036a500","Global",8,false,false,"ok"
"0036a5a8","FUN_0036a5a8","Global",60,false,false,"ok"
"0036a5f8","FUN_0036a5f8","Global",8,false,false,"ok"
"0036a6f0","FUN_0036a6f0","Global",16,false,false,"ok"
"0036a820","FUN_0036a820","Global",8,false,false,"ok"
"0036a920","FUN_0036a920","Global",60,false,false,"ok"
"0036a970","FUN_0036a970","Global",24,false,false,"ok"
"0036a9a0","FUN_0036a9a0","Global",28,false,false,"ok"
"0036a9d8","FUN_0036a9d8","Global",12,false,false,"ok"
"0036ab80","FUN_0036ab80","Global",8,false,false,"ok"
"0036ae28","FUN_0036ae28","Global",4,false,false,"ok"
"0036b118","FUN_0036b118","Global",76,false,false,"ok"
"0036b1d0","FUN_0036b1d0","Global",4,false,false,"ok"
"0036b5e8","FUN_0036b5e8","Global",28,false,false,"ok"
"0036b730","FUN_0036b730","Global",44,false,false,"ok"
"0036b790","FUN_0036b790","Global",8,false,false,"ok"
"0036b820","FUN_0036b820","Global",20,false,false,"ok"
"0036b968","FUN_0036b968","Global",24,false,false,"ok"
"0036ba80","FUN_0036ba80","Global",16,false,false,"ok"
"0036bb18","FUN_0036bb18","Global",16,false,false,"ok"
"0036bbb0","FUN_0036bbb0","Global",16,false,false,"ok"
"0036bc48","FUN_0036bc48","Global",8,false,false,"ok"
"0036bcc0","FUN_0036bcc0","Global",24,false,false,"ok"
"0036bd18","FUN_0036bd18","Global",32,false,false,"ok"
"0036bd58","FUN_0036bd58","Global",8,false,false,"ok"
"0036bf88","FUN_0036bf88","Global",32,false,false,"ok"
"0036c228","FUN_0036c228","Global",8,false,false,"ok"
"0036c698","FUN_0036c698","Global",12,false,false,"ok"
"0036ca78","FUN_0036ca78","Global",4,false,false,"ok"
"0036cc58","FUN_0036cc58","Global",8,false,false,"ok"
"0036d030","FUN_0036d030","Global",616,false,false,"ok"
"0036d4b0","FUN_0036d4b0","Global",4,false,false,"ok"
"0036ded8","FUN_0036ded8","Global",20,false,false,"ok"
"0036e068","FUN_0036e068","Global",24,false,false,"ok"
"0036e378","FUN_0036e378","Global",24,false,false,"ok"
"0036e518","FUN_0036e518","Global",16,false,false,"ok"
"0036ee40","FUN_0036ee40","Global",28,false,false,"ok"
"0036f050","FUN_0036f050","Global",136,false,false,"ok"
"0036f0f0","FUN_0036f0f0","Global",44,false,false,"ok"
"0036f230","FUN_0036f230","Global",4,false,false,"ok"
"0036f310","FUN_0036f310","Global",1,false,false,"ok"
"0036f318","FUN_0036f318","Global",16,false,false,"ok"
"0036f3c0","FUN_0036f3c0","Global",8,false,false,"ok"
"0036f468","FUN_0036f468","Global",20,false,false,"ok"
"0036f720","FUN_0036f720","Global",76,false,false,"ok"
"0036f950","FUN_0036f950","Global",28,false,false,"ok"
"0036fcc0","FUN_0036fcc0","Global",8,false,false,"ok"
"00370460","FUN_00370460","Global",8,false,false,"ok"
"00370ac8","FUN_00370ac8","Global",16,false,false,"ok"
"00370ec0","FUN_00370ec0","Global",20,false,false,"ok"
"00371468","FUN_00371468","Global",4,false,false,"ok"
"003715a0","FUN_003715a0","Global",8,false,false,"ok"
"003715f0","FUN_003715f0","Global",16,false,false,"ok"
"00371848","FUN_00371848","Global",24,false,false,"ok"
"003719e0","FUN_003719e0","Global",16,false,false,"ok"
"00371c28","FUN_00371c28","Global",16,false,false,"ok"
"00371f18","FUN_00371f18","Global",8,false,false,"ok"
"00372360","FUN_00372360","Global",40,false,false,"ok"
"003724f8","FUN_003724f8","Global",16,false,false,"ok"
"00372598","FUN_00372598","Global",4,false,false,"ok"
"00372648","FUN_00372648","Global",20,false,false,"ok"
"00372668","FUN_00372668","Global",236,false,false,"ok"
"003727d0","FUN_003727d0","Global",8,false,false,"ok"
"003729b8","FUN_003729b8","Global",76,false,false,"ok"
"00372a18","FUN_00372a18","Global",108,false,false,"ok"
"00372b58","FUN_00372b58","Global",68,false,false,"ok"
"00372ba8","FUN_00372ba8","Global",4,false,false,"ok"
"003734c8","FUN_003734c8","Global",8,false,false,"ok"
"00373668","FUN_00373668","Global",24,false,false,"ok"
"00373748","FUN_00373748","Global",8,false,false,"ok"
"003737a8","FUN_003737a8","Global",16,false,false,"ok"
"00373860","FUN_00373860","Global",44,false,false,"ok"
"00373898","FUN_00373898","Global",8,false,false,"ok"
"00373e90","FUN_00373e90","Global",20,false,false,"ok"
"00373fc0","FUN_00373fc0","Global",12,false,false,"ok"
"00374430","FUN_00374430","Global",16,false,false,"ok"
"00374810","FUN_00374810","Global",40,false,false,"ok"
"00374918","FUN_00374918","Global",16,false,false,"ok"
"00374930","FUN_00374930","Global",12,false,false,"ok"
"00374948","FUN_00374948","Global",12,false,false,"ok"
"003749d0","FUN_003749d0","Global",12,false,false,"ok"
"00374a18","FUN_00374a18","Global",4,false,false,"ok"
"00374ab0","FUN_00374ab0","Global",16,false,false,"ok"
"00374b68","FUN_00374b68","Global",8,false,false,"ok"
"00374c58","FUN_00374c58","Global",8,false,false,"ok"
"00374ce0","FUN_00374ce0","Global",20,false,false,"ok"
"00374db0","FUN_00374db0","Global",4,false,false,"ok"
"00374e80","FUN_00374e80","Global",4,false,false,"ok"
"00374f20","FUN_00374f20","Global",132,false,false,"ok"
"00374fc0","FUN_00374fc0","Global",216,false,false,"ok"
"00375250","FUN_00375250","Global",20,false,false,"ok"
"003753a8","FUN_003753a8","Global",28,false,false,"ok"
"00375588","FUN_00375588","Global",68,false,false,"ok"
"003755e0","FUN_003755e0","Global",1,false,false,"ok"
"003755e8","FUN_003755e8","Global",36,false,false,"ok"
"00375630","FUN_00375630","Global",8,false,false,"ok"
"00375918","FUN_00375918","Global",16,false,false,"ok"
"00375e20","FUN_00375e20","Global",8,false,false,"ok"
"00375fa8","FUN_00375fa8","Global",4,false,false,"ok"
"00376118","FUN_00376118","Global",8,false,false,"ok"
"003764b8","FUN_003764b8","Global",28,false,false,"ok"
"003765c0","FUN_003765c0","Global",24,false,false,"ok"
"00376800","FUN_00376800","Global",28,false,false,"ok"
"00376de8","FUN_00376de8","Global",4,false,false,"ok"
"00376f88","FUN_00376f88","Global",8,false,false,"ok"
"00376ff8","FUN_00376ff8","Global",4,false,false,"ok"
"00377088","FUN_00377088","Global",8,false,false,"ok"
"003770f8","FUN_003770f8","Global",4,false,false,"ok"
"00377188","FUN_00377188","Global",20,false,false,"ok"
"00377230","FUN_00377230","Global",20,false,false,"ok"
"003772d8","FUN_003772d8","Global",4,false,false,"ok"
"003775a8","FUN_003775a8","Global",8,false,false,"ok"
"003777b8","FUN_003777b8","Global",4,false,false,"ok"
"00377bd8","FUN_00377bd8","Global",16,false,false,"ok"
"00377d08","FUN_00377d08","Global",256,false,false,"ok"
"00377e20","FUN_00377e20","Global",20,false,false,"ok"
"00377f58","FUN_00377f58","Global",28,false,false,"ok"
"00378310","FUN_00378310","Global",4,false,false,"ok"
"003788a8","FUN_003788a8","Global",36,false,false,"ok"
"00379000","FUN_00379000","Global",48,false,false,"ok"
"003790d0","FUN_003790d0","Global",8,false,false,"ok"
"00379178","FUN_00379178","Global",8,false,false,"ok"
"003791e8","FUN_003791e8","Global",4,false,false,"ok"
"00379278","FUN_00379278","Global",104,false,false,"ok"
"00379308","FUN_00379308","Global",56,false,false,"ok"
"00379358","FUN_00379358","Global",16,false,false,"ok"
"003793d0","FUN_003793d0","Global",16,false,false,"ok"
"00379450","FUN_00379450","Global",16,false,false,"ok"
"003794d0","FUN_003794d0","Global",40,false,false,"ok"
"00379508","FUN_00379508","Global",16,false,false,"ok"
"00379608","FUN_00379608","Global",4,false,false,"ok"
"00379690","FUN_00379690","Global",28,false,false,"ok"
"003796e8","FUN_003796e8","Global",44,false,false,"ok"
"00379758","FUN_00379758","Global",44,false,false,"ok"
"003797c8","FUN_003797c8","Global",160,false,false,"ok"
"00379880","FUN_00379880","Global",16,false,false,"ok"
"00379970","FUN_00379970","Global",4,false,false,"ok"
"00379a20","FUN_00379a20","Global",4,false,false,"ok"
"00379b90","FUN_00379b90","Global",8,false,false,"ok"
"00379c90","FUN_00379c90","Global",28,false,false,"ok"
"00379cc0","FUN_00379cc0","Global",36,false,false,"ok"
"00379cf0","FUN_00379cf0","Global",36,false,false,"ok"
"00379d40","FUN_00379d40","Global",4,false,false,"ok"
"00379d90","FUN_00379d90","Global",32,false,false,"ok"
"00379db8","FUN_00379db8","Global",40,false,false,"ok"
"00379de8","FUN_00379de8","Global",20,false,false,"ok"
"00379e68","FUN_00379e68","Global",56,false,false,"ok"
"00379eb0","FUN_00379eb0","Global",56,false,false,"ok"
"00379f80","FUN_00379f80","Global",44,false,false,"ok"
"0037a040","FUN_0037a040","Global",8,false,false,"ok"
"0037a0d8","FUN_0037a0d8","Global",20,false,false,"ok"
"0037a0f8","FUN_0037a0f8","Global",20,false,false,"ok"
"0037a160","FUN_0037a160","Global",24,false,false,"ok"
"0037a1a8","FUN_0037a1a8","Global",8,false,false,"ok"
"0037a298","FUN_0037a298","Global",52,false,false,"ok"
"0037a2d8","FUN_0037a2d8","Global",52,false,false,"ok"
"0037a318","FUN_0037a318","Global",12,false,false,"ok"
"0037a3b0","FUN_0037a3b0","Global",12,false,false,"ok"
"0037a448","FUN_0037a448","Global",4,false,false,"ok"
"0037a498","FUN_0037a498","Global",4,false,false,"ok"
"0037a4f0","FUN_0037a4f0","Global",28,false,false,"ok"
"0037a518","FUN_0037a518","Global",4,false,false,"ok"
"0037a578","FUN_0037a578","Global",4,false,false,"ok"
"0037a6d0","FUN_0037a6d0","Global",8,false,false,"ok"
"0037ab40","FUN_0037ab40","Global",8,false,false,"ok"
"0037aed8","FUN_0037aed8","Global",28,false,false,"ok"
"0037b1a8","FUN_0037b1a8","Global",8,false,false,"ok"
"0037b540","FUN_0037b540","Global",12,false,false,"ok"
"0037b728","FUN_0037b728","Global",8,false,false,"ok"
"0037bbb0","FUN_0037bbb0","Global",8,false,false,"ok"
"0037c6d0","FUN_0037c6d0","Global",8,false,false,"ok"
"0037c7f0","FUN_0037c7f0","Global",96,false,false,"ok"
"0037c868","FUN_0037c868","Global",20,false,false,"ok"
"0037c8a0","FUN_0037c8a0","Global",8,false,false,"ok"
"0037c988","FUN_0037c988","Global",4,false,false,"ok"
"0037cae8","FUN_0037cae8","Global",68,false,false,"ok"
"0037cb38","FUN_0037cb38","Global",20,false,false,"ok"
"0037cb80","FUN_0037cb80","Global",4,false,false,"ok"
"0037cc58","FUN_0037cc58","Global",56,false,false,"ok"
"0037cca0","FUN_0037cca0","Global",44,false,false,"ok"
"0037cd30","FUN_0037cd30","Global",20,false,false,"ok"
"0037d080","FUN_0037d080","Global",20,false,false,"ok"
"0037d1f8","FUN_0037d1f8","Global",60,false,false,"ok"
"0037d278","FUN_0037d278","Global",8,false,false,"ok"
"0037d300","FUN_0037d300","Global",8,false,false,"ok"
"0037d3e8","FUN_0037d3e8","Global",32,false,false,"ok"
"0037d448","FUN_0037d448","Global",44,false,false,"ok"
"0037d488","FUN_0037d488","Global",40,false,false,"ok"
"0037d568","FUN_0037d568","Global",192,false,false,"ok"
"0037d660","FUN_0037d660","Global",20,false,false,"ok"
"0037d708","FUN_0037d708","Global",56,false,false,"ok"
"0037d7e0","FUN_0037d7e0","Global",20,false,false,"ok"
"0037d808","FUN_0037d808","Global",8,false,false,"ok"
"0037da78","FUN_0037da78","Global",8,false,false,"ok"
"0037ddf8","FUN_0037ddf8","Global",4,false,false,"ok"
"0037df38","FUN_0037df38","Global",16,false,false,"ok"
"0037dfa0","FUN_0037dfa0","Global",60,false,false,"ok"
"0037e020","FUN_0037e020","Global",8,false,false,"ok"
"0037e090","FUN_0037e090","Global",4,false,false,"ok"
"0037e178","FUN_0037e178","Global",8,false,false,"ok"
"0037e230","FUN_0037e230","Global",56,false,false,"ok"
"0037e2b0","FUN_0037e2b0","Global",4,false,false,"ok"
"0037e308","FUN_0037e308","Global",56,false,false,"ok"
"0037e350","FUN_0037e350","Global",44,false,false,"ok"
"0037e408","FUN_0037e408","Global",4,false,false,"ok"
"0037e460","FUN_0037e460","Global",76,false,false,"ok"
"0037e530","FUN_0037e530","Global",8,false,false,"ok"
"0037e770","FUN_0037e770","Global",8,false,false,"ok"
"0037e898","FUN_0037e898","Global",8,false,false,"ok"
"0037eae0","FUN_0037eae0","Global",4,false,false,"ok"
"0037f1a0","FUN_0037f1a0","Global",24,false,false,"ok"
"0037f2b8","FUN_0037f2b8","Global",36,false,false,"ok"
"0037f300","FUN_0037f300","Global",8,false,false,"ok"
"0037f408","FUN_0037f408","Global",12,false,false,"ok"
"0037f4d0","FUN_0037f4d0","Global",176,false,false,"ok"
"0037f5b0","FUN_0037f5b0","Global",4,false,false,"ok"
"0037f810","FUN_0037f810","Global",4,false,false,"ok"
"0037fa88","FUN_0037fa88","Global",60,false,false,"ok"
"0037fb00","FUN_0037fb00","Global",8,false,false,"ok"
"0037fc08","FUN_0037fc08","Global",4,false,false,"ok"
"0037fc68","FUN_0037fc68","Global",76,false,false,"ok"
"0037fcc0","FUN_0037fcc0","Global",8,false,false,"ok"
"0037fe28","FUN_0037fe28","Global",16,false,false,"ok"
"0037feb8","FUN_0037feb8","Global",28,false,false,"ok"
"0037ff28","FUN_0037ff28","Global",28,false,false,"ok"
"0037ff50","FUN_0037ff50","Global",32,false,false,"ok"
"003800d0","FUN_003800d0","Global",16,false,false,"ok"
"00380410","FUN_00380410","Global",12,false,false,"ok"
"00380940","FUN_00380940","Global",20,false,false,"ok"
"00380d50","FUN_00380d50","Global",48,false,false,"ok"
"00381c08","FUN_00381c08","Global",28,false,false,"ok"
"00382828","FUN_00382828","Global",24,false,false,"ok"
"00382bc0","FUN_00382bc0","Global",8,false,false,"ok"
"00383748","FUN_00383748","Global",20,false,false,"ok"
"00383a38","FUN_00383a38","Global",4,false,false,"ok"
"00383c60","FUN_00383c60","Global",8,false,false,"ok"
"00384198","FUN_00384198","Global",12,false,false,"ok"
"00384628","FUN_00384628","Global",28,false,false,"ok"
"003854d8","FUN_003854d8","Global",8,false,false,"ok"
"00385eb0","FUN_00385eb0","Global",16,false,false,"ok"
"003860f8","FUN_003860f8","Global",4,false,false,"ok"
"00386318","FUN_00386318","Global",12,false,false,"ok"
"00387470","FUN_00387470","Global",16,false,false,"ok"
"00387ec0","FUN_00387ec0","Global",8,false,false,"ok"
"00388490","FUN_00388490","Global",4,false,false,"ok"
"00388748","FUN_00388748","Global",20,false,false,"ok"
"00388768","FUN_00388768","Global",20,false,false,"ok"
"00388788","FUN_00388788","Global",20,false,false,"ok"
"003887a8","FUN_003887a8","Global",20,false,false,"ok"
"003887c8","FUN_003887c8","Global",20,false,false,"ok"
"003887e8","FUN_003887e8","Global",20,false,false,"ok"
"00388868","FUN_00388868","Global",12,false,false,"ok"
"00388938","FUN_00388938","Global",32,false,false,"ok"
"00388960","FUN_00388960","Global",20,false,false,"ok"
"00388aa8","FUN_00388aa8","Global",8,false,false,"ok"
"00388d60","FUN_00388d60","Global",12,false,false,"ok"
"00389010","FUN_00389010","Global",16,false,false,"ok"
"00389278","FUN_00389278","Global",40,false,false,"ok"
"00389620","FUN_00389620","Global",40,false,false,"ok"
"00389770","FUN_00389770","Global",16,false,false,"ok"
"00389830","FUN_00389830","Global",80,false,false,"ok"
"00389978","FUN_00389978","Global",8,false,false,"ok"
"00389a78","FUN_00389a78","Global",12,false,false,"ok"
"00389af8","FUN_00389af8","Global",16,false,false,"ok"
"00389b78","FUN_00389b78","Global",64,false,false,"ok"
"00389be8","FUN_00389be8","Global",4,false,false,"ok"
"00389c90","FUN_00389c90","Global",20,false,false,"ok"
"00389d70","FUN_00389d70","Global",16,false,false,"ok"
"00389e00","FUN_00389e00","Global",116,false,false,"ok"
"00389e88","FUN_00389e88","Global",12,false,false,"ok"
"00389f10","FUN_00389f10","Global",4,false,false,"ok"
"0038a070","FUN_0038a070","Global",16,false,false,"ok"
"0038a130","FUN_0038a130","Global",24,false,false,"ok"
"0038a1d0","FUN_0038a1d0","Global",48,false,false,"ok"
"0038a210","FUN_0038a210","Global",4,false,false,"ok"
"0038a2b0","FUN_0038a2b0","Global",24,false,false,"ok"
"0038a4a0","FUN_0038a4a0","Global",4,false,false,"ok"
"0038a568","FUN_0038a568","Global",16,false,false,"ok"
"0038a5d8","FUN_0038a5d8","Global",68,false,false,"ok"
"0038a668","FUN_0038a668","Global",36,false,false,"ok"
"0038a698","FUN_0038a698","Global",4,false,false,"ok"
"0038a8a8","FUN_0038a8a8","Global",8,false,false,"ok"
"0038ab88","FUN_0038ab88","Global",32,false,false,"ok"
"0038af68","FUN_0038af68","Global",40,false,false,"ok"
"0038b268","FUN_0038b268","Global",16,false,false,"ok"
"0038b3f8","FUN_0038b3f8","Global",12,false,false,"ok"
"0038b420","FUN_0038b420","Global",8,false,false,"ok"
"0038b478","FUN_0038b478","Global",12,false,false,"ok"
"0038b560","FUN_0038b560","Global",8,false,false,"ok"
"0038b5b8","FUN_0038b5b8","Global",24,false,false,"ok"
"0038b6a0","FUN_0038b6a0","Global",20,false,false,"ok"
"0038b798","FUN_0038b798","Global",8,false,false,"ok"
"0038b838","FUN_0038b838","Global",28,false,false,"ok"
"0038b920","FUN_0038b920","Global",12,false,false,"ok"
"0038bbc8","FUN_0038bbc8","Global",8,false,false,"ok"
"0038bcf8","FUN_0038bcf8","Global",8,false,false,"ok"
"0038bdb0","FUN_0038bdb0","Global",16,false,false,"ok"
"0038be28","FUN_0038be28","Global",4,false,false,"ok"
"0038bef0","FUN_0038bef0","Global",4,false,false,"ok"
"0038bfb8","FUN_0038bfb8","Global",4,false,false,"ok"
"0038c0e8","FUN_0038c0e8","Global",120,false,false,"ok"
"0038c168","FUN_0038c168","Global",100,false,false,"ok"
"0038c1d8","FUN_0038c1d8","Global",32,false,false,"ok"
"0038c2b8","FUN_0038c2b8","Global",8,false,false,"ok"
"0038c3a8","FUN_0038c3a8","Global",64,false,false,"ok"
"0038c3f8","FUN_0038c3f8","Global",12,false,false,"ok"
"0038c4a8","FUN_0038c4a8","Global",28,false,false,"ok"
"0038c5a8","FUN_0038c5a8","Global",52,false,false,"ok"
"0038c618","FUN_0038c618","Global",52,false,false,"ok"
"0038c658","FUN_0038c658","Global",8,false,false,"ok"
"0038c708","FUN_0038c708","Global",36,false,false,"ok"
"0038c738","FUN_0038c738","Global",60,false,false,"ok"
"0038c780","FUN_0038c780","Global",36,false,false,"ok"
"0038c7b0","FUN_0038c7b0","Global",60,false,false,"ok"
"0038c7f8","FUN_0038c7f8","Global",36,false,false,"ok"
"0038c828","FUN_0038c828","Global",60,false,false,"ok"
"0038c870","FUN_0038c870","Global",36,false,false,"ok"
"0038c8a0","FUN_0038c8a0","Global",4,false,false,"ok"
"0038c8e8","FUN_0038c8e8","Global",24,false,false,"ok"
"0038c908","FUN_0038c908","Global",20,false,false,"ok"
"0038c928","FUN_0038c928","Global",24,false,false,"ok"
"0038c958","FUN_0038c958","Global",20,false,false,"ok"
"0038c978","FUN_0038c978","Global",20,false,false,"ok"
"0038c998","FUN_0038c998","Global",24,false,false,"ok"
"0038c9c8","FUN_0038c9c8","Global",20,false,false,"ok"
"0038c9e8","FUN_0038c9e8","Global",4,false,false,"ok"
"0038ca30","FUN_0038ca30","Global",4,false,false,"ok"
"0038ca88","FUN_0038ca88","Global",32,false,false,"ok"
"0038cab8","FUN_0038cab8","Global",56,false,false,"ok"
"0038caf8","FUN_0038caf8","Global",44,false,false,"ok"
"0038cb30","FUN_0038cb30","Global",20,false,false,"ok"
"0038cbb8","FUN_0038cbb8","Global",28,false,false,"ok"
"0038ccb0","FUN_0038ccb0","Global",12,false,false,"ok"
"0038cf98","FUN_0038cf98","Global",8,false,false,"ok"
"0038db90","FUN_0038db90","Global",160,false,false,"ok"
"0038dc40","FUN_0038dc40","Global",44,false,false,"ok"
"0038dc78","FUN_0038dc78","Global",36,false,false,"ok"
"0038dca8","FUN_0038dca8","Global",36,false,false,"ok"
"0038dcd8","FUN_0038dcd8","Global",36,false,false,"ok"
"0038dd58","FUN_0038dd58","Global",4,false,false,"ok"
"0038dec8","FUN_0038dec8","Global",144,false,false,"ok"
"0038dff0","FUN_0038dff0","Global",16,false,false,"ok"
"0038e048","FUN_0038e048","Global",4,false,false,"ok"
"0038e490","FUN_0038e490","Global",32,false,false,"ok"
"0038e4b8","FUN_0038e4b8","Global",80,false,false,"ok"
"0038e6d0","FUN_0038e6d0","Global",88,false,false,"ok"
"0038e780","FUN_0038e780","Global",16,false,false,"ok"
"0038e7d8","FUN_0038e7d8","Global",108,false,false,"ok"
"0038e850","FUN_0038e850","Global",68,false,false,"ok"
"0038e8a0","FUN_0038e8a0","Global",396,false,false,"ok"
"0038f068","FUN_0038f068","Global",16,false,false,"ok"
"0038f6a8","FUN_0038f6a8","Global",24,false,false,"ok"
"0038fef8","FUN_0038fef8","Global",40,false,false,"ok"
"0038ff28","FUN_0038ff28","Global",8,false,false,"ok"
"00390048","FUN_00390048","Global",20,false,false,"ok"
"00390108","FUN_00390108","Global",8,false,false,"ok"
"003904c0","FUN_003904c0","Global",8,false,false,"ok"
"00390790","FUN_00390790","Global",4,false,false,"ok"
"00390b50","FUN_00390b50","Global",4,false,false,"ok"
"00390e28","FUN_00390e28","Global",248,false,false,"ok"
"00390f80","FUN_00390f80","Global",24,false,false,"ok"
"003910e8","FUN_003910e8","Global",8,false,false,"ok"
"00391268","FUN_00391268","Global",28,false,false,"ok"
"00391398","FUN_00391398","Global",24,false,false,"ok"
"00391748","FUN_00391748","Global",4,false,false,"ok"
"00391c68","FUN_00391c68","Global",8,false,false,"ok"
"00392188","FUN_00392188","Global",12,false,false,"ok"
"003924f8","FUN_003924f8","Global",8,false,false,"ok"
"003927e8","FUN_003927e8","Global",12,false,false,"ok"
"003928e0","FUN_003928e0","Global",16,false,false,"ok"
"00392f80","FUN_00392f80","Global",4,false,false,"ok"
"00394038","FUN_00394038","Global",60,false,false,"ok"
"00394088","FUN_00394088","Global",56,false,false,"ok"
"003940d0","FUN_003940d0","Global",8,false,false,"ok"
"00394140","FUN_00394140","Global",156,false,false,"ok"
"00394260","FUN_00394260","Global",4,false,false,"ok"
"003942b0","FUN_003942b0","Global",124,false,false,"ok"
"00394460","FUN_00394460","Global",8,false,false,"ok"
"00394528","FUN_00394528","Global",8,false,false,"ok"
"003946c0","FUN_003946c0","Global",452,false,false,"ok"
"00394b00","FUN_00394b00","Global",12,false,false,"ok"
"00394fc8","FUN_00394fc8","Global",16,false,false,"ok"
"00395048","FUN_00395048","Global",20,false,false,"ok"
"00395110","FUN_00395110","Global",48,false,false,"ok"
"00395178","FUN_00395178","Global",16,false,false,"ok"
"00395200","FUN_00395200","Global",32,false,false,"ok"
"00395668","FUN_00395668","Global",8,false,false,"ok"
"003958f8","FUN_003958f8","Global",16,false,false,"ok"
"00395a28","FUN_00395a28","Global",16,false,false,"ok"
"00395b50","FUN_00395b50","Global",8,false,false,"ok"
"00395db0","FUN_00395db0","Global",96,false,false,"ok"
"00395e28","FUN_00395e28","Global",312,false,false,"ok"
"003961a8","FUN_003961a8","Global",4,false,false,"ok"
"00396bc8","FUN_00396bc8","Global",56,false,false,"ok"
"00396c10","FUN_00396c10","Global",40,false,false,"ok"
"00396ee8","FUN_00396ee8","Global",8,false,false,"ok"
"00396f50","FUN_00396f50","Global",12,false,false,"ok"
"00397008","FUN_00397008","Global",8,false,false,"ok"
"00397130","FUN_00397130","Global",16,false,false,"ok"
"003971b0","FUN_003971b0","Global",16,false,false,"ok"
"00397230","FUN_00397230","Global",16,false,false,"ok"
"003972b0","FUN_003972b0","Global",20,false,false,"ok"
"003972d0","FUN_003972d0","Global",20,false,false,"ok"
"003972f0","FUN_003972f0","Global",20,false,false,"ok"
"00397320","FUN_00397320","Global",48,false,false,"ok"
"00397360","FUN_00397360","Global",52,false,false,"ok"
"003973e8","FUN_003973e8","Global",72,false,false,"ok"
"00397480","FUN_00397480","Global",52,false,false,"ok"
"00397508","FUN_00397508","Global",76,false,false,"ok"
"003975d8","FUN_003975d8","Global",40,false,false,"ok"
"00397640","FUN_00397640","Global",260,false,false,"ok"
"00397bb8","FUN_00397bb8","Global",60,false,false,"ok"
"00397cc0","FUN_00397cc0","Global",16,false,false,"ok"
"00397fd0","FUN_00397fd0","Global",24,false,false,"ok"
"003987d8","FUN_003987d8","Global",16,false,false,"ok"
"003989b8","FUN_003989b8","Global",8,false,false,"ok"
"00398a78","FUN_00398a78","Global",24,false,false,"ok"
"00398ad8","FUN_00398ad8","Global",4,false,false,"ok"
"00398c30","FUN_00398c30","Global",4,false,false,"ok"
"00398d18","FUN_00398d18","Global",12,false,false,"ok"
"00398fb0","FUN_00398fb0","Global",24,false,false,"ok"
"00399248","FUN_00399248","Global",20,false,false,"ok"
"00399718","FUN_00399718","Global",28,false,false,"ok"
"00399828","FUN_00399828","Global",12,false,false,"ok"
"00399c98","FUN_00399c98","Global",36,false,false,"ok"
"00399dc8","FUN_00399dc8","Global",12,false,false,"ok"
"00399f30","FUN_00399f30","Global",32,false,false,"ok"
"0039a198","FUN_0039a198","Global",8,false,false,"ok"
"0039a208","FUN_0039a208","Global",8,false,false,"ok"
"0039a278","FUN_0039a278","Global",4,false,false,"ok"
"0039a2e8","FUN_0039a2e8","Global",8,false,false,"ok"
"0039a370","FUN_0039a370","Global",8,false,false,"ok"
"0039a3d0","FUN_0039a3d0","Global",24,false,false,"ok"
"0039a5c0","FUN_0039a5c0","Global",16,false,false,"ok"
"0039a6b8","FUN_0039a6b8","Global",48,false,false,"ok"
"0039a898","FUN_0039a898","Global",16,false,false,"ok"
"0039a958","FUN_0039a958","Global",16,false,false,"ok"
"0039ab70","FUN_0039ab70","Global",8,false,false,"ok"
"0039abe0","FUN_0039abe0","Global",156,false,false,"ok"
"0039ac90","FUN_0039ac90","Global",32,false,false,"ok"
"0039acb8","FUN_0039acb8","Global",8,false,false,"ok"
"0039ad20","FUN_0039ad20","Global",12,false,false,"ok"
"0039add8","FUN_0039add8","Global",20,false,false,"ok"
"0039aea0","FUN_0039aea0","Global",40,false,false,"ok"
"0039aed0","FUN_0039aed0","Global",12,false,false,"ok"
"0039afa0","FUN_0039afa0","Global",40,false,false,"ok"
"0039afd0","FUN_0039afd0","Global",12,false,false,"ok"
"0039b250","FUN_0039b250","Global",36,false,false,"ok"
"0039b430","FUN_0039b430","Global",52,false,false,"ok"
"0039b488","FUN_0039b488","Global",52,false,false,"ok"
"0039b4e0","FUN_0039b4e0","Global",20,false,false,"ok"
"0039b500","FUN_0039b500","Global",24,false,false,"ok"
"0039b520","FUN_0039b520","Global",12,false,false,"ok"
"0039b550","FUN_0039b550","Global",4,false,false,"ok"
"0039b560","FUN_0039b560","Global",24,false,false,"ok"
"0039b580","FUN_0039b580","Global",24,false,false,"ok"
"0039b5a0","FUN_0039b5a0","Global",1,false,false,"ok"
"0039b5b0","thunk_FUN_0039b520","Global",8,false,true,"ok"
"0039b5c0","thunk_FUN_0039b500","Global",8,false,true,"ok"
"0039b5d0","FUN_0039b5d0","Global",300,false,false,"ok"
"0039b760","FUN_0039b760","Global",36,false,false,"ok"
"0039b790","FUN_0039b790","Global",408,false,false,"ok"
"0039b940","FUN_0039b940","Global",8,false,false,"ok"
"0039b950","FUN_0039b950","Global",144,false,false,"ok"
"0039ba00","FUN_0039ba00","Global",16,false,false,"ok"
"0039bb70","FUN_0039bb70","Global",16,false,false,"ok"
"0039bd20","FUN_0039bd20","Global",8,false,false,"ok"
"0039be50","FUN_0039be50","Global",1,false,false,"ok"
"0039be60","FUN_0039be60","Global",56,false,false,"ok"
"0039cc60","FUN_0039cc60","Global",16,false,false,"ok"
"0039cd40","FUN_0039cd40","Global",16,false,false,"ok"
"0039ce10","FUN_0039ce10","Global",28,false,false,"ok"
"0039cf98","FUN_0039cf98","Global",24,false,false,"ok"
"0039d1d0","FUN_0039d1d0","Global",8,false,false,"ok"
"0039d528","FUN_0039d528","Global",12,false,false,"ok"
"0039d728","FUN_0039d728","Global",24,false,false,"ok"
"0039dba8","FUN_0039dba8","Global",8,false,false,"ok"
"0039e130","FUN_0039e130","Global",20,false,false,"ok"
"0039e428","FUN_0039e428","Global",8,false,false,"ok"
"0039e4d8","FUN_0039e4d8","Global",16,false,false,"ok"
"0039e600","FUN_0039e600","Global",20,false,false,"ok"
"0039e790","FUN_0039e790","Global",8,false,false,"ok"
"0039e7a0","FUN_0039e7a0","Global",1,false,false,"ok"
"0039e7a8","FUN_0039e7a8","Global",24,false,false,"ok"
"0039e800","FUN_0039e800","Global",36,false,false,"ok"
"0039e8c8","FUN_0039e8c8","Global",16,false,false,"ok"
"0039e968","FUN_0039e968","Global",8,false,false,"ok"
"0039ea98","FUN_0039ea98","Global",52,false,false,"ok"
"0039eb68","FUN_0039eb68","Global",40,false,false,"ok"
"0039ebc0","FUN_0039ebc0","Global",8,false,false,"ok"
"0039eca8","FUN_0039eca8","Global",8,false,false,"ok"
"0039edf0","FUN_0039edf0","Global",28,false,false,"ok"
"0039ee20","FUN_0039ee20","Global",44,false,false,"ok"
"0039f000","FUN_0039f000","Global",16,false,false,"ok"
"0039f2e0","FUN_0039f2e0","Global",144,false,false,"ok"
"0039f380","FUN_0039f380","Global",528,false,false,"ok"
"0039f5b0","FUN_0039f5b0","Global",176,false,false,"ok"
"0039f670","FUN_0039f670","Global",12,false,false,"ok"
"0039f7c0","FUN_0039f7c0","Global",72,false,false,"ok"
"0039fa60","FUN_0039fa60","Global",16,false,false,"ok"
"0039fe70","FUN_0039fe70","Global",16,false,false,"ok"
"003a00c0","FUN_003a00c0","Global",12,false,false,"ok"
"003a0280","FUN_003a0280","Global",300,false,false,"ok"
"003a04a0","FUN_003a04a0","Global",8,false,false,"ok"
"003a0560","FUN_003a0560","Global",52,false,false,"ok"
"003a05a0","FUN_003a05a0","Global",104,false,false,"ok"
"003a0630","FUN_003a0630","Global",8,false,false,"ok"
"003a0740","FUN_003a0740","Global",40,false,false,"ok"
"003a0770","FUN_003a0770","Global",180,false,false,"ok"
"003a0830","FUN_003a0830","Global",528,false,false,"ok"
"003a0a50","FUN_003a0a50","Global",72,false,false,"ok"
"003a0ab0","FUN_003a0ab0","Global",16,false,false,"ok"
"003a0c10","FUN_003a0c10","Global",260,false,false,"ok"
"003a0d30","FUN_003a0d30","Global",456,false,false,"ok"
"003a0f10","FUN_003a0f10","Global",356,false,false,"ok"
"003a1090","FUN_003a1090","Global",164,false,false,"ok"
"003a1150","FUN_003a1150","Global",8,false,false,"ok"
"003a11e0","FUN_003a11e0","Global",28,false,false,"ok"
"003a1210","FUN_003a1210","Global",28,false,false,"ok"
"003a1270","FUN_003a1270","Global",28,false,false,"ok"
"003a12d0","FUN_003a12d0","Global",12,false,false,"ok"
"003a1660","FUN_003a1660","Global",28,false,false,"ok"
"003a1690","FUN_003a1690","Global",8,false,false,"ok"
"003a19f0","FUN_003a19f0","Global",336,false,false,"ok"
"003a1b70","FUN_003a1b70","Global",92,false,false,"ok"
"003a1be0","FUN_003a1be0","Global",16,false,false,"ok"
"003a1e10","FUN_003a1e10","Global",20,false,false,"ok"
"003a1e70","FUN_003a1e70","Global",28,false,false,"ok"
"003a2090","FUN_003a2090","Global",8,false,false,"ok"
"003a21f0","FUN_003a21f0","Global",20,false,false,"ok"
"003a2470","FUN_003a2470","Global",8,false,false,"ok"
"003a2650","FUN_003a2650","Global",116,false,false,"ok"
"003a26e0","FUN_003a26e0","Global",8,false,false,"ok"
"003a28c0","FUN_003a28c0","Global",124,false,false,"ok"
"003a29f0","FUN_003a29f0","Global",260,false,false,"ok"
"003a2bb0","FUN_003a2bb0","Global",8,false,false,"ok"
"003a2d90","FUN_003a2d90","Global",320,false,false,"ok"
"003a2ef0","FUN_003a2ef0","Global",228,false,false,"ok"
"003a2ff0","FUN_003a2ff0","Global",312,false,false,"ok"
"003a3140","FUN_003a3140","Global",324,false,false,"ok"
"003a32a0","FUN_003a32a0","Global",12,false,false,"ok"
"003a3460","FUN_003a3460","Global",216,false,false,"ok"
"003a36c0","FUN_003a36c0","Global",24,false,false,"ok"
"003a3e10","FUN_003a3e10","Global",52,false,false,"ok"
"003a3ff0","FUN_003a3ff0","Global",80,false,false,"ok"
"003a4050","FUN_003a4050","Global",24,false,false,"ok"
"003a4230","FUN_003a4230","Global",12,false,false,"ok"
"003a44b0","FUN_003a44b0","Global",8,false,false,"ok"
"003a4620","FUN_003a4620","Global",8,false,false,"ok"
"003a4770","FUN_003a4770","Global",8,false,false,"ok"
"003a48c0","FUN_003a48c0","Global",8,false,false,"ok"
"003a4a10","FUN_003a4a10","Global",8,false,false,"ok"
"003a4b60","FUN_003a4b60","Global",8,false,false,"ok"
"003a4cc0","FUN_003a4cc0","Global",8,false,false,"ok"
"003a4e10","FUN_003a4e10","Global",8,false,false,"ok"
"003a4f60","FUN_003a4f60","Global",8,false,false,"ok"
"003a50b0","FUN_003a50b0","Global",8,false,false,"ok"
"003a5200","FUN_003a5200","Global",244,false,false,"ok"
"003a5300","FUN_003a5300","Global",16,false,false,"ok"
"003a5720","FUN_003a5720","Global",564,false,false,"ok"
"003a5960","FUN_003a5960","Global",12,false,false,"ok"
"003a5eb0","FUN_003a5eb0","Global",12,false,false,"ok"
"003a6370","FUN_003a6370","Global",88,false,false,"ok"
"003a63e0","FUN_003a63e0","Global",1,false,false,"ok"
"003a63f0","FUN_003a63f0","Global",88,false,false,"ok"
"003a6460","FUN_003a6460","Global",1,false,false,"ok"
"003a6470","FUN_003a6470","Global",20,false,false,"ok"
"003a8150","FUN_003a8150","Global",12,false,false,"ok"
"003a9820","FUN_003a9820","Global",380,false,false,"ok"
"003a99b0","FUN_003a99b0","Global",648,false,false,"ok"
"003a9c50","FUN_003a9c50","Global",56,false,false,"ok"
"003a9c90","FUN_003a9c90","Global",492,false,false,"ok"
"003a9e90","FUN_003a9e90","Global",12,false,false,"ok"
"003aa260","FUN_003aa260","Global",24,false,false,"ok"
"003aa7e0","FUN_003aa7e0","Global",8,false,false,"ok"
"003ab050","FUN_003ab050","Global",4,false,false,"ok"
"003ab060","FUN_003ab060","Global",44,false,false,"ok"
"003ab0a0","FUN_003ab0a0","Global",44,false,false,"ok"
"003ab0e0","FUN_003ab0e0","Global",64,false,false,"ok"
"003ab130","FUN_003ab130","Global",76,false,false,"ok"
"003ab190","FUN_003ab190","Global",76,false,false,"ok"
"003ab1f0","FUN_003ab1f0","Global",76,false,false,"ok"
"003ab250","FUN_003ab250","Global",32,false,false,"ok"
"003ab860","FUN_003ab860","Global",72,false,false,"ok"
"003ab9c0","FUN_003ab9c0","Global",32,false,false,"ok"
"003ac960","FUN_003ac960","Global",16,false,false,"ok"
"003aea10","FUN_003aea10","Global",100,false,false,"ok"
"003aea80","FUN_003aea80","Global",1196,false,false,"ok"
"003af0d0","FUN_003af0d0","Global",72,false,false,"ok"
"003af120","FUN_003af120","Global",104,false,false,"ok"
"003af190","FUN_003af190","Global",100,false,false,"ok"
"003af220","FUN_003af220","Global",4,false,false,"ok"
"003af230","FUN_003af230","Global",4,false,false,"ok"
"003af540","FUN_003af540","Global",8,false,false,"ok"
"003af600","FUN_003af600","Global",16,false,false,"ok"
"003b0b60","FUN_003b0b60","Global",124,false,false,"ok"
"003b0bf0","FUN_003b0bf0","Global",20,false,false,"ok"
"003b0e50","FUN_003b0e50","Global",24,false,false,"ok"
"003b0fa0","FUN_003b0fa0","Global",144,false,false,"ok"
"003b1050","FUN_003b1050","Global",8,false,false,"ok"
"003b1870","FUN_003b1870","Global",8,false,false,"ok"
"003b1ee0","FUN_003b1ee0","Global",16,false,false,"ok"
"003b3d30","FUN_003b3d30","Global",20,false,false,"ok"
"003b4960","FUN_003b4960","Global",24,false,false,"ok"
"003b66e0","FUN_003b66e0","Global",16,false,false,"ok"
"003b6b60","FUN_003b6b60","Global",20,false,false,"ok"
"003b6b90","FUN_003b6b90","Global",68,false,false,"ok"
"003b6bf0","FUN_003b6bf0","Global",8,false,false,"ok"
"003b7170","FUN_003b7170","Global",448,false,false,"ok"
"003b8070","FUN_003b8070","Global",8,false,false,"ok"
"003b80d0","FUN_003b80d0","Global",8,false,false,"ok"
"003b8170","FUN_003b8170","Global",8,false,false,"ok"
"003b8890","FUN_003b8890","Global",16,false,false,"ok"
"003b8af0","FUN_003b8af0","Global",308,false,false,"ok"
"003b8c50","FUN_003b8c50","Global",12,false,false,"ok"
"003b8d40","FUN_003b8d40","Global",8,false,false,"ok"
"003bb780","FUN_003bb780","Global",80,false,false,"ok"
"003bb7e0","FUN_003bb7e0","Global",80,false,false,"ok"
"003bb840","FUN_003bb840","Global",8,false,false,"ok"
"003bdd00","FUN_003bdd00","Global",112,false,false,"ok"
"003bddc0","FUN_003bddc0","Global",56,false,false,"ok"
"003bde50","FUN_003bde50","Global",96,false,false,"ok"
"003bdec0","FUN_003bdec0","Global",96,false,false,"ok"
"003bdf60","FUN_003bdf60","Global",96,false,false,"ok"
"003bdfd0","FUN_003bdfd0","Global",76,false,false,"ok"
"003be060","FUN_003be060","Global",96,false,false,"ok"
"003be0d0","FUN_003be0d0","Global",76,false,false,"ok"
"003be150","FUN_003be150","Global",96,false,false,"ok"
"003be1c0","FUN_003be1c0","Global",96,false,false,"ok"
"003be250","FUN_003be250","Global",96,false,false,"ok"
"003be2c0","FUN_003be2c0","Global",76,false,false,"ok"
"003be340","FUN_003be340","Global",80,false,false,"ok"
"003be3a0","FUN_003be3a0","Global",8,false,false,"ok"
"003be440","FUN_003be440","Global",88,false,false,"ok"
"003be500","FUN_003be500","Global",80,false,false,"ok"
"003be560","FUN_003be560","Global",56,false,false,"ok"
"003be680","FUN_003be680","Global",8,false,false,"ok"
"003be830","FUN_003be830","Global",152,false,false,"ok"
"003be8f0","FUN_003be8f0","Global",116,false,false,"ok"
"003be970","FUN_003be970","Global",8,false,false,"ok"
"003becb0","FUN_003becb0","Global",264,false,false,"ok"
"003bee90","FUN_003bee90","Global",24,false,false,"ok"
"003bf800","FUN_003bf800","Global",12,false,false,"ok"
"003bfb20","FUN_003bfb20","Global",80,false,false,"ok"
"003bfb80","FUN_003bfb80","Global",140,false,false,"ok"
"003bfc18","FUN_003bfc18","Global",20,false,false,"ok"
"003bffa8","FUN_003bffa8","Global",8,false,false,"ok"
"003c0178","FUN_003c0178","Global",28,false,false,"ok"
"003c06e8","FUN_003c06e8","Global",16,false,false,"ok"
"003c08d8","FUN_003c08d8","Global",8,false,false,"ok"
"003c0ba8","FUN_003c0ba8","Global",36,false,false,"ok"
"003c0be0","FUN_003c0be0","Global",300,false,false,"ok"
"003c0e18","FUN_003c0e18","Global",116,false,false,"ok"
"003c0f28","FUN_003c0f28","Global",16,false,false,"ok"
"003c10e8","FUN_003c10e8","Global",32,false,false,"ok"
"003c1110","FUN_003c1110","Global",16,false,false,"ok"
"003c1190","FUN_003c1190","Global",20,false,false,"ok"
"003c11f8","FUN_003c11f8","Global",8,false,false,"ok"
"003c12d0","FUN_003c12d0","Global",32,false,false,"ok"
"003c1340","FUN_003c1340","Global",8,false,false,"ok"
"003c13e8","FUN_003c13e8","Global",28,false,false,"ok"
"003c1410","FUN_003c1410","Global",8,false,false,"ok"
"003c1588","FUN_003c1588","Global",40,false,false,"ok"
"003c15c0","FUN_003c15c0","Global",20,false,false,"ok"
"003c1608","FUN_003c1608","Global",16,false,false,"ok"
"003c16b8","FUN_003c16b8","Global",16,false,false,"ok"
"003c1758","FUN_003c1758","Global",24,false,false,"ok"
"003c1828","FUN_003c1828","Global",32,false,false,"ok"
"003c18f0","FUN_003c18f0","Global",52,false,false,"ok"
"003c1948","FUN_003c1948","Global",44,false,false,"ok"
"003c1988","FUN_003c1988","Global",4,false,false,"ok"
"003c1a68","FUN_003c1a68","Global",64,false,false,"ok"
"003c1ab8","FUN_003c1ab8","Global",44,false,false,"ok"
"003c1af0","FUN_003c1af0","Global",8,false,false,"ok"
"003c1b40","FUN_003c1b40","Global",56,false,false,"ok"
"003c1b88","FUN_003c1b88","Global",24,false,false,"ok"
"003c1bb8","FUN_003c1bb8","Global",24,false,false,"ok"
"003c1be8","FUN_003c1be8","Global",24,false,false,"ok"
"003c1c18","FUN_003c1c18","Global",140,false,false,"ok"
"003c1e20","FUN_003c1e20","Global",20,false,false,"ok"
"003c1f78","FUN_003c1f78","Global",8,false,false,"ok"
"003c1fe0","FUN_003c1fe0","Global",8,false,false,"ok"
"003c2078","FUN_003c2078","Global",144,false,false,"ok"
"003c2160","FUN_003c2160","Global",8,false,false,"ok"
"003c2390","FUN_003c2390","Global",12,false,false,"ok"
"003c2458","FUN_003c2458","Global",8,false,false,"ok"
"003c3108","FUN_003c3108","Global",16,false,false,"ok"
"003c3930","FUN_003c3930","Global",4,false,false,"ok"
"003c3aa0","FUN_003c3aa0","Global",80,false,false,"ok"
"003c3b60","FUN_003c3b60","Global",8,false,false,"ok"
"003c4270","FUN_003c4270","Global",8,false,false,"ok"
"003c4490","FUN_003c4490","Global",20,false,false,"ok"
"003c4580","FUN_003c4580","Global",16,false,false,"ok"
"003c46c0","FUN_003c46c0","Global",16,false,false,"ok"
"003c4930","FUN_003c4930","Global",28,false,false,"ok"
"003c4ab0","FUN_003c4ab0","Global",28,false,false,"ok"
"003c4cf0","FUN_003c4cf0","Global",24,false,false,"ok"
"003c4ee0","FUN_003c4ee0","Global",16,false,false,"ok"
"003c50c0","FUN_003c50c0","Global",12,false,false,"ok"
"003c50d0","FUN_003c50d0","Global",20,false,false,"ok"
"003c50f0","FUN_003c50f0","Global",76,false,false,"ok"
"003c5270","FUN_003c5270","Global",64,false,false,"ok"
"003c52c0","FUN_003c52c0","Global",64,false,false,"ok"
"003c5310","FUN_003c5310","Global",64,false,false,"ok"
"003c5360","FUN_003c5360","Global",64,false,false,"ok"
"003c53b0","FUN_003c53b0","Global",44,false,false,"ok"
"003c5400","FUN_003c5400","Global",60,false,false,"ok"
"003c5450","FUN_003c5450","Global",8,false,false,"ok"
"003c5570","FUN_003c5570","Global",28,false,false,"ok"
"003c5680","FUN_003c5680","Global",16,false,false,"ok"
"003c5840","FUN_003c5840","Global",12,false,false,"ok"
"003c5ab0","FUN_003c5ab0","Global",200,false,false,"ok"
"003c5bb0","FUN_003c5bb0","Global",168,false,false,"ok"
"003c5c90","FUN_003c5c90","Global",180,false,false,"ok"
"003c5d70","FUN_003c5d70","Global",544,false,false,"ok"
"003c5fa0","FUN_003c5fa0","Global",100,false,false,"ok"
"003c6150","FUN_003c6150","Global",648,false,false,"ok"
"003c6730","FUN_003c6730","Global",8,false,false,"ok"
"003c6950","FUN_003c6950","Global",20,false,false,"ok"
"003c6b20","FUN_003c6b20","Global",16,false,false,"ok"
"003c6cb0","FUN_003c6cb0","Global",24,false,false,"ok"
"003c6dc0","FUN_003c6dc0","Global",8,false,false,"ok"
"003c7040","FUN_003c7040","Global",112,false,false,"ok"
"003c7160","FUN_003c7160","Global",100,false,false,"ok"
"003c7230","FUN_003c7230","Global",228,false,false,"ok"
"003c7320","FUN_003c7320","Global",140,false,false,"ok"
"003c73c0","FUN_003c73c0","Global",168,false,false,"ok"
"003c7560","FUN_003c7560","Global",12,false,false,"ok"
"003c7680","FUN_003c7680","Global",16,false,false,"ok"
"003c7780","FUN_003c7780","Global",24,false,false,"ok"
"003c78b0","FUN_003c78b0","Global",8,false,false,"ok"
"003c7910","FUN_003c7910","Global",32,false,false,"ok"
"003c7b00","FUN_003c7b00","Global",16,false,false,"ok"
"003c7bc0","FUN_003c7bc0","Global",16,false,false,"ok"
"003c7e40","FUN_003c7e40","Global",12,false,false,"ok"
"003c8090","FUN_003c8090","Global",16,false,false,"ok"
"003c8740","FUN_003c8740","Global",100,false,false,"ok"
"003c87b0","FUN_003c87b0","Global",156,false,false,"ok"
"003c8860","FUN_003c8860","Global",16,false,false,"ok"
"003c8f20","FUN_003c8f20","Global",24,false,false,"ok"
"003c8f50","FUN_003c8f50","Global",92,false,false,"ok"
"003c8fc0","FUN_003c8fc0","Global",56,false,false,"ok"
"003c9010","FUN_003c9010","Global",424,false,false,"ok"
"003c91d0","FUN_003c91d0","Global",52,false,false,"ok"
"003c9220","thunk_FUN_00508360","Global",8,false,true,"ok"
"003c9230","thunk_FUN_005084d0","Global",8,false,true,"ok"
"003c9240","FUN_003c9240","Global",112,false,false,"ok"
"003c92c0","FUN_003c92c0","Global",80,false,false,"ok"
"003c9320","FUN_003c9320","Global",32,false,false,"ok"
"003c9720","FUN_003c9720","Global",76,false,false,"ok"
"003c9780","FUN_003c9780","Global",44,false,false,"ok"
"003c98c0","FUN_003c98c0","Global",60,false,false,"ok"
"003c9970","FUN_003c9970","Global",56,false,false,"ok"
"003c9a00","FUN_003c9a00","Global",72,false,false,"ok"
"003ca080","FUN_003ca080","Global",40,false,false,"ok"
"003ca1e0","FUN_003ca1e0","Global",20,false,false,"ok"
"003ca5b0","FUN_003ca5b0","Global",24,false,false,"ok"
"003ca910","FUN_003ca910","Global",80,false,false,"ok"
"003ca9e0","FUN_003ca9e0","Global",16,false,false,"ok"
"003caae0","FUN_003caae0","Global",8,false,false,"ok"
"003cc500","FUN_003cc500","Global",16,false,false,"ok"
"003ccfc0","FUN_003ccfc0","Global",20,false,false,"ok"
"003cd570","FUN_003cd570","Global",92,false,false,"ok"
"003cd600","FUN_003cd600","Global",60,false,false,"ok"
"003cd660","FUN_003cd660","Global",28,false,false,"ok"
"003cd8e0","FUN_003cd8e0","Global",28,false,false,"ok"
"003cdbd0","FUN_003cdbd0","Global",12,false,false,"ok"
"003cdee0","FUN_003cdee0","Global",20,false,false,"ok"
"003ceb40","FUN_003ceb40","Global",80,false,false,"ok"
"003ceba0","FUN_003ceba0","Global",52,false,false,"ok"
"003cebf0","FUN_003cebf0","Global",988,false,false,"ok"
"003cf360","FUN_003cf360","Global",36,false,false,"ok"
"003cf4c0","FUN_003cf4c0","Global",28,false,false,"ok"
"003cf5c0","FUN_003cf5c0","Global",40,false,false,"ok"
"003cf720","FUN_003cf720","Global",88,false,false,"ok"
"003cf8b0","FUN_003cf8b0","Global",88,false,false,"ok"
"003cf9b0","FUN_003cf9b0","Global",88,false,false,"ok"
"003cfa80","FUN_003cfa80","Global",88,false,false,"ok"
"003cfb60","FUN_003cfb60","Global",88,false,false,"ok"
"003cfc30","FUN_003cfc30","Global",88,false,false,"ok"
"003cfd00","FUN_003cfd00","Global",88,false,false,"ok"
"003cfde0","FUN_003cfde0","Global",84,false,false,"ok"
"003cfec0","FUN_003cfec0","Global",88,false,false,"ok"
"003cff90","FUN_003cff90","Global",88,false,false,"ok"
"003d0240","FUN_003d0240","Global",88,false,false,"ok"
"003d0370","FUN_003d0370","Global",88,false,false,"ok"
"003d0490","FUN_003d0490","Global",84,false,false,"ok"
"003d0670","FUN_003d0670","Global",88,false,false,"ok"
"003d0900","FUN_003d0900","Global",88,false,false,"ok"
"003d0d30","FUN_003d0d30","Global",88,false,false,"ok"
"003d0e90","FUN_003d0e90","Global",88,false,false,"ok"
"003d10b0","FUN_003d10b0","Global",84,false,false,"ok"
"003d11b0","FUN_003d11b0","Global",68,false,false,"ok"
"003d1230","FUN_003d1230","Global",68,false,false,"ok"
"003d12b0","FUN_003d12b0","Global",84,false,false,"ok"
"003d13e0","FUN_003d13e0","Global",84,false,false,"ok"
"003d1520","FUN_003d1520","Global",84,false,false,"ok"
"003d1620","FUN_003d1620","Global",68,false,false,"ok"
"003d16a0","FUN_003d16a0","Global",88,false,false,"ok"
"003d17c0","FUN_003d17c0","Global",88,false,false,"ok"
"003d18f0","FUN_003d18f0","Global",88,false,false,"ok"
"003d1a20","FUN_003d1a20","Global",88,false,false,"ok"
"003d1b20","FUN_003d1b20","Global",88,false,false,"ok"
"003d1e00","FUN_003d1e00","Global",68,false,false,"ok"
"003d1e70","FUN_003d1e70","Global",88,false,false,"ok"
"003d20c0","FUN_003d20c0","Global",88,false,false,"ok"
"003d21f0","FUN_003d21f0","Global",104,false,false,"ok"
"003d2270","FUN_003d2270","Global",104,false,false,"ok"
"003d22f0","FUN_003d22f0","Global",104,false,false,"ok"
"003d2370","FUN_003d2370","Global",104,false,false,"ok"
"003d23f0","FUN_003d23f0","Global",104,false,false,"ok"
"003d2470","FUN_003d2470","Global",104,false,false,"ok"
"003d24f0","FUN_003d24f0","Global",104,false,false,"ok"
"003d2570","FUN_003d2570","Global",104,false,false,"ok"
"003d25f0","FUN_003d25f0","Global",104,false,false,"ok"
"003d2670","FUN_003d2670","Global",104,false,false,"ok"
"003d26f0","FUN_003d26f0","Global",104,false,false,"ok"
"003d2770","FUN_003d2770","Global",104,false,false,"ok"
"003d27f0","FUN_003d27f0","Global",104,false,false,"ok"
"003d2870","FUN_003d2870","Global",104,false,false,"ok"
"003d28f0","FUN_003d28f0","Global",104,false,false,"ok"
"003d2970","FUN_003d2970","Global",104,false,false,"ok"
"003d29f0","FUN_003d29f0","Global",104,false,false,"ok"
"003d2a70","FUN_003d2a70","Global",104,false,false,"ok"
"003d2af0","FUN_003d2af0","Global",104,false,false,"ok"
"003d2b70","FUN_003d2b70","Global",104,false,false,"ok"
"003d2bf0","FUN_003d2bf0","Global",104,false,false,"ok"
"003d2c70","FUN_003d2c70","Global",104,false,false,"ok"
"003d2cf0","FUN_003d2cf0","Global",104,false,false,"ok"
"003d2d70","FUN_003d2d70","Global",104,false,false,"ok"
"003d2df0","FUN_003d2df0","Global",104,false,false,"ok"
"003d2e70","FUN_003d2e70","Global",104,false,false,"ok"
"003d2ef0","FUN_003d2ef0","Global",104,false,false,"ok"
"003d2f70","FUN_003d2f70","Global",104,false,false,"ok"
"003d2ff0","FUN_003d2ff0","Global",104,false,false,"ok"
"003d3070","FUN_003d3070","Global",104,false,false,"ok"
"003d30f0","FUN_003d30f0","Global",104,false,false,"ok"
"003d3170","FUN_003d3170","Global",104,false,false,"ok"
"003d31f0","FUN_003d31f0","Global",60,false,false,"ok"
"003d3240","FUN_003d3240","Global",36,false,false,"ok"
"003d3270","FUN_003d3270","Global",80,false,false,"ok"
"003d3800","FUN_003d3800","Global",36,false,false,"ok"
"003d3830","FUN_003d3830","Global",80,false,false,"ok"
"003d3af0","FUN_003d3af0","Global",36,false,false,"ok"
"003d3b20","FUN_003d3b20","Global",80,false,false,"ok"
"003d3de0","FUN_003d3de0","Global",36,false,false,"ok"
"003d3e10","FUN_003d3e10","Global",80,false,false,"ok"
"003d40d0","FUN_003d40d0","Global",8,false,false,"ok"
"003d40e0","FUN_003d40e0","Global",52,false,false,"ok"
"003d4130","FUN_003d4130","Global",12,false,false,"ok"
"003d4150","FUN_003d4150","Global",52,false,false,"ok"
"003d41a0","FUN_003d41a0","Global",44,false,false,"ok"
"003d41e0","FUN_003d41e0","Global",60,false,false,"ok"
"003d4290","FUN_003d4290","Global",12,false,false,"ok"
"003d42b0","FUN_003d42b0","Global",1,false,false,"ok"
"003d4340","FUN_003d4340","Global",8,false,false,"ok"
"003d43e0","FUN_003d43e0","Global",80,false,false,"ok"
"003d4440","FUN_003d4440","Global",20,false,false,"ok"
"003d4480","FUN_003d4480","Global",12,false,false,"ok"
"003d4640","FUN_003d4640","Global",20,false,false,"ok"
"003d4700","FUN_003d4700","Global",32,false,false,"ok"
"003d47f0","FUN_003d47f0","Global",12,false,false,"ok"
"003d4850","FUN_003d4850","Global",12,false,false,"ok"
"003d48b0","FUN_003d48b0","Global",16,false,false,"ok"
"003d4a80","FUN_003d4a80","Global",12,false,false,"ok"
"003d4cb0","FUN_003d4cb0","Global",28,false,false,"ok"
"003d4db0","FUN_003d4db0","Global",68,false,false,"ok"
"003d4e10","FUN_003d4e10","Global",32,false,false,"ok"
"003d4ea0","FUN_003d4ea0","Global",8,false,false,"ok"
"003d4f00","FUN_003d4f00","Global",4,false,false,"ok"
"003d4f10","FUN_003d4f10","Global",8,false,false,"ok"
"003d4fb0","FUN_003d4fb0","Global",36,false,false,"ok"
"003d5000","FUN_003d5000","Global",176,false,false,"ok"
"003d52b0","FUN_003d52b0","Global",68,false,false,"ok"
"003d5420","FUN_003d5420","Global",20,false,false,"ok"
"003d5500","FUN_003d5500","Global",28,false,false,"ok"
"003d55b0","FUN_003d55b0","Global",12,false,false,"ok"
"003d5660","FUN_003d5660","Global",8,false,false,"ok"
"003d5700","FUN_003d5700","Global",20,false,false,"ok"
"003d5770","FUN_003d5770","Global",168,false,false,"ok"
"003d5830","FUN_003d5830","Global",16,false,false,"ok"
"003d5950","FUN_003d5950","Global",12,false,false,"ok"
"003d59e0","FUN_003d59e0","Global",16,false,false,"ok"
"003d5b20","FUN_003d5b20","Global",12,false,false,"ok"
"003d5bc0","FUN_003d5bc0","Global",76,false,false,"ok"
"003d5c20","FUN_003d5c20","Global",12,false,false,"ok"
"003d5d50","FUN_003d5d50","Global",160,false,false,"ok"
"003d5e00","FUN_003d5e00","Global",20,false,false,"ok"
"003d5e20","FUN_003d5e20","Global",28,false,false,"ok"
"003d5e70","FUN_003d5e70","Global",24,false,false,"ok"
"003d60b0","FUN_003d60b0","Global",8,false,false,"ok"
"003d6150","FUN_003d6150","Global",20,false,false,"ok"
"003d6950","FUN_003d6950","Global",192,false,false,"ok"
"003d6a20","FUN_003d6a20","Global",168,false,false,"ok"
"003d6ae0","FUN_003d6ae0","Global",1,false,false,"ok"
"003d6af0","FUN_003d6af0","Global",24,false,false,"ok"
"003d6b10","FUN_003d6b10","Global",256,false,false,"ok"
"003d6c30","FUN_003d6c30","Global",24,false,false,"ok"
"003d6c50","FUN_003d6c50","Global",20,false,false,"ok"
"003d6fe0","FUN_003d6fe0","Global",352,false,false,"ok"
"003d7220","FUN_003d7220","Global",8,false,false,"ok"
"003d7320","FUN_003d7320","Global",84,false,false,"ok"
"003d7390","FUN_003d7390","Global",12,false,false,"ok"
"003d7530","FUN_003d7530","Global",20,false,false,"ok"
"003d7660","FUN_003d7660","Global",28,false,false,"ok"
"003d7690","FUN_003d7690","Global",112,false,false,"ok"
"003d7710","FUN_003d7710","Global",8,false,false,"ok"
"003d78e0","FUN_003d78e0","Global",160,false,false,"ok"
"003d79a0","FUN_003d79a0","Global",208,false,false,"ok"
"003d7bc0","FUN_003d7bc0","Global",36,false,false,"ok"
"003d7bf0","FUN_003d7bf0","Global",44,false,false,"ok"
"003d7c30","FUN_003d7c30","Global",28,false,false,"ok"
"003d7c60","FUN_003d7c60","Global",28,false,false,"ok"
"003d7c90","FUN_003d7c90","Global",28,false,false,"ok"
"003d7cc0","FUN_003d7cc0","Global",32,false,false,"ok"
"003d7cf0","FUN_003d7cf0","Global",36,false,false,"ok"
"003d7d20","FUN_003d7d20","Global",192,false,false,"ok"
"003d7df0","FUN_003d7df0","Global",96,false,false,"ok"
"003d7e60","FUN_003d7e60","Global",12,false,false,"ok"
"003d8350","FUN_003d8350","Global",12,false,false,"ok"
"003d8ba0","FUN_003d8ba0","Global",8,false,false,"ok"
"003d8d20","FUN_003d8d20","Global",416,false,false,"ok"
"003d8f60","FUN_003d8f60","Global",132,false,false,"ok"
"003d9040","FUN_003d9040","Global",68,false,false,"ok"
"003d90a0","FUN_003d90a0","Global",144,false,false,"ok"
"003d9140","FUN_003d9140","Global",80,false,false,"ok"
"003d91a0","FUN_003d91a0","Global",28,false,false,"ok"
"003d9790","FUN_003d9790","Global",60,false,false,"ok"
"003d9940","FUN_003d9940","Global",8,false,false,"ok"
"003d9ad0","FUN_003d9ad0","Global",16,false,false,"ok"
"003d9f90","FUN_003d9f90","Global",136,false,false,"ok"
"003da240","FUN_003da240","Global",72,false,false,"ok"
"003da2b0","FUN_003da2b0","Global",116,false,false,"ok"
"003da400","FUN_003da400","Global",184,false,false,"ok"
"003da4d0","FUN_003da4d0","Global",12,false,false,"ok"
"003da7a0","FUN_003da7a0","Global",160,false,false,"ok"
"003da860","FUN_003da860","Global",12,false,false,"ok"
"003daa30","FUN_003daa30","Global",24,false,false,"ok"
"003daf10","FUN_003daf10","Global",8,false,false,"ok"
"003db210","FUN_003db210","Global",92,false,false,"ok"
"003db280","FUN_003db280","Global",8,false,false,"ok"
"003db440","FUN_003db440","Global",40,false,false,"ok"
"003dc4b0","FUN_003dc4b0","Global",16,false,false,"ok"
"003dcfd0","FUN_003dcfd0","Global",8,false,false,"ok"
"003dd330","FUN_003dd330","Global",24,false,false,"ok"
"003dd4d0","FUN_003dd4d0","Global",16,false,false,"ok"
"003de480","FUN_003de480","Global",20,false,false,"ok"
"003de4a0","FUN_003de4a0","Global",64,false,false,"ok"
"003de4f0","FUN_003de4f0","Global",8,false,false,"ok"
"003de500","FUN_003de500","Global",12,false,false,"ok"
"003de510","FUN_003de510","Global",60,false,false,"ok"
"003de560","FUN_003de560","Global",12,false,false,"ok"
"003de770","FUN_003de770","Global",20,false,false,"ok"
"003de840","FUN_003de840","Global",68,false,false,"ok"
"003de8a0","FUN_003de8a0","Global",100,false,false,"ok"
"003de910","FUN_003de910","Global",8,false,false,"ok"
"003de970","FUN_003de970","Global",92,false,false,"ok"
"003deb30","FUN_003deb30","Global",64,false,false,"ok"
"003deb80","FUN_003deb80","Global",64,false,false,"ok"
"003debf0","FUN_003debf0","Global",68,false,false,"ok"
"003dec50","FUN_003dec50","Global",100,false,false,"ok"
"003decc0","FUN_003decc0","Global",12,false,false,"ok"
"003ded30","FUN_003ded30","Global",196,false,false,"ok"
"003deff0","FUN_003deff0","Global",56,false,false,"ok"
"003df040","FUN_003df040","Global",56,false,false,"ok"
"003df090","FUN_003df090","Global",20,false,false,"ok"
"003df0e0","FUN_003df0e0","Global",80,false,false,"ok"
"003df140","FUN_003df140","Global",12,false,false,"ok"
"003df450","FUN_003df450","Global",16,false,false,"ok"
"003df750","FUN_003df750","Global",20,false,false,"ok"
"003dfd80","FUN_003dfd80","Global",8,false,false,"ok"
"003dfe30","FUN_003dfe30","Global",8,false,false,"ok"
"003e0080","FUN_003e0080","Global",20,false,false,"ok"
"003e01f0","FUN_003e01f0","Global",8,false,false,"ok"
"003e02d0","FUN_003e02d0","Global",12,false,false,"ok"
"003e03b0","FUN_003e03b0","Global",104,false,false,"ok"
"003e0430","FUN_003e0430","Global",8,false,false,"ok"
"003e0570","FUN_003e0570","Global",12,false,false,"ok"
"003e08d0","FUN_003e08d0","Global",72,false,false,"ok"
"003e0930","FUN_003e0930","Global",12,false,false,"ok"
"003e0a20","FUN_003e0a20","Global",104,false,false,"ok"
"003e0ab0","FUN_003e0ab0","Global",12,false,false,"ok"
"003e0df0","FUN_003e0df0","Global",12,false,false,"ok"
"003e0ed0","FUN_003e0ed0","Global",104,false,false,"ok"
"003e0f50","FUN_003e0f50","Global",96,false,false,"ok"
"003e0fc0","FUN_003e0fc0","Global",12,false,false,"ok"
"003e1270","FUN_003e1270","Global",8,false,false,"ok"
"003e1340","FUN_003e1340","Global",104,false,false,"ok"
"003e13c0","FUN_003e13c0","Global",116,false,false,"ok"
"003e1450","FUN_003e1450","Global",60,false,false,"ok"
"003e14f0","FUN_003e14f0","Global",8,false,false,"ok"
"003e15c0","FUN_003e15c0","Global",104,false,false,"ok"
"003e1640","FUN_003e1640","Global",64,false,false,"ok"
"003e16b0","FUN_003e16b0","Global",8,false,false,"ok"
"003e1a10","FUN_003e1a10","Global",60,false,false,"ok"
"003e1aa0","FUN_003e1aa0","Global",12,false,false,"ok"
"003e1b30","FUN_003e1b30","Global",124,false,false,"ok"
"003e1bc0","FUN_003e1bc0","Global",24,false,false,"ok"
"003e1c00","FUN_003e1c00","Global",40,false,false,"ok"
"003e1c40","FUN_003e1c40","Global",20,false,false,"ok"
"003e1c60","FUN_003e1c60","Global",56,false,false,"ok"
"003e1cb0","FUN_003e1cb0","Global",12,false,false,"ok"
"003e1f70","FUN_003e1f70","Global",404,false,false,"ok"
"003e2140","FUN_003e2140","Global",12,false,false,"ok"
"003e2220","FUN_003e2220","Global",20,false,false,"ok"
"003e2490","FUN_003e2490","Global",12,false,false,"ok"
"003e2750","FUN_003e2750","Global",96,false,false,"ok"
"003e27c0","FUN_003e27c0","Global",12,false,false,"ok"
"003e2940","FUN_003e2940","Global",104,false,false,"ok"
"003e29c0","FUN_003e29c0","Global",28,false,false,"ok"
"003e2a30","FUN_003e2a30","Global",92,false,false,"ok"
"003e2aa0","FUN_003e2aa0","Global",352,false,false,"ok"
"003e2c50","FUN_003e2c50","Global",124,false,false,"ok"
"003e2ce0","FUN_003e2ce0","Global",8,false,false,"ok"
"003e2f40","FUN_003e2f40","Global",60,false,false,"ok"
"003e2f90","FUN_003e2f90","Global",8,false,false,"ok"
"003e34c0","FUN_003e34c0","Global",24,false,false,"ok"
"003e36a0","FUN_003e36a0","Global",8,false,false,"ok"
"003e3930","FUN_003e3930","Global",64,false,false,"ok"
"003e3980","FUN_003e3980","Global",56,false,false,"ok"
"003e3ad0","FUN_003e3ad0","Global",36,false,false,"ok"
"003e3b40","FUN_003e3b40","Global",20,false,false,"ok"
"003e4320","FUN_003e4320","Global",16,false,false,"ok"
"003e52e0","FUN_003e52e0","Global",28,false,false,"ok"
"003e5330","FUN_003e5330","Global",8,false,false,"ok"
"003e53a0","FUN_003e53a0","Global",80,false,false,"ok"
"003e5400","FUN_003e5400","Global",12,false,false,"ok"
"003e5480","FUN_003e5480","Global",104,false,false,"ok"
"003e5500","FUN_003e5500","Global",68,false,false,"ok"
"003e56c0","FUN_003e56c0","Global",8,false,false,"ok"
"003e5730","FUN_003e5730","Global",140,false,false,"ok"
"003e5910","FUN_003e5910","Global",28,false,false,"ok"
"003e5970","FUN_003e5970","Global",104,false,false,"ok"
"003e59f0","FUN_003e59f0","Global",32,false,false,"ok"
"003e5a80","FUN_003e5a80","Global",8,false,false,"ok"
"003e5af0","FUN_003e5af0","Global",104,false,false,"ok"
"003e5b70","FUN_003e5b70","Global",16,false,false,"ok"
"003e5e10","FUN_003e5e10","Global",8,false,false,"ok"
"003e5e80","FUN_003e5e80","Global",104,false,false,"ok"
"003e5f00","FUN_003e5f00","Global",60,false,false,"ok"
"003e60e0","FUN_003e60e0","Global",12,false,false,"ok"
"003e6170","FUN_003e6170","Global",104,false,false,"ok"
"003e61f0","FUN_003e61f0","Global",12,false,false,"ok"
"003e63d0","FUN_003e63d0","Global",96,false,false,"ok"
"003e6440","FUN_003e6440","Global",8,false,false,"ok"
"003e64b0","FUN_003e64b0","Global",124,false,false,"ok"
"003e6540","FUN_003e6540","Global",12,false,false,"ok"
"003e65c0","FUN_003e65c0","Global",124,false,false,"ok"
"003e6650","FUN_003e6650","Global",32,false,false,"ok"
"003e66e0","FUN_003e66e0","Global",20,false,false,"ok"
"003e6720","FUN_003e6720","Global",80,false,false,"ok"
"003e6780","FUN_003e6780","Global",44,false,false,"ok"
"003e67c0","FUN_003e67c0","Global",8,false,false,"ok"
"003e6830","FUN_003e6830","Global",104,false,false,"ok"
"003e68b0","FUN_003e68b0","Global",24,false,false,"ok"
"003e68f0","FUN_003e68f0","Global",28,false,false,"ok"
"003e6950","FUN_003e6950","Global",104,false,false,"ok"
"003e69d0","FUN_003e69d0","Global",8,false,false,"ok"
"003e6b50","FUN_003e6b50","Global",28,false,false,"ok"
"003e6bb0","FUN_003e6bb0","Global",104,false,false,"ok"
"003e6c30","FUN_003e6c30","Global",24,false,false,"ok"
"003e6c70","FUN_003e6c70","Global",28,false,false,"ok"
"003e6cd0","FUN_003e6cd0","Global",104,false,false,"ok"
"003e6d60","FUN_003e6d60","Global",28,false,false,"ok"
"003e6dc0","FUN_003e6dc0","Global",104,false,false,"ok"
"003e6e50","FUN_003e6e50","Global",12,false,false,"ok"
"003e6ed0","FUN_003e6ed0","Global",112,false,false,"ok"
"003e6f50","FUN_003e6f50","Global",20,false,false,"ok"
"003e6ff0","FUN_003e6ff0","Global",28,false,false,"ok"
"003e7370","FUN_003e7370","Global",28,false,false,"ok"
"003e73d0","FUN_003e73d0","Global",104,false,false,"ok"
"003e7450","FUN_003e7450","Global",8,false,false,"ok"
"003e7590","FUN_003e7590","Global",28,false,false,"ok"
"003e75f0","FUN_003e75f0","Global",112,false,false,"ok"
"003e7670","FUN_003e7670","Global",8,false,false,"ok"
"003e7770","FUN_003e7770","Global",328,false,false,"ok"
"003e78d0","FUN_003e78d0","Global",72,false,false,"ok"
"003e7970","FUN_003e7970","Global",8,false,false,"ok"
"003e7b30","FUN_003e7b30","Global",20,false,false,"ok"
"003e7c90","FUN_003e7c90","Global",28,false,false,"ok"
"003e7cc0","FUN_003e7cc0","Global",208,false,false,"ok"
"003e7da0","FUN_003e7da0","Global",132,false,false,"ok"
"003e7e40","FUN_003e7e40","Global",32,false,false,"ok"
"003e7f50","FUN_003e7f50","Global",152,false,false,"ok"
"003e8030","FUN_003e8030","Global",24,false,false,"ok"
"003e88d0","FUN_003e88d0","Global",24,false,false,"ok"
"003e8e70","FUN_003e8e70","Global",140,false,false,"ok"
"003e8f10","FUN_003e8f10","Global",28,false,false,"ok"
"003e8f70","FUN_003e8f70","Global",104,false,false,"ok"
"003e8ff0","FUN_003e8ff0","Global",276,false,false,"ok"
"003e9120","FUN_003e9120","Global",176,false,false,"ok"
"003e9280","FUN_003e9280","Global",52,false,false,"ok"
"003e92c0","FUN_003e92c0","Global",48,false,false,"ok"
"003e9300","FUN_003e9300","Global",12,false,false,"ok"
"003e9370","FUN_003e9370","Global",120,false,false,"ok"
"003e9400","FUN_003e9400","Global",76,false,false,"ok"
"003e9460","FUN_003e9460","Global",40,false,false,"ok"
"003e9490","FUN_003e9490","Global",36,false,false,"ok"
"003e94c0","FUN_003e94c0","Global",24,false,false,"ok"
"003e9500","FUN_003e9500","Global",272,false,false,"ok"
"003e9620","FUN_003e9620","Global",164,false,false,"ok"
"003e96e0","FUN_003e96e0","Global",292,false,false,"ok"
"003e9820","FUN_003e9820","Global",20,false,false,"ok"
"003e9860","FUN_003e9860","Global",80,false,false,"ok"
"003e98c0","FUN_003e98c0","Global",28,false,false,"ok"
"003e9920","FUN_003e9920","Global",104,false,false,"ok"
"003e99a0","FUN_003e99a0","Global",32,false,false,"ok"
"003e9aa0","FUN_003e9aa0","Global",8,false,false,"ok"
"003e9b70","FUN_003e9b70","Global",12,false,false,"ok"
"003e9c40","FUN_003e9c40","Global",68,false,false,"ok"
"003e9ca0","FUN_003e9ca0","Global",192,false,false,"ok"
"003e9d80","FUN_003e9d80","Global",28,false,false,"ok"
"003e9de0","FUN_003e9de0","Global",112,false,false,"ok"
"003e9e60","FUN_003e9e60","Global",120,false,false,"ok"
"003e9fe0","FUN_003e9fe0","Global",8,false,false,"ok"
"003ea060","FUN_003ea060","Global",80,false,false,"ok"
"003ea0c0","FUN_003ea0c0","Global",24,false,false,"ok"
"003ea140","FUN_003ea140","Global",28,false,false,"ok"
"003ea190","FUN_003ea190","Global",80,false,false,"ok"
"003ea1f0","FUN_003ea1f0","Global",112,false,false,"ok"
"003ea270","FUN_003ea270","Global",180,false,false,"ok"
"003ea350","FUN_003ea350","Global",28,false,false,"ok"
"003ea3b0","FUN_003ea3b0","Global",104,false,false,"ok"
"003ea460","FUN_003ea460","Global",136,false,false,"ok"
"003ea500","FUN_003ea500","Global",88,false,false,"ok"
"003ea570","FUN_003ea570","Global",36,false,false,"ok"
"003ea5a0","FUN_003ea5a0","Global",36,false,false,"ok"
"003ea5d0","FUN_003ea5d0","Global",36,false,false,"ok"
"003ea600","FUN_003ea600","Global",8,false,false,"ok"
"003ea680","FUN_003ea680","Global",140,false,false,"ok"
"003ea720","FUN_003ea720","Global",64,false,false,"ok"
"003ea7d0","FUN_003ea7d0","Global",12,false,false,"ok"
"003ea860","FUN_003ea860","Global",140,false,false,"ok"
"003ea900","FUN_003ea900","Global",32,false,false,"ok"
"003eaa00","FUN_003eaa00","Global",28,false,false,"ok"
"003eaa60","FUN_003eaa60","Global",112,false,false,"ok"
"003eaae0","FUN_003eaae0","Global",68,false,false,"ok"
"003eab50","FUN_003eab50","Global",28,false,false,"ok"
"003eabb0","FUN_003eabb0","Global",104,false,false,"ok"
"003eac30","FUN_003eac30","Global",200,false,false,"ok"
"003ead10","FUN_003ead10","Global",12,false,false,"ok"
"003eade0","FUN_003eade0","Global",80,false,false,"ok"
"003eae40","FUN_003eae40","Global",8,false,false,"ok"
"003eaf30","FUN_003eaf30","Global",28,false,false,"ok"
"003eaf90","FUN_003eaf90","Global",80,false,false,"ok"
"003eaff0","FUN_003eaff0","Global",60,false,false,"ok"
"003eb050","FUN_003eb050","Global",40,false,false,"ok"
"003eb090","FUN_003eb090","Global",80,false,false,"ok"
"003eb0f0","FUN_003eb0f0","Global",60,false,false,"ok"
"003eb2d0","FUN_003eb2d0","Global",16,false,false,"ok"
"003eb4d0","FUN_003eb4d0","Global",28,false,false,"ok"
"003eb530","FUN_003eb530","Global",112,false,false,"ok"
"003eb5b0","FUN_003eb5b0","Global",248,false,false,"ok"
"003eb6e0","FUN_003eb6e0","Global",28,false,false,"ok"
"003eb740","FUN_003eb740","Global",112,false,false,"ok"
"003eb7c0","FUN_003eb7c0","Global",8,false,false,"ok"
"003eb930","FUN_003eb930","Global",96,false,false,"ok"
"003eb9c0","FUN_003eb9c0","Global",52,false,false,"ok"
"003eba00","FUN_003eba00","Global",8,false,false,"ok"
"003eba70","FUN_003eba70","Global",112,false,false,"ok"
"003ebaf0","FUN_003ebaf0","Global",48,false,false,"ok"
"003ebb40","FUN_003ebb40","Global",124,false,false,"ok"
"003ebbd0","FUN_003ebbd0","Global",24,false,false,"ok"
"003ebc60","FUN_003ebc60","Global",64,false,false,"ok"
"003ebcd0","FUN_003ebcd0","Global",8,false,false,"ok"
"003ebd40","FUN_003ebd40","Global",112,false,false,"ok"
"003ebdc0","FUN_003ebdc0","Global",144,false,false,"ok"
"003ebe90","FUN_003ebe90","Global",220,false,false,"ok"
"003ec040","FUN_003ec040","Global",52,false,false,"ok"
"003ec080","FUN_003ec080","Global",80,false,false,"ok"
"003ec100","FUN_003ec100","Global",72,false,false,"ok"
"003ec190","FUN_003ec190","Global",52,false,false,"ok"
"003ec200","FUN_003ec200","Global",52,false,false,"ok"
"003ec280","FUN_003ec280","Global",60,false,false,"ok"
"003ec350","FUN_003ec350","Global",44,false,false,"ok"
"003ec3c0","FUN_003ec3c0","Global",60,false,false,"ok"
"003ec440","FUN_003ec440","Global",52,false,false,"ok"
"003ec4b0","FUN_003ec4b0","Global",52,false,false,"ok"
"003ec530","FUN_003ec530","Global",52,false,false,"ok"
"003ec590","FUN_003ec590","Global",52,false,false,"ok"
"003ec610","FUN_003ec610","Global",52,false,false,"ok"
"003ec680","FUN_003ec680","Global",52,false,false,"ok"
"003ec700","FUN_003ec700","Global",52,false,false,"ok"
"003ec780","FUN_003ec780","Global",52,false,false,"ok"
"003ec7f0","FUN_003ec7f0","Global",36,false,false,"ok"
"003ec870","FUN_003ec870","Global",52,false,false,"ok"
"003ec8f0","FUN_003ec8f0","Global",124,false,false,"ok"
"003ec990","FUN_003ec990","Global",80,false,false,"ok"
"003eca10","FUN_003eca10","Global",56,false,false,"ok"
"003ecaa0","FUN_003ecaa0","Global",52,false,false,"ok"
"003ecb00","FUN_003ecb00","Global",60,false,false,"ok"
"003ecb80","FUN_003ecb80","Global",52,false,false,"ok"
"003ecbf0","FUN_003ecbf0","Global",52,false,false,"ok"
"003ecc60","FUN_003ecc60","Global",52,false,false,"ok"
"003eccd0","FUN_003eccd0","Global",52,false,false,"ok"
"003ecd50","FUN_003ecd50","Global",52,false,false,"ok"
"003ecdc0","FUN_003ecdc0","Global",36,false,false,"ok"
"003ece20","FUN_003ece20","Global",60,false,false,"ok"
"003ecec0","FUN_003ecec0","Global",52,false,false,"ok"
"003ecf60","FUN_003ecf60","Global",196,false,false,"ok"
"003ed080","FUN_003ed080","Global",60,false,false,"ok"
"003ed110","FUN_003ed110","Global",52,false,false,"ok"
"003ed180","FUN_003ed180","Global",52,false,false,"ok"
"003ed1f0","FUN_003ed1f0","Global",52,false,false,"ok"
"003ed290","FUN_003ed290","Global",88,false,false,"ok"
"003ed340","FUN_003ed340","Global",60,false,false,"ok"
"003ed3e0","FUN_003ed3e0","Global",52,false,false,"ok"
"003ed4a0","FUN_003ed4a0","Global",60,false,false,"ok"
"003ed530","FUN_003ed530","Global",68,false,false,"ok"
"003ed5c0","FUN_003ed5c0","Global",68,false,false,"ok"
"003ed640","FUN_003ed640","Global",72,false,false,"ok"
"003ed6d0","FUN_003ed6d0","Global",76,false,false,"ok"
"003ed750","FUN_003ed750","Global",60,false,false,"ok"
"003ed7c0","FUN_003ed7c0","Global",16,false,false,"ok"
"003ed810","FUN_003ed810","Global",164,false,false,"ok"
"003ed920","FUN_003ed920","Global",80,false,false,"ok"
"003ed980","FUN_003ed980","Global",24,false,false,"ok"
"003edae0","FUN_003edae0","Global",12,false,false,"ok"
"003edda0","FUN_003edda0","Global",104,false,false,"ok"
"003ede20","FUN_003ede20","Global",16,false,false,"ok"
"003edee0","FUN_003edee0","Global",20,false,false,"ok"
"003ee040","FUN_003ee040","Global",152,false,false,"ok"
"003ee0e0","FUN_003ee0e0","Global",16,false,false,"ok"
"003ee1d0","FUN_003ee1d0","Global",8,false,false,"ok"
"003ee300","FUN_003ee300","Global",20,false,false,"ok"
"003ee3e0","FUN_003ee3e0","Global",64,false,false,"ok"
"003ee430","FUN_003ee430","Global",92,false,false,"ok"
"003ee4a0","FUN_003ee4a0","Global",96,false,false,"ok"
"003ee510","FUN_003ee510","Global",16,false,false,"ok"
"003ee5d0","FUN_003ee5d0","Global",16,false,false,"ok"
"003ee680","FUN_003ee680","Global",24,false,false,"ok"
"003ee760","FUN_003ee760","Global",12,false,false,"ok"
"003ee820","FUN_003ee820","Global",364,false,false,"ok"
"003ee9a0","FUN_003ee9a0","Global",32,false,false,"ok"
"003ee9d0","FUN_003ee9d0","Global",64,false,false,"ok"
"003eea20","FUN_003eea20","Global",64,false,false,"ok"
"003eea70","FUN_003eea70","Global",44,false,false,"ok"
"003eeaf0","FUN_003eeaf0","Global",200,false,false,"ok"
"003eebd0","FUN_003eebd0","Global",84,false,false,"ok"
"003eec40","FUN_003eec40","Global",8,false,false,"ok"
"003eede0","FUN_003eede0","Global",8,false,false,"ok"
"003ef410","FUN_003ef410","Global",32,false,false,"ok"
"003ef560","FUN_003ef560","Global",348,false,false,"ok"
"003ef6d0","FUN_003ef6d0","Global",148,false,false,"ok"
"003ef770","FUN_003ef770","Global",20,false,false,"ok"
"003f0050","FUN_003f0050","Global",8,false,false,"ok"
"003f0500","FUN_003f0500","Global",16,false,false,"ok"
"003f0f90","FUN_003f0f90","Global",16,false,false,"ok"
"003f15c0","FUN_003f15c0","Global",8,false,false,"ok"
"003f2680","FUN_003f2680","Global",8,false,false,"ok"
"003f36a0","FUN_003f36a0","Global",8,false,false,"ok"
"003f3ee0","FUN_003f3ee0","Global",8,false,false,"ok"
"003f46a0","FUN_003f46a0","Global",20,false,false,"ok"
"003f4750","FUN_003f4750","Global",12,false,false,"ok"
"003f5070","FUN_003f5070","Global",12,false,false,"ok"
"003f5f30","FUN_003f5f30","Global",12,false,false,"ok"
"003f6070","FUN_003f6070","Global",8,false,false,"ok"
"003f60d0","FUN_003f60d0","Global",144,false,false,"ok"
"003f6380","FUN_003f6380","Global",8,false,false,"ok"
"003f6f20","FUN_003f6f20","Global",16,false,false,"ok"
"003f7010","FUN_003f7010","Global",24,false,false,"ok"
"003f73e0","FUN_003f73e0","Global",316,false,false,"ok"
"003f7560","FUN_003f7560","Global",8,false,false,"ok"
"003f7630","FUN_003f7630","Global",116,false,false,"ok"
"003f76c0","FUN_003f76c0","Global",12,false,false,"ok"
"003f7780","FUN_003f7780","Global",104,false,false,"ok"
"003f7800","FUN_003f7800","Global",68,false,false,"ok"
"003f78a0","FUN_003f78a0","Global",12,false,false,"ok"
"003f7980","FUN_003f7980","Global",12,false,false,"ok"
"003f8850","FUN_003f8850","Global",8,false,false,"ok"
"003f88e0","FUN_003f88e0","Global",12,false,false,"ok"
"003f89a0","FUN_003f89a0","Global",288,false,false,"ok"
"003f8b00","FUN_003f8b00","Global",88,false,false,"ok"
"003f8b70","FUN_003f8b70","Global",8,false,false,"ok"
"003f8dd0","FUN_003f8dd0","Global",8,false,false,"ok"
"003f9760","FUN_003f9760","Global",12,false,false,"ok"
"003f9fe0","FUN_003f9fe0","Global",12,false,false,"ok"
"003fa200","FUN_003fa200","Global",216,false,false,"ok"
"003fa2f0","FUN_003fa2f0","Global",132,false,false,"ok"
"003fa390","FUN_003fa390","Global",132,false,false,"ok"
"003fa430","FUN_003fa430","Global",280,false,false,"ok"
"003fa560","FUN_003fa560","Global",280,false,false,"ok"
"003fa690","FUN_003fa690","Global",140,false,false,"ok"
"003fa740","FUN_003fa740","Global",16,false,false,"ok"
"003fa890","FUN_003fa890","Global",56,false,false,"ok"
"003fa8e0","FUN_003fa8e0","Global",72,false,false,"ok"
"003fa940","FUN_003fa940","Global",72,false,false,"ok"
"003fa9a0","FUN_003fa9a0","Global",68,false,false,"ok"
"003faa00","FUN_003faa00","Global",220,false,false,"ok"
"003faaf0","FUN_003faaf0","Global",56,false,false,"ok"
"003fab40","FUN_003fab40","Global",12,false,false,"ok"
"003faf50","FUN_003faf50","Global",8,false,false,"ok"
"003fb010","FUN_003fb010","Global",12,false,false,"ok"
"003fb5e0","FUN_003fb5e0","Global",880,false,false,"ok"
"003fb9a0","FUN_003fb9a0","Global",12,false,false,"ok"
"003fbba0","FUN_003fbba0","Global",12,false,false,"ok"
"003fbc50","FUN_003fbc50","Global",96,false,false,"ok"
"003fbd20","FUN_003fbd20","Global",28,false,false,"ok"
"003fbe90","FUN_003fbe90","Global",8,false,false,"ok"
"003fc020","FUN_003fc020","Global",8,false,false,"ok"
"003fc1b0","FUN_003fc1b0","Global",64,false,false,"ok"
"003fc210","FUN_003fc210","Global",96,false,false,"ok"
"003fc280","FUN_003fc280","Global",208,false,false,"ok"
"003fc360","FUN_003fc360","Global",72,false,false,"ok"
"003fc3d0","FUN_003fc3d0","Global",56,false,false,"ok"
"003fc420","FUN_003fc420","Global",324,false,false,"ok"
"003fc580","FUN_003fc580","Global",224,false,false,"ok"
"003fc670","FUN_003fc670","Global",164,false,false,"ok"
"003fc730","FUN_003fc730","Global",80,false,false,"ok"
"003fc7c0","FUN_003fc7c0","Global",44,false,false,"ok"
"003fc820","FUN_003fc820","Global",80,false,false,"ok"
"003fc880","FUN_003fc880","Global",76,false,false,"ok"
"003fc900","FUN_003fc900","Global",80,false,false,"ok"
"003fc960","FUN_003fc960","Global",48,false,false,"ok"
"003fc9d0","FUN_003fc9d0","Global",80,false,false,"ok"
"003fca30","FUN_003fca30","Global",48,false,false,"ok"
"003fcaa0","FUN_003fcaa0","Global",80,false,false,"ok"
"003fcb00","FUN_003fcb00","Global",76,false,false,"ok"
"003fcb80","FUN_003fcb80","Global",60,false,false,"ok"
"003fcc50","FUN_003fcc50","Global",92,false,false,"ok"
"003fccc0","FUN_003fccc0","Global",8,false,false,"ok"
"003fccd0","FUN_003fccd0","Global",12,false,false,"ok"
"003fcce0","FUN_003fcce0","Global",28,false,false,"ok"
"003fcd10","FUN_003fcd10","Global",88,false,false,"ok"
"003fcd80","FUN_003fcd80","Global",32,false,false,"ok"
"003fcdb0","FUN_003fcdb0","Global",144,false,false,"ok"
"003fce50","FUN_003fce50","Global",100,false,false,"ok"
"003fced0","FUN_003fced0","Global",64,false,false,"ok"
"003fcf20","FUN_003fcf20","Global",164,false,false,"ok"
"003fcfd0","FUN_003fcfd0","Global",28,false,false,"ok"
"003fd060","FUN_003fd060","Global",108,false,false,"ok"
"003fd140","FUN_003fd140","Global",24,false,false,"ok"
"003fd360","FUN_003fd360","Global",20,false,false,"ok"
"003fd440","FUN_003fd440","Global",28,false,false,"ok"
"003fd530","FUN_003fd530","Global",108,false,false,"ok"
"003fd5b0","FUN_003fd5b0","Global",60,false,false,"ok"
"003fd600","FUN_003fd600","Global",20,false,false,"ok"
"003fd7d0","FUN_003fd7d0","Global",8,false,false,"ok"
"003fdaf0","FUN_003fdaf0","Global",204,false,false,"ok"
"003fdbf0","FUN_003fdbf0","Global",176,false,false,"ok"
"003fdcc0","FUN_003fdcc0","Global",168,false,false,"ok"
"003fdd80","FUN_003fdd80","Global",28,false,false,"ok"
"003fde90","FUN_003fde90","Global",8,false,false,"ok"
"003fdfb0","FUN_003fdfb0","Global",256,false,false,"ok"
"003fe0d0","FUN_003fe0d0","Global",60,false,false,"ok"
"003fe120","FUN_003fe120","Global",256,false,false,"ok"
"003fe290","FUN_003fe290","Global",80,false,false,"ok"
"003fe2f0","FUN_003fe2f0","Global",164,false,false,"ok"
"003fe3c0","FUN_003fe3c0","Global",8,false,false,"ok"
"003fe7c0","FUN_003fe7c0","Global",8,false,false,"ok"
"003fe860","FUN_003fe860","Global",408,false,false,"ok"
"003fea40","FUN_003fea40","Global",384,false,false,"ok"
"003fec00","FUN_003fec00","Global",16,false,false,"ok"
"003ff050","FUN_003ff050","Global",8,false,false,"ok"
"003ff120","FUN_003ff120","Global",16,false,false,"ok"
"003ff240","FUN_003ff240","Global",20,false,false,"ok"
"003ff370","FUN_003ff370","Global",128,false,false,"ok"
"003ff460","FUN_003ff460","Global",124,false,false,"ok"
"003ff500","FUN_003ff500","Global",16,false,false,"ok"
"003ff600","FUN_003ff600","Global",12,false,false,"ok"
"003ff6d0","FUN_003ff6d0","Global",240,false,false,"ok"
"003ff7e0","FUN_003ff7e0","Global",16,false,false,"ok"
"003ff960","FUN_003ff960","Global",8,false,false,"ok"
"004002c0","FUN_004002c0","Global",12,false,false,"ok"
"00400350","FUN_00400350","Global",48,false,false,"ok"
"00400530","FUN_00400530","Global",244,false,false,"ok"
"00400640","FUN_00400640","Global",12,false,false,"ok"
"00400ca0","FUN_00400ca0","Global",12,false,false,"ok"
"00400fb0","FUN_00400fb0","Global",28,false,false,"ok"
"00401200","FUN_00401200","Global",12,false,false,"ok"
"00401a70","FUN_00401a70","Global",8,false,false,"ok"
"00401dd0","FUN_00401dd0","Global",32,false,false,"ok"
"00402110","FUN_00402110","Global",12,false,false,"ok"
"00402980","FUN_00402980","Global",208,false,false,"ok"
"00402a60","FUN_00402a60","Global",24,false,false,"ok"
"00402f80","FUN_00402f80","Global",20,false,false,"ok"
"00403160","FUN_00403160","Global",20,false,false,"ok"
"00403810","FUN_00403810","Global",24,false,false,"ok"
"00403900","FUN_00403900","Global",8,false,false,"ok"
"00403990","FUN_00403990","Global",104,false,false,"ok"
"00403a10","FUN_00403a10","Global",12,false,false,"ok"
"00403de0","FUN_00403de0","Global",20,false,false,"ok"
"00404310","FUN_00404310","Global",8,false,false,"ok"
"00404650","FUN_00404650","Global",24,false,false,"ok"
"00404760","FUN_00404760","Global",128,false,false,"ok"
"004047f0","FUN_004047f0","Global",164,false,false,"ok"
"004048b0","FUN_004048b0","Global",208,false,false,"ok"
"00404990","FUN_00404990","Global",12,false,false,"ok"
"00404a80","FUN_00404a80","Global",16,false,false,"ok"
"00405b80","FUN_00405b80","Global",16,false,false,"ok"
"00405d10","FUN_00405d10","Global",12,false,false,"ok"
"00405e00","FUN_00405e00","Global",104,false,false,"ok"
"00405ea0","FUN_00405ea0","Global",12,false,false,"ok"
"004061e0","FUN_004061e0","Global",8,false,false,"ok"
"00406860","FUN_00406860","Global",12,false,false,"ok"
"00406fd0","FUN_00406fd0","Global",8,false,false,"ok"
"004072b0","FUN_004072b0","Global",16,false,false,"ok"
"00407590","FUN_00407590","Global",8,false,false,"ok"
"00407ec0","FUN_00407ec0","Global",8,false,false,"ok"
"00407fe0","FUN_00407fe0","Global",104,false,false,"ok"
"00408060","FUN_00408060","Global",12,false,false,"ok"
"00408180","FUN_00408180","Global",24,false,false,"ok"
"00408d00","FUN_00408d00","Global",12,false,false,"ok"
"00408dd0","FUN_00408dd0","Global",56,false,false,"ok"
"00408e80","FUN_00408e80","Global",128,false,false,"ok"
"00408f20","FUN_00408f20","Global",196,false,false,"ok"
"00409020","FUN_00409020","Global",8,false,false,"ok"
"00409300","FUN_00409300","Global",8,false,false,"ok"
"004093d0","FUN_004093d0","Global",56,false,false,"ok"
"00409680","FUN_00409680","Global",8,false,false,"ok"
"00409720","FUN_00409720","Global",104,false,false,"ok"
"004097a0","FUN_004097a0","Global",8,false,false,"ok"
"00409820","FUN_00409820","Global",12,false,false,"ok"
"00409a90","FUN_00409a90","Global",8,false,false,"ok"
"00409b50","FUN_00409b50","Global",140,false,false,"ok"
"00409bf0","FUN_00409bf0","Global",188,false,false,"ok"
"00409ce0","FUN_00409ce0","Global",216,false,false,"ok"
"0040a030","FUN_0040a030","Global",8,false,false,"ok"
"0040a1e0","FUN_0040a1e0","Global",20,false,false,"ok"
"0040a280","FUN_0040a280","Global",140,false,false,"ok"
"0040a320","FUN_0040a320","Global",176,false,false,"ok"
"0040a400","FUN_0040a400","Global",464,false,false,"ok"
"0040a5e0","FUN_0040a5e0","Global",304,false,false,"ok"
"0040a780","FUN_0040a780","Global",8,false,false,"ok"
"0040a8c0","FUN_0040a8c0","Global",104,false,false,"ok"
"0040a940","FUN_0040a940","Global",12,false,false,"ok"
"0040a9d0","FUN_0040a9d0","Global",12,false,false,"ok"
"0040aea0","FUN_0040aea0","Global",24,false,false,"ok"
"0040b360","FUN_0040b360","Global",12,false,false,"ok"
"0040b860","FUN_0040b860","Global",20,false,false,"ok"
"0040c3f0","FUN_0040c3f0","Global",144,false,false,"ok"
"0040c490","FUN_0040c490","Global",80,false,false,"ok"
"0040c4f0","FUN_0040c4f0","Global",144,false,false,"ok"
"0040c590","FUN_0040c590","Global",60,false,false,"ok"
"0040c5f0","FUN_0040c5f0","Global",8,false,false,"ok"
"0040ca70","FUN_0040ca70","Global",28,false,false,"ok"
"0040cb20","FUN_0040cb20","Global",104,false,false,"ok"
"0040ce90","FUN_0040ce90","Global",152,false,false,"ok"
"0040cf40","FUN_0040cf40","Global",80,false,false,"ok"
"0040d080","FUN_0040d080","Global",476,false,false,"ok"
"0040d310","FUN_0040d310","Global",16,false,false,"ok"
"0040d690","FUN_0040d690","Global",28,false,false,"ok"
"0040d780","FUN_0040d780","Global",104,false,false,"ok"
"0040d800","FUN_0040d800","Global",16,false,false,"ok"
"0040d8d0","FUN_0040d8d0","Global",8,false,false,"ok"
"0040dc80","FUN_0040dc80","Global",16,false,false,"ok"
"0040eab0","FUN_0040eab0","Global",8,false,false,"ok"
"0040ee50","FUN_0040ee50","Global",8,false,false,"ok"
"0040f780","FUN_0040f780","Global",24,false,false,"ok"
"0040ff80","FUN_0040ff80","Global",28,false,false,"ok"
"004103c0","FUN_004103c0","Global",8,false,false,"ok"
"004104e0","FUN_004104e0","Global",204,false,false,"ok"
"004105c0","FUN_004105c0","Global",16,false,false,"ok"
"00410790","FUN_00410790","Global",8,false,false,"ok"
"00411290","FUN_00411290","Global",16,false,false,"ok"
"00411990","FUN_00411990","Global",16,false,false,"ok"
"00411c60","FUN_00411c60","Global",12,false,false,"ok"
"00411f40","FUN_00411f40","Global",16,false,false,"ok"
"00412820","FUN_00412820","Global",16,false,false,"ok"
"00412da0","FUN_00412da0","Global",196,false,false,"ok"
"00412ef0","FUN_00412ef0","Global",20,false,false,"ok"
"00412f80","FUN_00412f80","Global",52,false,false,"ok"
"00412fc0","FUN_00412fc0","Global",104,false,false,"ok"
"00413040","FUN_00413040","Global",8,false,false,"ok"
"00413250","FUN_00413250","Global",180,false,false,"ok"
"004133a0","FUN_004133a0","Global",216,false,false,"ok"
"004134a0","FUN_004134a0","Global",12,false,false,"ok"
"00413660","FUN_00413660","Global",28,false,false,"ok"
"00413700","FUN_00413700","Global",104,false,false,"ok"
"00413780","FUN_00413780","Global",16,false,false,"ok"
"004139b0","FUN_004139b0","Global",60,false,false,"ok"
"00413b30","FUN_00413b30","Global",8,false,false,"ok"
"00413d50","FUN_00413d50","Global",8,false,false,"ok"
"00413f90","FUN_00413f90","Global",168,false,false,"ok"
"00414050","FUN_00414050","Global",320,false,false,"ok"
"00414240","FUN_00414240","Global",12,false,false,"ok"
"00414360","FUN_00414360","Global",104,false,false,"ok"
"004143e0","FUN_004143e0","Global",52,false,false,"ok"
"00414420","FUN_00414420","Global",8,false,false,"ok"
"00414650","FUN_00414650","Global",200,false,false,"ok"
"004147d0","FUN_004147d0","Global",8,false,false,"ok"
"004148f0","FUN_004148f0","Global",304,false,false,"ok"
"00414af0","FUN_00414af0","Global",8,false,false,"ok"
"00414c90","FUN_00414c90","Global",28,false,false,"ok"
"00414cf0","FUN_00414cf0","Global",112,false,false,"ok"
"00414f60","FUN_00414f60","Global",8,false,false,"ok"
"00415140","FUN_00415140","Global",8,false,false,"ok"
"00415360","FUN_00415360","Global",8,false,false,"ok"
"00415650","FUN_00415650","Global",8,false,false,"ok"
"004156c0","FUN_004156c0","Global",112,false,false,"ok"
"00415740","FUN_00415740","Global",8,false,false,"ok"
"00415850","FUN_00415850","Global",148,false,false,"ok"
"00415920","FUN_00415920","Global",192,false,false,"ok"
"00415a70","FUN_00415a70","Global",24,false,false,"ok"
"00415cc0","FUN_00415cc0","Global",12,false,false,"ok"
"00415d50","FUN_00415d50","Global",128,false,false,"ok"
"00415de0","FUN_00415de0","Global",216,false,false,"ok"
"00415ee0","FUN_00415ee0","Global",348,false,false,"ok"
"004160c0","FUN_004160c0","Global",496,false,false,"ok"
"00416360","FUN_00416360","Global",28,false,false,"ok"
"004163c0","FUN_004163c0","Global",112,false,false,"ok"
"00416440","FUN_00416440","Global",52,false,false,"ok"
"00416480","FUN_00416480","Global",76,false,false,"ok"
"004164e0","FUN_004164e0","Global",8,false,false,"ok"
"00416780","FUN_00416780","Global",28,false,false,"ok"
"004167d0","FUN_004167d0","Global",28,false,false,"ok"
"00416840","FUN_00416840","Global",140,false,false,"ok"
"004168e0","FUN_004168e0","Global",84,false,false,"ok"
"00416950","FUN_00416950","Global",144,false,false,"ok"
"00416b30","FUN_00416b30","Global",12,false,false,"ok"
"00416c40","FUN_00416c40","Global",28,false,false,"ok"
"00416d90","FUN_00416d90","Global",704,false,false,"ok"
"00417090","FUN_00417090","Global",100,false,false,"ok"
"00417110","FUN_00417110","Global",80,false,false,"ok"
"00417170","FUN_00417170","Global",56,false,false,"ok"
"004171f0","FUN_004171f0","Global",52,false,false,"ok"
"00417240","FUN_00417240","Global",60,false,false,"ok"
"004172a0","FUN_004172a0","Global",52,false,false,"ok"
"004172f0","FUN_004172f0","Global",52,false,false,"ok"
"00417340","FUN_00417340","Global",60,false,false,"ok"
"004173a0","FUN_004173a0","Global",52,false,false,"ok"
"004173f0","FUN_004173f0","Global",60,false,false,"ok"
"00417450","FUN_00417450","Global",76,false,false,"ok"
"004174c0","FUN_004174c0","Global",76,false,false,"ok"
"00417530","FUN_00417530","Global",52,false,false,"ok"
"00417580","FUN_00417580","Global",52,false,false,"ok"
"004175d0","FUN_004175d0","Global",148,false,false,"ok"
"00417680","FUN_00417680","Global",84,false,false,"ok"
"004176f0","FUN_004176f0","Global",52,false,false,"ok"
"00417740","FUN_00417740","Global",52,false,false,"ok"
"00417790","FUN_00417790","Global",52,false,false,"ok"
"004177e0","FUN_004177e0","Global",76,false,false,"ok"
"00417850","FUN_00417850","Global",68,false,false,"ok"
"004178b0","FUN_004178b0","Global",60,false,false,"ok"
"00417910","FUN_00417910","Global",60,false,false,"ok"
"00417970","FUN_00417970","Global",8,false,false,"ok"
"00417af0","FUN_00417af0","Global",152,false,false,"ok"
"00417bb0","FUN_00417bb0","Global",108,false,false,"ok"
"00417c30","FUN_00417c30","Global",8,false,false,"ok"
"00417f40","FUN_00417f40","Global",248,false,false,"ok"
"00418100","FUN_00418100","Global",24,false,false,"ok"
"004189e0","FUN_004189e0","Global",12,false,false,"ok"
"00418d40","FUN_00418d40","Global",80,false,false,"ok"
"00418da0","FUN_00418da0","Global",156,false,false,"ok"
"00418e50","FUN_00418e50","Global",20,false,false,"ok"
"00418ee0","FUN_00418ee0","Global",80,false,false,"ok"
"00418f40","FUN_00418f40","Global",436,false,false,"ok"
"00419120","FUN_00419120","Global",96,false,false,"ok"
"004191a0","FUN_004191a0","Global",28,false,false,"ok"
"004191f0","FUN_004191f0","Global",80,false,false,"ok"
"00419280","FUN_00419280","Global",28,false,false,"ok"
"004192d0","FUN_004192d0","Global",80,false,false,"ok"
"00419360","FUN_00419360","Global",28,false,false,"ok"
"004193b0","FUN_004193b0","Global",80,false,false,"ok"
"00419410","FUN_00419410","Global",568,false,false,"ok"
"00419660","FUN_00419660","Global",8,false,false,"ok"
"004196e0","FUN_004196e0","Global",120,false,false,"ok"
"00419780","FUN_00419780","Global",12,false,false,"ok"
"00419830","FUN_00419830","Global",20,false,false,"ok"
"00419910","FUN_00419910","Global",12,false,false,"ok"
"004199d0","FUN_004199d0","Global",108,false,false,"ok"
"00419a50","FUN_00419a50","Global",132,false,false,"ok"
"00419b20","FUN_00419b20","Global",372,false,false,"ok"
"00419cb0","FUN_00419cb0","Global",100,false,false,"ok"
"00419d90","FUN_00419d90","Global",32,false,false,"ok"
"00419dd0","FUN_00419dd0","Global",80,false,false,"ok"
"00419e40","FUN_00419e40","Global",28,false,false,"ok"
"00419ea0","FUN_00419ea0","Global",80,false,false,"ok"
"00419f00","FUN_00419f00","Global",76,false,false,"ok"
"00419f60","FUN_00419f60","Global",20,false,false,"ok"
"0041a1c0","FUN_0041a1c0","Global",8,false,false,"ok"
"0041a2b0","FUN_0041a2b0","Global",8,false,false,"ok"
"0041a370","FUN_0041a370","Global",268,false,false,"ok"
"0041a4b0","FUN_0041a4b0","Global",40,false,false,"ok"
"0041a500","FUN_0041a500","Global",80,false,false,"ok"
"0041a560","FUN_0041a560","Global",60,false,false,"ok"
"0041a5f0","FUN_0041a5f0","Global",20,false,false,"ok"
"0041a630","FUN_0041a630","Global",80,false,false,"ok"
"0041a690","FUN_0041a690","Global",28,false,false,"ok"
"0041a760","FUN_0041a760","Global",20,false,false,"ok"
"0041a870","FUN_0041a870","Global",80,false,false,"ok"
"0041a8d0","FUN_0041a8d0","Global",52,false,false,"ok"
"0041a910","FUN_0041a910","Global",220,false,false,"ok"
"0041aa50","FUN_0041aa50","Global",8,false,false,"ok"
"0041ab50","FUN_0041ab50","Global",176,false,false,"ok"
"0041adf0","FUN_0041adf0","Global",8,false,false,"ok"
"0041ae90","FUN_0041ae90","Global",80,false,false,"ok"
"0041aef0","FUN_0041aef0","Global",28,false,false,"ok"
"0041b7b0","FUN_0041b7b0","Global",28,false,false,"ok"
"0041b810","FUN_0041b810","Global",80,false,false,"ok"
"0041b870","FUN_0041b870","Global",152,false,false,"ok"
"0041b920","FUN_0041b920","Global",176,false,false,"ok"
"0041b9e0","FUN_0041b9e0","Global",60,false,false,"ok"
"0041ba30","FUN_0041ba30","Global",28,false,false,"ok"
"0041ba80","FUN_0041ba80","Global",108,false,false,"ok"
"0041bb00","FUN_0041bb00","Global",164,false,false,"ok"
"0041bbc0","FUN_0041bbc0","Global",56,false,false,"ok"
"0041bc00","FUN_0041bc00","Global",104,false,false,"ok"
"0041bc90","FUN_0041bc90","Global",8,false,false,"ok"
"0041bd00","FUN_0041bd00","Global",80,false,false,"ok"
"0041bd60","FUN_0041bd60","Global",24,false,false,"ok"
"0041bd80","FUN_0041bd80","Global",136,false,false,"ok"
"0041be20","FUN_0041be20","Global",12,false,false,"ok"
"0041c340","FUN_0041c340","Global",132,false,false,"ok"
"0041c400","FUN_0041c400","Global",28,false,false,"ok"
"0041c450","FUN_0041c450","Global",108,false,false,"ok"
"0041c4d0","FUN_0041c4d0","Global",164,false,false,"ok"
"0041c590","FUN_0041c590","Global",56,false,false,"ok"
"0041c5e0","FUN_0041c5e0","Global",104,false,false,"ok"
"0041c660","FUN_0041c660","Global",12,false,false,"ok"
"0041c6d0","FUN_0041c6d0","Global",104,false,false,"ok"
"0041c760","FUN_0041c760","Global",76,false,false,"ok"
"0041c7c0","FUN_0041c7c0","Global",304,false,false,"ok"
"0041c920","FUN_0041c920","Global",180,false,false,"ok"
"0041c9f0","FUN_0041c9f0","Global",52,false,false,"ok"
"0041ca30","FUN_0041ca30","Global",56,false,false,"ok"
"0041cae0","FUN_0041cae0","Global",20,false,false,"ok"
"0041cb30","FUN_0041cb30","Global",80,false,false,"ok"
"0041cba0","FUN_0041cba0","Global",152,false,false,"ok"
"0041cd40","FUN_0041cd40","Global",8,false,false,"ok"
"0041cda0","FUN_0041cda0","Global",80,false,false,"ok"
"0041ce00","FUN_0041ce00","Global",132,false,false,"ok"
"0041cea0","FUN_0041cea0","Global",108,false,false,"ok"
"0041cf40","FUN_0041cf40","Global",8,false,false,"ok"
"0041cfa0","FUN_0041cfa0","Global",80,false,false,"ok"
"0041d000","FUN_0041d000","Global",160,false,false,"ok"
"0041d0c0","FUN_0041d0c0","Global",8,false,false,"ok"
"0041d170","FUN_0041d170","Global",28,false,false,"ok"
"0041d1c0","FUN_0041d1c0","Global",80,false,false,"ok"
"0041d230","FUN_0041d230","Global",300,false,false,"ok"
"0041d3d0","FUN_0041d3d0","Global",8,false,false,"ok"
"0041d4a0","FUN_0041d4a0","Global",160,false,false,"ok"
"0041d560","FUN_0041d560","Global",12,false,false,"ok"
"0041d620","FUN_0041d620","Global",8,false,false,"ok"
"0041d920","FUN_0041d920","Global",8,false,false,"ok"
"0041dba0","FUN_0041dba0","Global",8,false,false,"ok"
"0041dd70","FUN_0041dd70","Global",12,false,false,"ok"
"0041e330","FUN_0041e330","Global",8,false,false,"ok"
"0041e3a0","FUN_0041e3a0","Global",12,false,false,"ok"
"0041e450","FUN_0041e450","Global",12,false,false,"ok"
"0041e630","FUN_0041e630","Global",32,false,false,"ok"
"0041e660","FUN_0041e660","Global",8,false,false,"ok"
"0041e780","FUN_0041e780","Global",204,false,false,"ok"
"0041e860","FUN_0041e860","Global",8,false,false,"ok"
"0041e8c0","FUN_0041e8c0","Global",80,false,false,"ok"
"0041e930","FUN_0041e930","Global",52,false,false,"ok"
"0041e980","FUN_0041e980","Global",28,false,false,"ok"
"0041e9d0","FUN_0041e9d0","Global",80,false,false,"ok"
"0041ea30","FUN_0041ea30","Global",140,false,false,"ok"
"0041eb30","FUN_0041eb30","Global",12,false,false,"ok"
"0041ef90","FUN_0041ef90","Global",20,false,false,"ok"
"0041efd0","FUN_0041efd0","Global",80,false,false,"ok"
"0041f030","FUN_0041f030","Global",16,false,false,"ok"
"0041f070","FUN_0041f070","Global",52,false,false,"ok"
"0041f0c0","FUN_0041f0c0","Global",20,false,false,"ok"
"0041f100","FUN_0041f100","Global",80,false,false,"ok"
"0041f160","FUN_0041f160","Global",36,false,false,"ok"
"0041f190","FUN_0041f190","Global",8,false,false,"ok"
"0041f2d0","FUN_0041f2d0","Global",20,false,false,"ok"
"0041f310","FUN_0041f310","Global",80,false,false,"ok"
"0041f410","FUN_0041f410","Global",20,false,false,"ok"
"0041f480","FUN_0041f480","Global",88,false,false,"ok"
"0041f4f0","FUN_0041f4f0","Global",8,false,false,"ok"
"0041f590","FUN_0041f590","Global",264,false,false,"ok"
"0041f6b0","FUN_0041f6b0","Global",60,false,false,"ok"
"0041f710","FUN_0041f710","Global",96,false,false,"ok"
"0041f780","FUN_0041f780","Global",112,false,false,"ok"
"0041f800","FUN_0041f800","Global",80,false,false,"ok"
"0041f8e0","FUN_0041f8e0","Global",8,false,false,"ok"
"0041f950","FUN_0041f950","Global",80,false,false,"ok"
"0041f9b0","FUN_0041f9b0","Global",20,false,false,"ok"
"0041faa0","FUN_0041faa0","Global",16,false,false,"ok"
"0041fb60","FUN_0041fb60","Global",40,false,false,"ok"
"0041fc10","FUN_0041fc10","Global",44,false,false,"ok"
"0041fc50","FUN_0041fc50","Global",28,false,false,"ok"
"0041fd80","FUN_0041fd80","Global",32,false,false,"ok"
"0041fef0","FUN_0041fef0","Global",28,false,false,"ok"
"0041ff50","FUN_0041ff50","Global",80,false,false,"ok"
"0041ffb0","FUN_0041ffb0","Global",12,false,false,"ok"
"00420120","FUN_00420120","Global",8,false,false,"ok"
"00420170","FUN_00420170","Global",60,false,false,"ok"
"004201c0","FUN_004201c0","Global",8,false,false,"ok"
"00420620","FUN_00420620","Global",380,false,false,"ok"
"004207b0","FUN_004207b0","Global",8,false,false,"ok"
"00420810","FUN_00420810","Global",80,false,false,"ok"
"00420880","FUN_00420880","Global",72,false,false,"ok"
"004208f0","FUN_004208f0","Global",8,false,false,"ok"
"00420950","FUN_00420950","Global",80,false,false,"ok"
"004209c0","FUN_004209c0","Global",72,false,false,"ok"
"00420a30","FUN_00420a30","Global",28,false,false,"ok"
"00420a80","FUN_00420a80","Global",80,false,false,"ok"
"00420af0","FUN_00420af0","Global",124,false,false,"ok"
"00420b90","FUN_00420b90","Global",20,false,false,"ok"
"00420bd0","FUN_00420bd0","Global",80,false,false,"ok"
"00420c30","FUN_00420c30","Global",108,false,false,"ok"
"00420e30","FUN_00420e30","Global",160,false,false,"ok"
"00420ee0","FUN_00420ee0","Global",216,false,false,"ok"
"00420fd0","FUN_00420fd0","Global",20,false,false,"ok"
"00421020","FUN_00421020","Global",80,false,false,"ok"
"00421080","FUN_00421080","Global",8,false,false,"ok"
"004212e0","FUN_004212e0","Global",20,false,false,"ok"
"00421340","FUN_00421340","Global",8,false,false,"ok"
"004213f0","FUN_004213f0","Global",8,false,false,"ok"
"00421490","FUN_00421490","Global",12,false,false,"ok"
"00421520","FUN_00421520","Global",16,false,false,"ok"
"00421650","FUN_00421650","Global",8,false,false,"ok"
"00421660","FUN_00421660","Global",36,false,false,"ok"
"00421790","FUN_00421790","Global",132,false,false,"ok"
"00421830","FUN_00421830","Global",136,false,false,"ok"
"004218d0","FUN_004218d0","Global",36,false,false,"ok"
"00421900","FUN_00421900","Global",16,false,false,"ok"
"00421970","FUN_00421970","Global",52,false,false,"ok"
"004219c0","FUN_004219c0","Global",16,false,false,"ok"
"00421bd0","FUN_00421bd0","Global",12,false,false,"ok"
"00421d20","FUN_00421d20","Global",80,false,false,"ok"
"00421d80","FUN_00421d80","Global",136,false,false,"ok"
"00421e20","FUN_00421e20","Global",16,false,false,"ok"
"00421ec0","FUN_00421ec0","Global",32,false,false,"ok"
"00422000","FUN_00422000","Global",1,false,false,"ok"
"00422010","FUN_00422010","Global",32,false,false,"ok"
"00422160","FUN_00422160","Global",80,false,false,"ok"
"004221c0","FUN_004221c0","Global",116,false,false,"ok"
"00422240","FUN_00422240","Global",16,false,false,"ok"
"004222e0","FUN_004222e0","Global",24,false,false,"ok"
"00422410","FUN_00422410","Global",16,false,false,"ok"
"00422510","FUN_00422510","Global",112,false,false,"ok"
"00422590","FUN_00422590","Global",8,false,false,"ok"
"00422630","FUN_00422630","Global",116,false,false,"ok"
"004226b0","FUN_004226b0","Global",20,false,false,"ok"
"004226f0","FUN_004226f0","Global",80,false,false,"ok"
"00422760","FUN_00422760","Global",60,false,false,"ok"
"004227b0","FUN_004227b0","Global",20,false,false,"ok"
"004227f0","FUN_004227f0","Global",80,false,false,"ok"
"00422860","FUN_00422860","Global",8,false,false,"ok"
"004229d0","FUN_004229d0","Global",20,false,false,"ok"
"00422c30","FUN_00422c30","Global",28,false,false,"ok"
"00422c90","FUN_00422c90","Global",80,false,false,"ok"
"00422cf0","FUN_00422cf0","Global",40,false,false,"ok"
"00422d40","FUN_00422d40","Global",16,false,false,"ok"
"00422f10","FUN_00422f10","Global",52,false,false,"ok"
"00422f50","FUN_00422f50","Global",8,false,false,"ok"
"004231b0","FUN_004231b0","Global",216,false,false,"ok"
"004232f0","FUN_004232f0","Global",12,false,false,"ok"
"004234d0","FUN_004234d0","Global",20,false,false,"ok"
"00423510","FUN_00423510","Global",80,false,false,"ok"
"00423610","FUN_00423610","Global",148,false,false,"ok"
"004236c0","FUN_004236c0","Global",68,false,false,"ok"
"00423750","FUN_00423750","Global",20,false,false,"ok"
"00423790","FUN_00423790","Global",80,false,false,"ok"
"004237f0","FUN_004237f0","Global",8,false,false,"ok"
"004238e0","FUN_004238e0","Global",460,false,false,"ok"
"00423ae0","FUN_00423ae0","Global",32,false,false,"ok"
"00423b10","FUN_00423b10","Global",28,false,false,"ok"
"00423b90","FUN_00423b90","Global",160,false,false,"ok"
"00423c40","FUN_00423c40","Global",8,false,false,"ok"
"00423d20","FUN_00423d20","Global",64,false,false,"ok"
"00423d70","FUN_00423d70","Global",148,false,false,"ok"
"00423e30","FUN_00423e30","Global",48,false,false,"ok"
"00423ea0","FUN_00423ea0","Global",112,false,false,"ok"
"00423f20","FUN_00423f20","Global",140,false,false,"ok"
"00423ff0","FUN_00423ff0","Global",8,false,false,"ok"
"004240c0","FUN_004240c0","Global",20,false,false,"ok"
"00424210","FUN_00424210","Global",72,false,false,"ok"
"00424260","FUN_00424260","Global",16,false,false,"ok"
"00424310","FUN_00424310","Global",16,false,false,"ok"
"004243d0","FUN_004243d0","Global",28,false,false,"ok"
"00424430","FUN_00424430","Global",108,false,false,"ok"
"004244b0","FUN_004244b0","Global",12,false,false,"ok"
"00424570","FUN_00424570","Global",156,false,false,"ok"
"00424640","FUN_00424640","Global",92,false,false,"ok"
"004246d0","FUN_004246d0","Global",8,false,false,"ok"
"00424780","FUN_00424780","Global",44,false,false,"ok"
"004247d0","FUN_004247d0","Global",80,false,false,"ok"
"00424830","FUN_00424830","Global",56,false,false,"ok"
"00424890","FUN_00424890","Global",48,false,false,"ok"
"004248f0","FUN_004248f0","Global",64,false,false,"ok"
"00424950","FUN_00424950","Global",80,false,false,"ok"
"004249b0","FUN_004249b0","Global",56,false,false,"ok"
"00424a30","FUN_00424a30","Global",36,false,false,"ok"
"00424a70","FUN_00424a70","Global",36,false,false,"ok"
"00424ab0","FUN_00424ab0","Global",52,false,false,"ok"
"00424b00","FUN_00424b00","Global",80,false,false,"ok"
"00424b60","FUN_00424b60","Global",60,false,false,"ok"
"00424bd0","FUN_00424bd0","Global",80,false,false,"ok"
"00424c30","FUN_00424c30","Global",60,false,false,"ok"
"00424ca0","FUN_00424ca0","Global",36,false,false,"ok"
"00424ce0","FUN_00424ce0","Global",36,false,false,"ok"
"00424d70","FUN_00424d70","Global",80,false,false,"ok"
"00424dd0","FUN_00424dd0","Global",12,false,false,"ok"
"00424e70","FUN_00424e70","Global",36,false,false,"ok"
"00424ec0","FUN_00424ec0","Global",36,false,false,"ok"
"00424f00","FUN_00424f00","Global",52,false,false,"ok"
"00424f50","FUN_00424f50","Global",52,false,false,"ok"
"00424fa0","FUN_00424fa0","Global",52,false,false,"ok"
"00424ff0","FUN_00424ff0","Global",52,false,false,"ok"
"00425040","FUN_00425040","Global",52,false,false,"ok"
"00425090","FUN_00425090","Global",20,false,false,"ok"
"004251d0","FUN_004251d0","Global",36,false,false,"ok"
"00425210","FUN_00425210","Global",36,false,false,"ok"
"00425250","FUN_00425250","Global",52,false,false,"ok"
"004252a0","FUN_004252a0","Global",52,false,false,"ok"
"004252f0","FUN_004252f0","Global",52,false,false,"ok"
"00425340","FUN_00425340","Global",52,false,false,"ok"
"00425390","FUN_00425390","Global",96,false,false,"ok"
"00425400","FUN_00425400","Global",76,false,false,"ok"
"00425480","FUN_00425480","Global",96,false,false,"ok"
"004254f0","FUN_004254f0","Global",76,false,false,"ok"
"00425570","FUN_00425570","Global",96,false,false,"ok"
"004255e0","FUN_004255e0","Global",76,false,false,"ok"
"00425660","FUN_00425660","Global",96,false,false,"ok"
"004256d0","FUN_004256d0","Global",76,false,false,"ok"
"00425750","FUN_00425750","Global",52,false,false,"ok"
"004257a0","FUN_004257a0","Global",52,false,false,"ok"
"004257f0","FUN_004257f0","Global",72,false,false,"ok"
"00425850","FUN_00425850","Global",52,false,false,"ok"
"004258a0","FUN_004258a0","Global",72,false,false,"ok"
"00425900","FUN_00425900","Global",36,false,false,"ok"
"00425940","FUN_00425940","Global",60,false,false,"ok"
"004259a0","FUN_004259a0","Global",52,false,false,"ok"
"004259f0","FUN_004259f0","Global",52,false,false,"ok"
"00425a40","FUN_00425a40","Global",52,false,false,"ok"
"00425a90","FUN_00425a90","Global",52,false,false,"ok"
"00425ae0","FUN_00425ae0","Global",68,false,false,"ok"
"00425b50","FUN_00425b50","Global",104,false,false,"ok"
"00425be0","FUN_00425be0","Global",36,false,false,"ok"
"00425c30","FUN_00425c30","Global",36,false,false,"ok"
"00425c70","FUN_00425c70","Global",52,false,false,"ok"
"00425cc0","FUN_00425cc0","Global",72,false,false,"ok"
"00425d20","FUN_00425d20","Global",52,false,false,"ok"
"00425d70","FUN_00425d70","Global",116,false,false,"ok"
"00425e00","FUN_00425e00","Global",80,false,false,"ok"
"00425e60","FUN_00425e60","Global",44,false,false,"ok"
"00425ec0","FUN_00425ec0","Global",52,false,false,"ok"
"00425f20","FUN_00425f20","Global",52,false,false,"ok"
"00425f80","FUN_00425f80","Global",52,false,false,"ok"
"00425fe0","FUN_00425fe0","Global",80,false,false,"ok"
"00426040","FUN_00426040","Global",64,false,false,"ok"
"004260e0","FUN_004260e0","Global",60,false,false,"ok"
"00426140","FUN_00426140","Global",52,false,false,"ok"
"004261a0","FUN_004261a0","Global",28,false,false,"ok"
"004262d0","FUN_004262d0","Global",172,false,false,"ok"
"00426390","FUN_00426390","Global",148,false,false,"ok"
"00426440","FUN_00426440","Global",12,false,false,"ok"
"004269a0","FUN_004269a0","Global",224,false,false,"ok"
"00426a90","FUN_00426a90","Global",16,false,false,"ok"
"00426c10","FUN_00426c10","Global",16,false,false,"ok"
"00426f00","FUN_00426f00","Global",20,false,false,"ok"
"00427a60","FUN_00427a60","Global",12,false,false,"ok"
"00428d70","FUN_00428d70","Global",16,false,false,"ok"
"004291d0","FUN_004291d0","Global",8,false,false,"ok"
"00429ed0","FUN_00429ed0","Global",8,false,false,"ok"
"00429f80","FUN_00429f80","Global",156,false,false,"ok"
"0042a030","FUN_0042a030","Global",104,false,false,"ok"
"0042a0b0","FUN_0042a0b0","Global",152,false,false,"ok"
"0042a160","FUN_0042a160","Global",36,false,false,"ok"
"0042a1b0","FUN_0042a1b0","Global",80,false,false,"ok"
"0042a210","FUN_0042a210","Global",44,false,false,"ok"
"0042a270","FUN_0042a270","Global",80,false,false,"ok"
"0042a2d0","FUN_0042a2d0","Global",36,false,false,"ok"
"0042a320","FUN_0042a320","Global",80,false,false,"ok"
"0042a380","FUN_0042a380","Global",44,false,false,"ok"
"0042a3e0","FUN_0042a3e0","Global",80,false,false,"ok"
"0042a440","FUN_0042a440","Global",16,false,false,"ok"
"0042a4c0","FUN_0042a4c0","Global",112,false,false,"ok"
"0042a540","FUN_0042a540","Global",168,false,false,"ok"
"0042a6f0","FUN_0042a6f0","Global",128,false,false,"ok"
"0042a780","FUN_0042a780","Global",8,false,false,"ok"
"0042a800","FUN_0042a800","Global",104,false,false,"ok"
"0042a880","FUN_0042a880","Global",12,false,false,"ok"
"0042a960","FUN_0042a960","Global",88,false,false,"ok"
"0042a9d0","FUN_0042a9d0","Global",228,false,false,"ok"
"0042aad0","FUN_0042aad0","Global",88,false,false,"ok"
"0042ab40","FUN_0042ab40","Global",20,false,false,"ok"
"0042abe0","FUN_0042abe0","Global",112,false,false,"ok"
"0042ac60","FUN_0042ac60","Global",12,false,false,"ok"
"0042ad40","FUN_0042ad40","Global",112,false,false,"ok"
"0042adc0","FUN_0042adc0","Global",288,false,false,"ok"
"0042aef0","FUN_0042aef0","Global",88,false,false,"ok"
"0042af60","FUN_0042af60","Global",20,false,false,"ok"
"0042b010","FUN_0042b010","Global",140,false,false,"ok"
"0042b0b0","FUN_0042b0b0","Global",8,false,false,"ok"
"0042b260","FUN_0042b260","Global",192,false,false,"ok"
"0042b330","FUN_0042b330","Global",484,false,false,"ok"
"0042b740","FUN_0042b740","Global",12,false,false,"ok"
"0042ba40","FUN_0042ba40","Global",28,false,false,"ok"
"0042baa0","FUN_0042baa0","Global",112,false,false,"ok"
"0042bb20","FUN_0042bb20","Global",8,false,false,"ok"
"0042bbf0","FUN_0042bbf0","Global",96,false,false,"ok"
"0042bc60","FUN_0042bc60","Global",8,false,false,"ok"
"0042bd20","FUN_0042bd20","Global",16,false,false,"ok"
"0042bff0","FUN_0042bff0","Global",72,false,false,"ok"
"0042c040","FUN_0042c040","Global",44,false,false,"ok"
"0042c0e0","FUN_0042c0e0","Global",28,false,false,"ok"
"0042c140","FUN_0042c140","Global",112,false,false,"ok"
"0042c1c0","FUN_0042c1c0","Global",168,false,false,"ok"
"0042c280","FUN_0042c280","Global",64,false,false,"ok"
"0042c2e0","FUN_0042c2e0","Global",180,false,false,"ok"
"0042c3b0","FUN_0042c3b0","Global",28,false,false,"ok"
"0042c420","FUN_0042c420","Global",140,false,false,"ok"
"0042c4c0","FUN_0042c4c0","Global",8,false,false,"ok"
"0042c6c0","FUN_0042c6c0","Global",76,false,false,"ok"
"0042c720","FUN_0042c720","Global",8,false,false,"ok"
"0042c7f0","FUN_0042c7f0","Global",372,false,false,"ok"
"0042c9b0","FUN_0042c9b0","Global",28,false,false,"ok"
"0042ca80","FUN_0042ca80","Global",156,false,false,"ok"
"0042cb30","FUN_0042cb30","Global",28,false,false,"ok"
"0042d140","FUN_0042d140","Global",12,false,false,"ok"
"0042d5a0","FUN_0042d5a0","Global",8,false,false,"ok"
"0042ddf0","FUN_0042ddf0","Global",16,false,false,"ok"
"0042dfa0","FUN_0042dfa0","Global",284,false,false,"ok"
"0042e0d0","FUN_0042e0d0","Global",220,false,false,"ok"
"0042e210","FUN_0042e210","Global",76,false,false,"ok"
"0042e270","FUN_0042e270","Global",8,false,false,"ok"
"0042e2e0","FUN_0042e2e0","Global",112,false,false,"ok"
"0042e390","FUN_0042e390","Global",76,false,false,"ok"
"0042e410","FUN_0042e410","Global",128,false,false,"ok"
"0042e4d0","FUN_0042e4d0","Global",20,false,false,"ok"
"0042e560","FUN_0042e560","Global",104,false,false,"ok"
"0042e5e0","FUN_0042e5e0","Global",8,false,false,"ok"
"0042e6d0","FUN_0042e6d0","Global",52,false,false,"ok"
"0042e720","FUN_0042e720","Global",136,false,false,"ok"
"0042e7d0","FUN_0042e7d0","Global",28,false,false,"ok"
"0042e880","FUN_0042e880","Global",104,false,false,"ok"
"0042e900","FUN_0042e900","Global",8,false,false,"ok"
"0042eab0","FUN_0042eab0","Global",52,false,false,"ok"
"0042eb00","FUN_0042eb00","Global",312,false,false,"ok"
"0042ec60","FUN_0042ec60","Global",8,false,false,"ok"
"0042ece0","FUN_0042ece0","Global",112,false,false,"ok"
"0042ed60","FUN_0042ed60","Global",52,false,false,"ok"
"0042eda0","FUN_0042eda0","Global",8,false,false,"ok"
"0042ee30","FUN_0042ee30","Global",76,false,false,"ok"
"0042ee90","FUN_0042ee90","Global",304,false,false,"ok"
"0042efe0","FUN_0042efe0","Global",272,false,false,"ok"
"0042f1b0","FUN_0042f1b0","Global",12,false,false,"ok"
"0042f330","FUN_0042f330","Global",164,false,false,"ok"
"0042f400","FUN_0042f400","Global",12,false,false,"ok"
"0042f650","FUN_0042f650","Global",56,false,false,"ok"
"0042f6a0","FUN_0042f6a0","Global",12,false,false,"ok"
"0042f790","FUN_0042f790","Global",16,false,false,"ok"
"00430420","FUN_00430420","Global",8,false,false,"ok"
"00430560","FUN_00430560","Global",76,false,false,"ok"
"004305f0","FUN_004305f0","Global",132,false,false,"ok"
"004306b0","FUN_004306b0","Global",68,false,false,"ok"
"00430720","FUN_00430720","Global",12,false,false,"ok"
"00430910","FUN_00430910","Global",12,false,false,"ok"
"00430ce0","FUN_00430ce0","Global",24,false,false,"ok"
"00431210","FUN_00431210","Global",16,false,false,"ok"
"004313d0","FUN_004313d0","Global",20,false,false,"ok"
"00431470","FUN_00431470","Global",28,false,false,"ok"
"004314f0","FUN_004314f0","Global",160,false,false,"ok"
"004315a0","FUN_004315a0","Global",8,false,false,"ok"
"00431870","FUN_00431870","Global",8,false,false,"ok"
"00431a10","FUN_00431a10","Global",8,false,false,"ok"
"00431b30","FUN_00431b30","Global",400,false,false,"ok"
"00431d10","FUN_00431d10","Global",40,false,false,"ok"
"00431d40","FUN_00431d40","Global",48,false,false,"ok"
"00431d80","FUN_00431d80","Global",80,false,false,"ok"
"00431de0","FUN_00431de0","Global",136,false,false,"ok"
"00431f40","FUN_00431f40","Global",8,false,false,"ok"
"00431fb0","FUN_00431fb0","Global",112,false,false,"ok"
"00432030","FUN_00432030","Global",28,false,false,"ok"
"004321a0","FUN_004321a0","Global",12,false,false,"ok"
"00432230","FUN_00432230","Global",80,false,false,"ok"
"00432290","FUN_00432290","Global",60,false,false,"ok"
"004322e0","FUN_004322e0","Global",32,false,false,"ok"
"00432390","FUN_00432390","Global",8,false,false,"ok"
"004325e0","FUN_004325e0","Global",8,false,false,"ok"
"00432880","FUN_00432880","Global",8,false,false,"ok"
"00432990","FUN_00432990","Global",112,false,false,"ok"
"00432a10","FUN_00432a10","Global",132,false,false,"ok"
"00432aa0","FUN_00432aa0","Global",96,false,false,"ok"
"00432b20","FUN_00432b20","Global",20,false,false,"ok"
"00432b60","FUN_00432b60","Global",80,false,false,"ok"
"00432bd0","FUN_00432bd0","Global",8,false,false,"ok"
"00432dd0","FUN_00432dd0","Global",28,false,false,"ok"
"00432e30","FUN_00432e30","Global",132,false,false,"ok"
"00432ed0","FUN_00432ed0","Global",52,false,false,"ok"
"00432f10","FUN_00432f10","Global",384,false,false,"ok"
"004330b0","FUN_004330b0","Global",8,false,false,"ok"
"00433340","FUN_00433340","Global",116,false,false,"ok"
"004333d0","FUN_004333d0","Global",8,false,false,"ok"
"00433470","FUN_00433470","Global",220,false,false,"ok"
"00433560","FUN_00433560","Global",8,false,false,"ok"
"004335c0","FUN_004335c0","Global",80,false,false,"ok"
"00433620","FUN_00433620","Global",64,false,false,"ok"
"00433670","FUN_00433670","Global",216,false,false,"ok"
"00433760","FUN_00433760","Global",60,false,false,"ok"
"004337c0","FUN_004337c0","Global",52,false,false,"ok"
"00433810","FUN_00433810","Global",36,false,false,"ok"
"00433850","FUN_00433850","Global",76,false,false,"ok"
"004338c0","FUN_004338c0","Global",72,false,false,"ok"
"00433930","FUN_00433930","Global",64,false,false,"ok"
"00433990","FUN_00433990","Global",60,false,false,"ok"
"004339f0","FUN_004339f0","Global",68,false,false,"ok"
"00433a50","FUN_00433a50","Global",100,false,false,"ok"
"00433ad0","FUN_00433ad0","Global",52,false,false,"ok"
"00433b20","FUN_00433b20","Global",68,false,false,"ok"
"00433b80","FUN_00433b80","Global",60,false,false,"ok"
"00433be0","FUN_00433be0","Global",80,false,false,"ok"
"00433c40","FUN_00433c40","Global",12,false,false,"ok"
"00433cd0","FUN_00433cd0","Global",80,false,false,"ok"
"00433d30","FUN_00433d30","Global",72,false,false,"ok"
"00433db0","FUN_00433db0","Global",52,false,false,"ok"
"00433e00","FUN_00433e00","Global",64,false,false,"ok"
"00433e60","FUN_00433e60","Global",52,false,false,"ok"
"00433eb0","FUN_00433eb0","Global",52,false,false,"ok"
"00433f00","FUN_00433f00","Global",52,false,false,"ok"
"00433f50","FUN_00433f50","Global",60,false,false,"ok"
"00433fb0","FUN_00433fb0","Global",68,false,false,"ok"
"00434010","FUN_00434010","Global",60,false,false,"ok"
"00434070","FUN_00434070","Global",52,false,false,"ok"
"004340c0","FUN_004340c0","Global",60,false,false,"ok"
"00434120","FUN_00434120","Global",60,false,false,"ok"
"00434180","FUN_00434180","Global",76,false,false,"ok"
"004341f0","FUN_004341f0","Global",60,false,false,"ok"
"00434250","FUN_00434250","Global",80,false,false,"ok"
"004342e0","FUN_004342e0","Global",44,false,false,"ok"
"00434340","FUN_00434340","Global",8,false,false,"ok"
"00434450","FUN_00434450","Global",140,false,false,"ok"
"004344f0","FUN_004344f0","Global",8,false,false,"ok"
"00434720","FUN_00434720","Global",12,false,false,"ok"
"00434800","FUN_00434800","Global",108,false,false,"ok"
"004348a0","FUN_004348a0","Global",924,false,false,"ok"
"00434c50","FUN_00434c50","Global",12,false,false,"ok"
"00434f60","FUN_00434f60","Global",440,false,false,"ok"
"00435180","FUN_00435180","Global",8,false,false,"ok"
"00435830","FUN_00435830","Global",20,false,false,"ok"
"004358e0","FUN_004358e0","Global",136,false,false,"ok"
"004359b0","FUN_004359b0","Global",100,false,false,"ok"
"00435a30","FUN_00435a30","Global",60,false,false,"ok"
"00435a90","FUN_00435a90","Global",272,false,false,"ok"
"00435d10","FUN_00435d10","Global",8,false,false,"ok"
"00435e50","FUN_00435e50","Global",20,false,false,"ok"
"00435ef0","FUN_00435ef0","Global",8,false,false,"ok"
"00435fd0","FUN_00435fd0","Global",188,false,false,"ok"
"004360a0","FUN_004360a0","Global",8,false,false,"ok"
"00436350","FUN_00436350","Global",28,false,false,"ok"
"00436380","FUN_00436380","Global",156,false,false,"ok"
"00436430","FUN_00436430","Global",84,false,false,"ok"
"004364a0","FUN_004364a0","Global",88,false,false,"ok"
"00436510","FUN_00436510","Global",12,false,false,"ok"
"00436590","FUN_00436590","Global",136,false,false,"ok"
"00436660","FUN_00436660","Global",76,false,false,"ok"
"004366c0","FUN_004366c0","Global",28,false,false,"ok"
"004366f0","FUN_004366f0","Global",12,false,false,"ok"
"004367c0","FUN_004367c0","Global",12,false,false,"ok"
"00436840","FUN_00436840","Global",136,false,false,"ok"
"00436930","FUN_00436930","Global",180,false,false,"ok"
"00436a40","FUN_00436a40","Global",28,false,false,"ok"
"00436a70","FUN_00436a70","Global",12,false,false,"ok"
"00436b80","FUN_00436b80","Global",12,false,false,"ok"
"00436c00","FUN_00436c00","Global",136,false,false,"ok"
"00436ca0","FUN_00436ca0","Global",120,false,false,"ok"
"00436d30","FUN_00436d30","Global",288,false,false,"ok"
"00436e90","FUN_00436e90","Global",28,false,false,"ok"
"00436ec0","FUN_00436ec0","Global",156,false,false,"ok"
"00436f70","FUN_00436f70","Global",84,false,false,"ok"
"00436fe0","FUN_00436fe0","Global",112,false,false,"ok"
"00437060","FUN_00437060","Global",12,false,false,"ok"
"004370e0","FUN_004370e0","Global",136,false,false,"ok"
"00437180","FUN_00437180","Global",136,false,false,"ok"
"00437220","FUN_00437220","Global",236,false,false,"ok"
"00437320","FUN_00437320","Global",28,false,false,"ok"
"00437350","FUN_00437350","Global",12,false,false,"ok"
"00437630","FUN_00437630","Global",156,false,false,"ok"
"004376f0","FUN_004376f0","Global",12,false,false,"ok"
"00437770","FUN_00437770","Global",136,false,false,"ok"
"00437840","FUN_00437840","Global",336,false,false,"ok"
"00437a00","FUN_00437a00","Global",28,false,false,"ok"
"00437a30","FUN_00437a30","Global",16,false,false,"ok"
"00437bb0","FUN_00437bb0","Global",12,false,false,"ok"
"00437c30","FUN_00437c30","Global",136,false,false,"ok"
"00437d00","FUN_00437d00","Global",76,false,false,"ok"
"00437d60","FUN_00437d60","Global",68,false,false,"ok"
"00437de0","FUN_00437de0","Global",76,false,false,"ok"
"00437e90","FUN_00437e90","Global",8,false,false,"ok"
"00437f00","FUN_00437f00","Global",112,false,false,"ok"
"00437f80","FUN_00437f80","Global",144,false,false,"ok"
"00438020","FUN_00438020","Global",36,false,false,"ok"
"00438050","FUN_00438050","Global",244,false,false,"ok"
"00438160","FUN_00438160","Global",12,false,false,"ok"
"004381e0","FUN_004381e0","Global",112,false,false,"ok"
"00438260","FUN_00438260","Global",56,false,false,"ok"
"004382a0","FUN_004382a0","Global",64,false,false,"ok"
"004383e0","FUN_004383e0","Global",20,false,false,"ok"
"004384a0","FUN_004384a0","Global",156,false,false,"ok"
"00438550","FUN_00438550","Global",64,false,false,"ok"
"004385a0","FUN_004385a0","Global",52,false,false,"ok"
"00438710","FUN_00438710","Global",180,false,false,"ok"
"004387e0","FUN_004387e0","Global",12,false,false,"ok"
"00438870","FUN_00438870","Global",112,false,false,"ok"
"004388f0","FUN_004388f0","Global",12,false,false,"ok"
"00438d50","FUN_00438d50","Global",8,false,false,"ok"
"00438dd0","FUN_00438dd0","Global",112,false,false,"ok"
"00438e50","FUN_00438e50","Global",16,false,false,"ok"
"00439440","FUN_00439440","Global",12,false,false,"ok"
"004394d0","FUN_004394d0","Global",136,false,false,"ok"
"004395a0","FUN_004395a0","Global",324,false,false,"ok"
"00439740","FUN_00439740","Global",40,false,false,"ok"
"004397a0","FUN_004397a0","Global",96,false,false,"ok"
"00439820","FUN_00439820","Global",8,false,false,"ok"
"004399f0","FUN_004399f0","Global",12,false,false,"ok"
"00439ab0","FUN_00439ab0","Global",136,false,false,"ok"
"00439b50","FUN_00439b50","Global",12,false,false,"ok"
"00439c30","FUN_00439c30","Global",304,false,false,"ok"
"00439fa0","FUN_00439fa0","Global",56,false,false,"ok"
"0043a0d0","FUN_0043a0d0","Global",144,false,false,"ok"
"0043a180","FUN_0043a180","Global",84,false,false,"ok"
"0043a200","FUN_0043a200","Global",8,false,false,"ok"
"0043a270","FUN_0043a270","Global",112,false,false,"ok"
"0043a2f0","FUN_0043a2f0","Global",8,false,false,"ok"
"0043a400","FUN_0043a400","Global",12,false,false,"ok"
"0043a490","FUN_0043a490","Global",112,false,false,"ok"
"0043a510","FUN_0043a510","Global",20,false,false,"ok"
"0043a970","FUN_0043a970","Global",912,false,false,"ok"
"0043ad60","FUN_0043ad60","Global",20,false,false,"ok"
"0043adf0","FUN_0043adf0","Global",136,false,false,"ok"
"0043ae90","FUN_0043ae90","Global",136,false,false,"ok"
"0043af30","FUN_0043af30","Global",8,false,false,"ok"
"0043b0f0","FUN_0043b0f0","Global",28,false,false,"ok"
"0043b120","FUN_0043b120","Global",164,false,false,"ok"
"0043b1e0","FUN_0043b1e0","Global",84,false,false,"ok"
"0043b250","FUN_0043b250","Global",204,false,false,"ok"
"0043b330","FUN_0043b330","Global",20,false,false,"ok"
"0043b3d0","FUN_0043b3d0","Global",136,false,false,"ok"
"0043b470","FUN_0043b470","Global",136,false,false,"ok"
"0043b510","FUN_0043b510","Global",256,false,false,"ok"
"0043b680","FUN_0043b680","Global",156,false,false,"ok"
"0043b750","FUN_0043b750","Global",144,false,false,"ok"
"0043b800","FUN_0043b800","Global",96,false,false,"ok"
"0043b8a0","FUN_0043b8a0","Global",8,false,false,"ok"
"0043b910","FUN_0043b910","Global",112,false,false,"ok"
"0043b990","FUN_0043b990","Global",8,false,false,"ok"
"0043be10","FUN_0043be10","Global",12,false,false,"ok"
"0043be90","FUN_0043be90","Global",132,false,false,"ok"
"0043bf30","FUN_0043bf30","Global",108,false,false,"ok"
"0043bfb0","FUN_0043bfb0","Global",264,false,false,"ok"
"0043c0e0","FUN_0043c0e0","Global",172,false,false,"ok"
"0043c1a0","FUN_0043c1a0","Global",136,false,false,"ok"
"0043c250","FUN_0043c250","Global",76,false,false,"ok"
"0043c2b0","FUN_0043c2b0","Global",128,false,false,"ok"
"0043c340","FUN_0043c340","Global",164,false,false,"ok"
"0043c400","FUN_0043c400","Global",8,false,false,"ok"
"0043c470","FUN_0043c470","Global",104,false,false,"ok"
"0043c4f0","FUN_0043c4f0","Global",52,false,false,"ok"
"0043c530","FUN_0043c530","Global",404,false,false,"ok"
"0043c700","FUN_0043c700","Global",8,false,false,"ok"
"0043c850","FUN_0043c850","Global",616,false,false,"ok"
"0043cae0","FUN_0043cae0","Global",28,false,false,"ok"
"0043cba0","FUN_0043cba0","Global",184,false,false,"ok"
"0043cca0","FUN_0043cca0","Global",8,false,false,"ok"
"0043cfd0","FUN_0043cfd0","Global",52,false,false,"ok"
"0043d050","FUN_0043d050","Global",12,false,false,"ok"
"0043d0d0","FUN_0043d0d0","Global",112,false,false,"ok"
"0043d150","FUN_0043d150","Global",156,false,false,"ok"
"0043d200","FUN_0043d200","Global",180,false,false,"ok"
"0043d2d0","FUN_0043d2d0","Global",84,false,false,"ok"
"0043d340","FUN_0043d340","Global",96,false,false,"ok"
"0043d3c0","FUN_0043d3c0","Global",108,false,false,"ok"
"0043d440","FUN_0043d440","Global",136,false,false,"ok"
"0043d4e0","FUN_0043d4e0","Global",28,false,false,"ok"
"0043d540","FUN_0043d540","Global",112,false,false,"ok"
"0043d5c0","FUN_0043d5c0","Global",24,false,false,"ok"
"0043d670","FUN_0043d670","Global",28,false,false,"ok"
"0043d6d0","FUN_0043d6d0","Global",112,false,false,"ok"
"0043d750","FUN_0043d750","Global",120,false,false,"ok"
"0043d9e0","FUN_0043d9e0","Global",172,false,false,"ok"
"0043dab0","FUN_0043dab0","Global",16,false,false,"ok"
"0043dbd0","FUN_0043dbd0","Global",28,false,false,"ok"
"0043dc30","FUN_0043dc30","Global",112,false,false,"ok"
"0043dcb0","FUN_0043dcb0","Global",52,false,false,"ok"
"0043dd00","FUN_0043dd00","Global",124,false,false,"ok"
"0043dda0","FUN_0043dda0","Global",8,false,false,"ok"
"0043de20","FUN_0043de20","Global",136,false,false,"ok"
"0043dec0","FUN_0043dec0","Global",16,false,false,"ok"
"0043e6c0","FUN_0043e6c0","Global",8,false,false,"ok"
"0043e750","FUN_0043e750","Global",112,false,false,"ok"
"0043e7d0","FUN_0043e7d0","Global",108,false,false,"ok"
"0043e890","FUN_0043e890","Global",28,false,false,"ok"
"0043e8f0","FUN_0043e8f0","Global",112,false,false,"ok"
"0043e970","FUN_0043e970","Global",208,false,false,"ok"
"0043ea50","FUN_0043ea50","Global",120,false,false,"ok"
"0043eb00","FUN_0043eb00","Global",12,false,false,"ok"
"0043ec60","FUN_0043ec60","Global",52,false,false,"ok"
"0043ecc0","FUN_0043ecc0","Global",52,false,false,"ok"
"0043ed20","FUN_0043ed20","Global",52,false,false,"ok"
"0043ed80","FUN_0043ed80","Global",52,false,false,"ok"
"0043edd0","FUN_0043edd0","Global",52,false,false,"ok"
"0043ee20","FUN_0043ee20","Global",52,false,false,"ok"
"0043ee80","FUN_0043ee80","Global",60,false,false,"ok"
"0043eee0","FUN_0043eee0","Global",68,false,false,"ok"
"0043ef40","FUN_0043ef40","Global",52,false,false,"ok"
"0043ef90","FUN_0043ef90","Global",60,false,false,"ok"
"0043eff0","FUN_0043eff0","Global",52,false,false,"ok"
"0043f050","FUN_0043f050","Global",60,false,false,"ok"
"0043f0b0","FUN_0043f0b0","Global",60,false,false,"ok"
"0043f110","FUN_0043f110","Global",96,false,false,"ok"
"0043f1a0","FUN_0043f1a0","Global",52,false,false,"ok"
"0043f200","FUN_0043f200","Global",60,false,false,"ok"
"0043f260","FUN_0043f260","Global",60,false,false,"ok"
"0043f2c0","FUN_0043f2c0","Global",76,false,false,"ok"
"0043f340","FUN_0043f340","Global",84,false,false,"ok"
"0043f3e0","FUN_0043f3e0","Global",60,false,false,"ok"
"0043f450","FUN_0043f450","Global",52,false,false,"ok"
"0043f4a0","FUN_0043f4a0","Global",60,false,false,"ok"
"0043f500","FUN_0043f500","Global",60,false,false,"ok"
"0043f560","FUN_0043f560","Global",60,false,false,"ok"
"0043f5c0","FUN_0043f5c0","Global",60,false,false,"ok"
"0043f620","FUN_0043f620","Global",60,false,false,"ok"
"0043f680","FUN_0043f680","Global",60,false,false,"ok"
"0043f6e0","FUN_0043f6e0","Global",60,false,false,"ok"
"0043f740","FUN_0043f740","Global",60,false,false,"ok"
"0043f7a0","FUN_0043f7a0","Global",76,false,false,"ok"
"0043f810","FUN_0043f810","Global",16,false,false,"ok"
"0043fe80","FUN_0043fe80","Global",8,false,false,"ok"
"00440660","FUN_00440660","Global",208,false,false,"ok"
"00440820","FUN_00440820","Global",28,false,false,"ok"
"00440f00","FUN_00440f00","Global",12,false,false,"ok"
"00441640","FUN_00441640","Global",8,false,false,"ok"
"00441700","FUN_00441700","Global",8,false,false,"ok"
"00441770","FUN_00441770","Global",8,false,false,"ok"
"004417f0","FUN_004417f0","Global",8,false,false,"ok"
"00441870","FUN_00441870","Global",24,false,false,"ok"
"00441890","FUN_00441890","Global",12,false,false,"ok"
"00441950","FUN_00441950","Global",16,false,false,"ok"
"00441970","FUN_00441970","Global",12,false,false,"ok"
"004419a0","FUN_004419a0","Global",12,false,false,"ok"
"00441c80","FUN_00441c80","Global",312,false,false,"ok"
"00441e10","FUN_00441e10","Global",16,false,false,"ok"
"00441f50","FUN_00441f50","Global",160,false,false,"ok"
"00442090","FUN_00442090","Global",152,false,false,"ok"
"00442130","FUN_00442130","Global",12,false,false,"ok"
"00442570","FUN_00442570","Global",16,false,false,"ok"
"00442700","FUN_00442700","Global",20,false,false,"ok"
"004427d0","FUN_004427d0","Global",104,false,false,"ok"
"00442850","FUN_00442850","Global",72,false,false,"ok"
"004428a0","FUN_004428a0","Global",448,false,false,"ok"
"00442a70","FUN_00442a70","Global",8,false,false,"ok"
"00442f10","FUN_00442f10","Global",52,false,false,"ok"
"00442f50","FUN_00442f50","Global",56,false,false,"ok"
"00442fa0","FUN_00442fa0","Global",20,false,false,"ok"
"004448a0","FUN_004448a0","Global",20,false,false,"ok"
"004449d0","FUN_004449d0","Global",20,false,false,"ok"
"00445260","FUN_00445260","Global",20,false,false,"ok"
"004454d0","FUN_004454d0","Global",20,false,false,"ok"
"00445510","FUN_00445510","Global",108,false,false,"ok"
"00445590","FUN_00445590","Global",116,false,false,"ok"
"00445620","FUN_00445620","Global",68,false,false,"ok"
"00445670","FUN_00445670","Global",64,false,false,"ok"
"004456d0","FUN_004456d0","Global",136,false,false,"ok"
"00445770","FUN_00445770","Global",96,false,false,"ok"
"004457e0","FUN_004457e0","Global",152,false,false,"ok"
"00445890","FUN_00445890","Global",80,false,false,"ok"
"00445930","FUN_00445930","Global",8,false,false,"ok"
"004459b0","FUN_004459b0","Global",112,false,false,"ok"
"00445a40","FUN_00445a40","Global",112,false,false,"ok"
"00445af0","FUN_00445af0","Global",108,false,false,"ok"
"00445b80","FUN_00445b80","Global",136,false,false,"ok"
"00445c20","FUN_00445c20","Global",164,false,false,"ok"
"00445cd0","FUN_00445cd0","Global",64,false,false,"ok"
"00445d20","FUN_00445d20","Global",60,false,false,"ok"
"00445e50","FUN_00445e50","Global",20,false,false,"ok"
"00445ef0","FUN_00445ef0","Global",112,false,false,"ok"
"00445f80","FUN_00445f80","Global",8,false,false,"ok"
"00446000","FUN_00446000","Global",8,false,false,"ok"
"00446100","FUN_00446100","Global",48,false,false,"ok"
"00446150","FUN_00446150","Global",268,false,false,"ok"
"004462c0","FUN_004462c0","Global",8,false,false,"ok"
"00446350","FUN_00446350","Global",112,false,false,"ok"
"004463e0","FUN_004463e0","Global",244,false,false,"ok"
"00446500","FUN_00446500","Global",16,false,false,"ok"
"00446750","FUN_00446750","Global",172,false,false,"ok"
"00446820","FUN_00446820","Global",60,false,false,"ok"
"00446880","FUN_00446880","Global",68,false,false,"ok"
"00446940","FUN_00446940","Global",344,false,false,"ok"
"00446ab0","FUN_00446ab0","Global",8,false,false,"ok"
"00446b20","FUN_00446b20","Global",112,false,false,"ok"
"00446bb0","FUN_00446bb0","Global",12,false,false,"ok"
"00447620","FUN_00447620","Global",8,false,false,"ok"
"004477e0","FUN_004477e0","Global",8,false,false,"ok"
"00447850","FUN_00447850","Global",112,false,false,"ok"
"004478e0","FUN_004478e0","Global",8,false,false,"ok"
"00447b30","FUN_00447b30","Global",28,false,false,"ok"
"00447c60","FUN_00447c60","Global",136,false,false,"ok"
"00447d00","FUN_00447d00","Global",8,false,false,"ok"
"00447d90","FUN_00447d90","Global",8,false,false,"ok"
"00447e30","FUN_00447e30","Global",96,false,false,"ok"
"00447ea0","FUN_00447ea0","Global",8,false,false,"ok"
"00448230","FUN_00448230","Global",12,false,false,"ok"
"00448560","FUN_00448560","Global",60,false,false,"ok"
"004485b0","FUN_004485b0","Global",28,false,false,"ok"
"004489c0","FUN_004489c0","Global",8,false,false,"ok"
"00448c50","FUN_00448c50","Global",28,false,false,"ok"
"00448df0","FUN_00448df0","Global",8,false,false,"ok"
"00448fa0","FUN_00448fa0","Global",168,false,false,"ok"
"00449060","FUN_00449060","Global",76,false,false,"ok"
"004490c0","FUN_004490c0","Global",8,false,false,"ok"
"004492b0","FUN_004492b0","Global",8,false,false,"ok"
"004494c0","FUN_004494c0","Global",32,false,false,"ok"
"00449cd0","FUN_00449cd0","Global",8,false,false,"ok"
"0044a050","FUN_0044a050","Global",8,false,false,"ok"
"0044a310","FUN_0044a310","Global",564,false,false,"ok"
"0044a5e0","FUN_0044a5e0","Global",12,false,false,"ok"
"0044a6a0","FUN_0044a6a0","Global",144,false,false,"ok"
"0044a750","FUN_0044a750","Global",8,false,false,"ok"
"0044a990","FUN_0044a990","Global",12,false,false,"ok"
"0044ac60","FUN_0044ac60","Global",96,false,false,"ok"
"0044acd0","FUN_0044acd0","Global",16,false,false,"ok"
"0044add0","FUN_0044add0","Global",12,false,false,"ok"
"0044b070","FUN_0044b070","Global",196,false,false,"ok"
"0044b140","FUN_0044b140","Global",20,false,false,"ok"
"0044b180","FUN_0044b180","Global",80,false,false,"ok"
"0044b1e0","FUN_0044b1e0","Global",108,false,false,"ok"
"0044b280","FUN_0044b280","Global",152,false,false,"ok"
"0044b340","FUN_0044b340","Global",8,false,false,"ok"
"0044b4d0","FUN_0044b4d0","Global",8,false,false,"ok"
"0044b7e0","FUN_0044b7e0","Global",20,false,false,"ok"
"0044b880","FUN_0044b880","Global",80,false,false,"ok"
"0044b8f0","FUN_0044b8f0","Global",120,false,false,"ok"
"0044b980","FUN_0044b980","Global",44,false,false,"ok"
"0044ba80","FUN_0044ba80","Global",16,false,false,"ok"
"0044baf0","FUN_0044baf0","Global",12,false,false,"ok"
"0044bba0","FUN_0044bba0","Global",132,false,false,"ok"
"0044bc40","FUN_0044bc40","Global",68,false,false,"ok"
"0044bd00","FUN_0044bd00","Global",44,false,false,"ok"
"0044bd60","FUN_0044bd60","Global",12,false,false,"ok"
"0044be40","FUN_0044be40","Global",96,false,false,"ok"
"0044beb0","FUN_0044beb0","Global",76,false,false,"ok"
"0044bf30","FUN_0044bf30","Global",68,false,false,"ok"
"0044bf90","FUN_0044bf90","Global",76,false,false,"ok"
"0044c000","FUN_0044c000","Global",8,false,false,"ok"
"0044c0b0","FUN_0044c0b0","Global",8,false,false,"ok"
"0044c150","FUN_0044c150","Global",96,false,false,"ok"
"0044c1c0","FUN_0044c1c0","Global",76,false,false,"ok"
"0044c240","FUN_0044c240","Global",8,false,false,"ok"
"0044c2f0","FUN_0044c2f0","Global",20,false,false,"ok"
"0044c3b0","FUN_0044c3b0","Global",56,false,false,"ok"
"0044c440","FUN_0044c440","Global",8,false,false,"ok"
"0044c4e0","FUN_0044c4e0","Global",56,false,false,"ok"
"0044c570","FUN_0044c570","Global",44,false,false,"ok"
"0044c5d0","FUN_0044c5d0","Global",108,false,false,"ok"
"0044c650","FUN_0044c650","Global",128,false,false,"ok"
"0044c6e0","FUN_0044c6e0","Global",116,false,false,"ok"
"0044c760","FUN_0044c760","Global",64,false,false,"ok"
"0044c7d0","FUN_0044c7d0","Global",16,false,false,"ok"
"0044c9a0","FUN_0044c9a0","Global",80,false,false,"ok"
"0044ca00","FUN_0044ca00","Global",8,false,false,"ok"
"0044cb20","FUN_0044cb20","Global",12,false,false,"ok"
"0044cc10","FUN_0044cc10","Global",16,false,false,"ok"
"0044cd60","FUN_0044cd60","Global",172,false,false,"ok"
"0044ce30","FUN_0044ce30","Global",12,false,false,"ok"
"0044ced0","FUN_0044ced0","Global",180,false,false,"ok"
"0044cfa0","FUN_0044cfa0","Global",8,false,false,"ok"
"0044d390","FUN_0044d390","Global",76,false,false,"ok"
"0044d3f0","FUN_0044d3f0","Global",56,false,false,"ok"
"0044d440","FUN_0044d440","Global",136,false,false,"ok"
"0044d4e0","FUN_0044d4e0","Global",16,false,false,"ok"
"0044dbc0","FUN_0044dbc0","Global",12,false,false,"ok"
"0044de20","FUN_0044de20","Global",616,false,false,"ok"
"0044e120","FUN_0044e120","Global",12,false,false,"ok"
"0044e1c0","FUN_0044e1c0","Global",140,false,false,"ok"
"0044e270","FUN_0044e270","Global",8,false,false,"ok"
"0044e3a0","FUN_0044e3a0","Global",188,false,false,"ok"
"0044e470","FUN_0044e470","Global",8,false,false,"ok"
"0044e5f0","FUN_0044e5f0","Global",288,false,false,"ok"
"0044e720","FUN_0044e720","Global",28,false,false,"ok"
"0044e790","FUN_0044e790","Global",8,false,false,"ok"
"0044e810","FUN_0044e810","Global",128,false,false,"ok"
"0044e8b0","FUN_0044e8b0","Global",24,false,false,"ok"
"0044ea70","FUN_0044ea70","Global",8,false,false,"ok"
"0044ee00","FUN_0044ee00","Global",240,false,false,"ok"
"0044ef50","FUN_0044ef50","Global",28,false,false,"ok"
"0044efa0","FUN_0044efa0","Global",80,false,false,"ok"
"0044f000","FUN_0044f000","Global",76,false,false,"ok"
"0044f060","FUN_0044f060","Global",60,false,false,"ok"
"0044f0b0","FUN_0044f0b0","Global",8,false,false,"ok"
"0044f160","FUN_0044f160","Global",92,false,false,"ok"
"0044f1d0","FUN_0044f1d0","Global",56,false,false,"ok"
"0044f240","FUN_0044f240","Global",96,false,false,"ok"
"0044f2b0","FUN_0044f2b0","Global",76,false,false,"ok"
"0044f330","FUN_0044f330","Global",8,false,false,"ok"
"0044f460","FUN_0044f460","Global",12,false,false,"ok"
"0044f520","FUN_0044f520","Global",80,false,false,"ok"
"0044f580","FUN_0044f580","Global",80,false,false,"ok"
"0044f620","FUN_0044f620","Global",12,false,false,"ok"
"0044f6e0","FUN_0044f6e0","Global",56,false,false,"ok"
"0044f750","FUN_0044f750","Global",56,false,false,"ok"
"0044f7f0","FUN_0044f7f0","Global",12,false,false,"ok"
"0044f8c0","FUN_0044f8c0","Global",80,false,false,"ok"
"0044fa90","FUN_0044fa90","Global",32,false,false,"ok"
"0044fd80","FUN_0044fd80","Global",72,false,false,"ok"
"0044fde0","FUN_0044fde0","Global",8,false,false,"ok"
"0044feb0","FUN_0044feb0","Global",80,false,false,"ok"
"0044ff10","FUN_0044ff10","Global",8,false,false,"ok"
"0044ffd0","FUN_0044ffd0","Global",8,false,false,"ok"
"004506b0","FUN_004506b0","Global",44,false,false,"ok"
"00450730","FUN_00450730","Global",80,false,false,"ok"
"00450790","FUN_00450790","Global",68,false,false,"ok"
"004507e0","FUN_004507e0","Global",8,false,false,"ok"
"00450860","FUN_00450860","Global",16,false,false,"ok"
"00450a80","FUN_00450a80","Global",128,false,false,"ok"
"00450b60","FUN_00450b60","Global",28,false,false,"ok"
"00450d90","FUN_00450d90","Global",80,false,false,"ok"
"00450df0","FUN_00450df0","Global",8,false,false,"ok"
"00450f00","FUN_00450f00","Global",80,false,false,"ok"
"00450fa0","FUN_00450fa0","Global",80,false,false,"ok"
"00451000","FUN_00451000","Global",16,false,false,"ok"
"00451380","FUN_00451380","Global",280,false,false,"ok"
"004514b0","FUN_004514b0","Global",36,false,false,"ok"
"00451510","FUN_00451510","Global",80,false,false,"ok"
"00451570","FUN_00451570","Global",12,false,false,"ok"
"00451750","FUN_00451750","Global",88,false,false,"ok"
"004517c0","FUN_004517c0","Global",24,false,false,"ok"
"00451940","FUN_00451940","Global",104,false,false,"ok"
"004519c0","FUN_004519c0","Global",96,false,false,"ok"
"00451a30","FUN_00451a30","Global",16,false,false,"ok"
"00451c10","FUN_00451c10","Global",264,false,false,"ok"
"00451d40","FUN_00451d40","Global",12,false,false,"ok"
"00452160","FUN_00452160","Global",72,false,false,"ok"
"004521c0","FUN_004521c0","Global",12,false,false,"ok"
"00452340","FUN_00452340","Global",112,false,false,"ok"
"004523c0","FUN_004523c0","Global",28,false,false,"ok"
"00452780","FUN_00452780","Global",624,false,false,"ok"
"00452a00","FUN_00452a00","Global",16,false,false,"ok"
"00452d50","FUN_00452d50","Global",420,false,false,"ok"
"00452f10","FUN_00452f10","Global",24,false,false,"ok"
"00453210","FUN_00453210","Global",28,false,false,"ok"
"00453600","FUN_00453600","Global",12,false,false,"ok"
"00453a60","FUN_00453a60","Global",8,false,false,"ok"
"00453dc0","FUN_00453dc0","Global",8,false,false,"ok"
"00453fa0","FUN_00453fa0","Global",140,false,false,"ok"
"00454040","FUN_00454040","Global",88,false,false,"ok"
"004540b0","FUN_004540b0","Global",28,false,false,"ok"
"00454280","FUN_00454280","Global",200,false,false,"ok"
"004543e0","FUN_004543e0","Global",12,false,false,"ok"
"004546e0","FUN_004546e0","Global",48,false,false,"ok"
"00454720","FUN_00454720","Global",12,false,false,"ok"
"00454940","FUN_00454940","Global",268,false,false,"ok"
"00454a60","FUN_00454a60","Global",8,false,false,"ok"
"00454dd0","FUN_00454dd0","Global",8,false,false,"ok"
"00455130","FUN_00455130","Global",12,false,false,"ok"
"004554a0","FUN_004554a0","Global",72,false,false,"ok"
"00455550","FUN_00455550","Global",24,false,false,"ok"
"00455eb0","FUN_00455eb0","Global",392,false,false,"ok"
"00456040","FUN_00456040","Global",204,false,false,"ok"
"00456340","FUN_00456340","Global",20,false,false,"ok"
"00456430","FUN_00456430","Global",80,false,false,"ok"
"004564c0","FUN_004564c0","Global",152,false,false,"ok"
"00456560","FUN_00456560","Global",124,false,false,"ok"
"004565f0","FUN_004565f0","Global",12,false,false,"ok"
"00456a30","FUN_00456a30","Global",16,false,false,"ok"
"00456c50","FUN_00456c50","Global",8,false,false,"ok"
"00456f50","FUN_00456f50","Global",320,false,false,"ok"
"004570a0","FUN_004570a0","Global",104,false,false,"ok"
"00457250","FUN_00457250","Global",100,false,false,"ok"
"004572d0","FUN_004572d0","Global",424,false,false,"ok"
"004575a0","FUN_004575a0","Global",28,false,false,"ok"
"00457610","FUN_00457610","Global",32,false,false,"ok"
"004579b0","FUN_004579b0","Global",12,false,false,"ok"
"00457ac0","FUN_00457ac0","Global",112,false,false,"ok"
"00457b40","FUN_00457b40","Global",68,false,false,"ok"
"00457b90","FUN_00457b90","Global",100,false,false,"ok"
"00457c10","FUN_00457c10","Global",124,false,false,"ok"
"00457ca0","FUN_00457ca0","Global",280,false,false,"ok"
"00457dd0","FUN_00457dd0","Global",8,false,false,"ok"
"00457ed0","FUN_00457ed0","Global",312,false,false,"ok"
"00458060","FUN_00458060","Global",8,false,false,"ok"
"00458190","FUN_00458190","Global",196,false,false,"ok"
"00458260","FUN_00458260","Global",56,false,false,"ok"
"004582b0","FUN_004582b0","Global",16,false,false,"ok"
"004585a0","FUN_004585a0","Global",12,false,false,"ok"
"00458cc0","FUN_00458cc0","Global",208,false,false,"ok"
"00458da0","FUN_00458da0","Global",16,false,false,"ok"
"00459190","FUN_00459190","Global",8,false,false,"ok"
"004593c0","FUN_004593c0","Global",80,false,false,"ok"
"00459420","FUN_00459420","Global",208,false,false,"ok"
"00459500","FUN_00459500","Global",12,false,false,"ok"
"004595e0","FUN_004595e0","Global",12,false,false,"ok"
"004597f0","FUN_004597f0","Global",12,false,false,"ok"
"004598b0","FUN_004598b0","Global",212,false,false,"ok"
"004599a0","FUN_004599a0","Global",16,false,false,"ok"
"00459af0","FUN_00459af0","Global",12,false,false,"ok"
"00459c40","FUN_00459c40","Global",252,false,false,"ok"
"00459d50","FUN_00459d50","Global",264,false,false,"ok"
"00459ea0","FUN_00459ea0","Global",124,false,false,"ok"
"00459f30","FUN_00459f30","Global",16,false,false,"ok"
"0045a1b0","FUN_0045a1b0","Global",184,false,false,"ok"
"0045a2c0","FUN_0045a2c0","Global",12,false,false,"ok"
"0045a470","FUN_0045a470","Global",28,false,false,"ok"
"0045a4d0","FUN_0045a4d0","Global",80,false,false,"ok"
"0045a740","FUN_0045a740","Global",80,false,false,"ok"
"0045a7a0","FUN_0045a7a0","Global",28,false,false,"ok"
"0045a850","FUN_0045a850","Global",80,false,false,"ok"
"0045a8b0","FUN_0045a8b0","Global",36,false,false,"ok"
"0045a8e0","FUN_0045a8e0","Global",116,false,false,"ok"
"0045a970","FUN_0045a970","Global",8,false,false,"ok"
"0045ab20","FUN_0045ab20","Global",20,false,false,"ok"
"0045abc0","FUN_0045abc0","Global",28,false,false,"ok"
"0045ac80","FUN_0045ac80","Global",112,false,false,"ok"
"0045ad00","FUN_0045ad00","Global",8,false,false,"ok"
"0045ae70","FUN_0045ae70","Global",188,false,false,"ok"
"0045af40","FUN_0045af40","Global",12,false,false,"ok"
"0045b130","FUN_0045b130","Global",428,false,false,"ok"
"0045b320","FUN_0045b320","Global",8,false,false,"ok"
"0045b3a0","FUN_0045b3a0","Global",8,false,false,"ok"
"0045b420","FUN_0045b420","Global",112,false,false,"ok"
"0045b4b0","FUN_0045b4b0","Global",108,false,false,"ok"
"0045b530","FUN_0045b530","Global",80,false,false,"ok"
"0045b600","FUN_0045b600","Global",152,false,false,"ok"
"0045b6c0","FUN_0045b6c0","Global",24,false,false,"ok"
"0045b820","FUN_0045b820","Global",52,false,false,"ok"
"0045b870","FUN_0045b870","Global",28,false,false,"ok"
"0045b8b0","FUN_0045b8b0","Global",8,false,false,"ok"
"0045b950","FUN_0045b950","Global",132,false,false,"ok"
"0045b9f0","FUN_0045b9f0","Global",8,false,false,"ok"
"0045bc50","FUN_0045bc50","Global",24,false,false,"ok"
"0045bf70","FUN_0045bf70","Global",16,false,false,"ok"
"0045c230","FUN_0045c230","Global",240,false,false,"ok"
"0045c340","FUN_0045c340","Global",20,false,false,"ok"
"0045c6f0","FUN_0045c6f0","Global",72,false,false,"ok"
"0045c740","FUN_0045c740","Global",28,false,false,"ok"
"0045c810","FUN_0045c810","Global",8,false,false,"ok"
"0045c8f0","FUN_0045c8f0","Global",136,false,false,"ok"
"0045c9a0","FUN_0045c9a0","Global",52,false,false,"ok"
"0045c9e0","FUN_0045c9e0","Global",100,false,false,"ok"
"0045ca50","FUN_0045ca50","Global",452,false,false,"ok"
"0045ce70","FUN_0045ce70","Global",8,false,false,"ok"
"0045cfb0","FUN_0045cfb0","Global",200,false,false,"ok"
"0045d0a0","FUN_0045d0a0","Global",8,false,false,"ok"
"0045d170","FUN_0045d170","Global",24,false,false,"ok"
"0045d250","FUN_0045d250","Global",96,false,false,"ok"
"0045d2c0","FUN_0045d2c0","Global",44,false,false,"ok"
"0045d300","FUN_0045d300","Global",8,false,false,"ok"
"0045d5d0","FUN_0045d5d0","Global",8,false,false,"ok"
"0045d650","FUN_0045d650","Global",104,false,false,"ok"
"0045d6d0","FUN_0045d6d0","Global",40,false,false,"ok"
"0045d700","FUN_0045d700","Global",420,false,false,"ok"
"0045d920","FUN_0045d920","Global",16,false,false,"ok"
"0045dc20","FUN_0045dc20","Global",52,false,false,"ok"
"0045dc70","FUN_0045dc70","Global",156,false,false,"ok"
"0045dd40","FUN_0045dd40","Global",68,false,false,"ok"
"0045dda0","FUN_0045dda0","Global",116,false,false,"ok"
"0045de30","FUN_0045de30","Global",68,false,false,"ok"
"0045de90","FUN_0045de90","Global",68,false,false,"ok"
"0045df10","FUN_0045df10","Global",56,false,false,"ok"
"0045df70","FUN_0045df70","Global",96,false,false,"ok"
"0045dfe0","FUN_0045dfe0","Global",68,false,false,"ok"
"0045e040","FUN_0045e040","Global",80,false,false,"ok"
"0045e0a0","FUN_0045e0a0","Global",80,false,false,"ok"
"0045e130","FUN_0045e130","Global",72,false,false,"ok"
"0045e1f0","FUN_0045e1f0","Global",56,false,false,"ok"
"0045e250","FUN_0045e250","Global",80,false,false,"ok"
"0045e2d0","FUN_0045e2d0","Global",108,false,false,"ok"
"0045e360","FUN_0045e360","Global",80,false,false,"ok"
"0045e3c0","FUN_0045e3c0","Global",76,false,false,"ok"
"0045e440","FUN_0045e440","Global",108,false,false,"ok"
"0045e4d0","FUN_0045e4d0","Global",100,false,false,"ok"
"0045e550","FUN_0045e550","Global",80,false,false,"ok"
"0045e5b0","FUN_0045e5b0","Global",68,false,false,"ok"
"0045e610","FUN_0045e610","Global",68,false,false,"ok"
"0045e670","FUN_0045e670","Global",68,false,false,"ok"
"0045e6c0","FUN_0045e6c0","Global",84,false,false,"ok"
"0045e720","FUN_0045e720","Global",56,false,false,"ok"
"0045e780","FUN_0045e780","Global",80,false,false,"ok"
"0045e7f0","FUN_0045e7f0","Global",8,false,false,"ok"
"0045e990","FUN_0045e990","Global",152,false,false,"ok"
"0045ea50","FUN_0045ea50","Global",108,false,false,"ok"
"0045ead0","FUN_0045ead0","Global",8,false,false,"ok"
"0045ede0","FUN_0045ede0","Global",248,false,false,"ok"
"0045efa0","FUN_0045efa0","Global",24,false,false,"ok"
"0045f880","FUN_0045f880","Global",12,false,false,"ok"
"0045fbe0","FUN_0045fbe0","Global",80,false,false,"ok"
"0045fc40","FUN_0045fc40","Global",164,false,false,"ok"
"0045fd30","FUN_0045fd30","Global",12,false,false,"ok"
"0045fe20","FUN_0045fe20","Global",8,false,false,"ok"
"0045ff30","FUN_0045ff30","Global",64,false,false,"ok"
"0045ff80","FUN_0045ff80","Global",72,false,false,"ok"
"0045ffe0","FUN_0045ffe0","Global",16,false,false,"ok"
"00460140","FUN_00460140","Global",16,false,false,"ok"
"004601e0","FUN_004601e0","Global",16,false,false,"ok"
"004602b0","FUN_004602b0","Global",8,false,false,"ok"
"00460300","FUN_00460300","Global",68,false,false,"ok"
"00460350","FUN_00460350","Global",8,false,false,"ok"
"00460410","FUN_00460410","Global",28,false,false,"ok"
"00460730","FUN_00460730","Global",8,false,false,"ok"
"004607f0","FUN_004607f0","Global",8,false,false,"ok"
"004608f0","FUN_004608f0","Global",20,false,false,"ok"
"00462190","FUN_00462190","Global",64,false,false,"ok"
"004621e0","FUN_004621e0","Global",20,false,false,"ok"
"00463c30","FUN_00463c30","Global",8,false,false,"ok"
"00463ca0","FUN_00463ca0","Global",20,false,false,"ok"
"00463d00","FUN_00463d00","Global",80,false,false,"ok"
"00463d60","FUN_00463d60","Global",16,false,false,"ok"
"00464050","FUN_00464050","Global",8,false,false,"ok"
"004661c0","FUN_004661c0","Global",20,false,false,"ok"
"00466530","FUN_00466530","Global",12,false,false,"ok"
"00466d30","FUN_00466d30","Global",12,false,false,"ok"
"004670a0","FUN_004670a0","Global",12,false,false,"ok"
"004675a0","FUN_004675a0","Global",32,false,false,"ok"
"00467a50","FUN_00467a50","Global",8,false,false,"ok"
"00467bc0","FUN_00467bc0","Global",8,false,false,"ok"
"00467ca0","FUN_00467ca0","Global",180,false,false,"ok"
"00467d70","FUN_00467d70","Global",12,false,false,"ok"
"00467e90","FUN_00467e90","Global",12,false,false,"ok"
"004683a0","FUN_004683a0","Global",12,false,false,"ok"
"00468e80","FUN_00468e80","Global",12,false,false,"ok"
"00469480","FUN_00469480","Global",8,false,false,"ok"
"00469ec0","FUN_00469ec0","Global",16,false,false,"ok"
"0046a7d0","FUN_0046a7d0","Global",224,false,false,"ok"
"0046a8d0","FUN_0046a8d0","Global",40,false,false,"ok"
"0046a910","FUN_0046a910","Global",8,false,false,"ok"
"0046b080","FUN_0046b080","Global",52,false,false,"ok"
"0046b0d0","FUN_0046b0d0","Global",44,false,false,"ok"
"0046b150","FUN_0046b150","Global",220,false,false,"ok"
"0046b240","FUN_0046b240","Global",200,false,false,"ok"
"0046b360","FUN_0046b360","Global",88,false,false,"ok"
"0046b490","FUN_0046b490","Global",380,false,false,"ok"
"0046b620","FUN_0046b620","Global",28,false,false,"ok"
"0046b680","FUN_0046b680","Global",112,false,false,"ok"
"0046bf30","FUN_0046bf30","Global",360,false,false,"ok"
"0046c0c0","FUN_0046c0c0","Global",12,false,false,"ok"
"0046c430","FUN_0046c430","Global",20,false,false,"ok"
"0046cbb0","FUN_0046cbb0","Global",20,false,false,"ok"
"0046cc40","FUN_0046cc40","Global",132,false,false,"ok"
"0046cd10","FUN_0046cd10","Global",108,false,false,"ok"
"0046cd90","FUN_0046cd90","Global",12,false,false,"ok"
"0046d030","FUN_0046d030","Global",252,false,false,"ok"
"0046d1b0","FUN_0046d1b0","Global",16,false,false,"ok"
"0046d3c0","FUN_0046d3c0","Global",56,false,false,"ok"
"0046d410","FUN_0046d410","Global",8,false,false,"ok"
"0046d630","FUN_0046d630","Global",12,false,false,"ok"
"0046d810","FUN_0046d810","Global",8,false,false,"ok"
"0046d8e0","FUN_0046d8e0","Global",372,false,false,"ok"
"0046da70","FUN_0046da70","Global",20,false,false,"ok"
"0046dd50","FUN_0046dd50","Global",16,false,false,"ok"
"0046e4d0","FUN_0046e4d0","Global",12,false,false,"ok"
"0046ebc0","FUN_0046ebc0","Global",24,false,false,"ok"
"0046ffd0","FUN_0046ffd0","Global",12,false,false,"ok"
"00470540","FUN_00470540","Global",12,false,false,"ok"
"00470700","FUN_00470700","Global",20,false,false,"ok"
"00470800","FUN_00470800","Global",168,false,false,"ok"
"004708c0","FUN_004708c0","Global",12,false,false,"ok"
"004709e0","FUN_004709e0","Global",92,false,false,"ok"
"00470a50","FUN_00470a50","Global",8,false,false,"ok"
"00470ea0","FUN_00470ea0","Global",8,false,false,"ok"
"00471700","FUN_00471700","Global",12,false,false,"ok"
"00471b00","FUN_00471b00","Global",68,false,false,"ok"
"00471b60","FUN_00471b60","Global",52,false,false,"ok"
"00471bb0","FUN_00471bb0","Global",44,false,false,"ok"
"00471c60","FUN_00471c60","Global",56,false,false,"ok"
"00471ce0","FUN_00471ce0","Global",56,false,false,"ok"
"00471d70","FUN_00471d70","Global",20,false,false,"ok"
"00471db0","FUN_00471db0","Global",108,false,false,"ok"
"00471e30","FUN_00471e30","Global",112,false,false,"ok"
"00471ec0","FUN_00471ec0","Global",56,false,false,"ok"
"00471f00","FUN_00471f00","Global",96,false,false,"ok"
"00471f80","FUN_00471f80","Global",8,false,false,"ok"
"00471ff0","FUN_00471ff0","Global",80,false,false,"ok"
"00472050","FUN_00472050","Global",56,false,false,"ok"
"004720a0","FUN_004720a0","Global",12,false,false,"ok"
"00472290","FUN_00472290","Global",32,false,false,"ok"
"00472310","FUN_00472310","Global",20,false,false,"ok"
"004723b0","FUN_004723b0","Global",80,false,false,"ok"
"00472410","FUN_00472410","Global",52,false,false,"ok"
"00472450","FUN_00472450","Global",32,false,false,"ok"
"00472610","FUN_00472610","Global",68,false,false,"ok"
"00472690","FUN_00472690","Global",8,false,false,"ok"
"00472950","FUN_00472950","Global",56,false,false,"ok"
"004729a0","FUN_004729a0","Global",12,false,false,"ok"
"00472a10","FUN_00472a10","Global",120,false,false,"ok"
"00472aa0","FUN_00472aa0","Global",8,false,false,"ok"
"00472b80","FUN_00472b80","Global",12,false,false,"ok"
"00472c90","FUN_00472c90","Global",12,false,false,"ok"
"00472df0","FUN_00472df0","Global",12,false,false,"ok"
"00472f40","FUN_00472f40","Global",216,false,false,"ok"
"00473060","FUN_00473060","Global",136,false,false,"ok"
"00473100","FUN_00473100","Global",16,false,false,"ok"
"00473710","FUN_00473710","Global",20,false,false,"ok"
"00473b60","FUN_00473b60","Global",12,false,false,"ok"
"00473d30","FUN_00473d30","Global",40,false,false,"ok"
"00473d70","FUN_00473d70","Global",20,false,false,"ok"
"004742c0","FUN_004742c0","Global",8,false,false,"ok"
"00474480","FUN_00474480","Global",108,false,false,"ok"
"00474520","FUN_00474520","Global",32,false,false,"ok"
"00474580","FUN_00474580","Global",68,false,false,"ok"
"004745d0","FUN_004745d0","Global",32,false,false,"ok"
"00474620","FUN_00474620","Global",56,false,false,"ok"
"00474670","FUN_00474670","Global",48,false,false,"ok"
"004746d0","FUN_004746d0","Global",8,false,false,"ok"
"00474770","FUN_00474770","Global",176,false,false,"ok"
"00474840","FUN_00474840","Global",12,false,false,"ok"
"00474cf0","FUN_00474cf0","Global",12,false,false,"ok"
"00474fb0","FUN_00474fb0","Global",20,false,false,"ok"
"00475370","FUN_00475370","Global",12,false,false,"ok"
"00475410","FUN_00475410","Global",132,false,false,"ok"
"00475510","FUN_00475510","Global",24,false,false,"ok"
"00475860","FUN_00475860","Global",92,false,false,"ok"
"004758e0","FUN_004758e0","Global",88,false,false,"ok"
"00475990","FUN_00475990","Global",12,false,false,"ok"
"00475e00","FUN_00475e00","Global",28,false,false,"ok"
"00475f10","FUN_00475f10","Global",28,false,false,"ok"
"00476170","FUN_00476170","Global",72,false,false,"ok"
"004762b0","FUN_004762b0","Global",100,false,false,"ok"
"00476380","FUN_00476380","Global",56,false,false,"ok"
"004763d0","FUN_004763d0","Global",52,false,false,"ok"
"00476420","FUN_00476420","Global",80,false,false,"ok"
"00476480","FUN_00476480","Global",148,false,false,"ok"
"00476530","FUN_00476530","Global",80,false,false,"ok"
"00476590","FUN_00476590","Global",148,false,false,"ok"
"00476640","FUN_00476640","Global",144,false,false,"ok"
"004766e0","FUN_004766e0","Global",100,false,false,"ok"
"00476780","FUN_00476780","Global",36,false,false,"ok"
"004767c0","FUN_004767c0","Global",52,false,false,"ok"
"00476810","FUN_00476810","Global",36,false,false,"ok"
"00476850","FUN_00476850","Global",64,false,false,"ok"
"004768a0","FUN_004768a0","Global",28,false,false,"ok"
"004768d0","FUN_004768d0","Global",88,false,false,"ok"
"00476980","FUN_00476980","Global",8,false,false,"ok"
"00476b40","FUN_00476b40","Global",28,false,false,"ok"
"00476bf0","FUN_00476bf0","Global",112,false,false,"ok"
"00476c80","FUN_00476c80","Global",20,false,false,"ok"
"00476e50","FUN_00476e50","Global",72,false,false,"ok"
"00476f00","FUN_00476f00","Global",8,false,false,"ok"
"004772a0","FUN_004772a0","Global",24,false,false,"ok"
"00477590","FUN_00477590","Global",28,false,false,"ok"
"00477600","FUN_00477600","Global",112,false,false,"ok"
"00477690","FUN_00477690","Global",8,false,false,"ok"
"00477990","FUN_00477990","Global",16,false,false,"ok"
"00477da0","FUN_00477da0","Global",20,false,false,"ok"
"00477de0","FUN_00477de0","Global",80,false,false,"ok"
"00477e40","FUN_00477e40","Global",8,false,false,"ok"
"00477fd0","FUN_00477fd0","Global",108,false,false,"ok"
"00478050","FUN_00478050","Global",264,false,false,"ok"
"00478240","FUN_00478240","Global",164,false,false,"ok"
"00478320","FUN_00478320","Global",44,false,false,"ok"
"00478380","FUN_00478380","Global",56,false,false,"ok"
"00478410","FUN_00478410","Global",56,false,false,"ok"
"004784e0","FUN_004784e0","Global",220,false,false,"ok"
"004785e0","FUN_004785e0","Global",88,false,false,"ok"
"00478660","FUN_00478660","Global",28,false,false,"ok"
"00479590","FUN_00479590","Global",8,false,false,"ok"
"00479c70","FUN_00479c70","Global",12,false,false,"ok"
"0047a4a0","FUN_0047a4a0","Global",80,false,false,"ok"
"0047a500","FUN_0047a500","Global",8,false,false,"ok"
"0047a660","FUN_0047a660","Global",40,false,false,"ok"
"0047a9b0","FUN_0047a9b0","Global",28,false,false,"ok"
"0047acb0","FUN_0047acb0","Global",16,false,false,"ok"
"0047af80","FUN_0047af80","Global",12,false,false,"ok"
"0047b3c0","FUN_0047b3c0","Global",16,false,false,"ok"
"0047b7e0","FUN_0047b7e0","Global",12,false,false,"ok"
"0047bc80","FUN_0047bc80","Global",16,false,false,"ok"
"0047c260","FUN_0047c260","Global",8,false,false,"ok"
"0047c490","FUN_0047c490","Global",12,false,false,"ok"
"0047c890","FUN_0047c890","Global",80,false,false,"ok"
"0047c8f0","FUN_0047c8f0","Global",80,false,false,"ok"
"0047c950","FUN_0047c950","Global",8,false,false,"ok"
"0047cab0","FUN_0047cab0","Global",16,false,false,"ok"
"0047cc30","FUN_0047cc30","Global",20,false,false,"ok"
"0047cfa0","FUN_0047cfa0","Global",16,false,false,"ok"
"0047d260","FUN_0047d260","Global",28,false,false,"ok"
"0047d290","FUN_0047d290","Global",64,false,false,"ok"
"0047d6a0","FUN_0047d6a0","Global",344,false,false,"ok"
"0047d810","FUN_0047d810","Global",192,false,false,"ok"
"0047d8e0","FUN_0047d8e0","Global",12,false,false,"ok"
"0047dee0","FUN_0047dee0","Global",16,false,false,"ok"
"0047dff0","FUN_0047dff0","Global",16,false,false,"ok"
"0047e160","FUN_0047e160","Global",96,false,false,"ok"
"0047e2a0","FUN_0047e2a0","Global",56,false,false,"ok"
"0047e2f0","FUN_0047e2f0","Global",20,false,false,"ok"
"0047e600","FUN_0047e600","Global",16,false,false,"ok"
"0047ec30","FUN_0047ec30","Global",12,false,false,"ok"
"0047eec0","FUN_0047eec0","Global",32,false,false,"ok"
"0047f330","FUN_0047f330","Global",80,false,false,"ok"
"0047f390","FUN_0047f390","Global",80,false,false,"ok"
"0047f3f0","FUN_0047f3f0","Global",80,false,false,"ok"
"0047f450","FUN_0047f450","Global",80,false,false,"ok"
"0047f4b0","FUN_0047f4b0","Global",12,false,false,"ok"
"00480710","FUN_00480710","Global",80,false,false,"ok"
"00480770","FUN_00480770","Global",80,false,false,"ok"
"004807d0","FUN_004807d0","Global",88,false,false,"ok"
"00480840","FUN_00480840","Global",20,false,false,"ok"
"00480d90","FUN_00480d90","Global",80,false,false,"ok"
"00480df0","FUN_00480df0","Global",80,false,false,"ok"
"00480e50","FUN_00480e50","Global",8,false,false,"ok"
"00481140","FUN_00481140","Global",16,false,false,"ok"
"004812d0","FUN_004812d0","Global",80,false,false,"ok"
"00481330","FUN_00481330","Global",24,false,false,"ok"
"00481350","FUN_00481350","Global",1,false,false,"ok"
"00481360","FUN_00481360","Global",1,false,false,"ok"
"00481370","FUN_00481370","Global",96,false,false,"ok"
"00481460","FUN_00481460","Global",12,false,false,"ok"
"004815e0","FUN_004815e0","Global",80,false,false,"ok"
"00481780","FUN_00481780","Global",16,false,false,"ok"
"00481880","FUN_00481880","Global",156,false,false,"ok"
"00481930","FUN_00481930","Global",100,false,false,"ok"
"004819a0","FUN_004819a0","Global",100,false,false,"ok"
"00481a10","FUN_00481a10","Global",100,false,false,"ok"
"00481a80","FUN_00481a80","Global",204,false,false,"ok"
"00481b60","FUN_00481b60","Global",80,false,false,"ok"
"00481bc0","FUN_00481bc0","Global",172,false,false,"ok"
"00481c80","FUN_00481c80","Global",100,false,false,"ok"
"00481cf0","FUN_00481cf0","Global",80,false,false,"ok"
"00481d50","FUN_00481d50","Global",80,false,false,"ok"
"00481db0","FUN_00481db0","Global",212,false,false,"ok"
"00481e90","FUN_00481e90","Global",468,false,false,"ok"
"00482080","FUN_00482080","Global",288,false,false,"ok"
"004821b0","FUN_004821b0","Global",8,false,false,"ok"
"00482440","FUN_00482440","Global",12,false,false,"ok"
"00482810","FUN_00482810","Global",92,false,false,"ok"
"00482970","FUN_00482970","Global",48,false,false,"ok"
"00482ac0","FUN_00482ac0","Global",16,false,false,"ok"
"00482c30","FUN_00482c30","Global",12,false,false,"ok"
"00482f20","FUN_00482f20","Global",12,false,false,"ok"
"00482fd0","FUN_00482fd0","Global",104,false,false,"ok"
"00483050","FUN_00483050","Global",52,false,false,"ok"
"004830a0","FUN_004830a0","Global",28,false,false,"ok"
"004831e0","FUN_004831e0","Global",424,false,false,"ok"
"00483420","FUN_00483420","Global",68,false,false,"ok"
"00483470","FUN_00483470","Global",12,false,false,"ok"
"004835d0","FUN_004835d0","Global",8,false,false,"ok"
"004839a0","FUN_004839a0","Global",16,false,false,"ok"
"00483c40","FUN_00483c40","Global",184,false,false,"ok"
"00483fb0","FUN_00483fb0","Global",20,false,false,"ok"
"00484600","FUN_00484600","Global",8,false,false,"ok"
"004849e0","FUN_004849e0","Global",20,false,false,"ok"
"00484b50","FUN_00484b50","Global",8,false,false,"ok"
"00484be0","FUN_00484be0","Global",20,false,false,"ok"
"00484d10","FUN_00484d10","Global",44,false,false,"ok"
"00484d90","FUN_00484d90","Global",44,false,false,"ok"
"00484e00","FUN_00484e00","Global",80,false,false,"ok"
"00484e80","FUN_00484e80","Global",80,false,false,"ok"
"00484f20","FUN_00484f20","Global",44,false,false,"ok"
"00484fa0","FUN_00484fa0","Global",44,false,false,"ok"
"00485020","FUN_00485020","Global",44,false,false,"ok"
"004850a0","FUN_004850a0","Global",44,false,false,"ok"
"00485110","FUN_00485110","Global",12,false,false,"ok"
"00485210","FUN_00485210","Global",56,false,false,"ok"
"00485280","FUN_00485280","Global",80,false,false,"ok"
"004852e0","FUN_004852e0","Global",100,false,false,"ok"
"00485360","FUN_00485360","Global",12,false,false,"ok"
"00485370","FUN_00485370","Global",40,false,false,"ok"
"004853b0","FUN_004853b0","Global",672,false,false,"ok"
"00485660","FUN_00485660","Global",28,false,false,"ok"
"00485b60","FUN_00485b60","Global",24,false,false,"ok"
"00485f20","FUN_00485f20","Global",36,false,false,"ok"
"00486300","FUN_00486300","Global",12,false,false,"ok"
"00486470","FUN_00486470","Global",28,false,false,"ok"
"00486830","FUN_00486830","Global",116,false,false,"ok"
"004869b0","FUN_004869b0","Global",16,false,false,"ok"
"00486db0","FUN_00486db0","Global",16,false,false,"ok"
"00487130","FUN_00487130","Global",20,false,false,"ok"
"00487700","FUN_00487700","Global",16,false,false,"ok"
"00487ae0","FUN_00487ae0","Global",16,false,false,"ok"
"00487eb0","FUN_00487eb0","Global",16,false,false,"ok"
"00488290","FUN_00488290","Global",20,false,false,"ok"
"004887a0","FUN_004887a0","Global",20,false,false,"ok"
"00488cb0","FUN_00488cb0","Global",104,false,false,"ok"
"00488d80","FUN_00488d80","Global",12,false,false,"ok"
"00488ff0","FUN_00488ff0","Global",108,false,false,"ok"
"00489110","FUN_00489110","Global",104,false,false,"ok"
"004891e0","FUN_004891e0","Global",104,false,false,"ok"
"004892b0","FUN_004892b0","Global",104,false,false,"ok"
"00489380","FUN_00489380","Global",192,false,false,"ok"
"004894e0","FUN_004894e0","Global",1,false,false,"ok"
"004894f0","FUN_004894f0","Global",12,false,false,"ok"
"00489590","FUN_00489590","Global",12,false,false,"ok"
"00489620","FUN_00489620","Global",96,false,false,"ok"
"00489690","FUN_00489690","Global",160,false,false,"ok"
"00489740","FUN_00489740","Global",36,false,false,"ok"
"004898d0","FUN_004898d0","Global",80,false,false,"ok"
"00489960","FUN_00489960","Global",24,false,false,"ok"
"0048a0d0","FUN_0048a0d0","Global",8,false,false,"ok"
"0048a880","FUN_0048a880","Global",148,false,false,"ok"
"0048a930","FUN_0048a930","Global",16,false,false,"ok"
"0048ab80","FUN_0048ab80","Global",8,false,false,"ok"
"0048adb0","FUN_0048adb0","Global",8,false,false,"ok"
"0048b2f0","FUN_0048b2f0","Global",8,false,false,"ok"
"0048b360","FUN_0048b360","Global",108,false,false,"ok"
"0048b460","FUN_0048b460","Global",24,false,false,"ok"
"0048b580","FUN_0048b580","Global",32,false,false,"ok"
"0048bb00","FUN_0048bb00","Global",244,false,false,"ok"
"0048bc00","FUN_0048bc00","Global",8,false,false,"ok"
"0048bd70","FUN_0048bd70","Global",8,false,false,"ok"
"0048be40","FUN_0048be40","Global",52,false,false,"ok"
"0048bea0","FUN_0048bea0","Global",52,false,false,"ok"
"0048bf00","FUN_0048bf00","Global",392,false,false,"ok"
"0048c090","FUN_0048c090","Global",112,false,false,"ok"
"0048c200","FUN_0048c200","Global",8,false,false,"ok"
"0048c960","FUN_0048c960","Global",8,false,false,"ok"
"0048cb80","FUN_0048cb80","Global",20,false,false,"ok"
"0048cd00","FUN_0048cd00","Global",32,false,false,"ok"
"0048cd60","FUN_0048cd60","Global",1,false,false,"ok"
"0048cd70","FUN_0048cd70","Global",284,false,false,"ok"
"0048ced0","thunk_FUN_0048cd00","Global",8,false,true,"ok"
"0048cef0","FUN_0048cef0","Global",8,false,false,"ok"
"0048cf00","FUN_0048cf00","Global",232,false,false,"ok"
"0048d000","FUN_0048d000","Global",72,false,false,"ok"
"0048d060","FUN_0048d060","Global",44,false,false,"ok"
"0048d0b0","FUN_0048d0b0","Global",60,false,false,"ok"
"0048d238","FUN_0048d238","Global",4,false,false,"ok"
"0048d7c8","FUN_0048d7c8","Global",36,false,false,"ok"
"0048d890","FUN_0048d890","Global",20,false,false,"ok"
"0048d950","FUN_0048d950","Global",20,false,false,"ok"
"0048da10","FUN_0048da10","Global",20,false,false,"ok"
"0048dad0","FUN_0048dad0","Global",20,false,false,"ok"
"0048db90","FUN_0048db90","Global",20,false,false,"ok"
"0048dc18","FUN_0048dc18","Global",92,false,false,"ok"
"0048dca8","FUN_0048dca8","Global",76,false,false,"ok"
"0048dd08","FUN_0048dd08","Global",16,false,false,"ok"
"0048ddd0","FUN_0048ddd0","Global",16,false,false,"ok"
"0048def0","FUN_0048def0","Global",20,false,false,"ok"
"0048dfd0","FUN_0048dfd0","Global",16,false,false,"ok"
"0048e0a8","FUN_0048e0a8","Global",8,false,false,"ok"
"0048e120","FUN_0048e120","Global",40,false,false,"ok"
"0048e180","FUN_0048e180","Global",12,false,false,"ok"
"0048e1a0","FUN_0048e1a0","Global",12,false,false,"ok"
"0048e1c0","FUN_0048e1c0","Global",12,false,false,"ok"
"0048e1e0","FUN_0048e1e0","Global",4,false,false,"ok"
"0048e210","FUN_0048e210","Global",4,false,false,"ok"
"0048e230","FUN_0048e230","Global",4,false,false,"ok"
"0048e240","FUN_0048e240","Global",4,false,false,"ok"
"0048e2a0","FUN_0048e2a0","Global",12,false,false,"ok"
"0048e330","FUN_0048e330","Global",12,false,false,"ok"
"0048e3d0","FUN_0048e3d0","Global",12,false,false,"ok"
"0048e470","FUN_0048e470","Global",12,false,false,"ok"
"0048e600","FUN_0048e600","Global",8,false,false,"ok"
"0048e8d0","FUN_0048e8d0","Global",76,false,false,"ok"
"0048e970","FUN_0048e970","Global",52,false,false,"ok"
"0048e9c0","FUN_0048e9c0","Global",12,false,false,"ok"
"0048ea60","FUN_0048ea60","Global",12,false,false,"ok"
"0048eaf0","FUN_0048eaf0","Global",148,false,false,"ok"
"0048ec20","FUN_0048ec20","Global",260,false,false,"ok"
"0048edc0","FUN_0048edc0","Global",88,false,false,"ok"
"0048ee30","FUN_0048ee30","Global",1,false,false,"ok"
"0048ee40","FUN_0048ee40","Global",8,false,false,"ok"
"0048ee70","FUN_0048ee70","Global",60,false,false,"ok"
"0048eec0","FUN_0048eec0","Global",116,false,false,"ok"
"0048ef70","FUN_0048ef70","Global",40,false,false,"ok"
"0048efa0","FUN_0048efa0","Global",308,false,false,"ok"
"0048f170","FUN_0048f170","Global",136,false,false,"ok"
"0048f210","FUN_0048f210","Global",216,false,false,"ok"
"0048f300","FUN_0048f300","Global",16,false,false,"ok"
"0048f3b0","FUN_0048f3b0","Global",20,false,false,"ok"
"0048f550","FUN_0048f550","Global",20,false,false,"ok"
"0048f700","FUN_0048f700","Global",16,false,false,"ok"
"0048f800","FUN_0048f800","Global",24,false,false,"ok"
"0048fc90","FUN_0048fc90","Global",20,false,false,"ok"
"0048fe00","FUN_0048fe00","Global",16,false,false,"ok"
"00490050","FUN_00490050","Global",32,false,false,"ok"
"004900b0","FUN_004900b0","Global",276,false,false,"ok"
"004901e0","FUN_004901e0","Global",8,false,false,"ok"
"00490340","FUN_00490340","Global",60,false,false,"ok"
"00490390","FUN_00490390","Global",40,false,false,"ok"
"004903d0","FUN_004903d0","Global",12,false,false,"ok"
"004903e0","FUN_004903e0","Global",8,false,false,"ok"
"00490610","FUN_00490610","Global",20,false,false,"ok"
"00490800","FUN_00490800","Global",84,false,false,"ok"
"004908b0","FUN_004908b0","Global",72,false,false,"ok"
"00490950","FUN_00490950","Global",12,false,false,"ok"
"004909f0","FUN_004909f0","Global",12,false,false,"ok"
"00490b00","FUN_00490b00","Global",40,false,false,"ok"
"00490b40","FUN_00490b40","Global",92,false,false,"ok"
"00490bb0","FUN_00490bb0","Global",32,false,false,"ok"
"00490e80","FUN_00490e80","Global",8,false,false,"ok"
"00491050","FUN_00491050","Global",12,false,false,"ok"
"00491490","FUN_00491490","Global",64,false,false,"ok"
"004914e0","FUN_004914e0","Global",60,false,false,"ok"
"00491530","FUN_00491530","Global",8,false,false,"ok"
"004915c0","FUN_004915c0","Global",12,false,false,"ok"
"00491890","FUN_00491890","Global",16,false,false,"ok"
"00492090","FUN_00492090","Global",12,false,false,"ok"
"00492510","FUN_00492510","Global",8,false,false,"ok"
"00492730","FUN_00492730","Global",8,false,false,"ok"
"00492890","FUN_00492890","Global",408,false,false,"ok"
"00492a40","FUN_00492a40","Global",20,false,false,"ok"
"00492c70","FUN_00492c70","Global",124,false,false,"ok"
"00492d00","FUN_00492d00","Global",20,false,false,"ok"
"00492f60","FUN_00492f60","Global",28,false,false,"ok"
"004930e0","FUN_004930e0","Global",152,false,false,"ok"
"00493190","FUN_00493190","Global",12,false,false,"ok"
"004932c0","FUN_004932c0","Global",8,false,false,"ok"
"00493470","FUN_00493470","Global",220,false,false,"ok"
"00493560","FUN_00493560","Global",12,false,false,"ok"
"00493760","FUN_00493760","Global",164,false,false,"ok"
"00493820","FUN_00493820","Global",16,false,false,"ok"
"00493920","FUN_00493920","Global",8,false,false,"ok"
"004939c0","FUN_004939c0","Global",60,false,false,"ok"
"00493a60","FUN_00493a60","Global",8,false,false,"ok"
"00493b20","FUN_00493b20","Global",44,false,false,"ok"
"00493b60","FUN_00493b60","Global",16,false,false,"ok"
"00493c90","FUN_00493c90","Global",16,false,false,"ok"
"00493eb0","FUN_00493eb0","Global",8,false,false,"ok"
"00494200","FUN_00494200","Global",16,false,false,"ok"
"00494340","FUN_00494340","Global",24,false,false,"ok"
"00494520","FUN_00494520","Global",20,false,false,"ok"
"004948f0","FUN_004948f0","Global",112,false,false,"ok"
"00494980","FUN_00494980","Global",8,false,false,"ok"
"00494da0","FUN_00494da0","Global",16,false,false,"ok"
"00494ea0","FUN_00494ea0","Global",8,false,false,"ok"
"00495020","FUN_00495020","Global",176,false,false,"ok"
"004950f0","FUN_004950f0","Global",96,false,false,"ok"
"00495160","FUN_00495160","Global",20,false,false,"ok"
"004952d0","FUN_004952d0","Global",36,false,false,"ok"
"00495300","FUN_00495300","Global",8,false,false,"ok"
"00495580","FUN_00495580","Global",12,false,false,"ok"
"004956a0","FUN_004956a0","Global",212,false,false,"ok"
"004957b0","FUN_004957b0","Global",12,false,false,"ok"
"00495a80","FUN_00495a80","Global",20,false,false,"ok"
"00495c40","FUN_00495c40","Global",16,false,false,"ok"
"00495dc0","FUN_00495dc0","Global",28,false,false,"ok"
"00495f30","FUN_00495f30","Global",8,false,false,"ok"
"004960c0","FUN_004960c0","Global",12,false,false,"ok"
"00496430","FUN_00496430","Global",208,false,false,"ok"
"00496510","FUN_00496510","Global",56,false,false,"ok"
"00496610","FUN_00496610","Global",340,false,false,"ok"
"00496780","FUN_00496780","Global",116,false,false,"ok"
"00496800","FUN_00496800","Global",12,false,false,"ok"
"00497770","FUN_00497770","Global",8,false,false,"ok"
"00498710","FUN_00498710","Global",8,false,false,"ok"
"00499730","FUN_00499730","Global",16,false,false,"ok"
"00499800","FUN_00499800","Global",96,false,false,"ok"
"00499870","FUN_00499870","Global",96,false,false,"ok"
"00499940","FUN_00499940","Global",200,false,false,"ok"
"00499a20","FUN_00499a20","Global",68,false,false,"ok"
"00499a70","FUN_00499a70","Global",24,false,false,"ok"
"00499d20","FUN_00499d20","Global",12,false,false,"ok"
"00499f70","FUN_00499f70","Global",24,false,false,"ok"
"0049a100","FUN_0049a100","Global",12,false,false,"ok"
"0049a1e0","FUN_0049a1e0","Global",12,false,false,"ok"
"0049a300","FUN_0049a300","Global",16,false,false,"ok"
"0049a440","FUN_0049a440","Global",8,false,false,"ok"
"0049ab80","FUN_0049ab80","Global",12,false,false,"ok"
"0049ad90","FUN_0049ad90","Global",16,false,false,"ok"
"0049af80","FUN_0049af80","Global",108,false,false,"ok"
"0049b000","FUN_0049b000","Global",8,false,false,"ok"
"0049dd10","FUN_0049dd10","Global",12,false,false,"ok"
"004a0820","FUN_004a0820","Global",12,false,false,"ok"
"004a08d0","FUN_004a08d0","Global",40,false,false,"ok"
"004a0a00","FUN_004a0a00","Global",16,false,false,"ok"
"004a0d60","FUN_004a0d60","Global",136,false,false,"ok"
"004a0e10","FUN_004a0e10","Global",52,false,false,"ok"
"004a0e60","FUN_004a0e60","Global",16,false,false,"ok"
"004a1200","FUN_004a1200","Global",28,false,false,"ok"
"004a1600","FUN_004a1600","Global",12,false,false,"ok"
"004a21b0","FUN_004a21b0","Global",12,false,false,"ok"
"004a2520","FUN_004a2520","Global",20,false,false,"ok"
"004a2ac0","FUN_004a2ac0","Global",20,false,false,"ok"
"004a2ec0","FUN_004a2ec0","Global",20,false,false,"ok"
"004a30a0","FUN_004a30a0","Global",8,false,false,"ok"
"004a3100","FUN_004a3100","Global",8,false,false,"ok"
"004a31b0","FUN_004a31b0","Global",12,false,false,"ok"
"004a3270","FUN_004a3270","Global",12,false,false,"ok"
"004a3360","FUN_004a3360","Global",12,false,false,"ok"
"004a3470","FUN_004a3470","Global",28,false,false,"ok"
"004a34a0","FUN_004a34a0","Global",52,false,false,"ok"
"004a34f0","FUN_004a34f0","Global",36,false,false,"ok"
"004a3520","FUN_004a3520","Global",48,false,false,"ok"
"004a3570","FUN_004a3570","Global",84,false,false,"ok"
"004a35e0","FUN_004a35e0","Global",20,false,false,"ok"
"004a3760","FUN_004a3760","Global",52,false,false,"ok"
"004a37a0","FUN_004a37a0","Global",52,false,false,"ok"
"004a3800","FUN_004a3800","Global",8,false,false,"ok"
"004a3970","FUN_004a3970","Global",20,false,false,"ok"
"004a4140","FUN_004a4140","Global",104,false,false,"ok"
"004a41b0","FUN_004a41b0","Global",96,false,false,"ok"
"004a4220","FUN_004a4220","Global",92,false,false,"ok"
"004a4290","FUN_004a4290","Global",100,false,false,"ok"
"004a4310","FUN_004a4310","Global",52,false,false,"ok"
"004a4390","FUN_004a4390","Global",312,false,false,"ok"
"004a46e0","FUN_004a46e0","Global",12,false,false,"ok"
"004a4960","FUN_004a4960","Global",8,false,false,"ok"
"004a4a10","FUN_004a4a10","Global",36,false,false,"ok"
"004a4a50","FUN_004a4a50","Global",32,false,false,"ok"
"004a4a80","FUN_004a4a80","Global",8,false,false,"ok"
"004a4b30","FUN_004a4b30","Global",36,false,false,"ok"
"004a4b70","FUN_004a4b70","Global",8,false,false,"ok"
"004a4bf0","FUN_004a4bf0","Global",80,false,false,"ok"
"004a4c50","FUN_004a4c50","Global",88,false,false,"ok"
"004a4cc0","FUN_004a4cc0","Global",80,false,false,"ok"
"004a4d20","FUN_004a4d20","Global",16,false,false,"ok"
"004a53a0","FUN_004a53a0","Global",24,false,false,"ok"
"004a5580","FUN_004a5580","Global",12,false,false,"ok"
"004a5750","FUN_004a5750","Global",20,false,false,"ok"
"004a5790","FUN_004a5790","Global",84,false,false,"ok"
"004a5800","FUN_004a5800","Global",416,false,false,"ok"
"004a5a40","FUN_004a5a40","Global",96,false,false,"ok"
"004a5b00","FUN_004a5b00","Global",8,false,false,"ok"
"004a5cf0","FUN_004a5cf0","Global",12,false,false,"ok"
"004a6180","FUN_004a6180","Global",200,false,false,"ok"
"004a6260","FUN_004a6260","Global",1172,false,false,"ok"
"004a6b70","FUN_004a6b70","Global",152,false,false,"ok"
"004a6c20","FUN_004a6c20","Global",12,false,false,"ok"
"004a6d50","FUN_004a6d50","Global",8,false,false,"ok"
"004a7460","FUN_004a7460","Global",16,false,false,"ok"
"004a77a0","FUN_004a77a0","Global",16,false,false,"ok"
"004a7a00","FUN_004a7a00","Global",40,false,false,"ok"
"004a7fa0","FUN_004a7fa0","Global",572,false,false,"ok"
"004a82c0","FUN_004a82c0","Global",292,false,false,"ok"
"004a8400","FUN_004a8400","Global",12,false,false,"ok"
"004a87d0","FUN_004a87d0","Global",8,false,false,"ok"
"004a8930","FUN_004a8930","Global",136,false,false,"ok"
"004a8b00","FUN_004a8b00","Global",8,false,false,"ok"
"004a8d10","FUN_004a8d10","Global",20,false,false,"ok"
"004a8f30","FUN_004a8f30","Global",16,false,false,"ok"
"004a9310","FUN_004a9310","Global",260,false,false,"ok"
"004a9420","FUN_004a9420","Global",12,false,false,"ok"
"004a9710","FUN_004a9710","Global",8,false,false,"ok"
"004a9920","FUN_004a9920","Global",36,false,false,"ok"
"004a9b20","FUN_004a9b20","Global",256,false,false,"ok"
"004a9c50","FUN_004a9c50","Global",16,false,false,"ok"
"004aa170","FUN_004aa170","Global",12,false,false,"ok"
"004aa480","FUN_004aa480","Global",1,false,false,"ok"
"004aa490","FUN_004aa490","Global",12,false,false,"ok"
"004aa560","FUN_004aa560","Global",96,false,false,"ok"
"004aa5d0","FUN_004aa5d0","Global",16,false,false,"ok"
"004aa970","FUN_004aa970","Global",20,false,false,"ok"
"004aaa30","FUN_004aaa30","Global",96,false,false,"ok"
"004aac50","FUN_004aac50","Global",68,false,false,"ok"
"004aad50","FUN_004aad50","Global",60,false,false,"ok"
"004aada0","FUN_004aada0","Global",72,false,false,"ok"
"004aadf0","FUN_004aadf0","Global",12,false,false,"ok"
"004aaf00","FUN_004aaf00","Global",12,false,false,"ok"
"004aafb0","FUN_004aafb0","Global",16,false,false,"ok"
"004ab220","FUN_004ab220","Global",16,false,false,"ok"
"004ab720","FUN_004ab720","Global",16,false,false,"ok"
"004ab810","FUN_004ab810","Global",12,false,false,"ok"
"004abc80","FUN_004abc80","Global",8,false,false,"ok"
"004abd20","FUN_004abd20","Global",76,false,false,"ok"
"004abd80","FUN_004abd80","Global",68,false,false,"ok"
"004abde0","FUN_004abde0","Global",20,false,false,"ok"
"004abe10","FUN_004abe10","Global",8,false,false,"ok"
"004abfe0","FUN_004abfe0","Global",12,false,false,"ok"
"004ac170","FUN_004ac170","Global",100,false,false,"ok"
"004ac1e0","FUN_004ac1e0","Global",8,false,false,"ok"
"004ac2e0","FUN_004ac2e0","Global",96,false,false,"ok"
"004ac350","FUN_004ac350","Global",68,false,false,"ok"
"004ac3b0","FUN_004ac3b0","Global",20,false,false,"ok"
"004ac3e0","FUN_004ac3e0","Global",84,false,false,"ok"
"004ac450","FUN_004ac450","Global",20,false,false,"ok"
"004ac480","FUN_004ac480","Global",68,false,false,"ok"
"004ac4e0","FUN_004ac4e0","Global",20,false,false,"ok"
"004ac510","FUN_004ac510","Global",68,false,false,"ok"
"004ac570","FUN_004ac570","Global",20,false,false,"ok"
"004ac700","FUN_004ac700","Global",80,false,false,"ok"
"004ac7b0","FUN_004ac7b0","Global",8,false,false,"ok"
"004acec0","FUN_004acec0","Global",8,false,false,"ok"
"004ad0e0","FUN_004ad0e0","Global",12,false,false,"ok"
"004ad2b0","FUN_004ad2b0","Global",80,false,false,"ok"
"004ad390","FUN_004ad390","Global",8,false,false,"ok"
"004adac0","FUN_004adac0","Global",8,false,false,"ok"
"004adce0","FUN_004adce0","Global",12,false,false,"ok"
"004addb0","FUN_004addb0","Global",100,false,false,"ok"
"004ade20","FUN_004ade20","Global",20,false,false,"ok"
"004adf80","FUN_004adf80","Global",308,false,false,"ok"
"004ae0c0","FUN_004ae0c0","Global",20,false,false,"ok"
"004ae170","FUN_004ae170","Global",112,false,false,"ok"
"004ae200","FUN_004ae200","Global",12,false,false,"ok"
"004ae370","FUN_004ae370","Global",112,false,false,"ok"
"004ae3f0","FUN_004ae3f0","Global",8,false,false,"ok"
"004ae920","FUN_004ae920","Global",20,false,false,"ok"
"004aed40","FUN_004aed40","Global",12,false,false,"ok"
"004aedd0","FUN_004aedd0","Global",112,false,false,"ok"
"004aee60","FUN_004aee60","Global",8,false,false,"ok"
"004af020","FUN_004af020","Global",20,false,false,"ok"
"004af220","FUN_004af220","Global",8,false,false,"ok"
"004af2a0","FUN_004af2a0","Global",112,false,false,"ok"
"004af330","FUN_004af330","Global",240,false,false,"ok"
"004af440","FUN_004af440","Global",112,false,false,"ok"
"004af4c0","FUN_004af4c0","Global",12,false,false,"ok"
"004af720","FUN_004af720","Global",28,false,false,"ok"
"004af7e0","FUN_004af7e0","Global",144,false,false,"ok"
"004afad0","FUN_004afad0","Global",444,false,false,"ok"
"004afd10","FUN_004afd10","Global",172,false,false,"ok"
"004afe20","FUN_004afe20","Global",8,false,false,"ok"
"004b07f0","FUN_004b07f0","Global",56,false,false,"ok"
"004b08d0","FUN_004b08d0","Global",8,false,false,"ok"
"004b0970","FUN_004b0970","Global",12,false,false,"ok"
"004b0a20","FUN_004b0a20","Global",20,false,false,"ok"
"004b0af0","FUN_004b0af0","Global",12,false,false,"ok"
"004b0bc0","FUN_004b0bc0","Global",152,false,false,"ok"
"004b0c70","FUN_004b0c70","Global",8,false,false,"ok"
"004b0d90","FUN_004b0d90","Global",112,false,false,"ok"
"004b0e20","FUN_004b0e20","Global",220,false,false,"ok"
"004b0f30","FUN_004b0f30","Global",24,false,false,"ok"
"004b1090","FUN_004b1090","Global",84,false,false,"ok"
"004b1190","FUN_004b1190","Global",8,false,false,"ok"
"004b1900","FUN_004b1900","Global",8,false,false,"ok"
"004b1b20","FUN_004b1b20","Global",12,false,false,"ok"
"004b1c10","FUN_004b1c10","Global",28,false,false,"ok"
"004b1c60","FUN_004b1c60","Global",80,false,false,"ok"
"004b1cc0","FUN_004b1cc0","Global",48,false,false,"ok"
"004b1d00","FUN_004b1d00","Global",92,false,false,"ok"
"004b1d70","FUN_004b1d70","Global",68,false,false,"ok"
"004b1dd0","FUN_004b1dd0","Global",24,false,false,"ok"
"004b2030","FUN_004b2030","Global",28,false,false,"ok"
"004b2080","FUN_004b2080","Global",80,false,false,"ok"
"004b20e0","FUN_004b20e0","Global",48,false,false,"ok"
"004b2120","FUN_004b2120","Global",92,false,false,"ok"
"004b2190","FUN_004b2190","Global",68,false,false,"ok"
"004b21f0","FUN_004b21f0","Global",8,false,false,"ok"
"004b2370","FUN_004b2370","Global",28,false,false,"ok"
"004b2410","FUN_004b2410","Global",80,false,false,"ok"
"004b2470","FUN_004b2470","Global",48,false,false,"ok"
"004b24b0","FUN_004b24b0","Global",20,false,false,"ok"
"004b2710","FUN_004b2710","Global",80,false,false,"ok"
"004b2770","FUN_004b2770","Global",8,false,false,"ok"
"004b27d0","FUN_004b27d0","Global",96,false,false,"ok"
"004b2840","FUN_004b2840","Global",68,false,false,"ok"
"004b2890","FUN_004b2890","Global",60,false,false,"ok"
"004b28e0","FUN_004b28e0","Global",156,false,false,"ok"
"004b2990","FUN_004b2990","Global",76,false,false,"ok"
"004b29f0","FUN_004b29f0","Global",12,false,false,"ok"
"004b2a60","FUN_004b2a60","Global",80,false,false,"ok"
"004b2ac0","FUN_004b2ac0","Global",56,false,false,"ok"
"004b2b10","FUN_004b2b10","Global",8,false,false,"ok"
"004b2d00","FUN_004b2d00","Global",504,false,false,"ok"
"004b2f70","FUN_004b2f70","Global",20,false,false,"ok"
"004b2ff0","FUN_004b2ff0","Global",96,false,false,"ok"
"004b3060","FUN_004b3060","Global",60,false,false,"ok"
"004b3510","FUN_004b3510","Global",80,false,false,"ok"
"004b35a0","FUN_004b35a0","Global",12,false,false,"ok"
"004b3630","FUN_004b3630","Global",108,false,false,"ok"
"004b36b0","FUN_004b36b0","Global",56,false,false,"ok"
"004b3700","FUN_004b3700","Global",132,false,false,"ok"
"004b37a0","FUN_004b37a0","Global",1104,false,false,"ok"
"004b3fa0","FUN_004b3fa0","Global",20,false,false,"ok"
"004b4050","FUN_004b4050","Global",108,false,false,"ok"
"004b40d0","FUN_004b40d0","Global",60,false,false,"ok"
"004b4120","FUN_004b4120","Global",108,false,false,"ok"
"004b41a0","FUN_004b41a0","Global",12,false,false,"ok"
"004b4880","FUN_004b4880","Global",12,false,false,"ok"
"004b4920","FUN_004b4920","Global",108,false,false,"ok"
"004b49a0","FUN_004b49a0","Global",56,false,false,"ok"
"004b49f0","FUN_004b49f0","Global",88,false,false,"ok"
"004b4a60","FUN_004b4a60","Global",12,false,false,"ok"
"004b5150","FUN_004b5150","Global",16,false,false,"ok"
"004b5320","FUN_004b5320","Global",56,false,false,"ok"
"004b5500","FUN_004b5500","Global",16,false,false,"ok"
"004b55e0","FUN_004b55e0","Global",260,false,false,"ok"
"004b56f0","FUN_004b56f0","Global",16,false,false,"ok"
"004b59f0","FUN_004b59f0","Global",20,false,false,"ok"
"004b5ce0","FUN_004b5ce0","Global",12,false,false,"ok"
"004b60a0","FUN_004b60a0","Global",20,false,false,"ok"
"004b6210","FUN_004b6210","Global",16,false,false,"ok"
"004b6360","FUN_004b6360","Global",12,false,false,"ok"
"004b65b0","FUN_004b65b0","Global",16,false,false,"ok"
"004b7350","FUN_004b7350","Global",8,false,false,"ok"
"004b77a0","FUN_004b77a0","Global",12,false,false,"ok"
"004b7890","FUN_004b7890","Global",304,false,false,"ok"
"004b79e0","FUN_004b79e0","Global",16,false,false,"ok"
"004b7c00","FUN_004b7c00","Global",20,false,false,"ok"
"004b8960","FUN_004b8960","Global",12,false,false,"ok"
"004b8a40","FUN_004b8a40","Global",32,false,false,"ok"
"004b8d50","FUN_004b8d50","Global",24,false,false,"ok"
"004b9a50","FUN_004b9a50","Global",12,false,false,"ok"
"004ba220","FUN_004ba220","Global",12,false,false,"ok"
"004ba8d0","FUN_004ba8d0","Global",16,false,false,"ok"
"004bb440","FUN_004bb440","Global",8,false,false,"ok"
"004bb560","FUN_004bb560","Global",144,false,false,"ok"
"004bb600","FUN_004bb600","Global",204,false,false,"ok"
"004bb6e0","FUN_004bb6e0","Global",20,false,false,"ok"
"004bc020","FUN_004bc020","Global",8,false,false,"ok"
"004bc3b0","FUN_004bc3b0","Global",116,false,false,"ok"
"004bc430","FUN_004bc430","Global",8,false,false,"ok"
"004bc560","FUN_004bc560","Global",16,false,false,"ok"
"004bc7b0","FUN_004bc7b0","Global",8,false,false,"ok"
"004bc820","FUN_004bc820","Global",148,false,false,"ok"
"004bc8c0","FUN_004bc8c0","Global",28,false,false,"ok"
"004bcb50","FUN_004bcb50","Global",8,false,false,"ok"
"004bd170","FUN_004bd170","Global",12,false,false,"ok"
"004bdae0","FUN_004bdae0","Global",60,false,false,"ok"
"004bdb30","FUN_004bdb30","Global",204,false,false,"ok"
"004bdc80","FUN_004bdc80","Global",228,false,false,"ok"
"004bdd80","FUN_004bdd80","Global",204,false,false,"ok"
"004bde60","FUN_004bde60","Global",176,false,false,"ok"
"004bdf20","FUN_004bdf20","Global",24,false,false,"ok"
"004be0f0","FUN_004be0f0","Global",16,false,false,"ok"
"004be5d0","FUN_004be5d0","Global",16,false,false,"ok"
"004be760","FUN_004be760","Global",16,false,false,"ok"
"004be8c0","FUN_004be8c0","Global",184,false,false,"ok"
"004be990","FUN_004be990","Global",64,false,false,"ok"
"004be9e0","FUN_004be9e0","Global",80,false,false,"ok"
"004bea40","FUN_004bea40","Global",44,false,false,"ok"
"004beaf0","FUN_004beaf0","Global",88,false,false,"ok"
"004bec10","FUN_004bec10","Global",520,false,false,"ok"
"004beec0","FUN_004beec0","Global",12,false,false,"ok"
"004bf470","FUN_004bf470","Global",8,false,false,"ok"
"004bfcb0","FUN_004bfcb0","Global",12,false,false,"ok"
"004c0110","FUN_004c0110","Global",148,false,false,"ok"
"004c01c0","FUN_004c01c0","Global",40,false,false,"ok"
"004c01f0","FUN_004c01f0","Global",24,false,false,"ok"
"004c0210","FUN_004c0210","Global",28,false,false,"ok"
"004c0240","FUN_004c0240","Global",68,false,false,"ok"
"004c02a0","FUN_004c02a0","Global",296,false,false,"ok"
"004c03e0","FUN_004c03e0","Global",8,false,false,"ok"
"004c04e0","FUN_004c04e0","Global",120,false,false,"ok"
"004c0570","FUN_004c0570","Global",120,false,false,"ok"
"004c0610","FUN_004c0610","Global",112,false,false,"ok"
"004c0740","FUN_004c0740","Global",36,false,false,"ok"
"004c08e0","FUN_004c08e0","Global",28,false,false,"ok"
"004c0910","FUN_004c0910","Global",100,false,false,"ok"
"004c0980","FUN_004c0980","Global",12,false,false,"ok"
"004c09f0","FUN_004c09f0","Global",20,false,false,"ok"
"004c0aa0","FUN_004c0aa0","Global",56,false,false,"ok"
"004c0af0","FUN_004c0af0","Global",28,false,false,"ok"
"004c0b30","FUN_004c0b30","Global",8,false,false,"ok"
"004c0c00","FUN_004c0c00","Global",168,false,false,"ok"
"004c0cd0","FUN_004c0cd0","Global",24,false,false,"ok"
"004c0e30","FUN_004c0e30","Global",128,false,false,"ok"
"004c0ec0","FUN_004c0ec0","Global",40,false,false,"ok"
"004c13e0","FUN_004c13e0","Global",60,false,false,"ok"
"004c1480","FUN_004c1480","Global",148,false,false,"ok"
"004c1640","FUN_004c1640","Global",40,false,false,"ok"
"004c16c0","FUN_004c16c0","Global",12,false,false,"ok"
"004c17d0","FUN_004c17d0","Global",8,false,false,"ok"
"004c18c0","FUN_004c18c0","Global",36,false,false,"ok"
"004c19e0","FUN_004c19e0","Global",100,false,false,"ok"
"004c1a60","FUN_004c1a60","Global",20,false,false,"ok"
"004c1b10","FUN_004c1b10","Global",64,false,false,"ok"
"004c1b60","FUN_004c1b60","Global",48,false,false,"ok"
"004c1ba0","FUN_004c1ba0","Global",156,false,false,"ok"
"004c1c50","FUN_004c1c50","Global",8,false,false,"ok"
"004c1e30","FUN_004c1e30","Global",24,false,false,"ok"
"004c1e50","FUN_004c1e50","Global",128,false,false,"ok"
"004c1ee0","FUN_004c1ee0","Global",20,false,false,"ok"
"004c22b0","FUN_004c22b0","Global",72,false,false,"ok"
"004c2310","FUN_004c2310","Global",16,false,false,"ok"
"004c2b30","FUN_004c2b30","Global",24,false,false,"ok"
"004c2b90","FUN_004c2b90","Global",20,false,false,"ok"
"004c2bd0","FUN_004c2bd0","Global",108,false,false,"ok"
"004c2c50","FUN_004c2c50","Global",24,false,false,"ok"
"004c2ef0","FUN_004c2ef0","Global",180,false,false,"ok"
"004c2fc0","FUN_004c2fc0","Global",16,false,false,"ok"
"004c3330","FUN_004c3330","Global",20,false,false,"ok"
"004c3370","FUN_004c3370","Global",80,false,false,"ok"
"004c33d0","FUN_004c33d0","Global",132,false,false,"ok"
"004c3470","FUN_004c3470","Global",140,false,false,"ok"
"004c3530","FUN_004c3530","Global",12,false,false,"ok"
"004c35a0","FUN_004c35a0","Global",108,false,false,"ok"
"004c3620","FUN_004c3620","Global",28,false,false,"ok"
"004c3810","FUN_004c3810","Global",192,false,false,"ok"
"004c3a20","FUN_004c3a20","Global",8,false,false,"ok"
"004c3cd0","FUN_004c3cd0","Global",328,false,false,"ok"
"004c3e70","FUN_004c3e70","Global",12,false,false,"ok"
"004c3ee0","FUN_004c3ee0","Global",8,false,false,"ok"
"004c3f90","FUN_004c3f90","Global",80,false,false,"ok"
"004c3ff0","FUN_004c3ff0","Global",80,false,false,"ok"
"004c4050","FUN_004c4050","Global",64,false,false,"ok"
"004c40a0","FUN_004c40a0","Global",16,false,false,"ok"
"004c41a0","FUN_004c41a0","Global",108,false,false,"ok"
"004c4220","FUN_004c4220","Global",56,false,false,"ok"
"004c4280","FUN_004c4280","Global",132,false,false,"ok"
"004c4320","FUN_004c4320","Global",8,false,false,"ok"
"004c4380","FUN_004c4380","Global",80,false,false,"ok"
"004c43e0","FUN_004c43e0","Global",60,false,false,"ok"
"004c4430","FUN_004c4430","Global",16,false,false,"ok"
"004c4a40","FUN_004c4a40","Global",12,false,false,"ok"
"004c4b40","FUN_004c4b40","Global",12,false,false,"ok"
"004c4c20","FUN_004c4c20","Global",128,false,false,"ok"
"004c4cb0","FUN_004c4cb0","Global",24,false,false,"ok"
"004c4e00","FUN_004c4e00","Global",20,false,false,"ok"
"004c5720","FUN_004c5720","Global",28,false,false,"ok"
"004c57c0","FUN_004c57c0","Global",108,false,false,"ok"
"004c5840","FUN_004c5840","Global",128,false,false,"ok"
"004c58f0","FUN_004c58f0","Global",12,false,false,"ok"
"004c5c80","FUN_004c5c80","Global",20,false,false,"ok"
"004c5d90","FUN_004c5d90","Global",80,false,false,"ok"
"004c5df0","FUN_004c5df0","Global",124,false,false,"ok"
"004c5e80","FUN_004c5e80","Global",316,false,false,"ok"
"004c5fd0","FUN_004c5fd0","Global",8,false,false,"ok"
"004c6220","FUN_004c6220","Global",8,false,false,"ok"
"004c6400","FUN_004c6400","Global",8,false,false,"ok"
"004c6840","FUN_004c6840","Global",28,false,false,"ok"
"004c68a0","FUN_004c68a0","Global",128,false,false,"ok"
"004c6970","FUN_004c6970","Global",8,false,false,"ok"
"004c6b80","FUN_004c6b80","Global",8,false,false,"ok"
"004c6e40","FUN_004c6e40","Global",332,false,false,"ok"
"004c70a0","FUN_004c70a0","Global",24,false,false,"ok"
"004c7610","FUN_004c7610","Global",28,false,false,"ok"
"004c7660","FUN_004c7660","Global",80,false,false,"ok"
"004c76c0","FUN_004c76c0","Global",16,false,false,"ok"
"004c7860","FUN_004c7860","Global",8,false,false,"ok"
"004c7a70","FUN_004c7a70","Global",16,false,false,"ok"
"004c7cc0","FUN_004c7cc0","Global",8,false,false,"ok"
"004c7da0","FUN_004c7da0","Global",128,false,false,"ok"
"004c7e40","FUN_004c7e40","Global",132,false,false,"ok"
"004c7ef0","FUN_004c7ef0","Global",148,false,false,"ok"
"004c7fa0","FUN_004c7fa0","Global",12,false,false,"ok"
"004c8f00","FUN_004c8f00","Global",84,false,false,"ok"
"004c9240","FUN_004c9240","Global",12,false,false,"ok"
"004c9530","FUN_004c9530","Global",8,false,false,"ok"
"004c98e0","FUN_004c98e0","Global",32,false,false,"ok"
"004c9aa0","FUN_004c9aa0","Global",12,false,false,"ok"
"004c9b90","FUN_004c9b90","Global",56,false,false,"ok"
"004c9c50","FUN_004c9c50","Global",24,false,false,"ok"
"004ca1e0","FUN_004ca1e0","Global",8,false,false,"ok"
"004cac90","FUN_004cac90","Global",3236,false,false,"ok"
"004cb940","FUN_004cb940","Global",20,false,false,"ok"
"004cba50","FUN_004cba50","Global",140,false,false,"ok"
"004cbb40","FUN_004cbb40","Global",8,false,false,"ok"
"004cbc80","FUN_004cbc80","Global",8,false,false,"ok"
"004cbf30","FUN_004cbf30","Global",16,false,false,"ok"
"004cc030","FUN_004cc030","Global",16,false,false,"ok"
"004cc720","FUN_004cc720","Global",184,false,false,"ok"
"004cc800","FUN_004cc800","Global",16,false,false,"ok"
"004cd130","FUN_004cd130","Global",8,false,false,"ok"
"004cd280","FUN_004cd280","Global",20,false,false,"ok"
"004cd7b0","FUN_004cd7b0","Global",444,false,false,"ok"
"004cda20","FUN_004cda20","Global",60,false,false,"ok"
"004cda70","FUN_004cda70","Global",20,false,false,"ok"
"004cdab0","FUN_004cdab0","Global",80,false,false,"ok"
"004cdb10","FUN_004cdb10","Global",16,false,false,"ok"
"004cdda0","FUN_004cdda0","Global",8,false,false,"ok"
"004cdf40","FUN_004cdf40","Global",56,false,false,"ok"
"004cdf80","FUN_004cdf80","Global",20,false,false,"ok"
"004ce330","FUN_004ce330","Global",36,false,false,"ok"
"004ce370","FUN_004ce370","Global",60,false,false,"ok"
"004ce3d0","FUN_004ce3d0","Global",68,false,false,"ok"
"004ce430","FUN_004ce430","Global",60,false,false,"ok"
"004ce490","FUN_004ce490","Global",60,false,false,"ok"
"004ce4f0","FUN_004ce4f0","Global",76,false,false,"ok"
"004ce560","FUN_004ce560","Global",52,false,false,"ok"
"004ce5b0","FUN_004ce5b0","Global",80,false,false,"ok"
"004ce620","FUN_004ce620","Global",60,false,false,"ok"
"004ce680","FUN_004ce680","Global",60,false,false,"ok"
"004ce6e0","FUN_004ce6e0","Global",60,false,false,"ok"
"004ce740","FUN_004ce740","Global",36,false,false,"ok"
"004ce780","FUN_004ce780","Global",36,false,false,"ok"
"004ce7c0","FUN_004ce7c0","Global",8,false,false,"ok"
"004ce920","FUN_004ce920","Global",28,false,false,"ok"
"004ceff0","FUN_004ceff0","Global",8,false,false,"ok"
"004cf860","FUN_004cf860","Global",12,false,false,"ok"
"004cfcc0","FUN_004cfcc0","Global",148,false,false,"ok"
"004cfd70","FUN_004cfd70","Global",40,false,false,"ok"
"004cfda0","FUN_004cfda0","Global",136,false,false,"ok"
"004cfe30","FUN_004cfe30","Global",48,false,false,"ok"
"004cfe70","FUN_004cfe70","Global",52,false,false,"ok"
"004cfec0","FUN_004cfec0","Global",8,false,false,"ok"
"004cff60","FUN_004cff60","Global",8,false,false,"ok"
"004d0020","FUN_004d0020","Global",88,false,false,"ok"
"004d0090","FUN_004d0090","Global",8,false,false,"ok"
"004d0460","FUN_004d0460","Global",28,false,false,"ok"
"004d0490","FUN_004d0490","Global",68,false,false,"ok"
"004d05f0","FUN_004d05f0","Global",16,false,false,"ok"
"004d06c0","FUN_004d06c0","Global",8,false,false,"ok"
"004d0850","FUN_004d0850","Global",20,false,false,"ok"
"004d0aa0","FUN_004d0aa0","Global",24,false,false,"ok"
"004d0c00","FUN_004d0c00","Global",8,false,false,"ok"
"004d0ce0","FUN_004d0ce0","Global",12,false,false,"ok"
"004d0e00","FUN_004d0e00","Global",12,false,false,"ok"
"004d0ed0","FUN_004d0ed0","Global",12,false,false,"ok"
"004d0fc0","FUN_004d0fc0","Global",28,false,false,"ok"
"004d11a0","FUN_004d11a0","Global",144,false,false,"ok"
"004d1260","FUN_004d1260","Global",12,false,false,"ok"
"004d1300","FUN_004d1300","Global",588,false,false,"ok"
"004d15b0","FUN_004d15b0","Global",8,false,false,"ok"
"004d49a0","FUN_004d49a0","Global",8,false,false,"ok"
"004d66c0","FUN_004d66c0","Global",80,false,false,"ok"
"004d6720","FUN_004d6720","Global",64,false,false,"ok"
"004d67d0","FUN_004d67d0","Global",104,false,false,"ok"
"004d68d0","FUN_004d68d0","Global",124,false,false,"ok"
"004d6990","FUN_004d6990","Global",96,false,false,"ok"
"004d6a10","FUN_004d6a10","Global",8,false,false,"ok"
"004d6a20","FUN_004d6a20","Global",12,false,false,"ok"
"004d6a60","FUN_004d6a60","Global",12,false,false,"ok"
"004d6a70","FUN_004d6a70","Global",80,false,false,"ok"
"004d6ad0","FUN_004d6ad0","Global",180,false,false,"ok"
"004d6cb0","FUN_004d6cb0","Global",80,false,false,"ok"
"004d6dd0","FUN_004d6dd0","Global",24,false,false,"ok"
"004d6df0","FUN_004d6df0","Global",108,false,false,"ok"
"004d6e70","FUN_004d6e70","Global",536,false,false,"ok"
"004d7090","FUN_004d7090","Global",212,false,false,"ok"
"004d7180","FUN_004d7180","Global",496,false,false,"ok"
"004d77a0","FUN_004d77a0","Global",68,false,false,"ok"
"004d77f0","FUN_004d77f0","Global",8,false,false,"ok"
"004d7a40","FUN_004d7a40","Global",20,false,false,"ok"
"004d7a70","FUN_004d7a70","Global",20,false,false,"ok"
"004d7d90","FUN_004d7d90","Global",28,false,false,"ok"
"004d7f80","FUN_004d7f80","Global",124,false,false,"ok"
"004d8020","FUN_004d8020","Global",8,false,false,"ok"
"004d8120","FUN_004d8120","Global",80,false,false,"ok"
"004d82b0","FUN_004d82b0","Global",44,false,false,"ok"
"004d82f0","FUN_004d82f0","Global",20,false,false,"ok"
"004d9c70","FUN_004d9c70","Global",148,false,false,"ok"
"004d9d10","FUN_004d9d10","Global",264,false,false,"ok"
"004d9e40","FUN_004d9e40","Global",20,false,false,"ok"
"004da020","FUN_004da020","Global",84,false,false,"ok"
"004da0b0","FUN_004da0b0","Global",8,false,false,"ok"
"004da280","FUN_004da280","Global",56,false,false,"ok"
"004da2d0","FUN_004da2d0","Global",68,false,false,"ok"
"004da320","FUN_004da320","Global",8,false,false,"ok"
"004da330","FUN_004da330","Global",56,false,false,"ok"
"004da380","FUN_004da380","Global",64,false,false,"ok"
"004da420","FUN_004da420","Global",16,false,false,"ok"
"004da8f0","FUN_004da8f0","Global",20,false,false,"ok"
"004dac40","FUN_004dac40","Global",12,false,false,"ok"
"004db110","FUN_004db110","Global",28,false,false,"ok"
"004db330","FUN_004db330","Global",8,false,false,"ok"
"004db440","FUN_004db440","Global",172,false,false,"ok"
"004db500","FUN_004db500","Global",520,false,false,"ok"
"004db720","FUN_004db720","Global",152,false,false,"ok"
"004db7c0","FUN_004db7c0","Global",120,false,false,"ok"
"004db860","FUN_004db860","Global",8,false,false,"ok"
"004db920","FUN_004db920","Global",8,false,false,"ok"
"004dbd50","FUN_004dbd50","Global",16,false,false,"ok"
"004dc1e0","FUN_004dc1e0","Global",12,false,false,"ok"
"004dc470","FUN_004dc470","Global",220,false,false,"ok"
"004dc5a0","FUN_004dc5a0","Global",16,false,false,"ok"
"004dca30","FUN_004dca30","Global",8,false,false,"ok"
"004dcd50","FUN_004dcd50","Global",204,false,false,"ok"
"004dce70","FUN_004dce70","Global",12,false,false,"ok"
"004dd200","FUN_004dd200","Global",16,false,false,"ok"
"004dd3e0","FUN_004dd3e0","Global",144,false,false,"ok"
"004dd570","FUN_004dd570","Global",20,false,false,"ok"
"004dd790","FUN_004dd790","Global",88,false,false,"ok"
"004dd810","FUN_004dd810","Global",84,false,false,"ok"
"004dd8d0","FUN_004dd8d0","Global",64,false,false,"ok"
"004dd940","FUN_004dd940","Global",40,false,false,"ok"
"004dd9a0","FUN_004dd9a0","Global",180,false,false,"ok"
"004dda60","FUN_004dda60","Global",528,false,false,"ok"
"004ddc80","FUN_004ddc80","Global",28,false,false,"ok"
"004ddd00","FUN_004ddd00","Global",100,false,false,"ok"
"004ddd90","FUN_004ddd90","Global",128,false,false,"ok"
"004dde20","FUN_004dde20","Global",8,false,false,"ok"
"004dea20","FUN_004dea20","Global",112,false,false,"ok"
"004deab0","FUN_004deab0","Global",12,false,false,"ok"
"004df220","FUN_004df220","Global",72,false,false,"ok"
"004df390","FUN_004df390","Global",120,false,false,"ok"
"004df430","FUN_004df430","Global",444,false,false,"ok"
"004df630","FUN_004df630","Global",260,false,false,"ok"
"004df760","FUN_004df760","Global",72,false,false,"ok"
"004df7e0","FUN_004df7e0","Global",24,false,false,"ok"
"004df9a0","FUN_004df9a0","Global",132,false,false,"ok"
"004dfa60","FUN_004dfa60","Global",168,false,false,"ok"
"004dfb20","FUN_004dfb20","Global",104,false,false,"ok"
"004dfba0","FUN_004dfba0","Global",8,false,false,"ok"
"004e00c0","FUN_004e00c0","Global",512,false,false,"ok"
"004e02e0","FUN_004e02e0","Global",272,false,false,"ok"
"004e04d0","FUN_004e04d0","Global",16,false,false,"ok"
"004e16e0","FUN_004e16e0","Global",92,false,false,"ok"
"004e1750","FUN_004e1750","Global",80,false,false,"ok"
"004e17b0","FUN_004e17b0","Global",48,false,false,"ok"
"004e17f0","FUN_004e17f0","Global",84,false,false,"ok"
"004e1860","FUN_004e1860","Global",96,false,false,"ok"
"004e1a00","FUN_004e1a00","Global",8,false,false,"ok"
"004e20a0","FUN_004e20a0","Global",32,false,false,"ok"
"004e2190","FUN_004e2190","Global",112,false,false,"ok"
"004e22d0","FUN_004e22d0","Global",136,false,false,"ok"
"004e2680","FUN_004e2680","Global",8,false,false,"ok"
"004e2ad0","FUN_004e2ad0","Global",1,false,false,"ok"
"004e2ae0","FUN_004e2ae0","Global",12,false,false,"ok"
"004e2b90","FUN_004e2b90","Global",184,false,false,"ok"
"004e2c70","FUN_004e2c70","Global",64,false,false,"ok"
"004e2cc0","FUN_004e2cc0","Global",100,false,false,"ok"
"004e2e30","FUN_004e2e30","Global",180,false,false,"ok"
"004e3050","FUN_004e3050","Global",900,false,false,"ok"
"004e3e70","FUN_004e3e70","Global",212,false,false,"ok"
"004e4110","FUN_004e4110","Global",20,false,false,"ok"
"004e41b0","FUN_004e41b0","Global",128,false,false,"ok"
"004e4250","FUN_004e4250","Global",24,false,false,"ok"
"004e4320","FUN_004e4320","Global",12,false,false,"ok"
"004e4450","FUN_004e4450","Global",8,false,false,"ok"
"004e47a0","FUN_004e47a0","Global",12,false,false,"ok"
"004e4850","FUN_004e4850","Global",120,false,false,"ok"
"004e48f0","FUN_004e48f0","Global",112,false,false,"ok"
"004e4970","FUN_004e4970","Global",104,false,false,"ok"
"004e4a60","FUN_004e4a60","Global",40,false,false,"ok"
"004e4b00","FUN_004e4b00","Global",28,false,false,"ok"
"004e4ee0","FUN_004e4ee0","Global",20,false,false,"ok"
"004e4f20","FUN_004e4f20","Global",80,false,false,"ok"
"004e4f80","FUN_004e4f80","Global",52,false,false,"ok"
"004e4fd0","FUN_004e4fd0","Global",8,false,false,"ok"
"004e5110","FUN_004e5110","Global",8,false,false,"ok"
"004e5180","FUN_004e5180","Global",132,false,false,"ok"
"004e5220","FUN_004e5220","Global",328,false,false,"ok"
"004e53c0","FUN_004e53c0","Global",12,false,false,"ok"
"004e5490","FUN_004e5490","Global",8,false,false,"ok"
"004e55e0","FUN_004e55e0","Global",8,false,false,"ok"
"004e5650","FUN_004e5650","Global",132,false,false,"ok"
"004e56f0","FUN_004e56f0","Global",124,false,false,"ok"
"004e5780","FUN_004e5780","Global",80,false,false,"ok"
"004e57e0","FUN_004e57e0","Global",8,false,false,"ok"
"004e59c0","FUN_004e59c0","Global",208,false,false,"ok"
"004e5b00","FUN_004e5b00","Global",224,false,false,"ok"
"004e5da0","FUN_004e5da0","Global",20,false,false,"ok"
"004e5f70","FUN_004e5f70","Global",12,false,false,"ok"
"004e6010","FUN_004e6010","Global",136,false,false,"ok"
"004e60b0","FUN_004e60b0","Global",56,false,false,"ok"
"004e6100","FUN_004e6100","Global",100,false,false,"ok"
"004e6180","FUN_004e6180","Global",8,false,false,"ok"
"004e64e0","FUN_004e64e0","Global",8,false,false,"ok"
"004e6560","FUN_004e6560","Global",112,false,false,"ok"
"004e65e0","FUN_004e65e0","Global",16,false,false,"ok"
"004e6600","FUN_004e6600","Global",68,false,false,"ok"
"004e6650","FUN_004e6650","Global",188,false,false,"ok"
"004e6730","FUN_004e6730","Global",260,false,false,"ok"
"004e6960","FUN_004e6960","Global",8,false,false,"ok"
"004e6ac0","FUN_004e6ac0","Global",28,false,false,"ok"
"004e6b10","FUN_004e6b10","Global",100,false,false,"ok"
"004e6bb0","FUN_004e6bb0","Global",256,false,false,"ok"
"004e6ce0","FUN_004e6ce0","Global",84,false,false,"ok"
"004e6d40","FUN_004e6d40","Global",12,false,false,"ok"
"004e6ec0","FUN_004e6ec0","Global",16,false,false,"ok"
"004e70a0","FUN_004e70a0","Global",8,false,false,"ok"
"004e7160","FUN_004e7160","Global",76,false,false,"ok"
"004e71c0","FUN_004e71c0","Global",528,false,false,"ok"
"004e7440","FUN_004e7440","Global",84,false,false,"ok"
"004e74a0","FUN_004e74a0","Global",172,false,false,"ok"
"004e75c0","FUN_004e75c0","Global",16,false,false,"ok"
"004e7900","FUN_004e7900","Global",8,false,false,"ok"
"004e87e0","FUN_004e87e0","Global",12,false,false,"ok"
"004e8bd0","FUN_004e8bd0","Global",52,false,false,"ok"
"004e8c20","FUN_004e8c20","Global",52,false,false,"ok"
"004e8c70","FUN_004e8c70","Global",52,false,false,"ok"
"004e8cd0","FUN_004e8cd0","Global",52,false,false,"ok"
"004e8d20","FUN_004e8d20","Global",60,false,false,"ok"
"004e8da0","FUN_004e8da0","Global",60,false,false,"ok"
"004e8e20","FUN_004e8e20","Global",60,false,false,"ok"
"004e8e90","FUN_004e8e90","Global",112,false,false,"ok"
"004e8f50","FUN_004e8f50","Global",8,false,false,"ok"
"004e9010","FUN_004e9010","Global",8,false,false,"ok"
"004e90b0","FUN_004e90b0","Global",52,false,false,"ok"
"004e9100","FUN_004e9100","Global",32,false,false,"ok"
"004e91f0","FUN_004e91f0","Global",128,false,false,"ok"
"004e9290","FUN_004e9290","Global",16,false,false,"ok"
"004e9cf0","FUN_004e9cf0","Global",172,false,false,"ok"
"004e9db0","FUN_004e9db0","Global",324,false,false,"ok"
"004e9f10","FUN_004e9f10","Global",8,false,false,"ok"
"004ea330","FUN_004ea330","Global",80,false,false,"ok"
"004ea390","FUN_004ea390","Global",52,false,false,"ok"
"004ea410","FUN_004ea410","Global",44,false,false,"ok"
"004ea4d0","FUN_004ea4d0","Global",40,false,false,"ok"
"004ea530","FUN_004ea530","Global",100,false,false,"ok"
"004ea5b0","FUN_004ea5b0","Global",1,false,false,"ok"
"004ea5c0","FUN_004ea5c0","Global",148,false,false,"ok"
"004ea670","FUN_004ea670","Global",172,false,false,"ok"
"004ea730","FUN_004ea730","Global",80,false,false,"ok"
"004ea810","FUN_004ea810","Global",308,false,false,"ok"
"004ea960","FUN_004ea960","Global",112,false,false,"ok"
"004ea9f0","FUN_004ea9f0","Global",1,false,false,"ok"
"004eaa00","FUN_004eaa00","Global",148,false,false,"ok"
"004eaab0","FUN_004eaab0","Global",172,false,false,"ok"
"004eab70","FUN_004eab70","Global",80,false,false,"ok"
"004eac50","FUN_004eac50","Global",8,false,false,"ok"
"004eb370","FUN_004eb370","Global",12,false,false,"ok"
"004eb440","FUN_004eb440","Global",180,false,false,"ok"
"004eb510","FUN_004eb510","Global",100,false,false,"ok"
"004eb580","FUN_004eb580","Global",12,false,false,"ok"
"004eb960","FUN_004eb960","Global",20,false,false,"ok"
"004eba00","FUN_004eba00","Global",112,false,false,"ok"
"004eba90","FUN_004eba90","Global",28,false,false,"ok"
"004ebb60","FUN_004ebb60","Global",308,false,false,"ok"
"004ebe10","FUN_004ebe10","Global",8,false,false,"ok"
"004ebf70","FUN_004ebf70","Global",108,false,false,"ok"
"004ebff0","FUN_004ebff0","Global",1,false,false,"ok"
"004ec000","FUN_004ec000","Global",148,false,false,"ok"
"004ec0b0","FUN_004ec0b0","Global",252,false,false,"ok"
"004ec1c0","FUN_004ec1c0","Global",8,false,false,"ok"
"004ec250","FUN_004ec250","Global",112,false,false,"ok"
"004ec370","FUN_004ec370","Global",8,false,false,"ok"
"004ec450","FUN_004ec450","Global",360,false,false,"ok"
"004ec5d0","FUN_004ec5d0","Global",8,false,false,"ok"
"004ecd40","FUN_004ecd40","Global",112,false,false,"ok"
"004ecdf0","FUN_004ecdf0","Global",104,false,false,"ok"
"004ece70","FUN_004ece70","Global",52,false,false,"ok"
"004ed1a0","FUN_004ed1a0","Global",28,false,false,"ok"
"004ed240","FUN_004ed240","Global",112,false,false,"ok"
"004ed2d0","FUN_004ed2d0","Global",12,false,false,"ok"
"004ed3d0","FUN_004ed3d0","Global",8,false,false,"ok"
"004edc40","FUN_004edc40","Global",116,false,false,"ok"
"004edcc0","FUN_004edcc0","Global",92,false,false,"ok"
"004edd90","FUN_004edd90","Global",24,false,false,"ok"
"004ede50","FUN_004ede50","Global",16,false,false,"ok"
"004edf10","FUN_004edf10","Global",8,false,false,"ok"
"004edfd0","FUN_004edfd0","Global",8,false,false,"ok"
"004ee090","FUN_004ee090","Global",12,false,false,"ok"
"004ee170","FUN_004ee170","Global",8,false,false,"ok"
"004ee230","FUN_004ee230","Global",148,false,false,"ok"
"004ee2e0","FUN_004ee2e0","Global",80,false,false,"ok"
"004ee420","FUN_004ee420","Global",80,false,false,"ok"
"004ee520","FUN_004ee520","Global",8,false,false,"ok"
"004ee690","FUN_004ee690","Global",364,false,false,"ok"
"004ee840","FUN_004ee840","Global",20,false,false,"ok"
"004eea90","FUN_004eea90","Global",12,false,false,"ok"
"004eec20","FUN_004eec20","Global",28,false,false,"ok"
"004eece0","FUN_004eece0","Global",104,false,false,"ok"
"004eed60","FUN_004eed60","Global",80,false,false,"ok"
"004eedc0","FUN_004eedc0","Global",8,false,false,"ok"
"004eefb0","FUN_004eefb0","Global",288,false,false,"ok"
"004ef250","FUN_004ef250","Global",20,false,false,"ok"
"004ef320","FUN_004ef320","Global",80,false,false,"ok"
"004ef3c0","FUN_004ef3c0","Global",432,false,false,"ok"
"004ef5b0","FUN_004ef5b0","Global",8,false,false,"ok"
"004ef6b0","FUN_004ef6b0","Global",200,false,false,"ok"
"004ef790","FUN_004ef790","Global",28,false,false,"ok"
"004efb80","FUN_004efb80","Global",28,false,false,"ok"
"004efc50","FUN_004efc50","Global",104,false,false,"ok"
"004efcd0","FUN_004efcd0","Global",20,false,false,"ok"
"004efeb0","FUN_004efeb0","Global",8,false,false,"ok"
"004f01c0","FUN_004f01c0","Global",296,false,false,"ok"
"004f0470","FUN_004f0470","Global",144,false,false,"ok"
"004f0520","FUN_004f0520","Global",20,false,false,"ok"
"004f0920","FUN_004f0920","Global",8,false,false,"ok"
"004f0b70","FUN_004f0b70","Global",12,false,false,"ok"
"004f0c90","FUN_004f0c90","Global",144,false,false,"ok"
"004f0d40","FUN_004f0d40","Global",16,false,false,"ok"
"004f1020","FUN_004f1020","Global",8,false,false,"ok"
"004f11a0","FUN_004f11a0","Global",92,false,false,"ok"
"004f1210","FUN_004f1210","Global",20,false,false,"ok"
"004f1650","FUN_004f1650","Global",12,false,false,"ok"
"004f1790","FUN_004f1790","Global",12,false,false,"ok"
"004f18d0","FUN_004f18d0","Global",8,false,false,"ok"
"004f19d0","FUN_004f19d0","Global",20,false,false,"ok"
"004f1ac0","FUN_004f1ac0","Global",24,false,false,"ok"
"004f1ba0","FUN_004f1ba0","Global",20,false,false,"ok"
"004f1c90","FUN_004f1c90","Global",72,false,false,"ok"
"004f1d20","FUN_004f1d20","Global",92,false,false,"ok"
"004f1de0","FUN_004f1de0","Global",64,false,false,"ok"
"004f1e30","FUN_004f1e30","Global",60,false,false,"ok"
"004f1e80","FUN_004f1e80","Global",104,false,false,"ok"
"004f1f00","FUN_004f1f00","Global",16,false,false,"ok"
"004f1f40","FUN_004f1f40","Global",28,false,false,"ok"
"004f2010","FUN_004f2010","Global",28,false,false,"ok"
"004f2260","FUN_004f2260","Global",8,false,false,"ok"
"004f2670","FUN_004f2670","Global",56,false,false,"ok"
"004f28b0","FUN_004f28b0","Global",36,false,false,"ok"
"004f2900","FUN_004f2900","Global",184,false,false,"ok"
"004f2a60","FUN_004f2a60","Global",72,false,false,"ok"
"004f2ab0","FUN_004f2ab0","Global",88,false,false,"ok"
"004f2b10","FUN_004f2b10","Global",48,false,false,"ok"
"004f2b50","FUN_004f2b50","Global",116,false,false,"ok"
"004f2bd0","FUN_004f2bd0","Global",12,false,false,"ok"
"004f2be0","FUN_004f2be0","Global",20,false,false,"ok"
"004f2cf0","FUN_004f2cf0","Global",8,false,false,"ok"
"004f2dc0","FUN_004f2dc0","Global",68,false,false,"ok"
"004f2e20","FUN_004f2e20","Global",48,false,false,"ok"
"004f2e60","FUN_004f2e60","Global",80,false,false,"ok"
"004f2ec0","FUN_004f2ec0","Global",188,false,false,"ok"
"004f2f90","FUN_004f2f90","Global",16,false,false,"ok"
"004f30f0","FUN_004f30f0","Global",12,false,false,"ok"
"004f3270","FUN_004f3270","Global",20,false,false,"ok"
"004f37e0","FUN_004f37e0","Global",448,false,false,"ok"
"004f39b0","FUN_004f39b0","Global",20,false,false,"ok"
"004f3c80","FUN_004f3c80","Global",36,false,false,"ok"
"004f3cb0","FUN_004f3cb0","Global",40,false,false,"ok"
"004f3ce0","FUN_004f3ce0","Global",108,false,false,"ok"
"004f3e30","FUN_004f3e30","Global",332,false,false,"ok"
"004f4080","FUN_004f4080","Global",28,false,false,"ok"
"004f4690","FUN_004f4690","Global",8,false,false,"ok"
"004f4c10","FUN_004f4c10","Global",8,false,false,"ok"
"004f4e90","FUN_004f4e90","Global",336,false,false,"ok"
"004f4ff0","FUN_004f4ff0","Global",164,false,false,"ok"
"004f51e0","FUN_004f51e0","Global",248,false,false,"ok"
"004f5340","FUN_004f5340","Global",16,false,false,"ok"
"004f5470","FUN_004f5470","Global",8,false,false,"ok"
"004f5960","FUN_004f5960","Global",8,false,false,"ok"
"004f5a20","FUN_004f5a20","Global",20,false,false,"ok"
"004f5c30","FUN_004f5c30","Global",12,false,false,"ok"
"004f5dd0","FUN_004f5dd0","Global",8,false,false,"ok"
"004f6100","FUN_004f6100","Global",16,false,false,"ok"
"004f6430","FUN_004f6430","Global",24,false,false,"ok"
"004f68a0","FUN_004f68a0","Global",28,false,false,"ok"
"004f6d00","FUN_004f6d00","Global",8,false,false,"ok"
"004f6d10","FUN_004f6d10","Global",12,false,false,"ok"
"004f6db0","FUN_004f6db0","Global",20,false,false,"ok"
"004f7380","FUN_004f7380","Global",148,false,false,"ok"
"004f7430","FUN_004f7430","Global",116,false,false,"ok"
"004f7510","FUN_004f7510","Global",168,false,false,"ok"
"004f75d0","FUN_004f75d0","Global",12,false,false,"ok"
"004f7690","FUN_004f7690","Global",12,false,false,"ok"
"004f7960","FUN_004f7960","Global",8,false,false,"ok"
"004f7ab0","FUN_004f7ab0","Global",88,false,false,"ok"
"004f7b20","FUN_004f7b20","Global",120,false,false,"ok"
"004f7bb0","FUN_004f7bb0","Global",192,false,false,"ok"
"004f7c80","FUN_004f7c80","Global",24,false,false,"ok"
"004f7fc0","FUN_004f7fc0","Global",12,false,false,"ok"
"004f8470","FUN_004f8470","Global",8,false,false,"ok"
"004f8850","FUN_004f8850","Global",88,false,false,"ok"
"004f88c0","FUN_004f88c0","Global",120,false,false,"ok"
"004f8950","FUN_004f8950","Global",192,false,false,"ok"
"004f8a20","FUN_004f8a20","Global",24,false,false,"ok"
"004f8ee0","FUN_004f8ee0","Global",136,false,false,"ok"
"004f8fa0","FUN_004f8fa0","Global",164,false,false,"ok"
"004f9090","FUN_004f9090","Global",64,false,false,"ok"
"004f90e0","FUN_004f90e0","Global",164,false,false,"ok"
"004f9190","FUN_004f9190","Global",20,false,false,"ok"
"004f91c0","FUN_004f91c0","Global",84,false,false,"ok"
"004f9230","FUN_004f9230","Global",116,false,false,"ok"
"004f92c0","FUN_004f92c0","Global",220,false,false,"ok"
"004f93b0","FUN_004f93b0","Global",12,false,false,"ok"
"004f94c0","FUN_004f94c0","Global",12,false,false,"ok"
"004f9560","FUN_004f9560","Global",44,false,false,"ok"
"004f9740","FUN_004f9740","Global",80,false,false,"ok"
"004f98a0","FUN_004f98a0","Global",28,false,false,"ok"
"004f9b50","FUN_004f9b50","Global",60,false,false,"ok"
"004f9ba0","FUN_004f9ba0","Global",28,false,false,"ok"
"004f9ee0","FUN_004f9ee0","Global",16,false,false,"ok"
"004fa060","FUN_004fa060","Global",8,false,false,"ok"
"004fa0c0","FUN_004fa0c0","Global",8,false,false,"ok"
"004fa170","FUN_004fa170","Global",68,false,false,"ok"
"004fa1d0","FUN_004fa1d0","Global",12,false,false,"ok"
"004fa3c0","FUN_004fa3c0","Global",8,false,false,"ok"
"004fa8b0","FUN_004fa8b0","Global",12,false,false,"ok"
"004fa9a0","FUN_004fa9a0","Global",28,false,false,"ok"
"004fabe0","FUN_004fabe0","Global",40,false,false,"ok"
"004fac80","FUN_004fac80","Global",8,false,false,"ok"
"004face0","FUN_004face0","Global",12,false,false,"ok"
"004fadc0","FUN_004fadc0","Global",20,false,false,"ok"
"004faf40","FUN_004faf40","Global",12,false,false,"ok"
"004fb080","FUN_004fb080","Global",12,false,false,"ok"
"004fb130","FUN_004fb130","Global",296,false,false,"ok"
"004fb390","FUN_004fb390","Global",8,false,false,"ok"
"004fb600","FUN_004fb600","Global",60,false,false,"ok"
"004fb650","FUN_004fb650","Global",84,false,false,"ok"
"004fb6b0","FUN_004fb6b0","Global",68,false,false,"ok"
"004fb700","FUN_004fb700","Global",20,false,false,"ok"
"004fba00","FUN_004fba00","Global",68,false,false,"ok"
"004fba50","FUN_004fba50","Global",76,false,false,"ok"
"004fbab0","FUN_004fbab0","Global",8,false,false,"ok"
"004fbc40","FUN_004fbc40","Global",80,false,false,"ok"
"004fbca0","FUN_004fbca0","Global",4,false,false,"ok"
"004fbce0","FUN_004fbce0","Global",48,false,false,"ok"
"004fbd20","FUN_004fbd20","Global",108,false,false,"ok"
"004fbdd0","FUN_004fbdd0","Global",16,false,false,"ok"
"004fbf90","FUN_004fbf90","Global",16,false,false,"ok"
"004fca80","FUN_004fca80","Global",24,false,false,"ok"
"004fcb50","FUN_004fcb50","Global",84,false,false,"ok"
"004fd260","FUN_004fd260","Global",20,false,false,"ok"
"004fd490","FUN_004fd490","Global",28,false,false,"ok"
"004fd7f8","FUN_004fd7f8","Global",4,false,false,"ok"
"004fd9a8","FUN_004fd9a8","Global",60,false,false,"ok"
"004fd9f8","FUN_004fd9f8","Global",24,false,false,"ok"
"004fda18","FUN_004fda18","Global",20,false,false,"ok"
"004fdac0","FUN_004fdac0","Global",4,false,false,"ok"
"004fdb10","FUN_004fdb10","Global",8,false,false,"ok"
"004fdd28","FUN_004fdd28","Global",16,false,false,"ok"
"004fddd0","FUN_004fddd0","Global",4,false,false,"ok"
"004fe038","FUN_004fe038","Global",8,false,false,"ok"
"004fe098","FUN_004fe098","Global",24,false,false,"ok"
"004fe148","FUN_004fe148","Global",16,false,false,"ok"
"004fe1d8","FUN_004fe1d8","Global",8,false,false,"ok"
"004fe288","FUN_004fe288","Global",8,false,false,"ok"
"004fe318","FUN_004fe318","Global",8,false,false,"ok"
"004fe3a8","FUN_004fe3a8","Global",4,false,false,"ok"
"004fe420","FUN_004fe420","Global",12,false,false,"ok"
"004fe508","FUN_004fe508","Global",12,false,false,"ok"
"004fe5f8","FUN_004fe5f8","Global",32,false,false,"ok"
"004fe630","FUN_004fe630","Global",12,false,false,"ok"
"004fe7c8","FUN_004fe7c8","Global",96,false,false,"ok"
"004fea70","FUN_004fea70","Global",8,false,false,"ok"
"004fed30","FUN_004fed30","Global",12,false,false,"ok"
"004fee28","FUN_004fee28","Global",8,false,false,"ok"
"004ff038","FUN_004ff038","Global",16,false,false,"ok"
"004ff298","FUN_004ff298","Global",36,false,false,"ok"
"004ff5c0","FUN_004ff5c0","Global",36,false,false,"ok"
"004ff760","FUN_004ff760","Global",28,false,false,"ok"
"004ff7e8","FUN_004ff7e8","Global",8,false,false,"ok"
"004ff848","FUN_004ff848","Global",1,false,false,"ok"
"004ff860","FUN_004ff860","Global",36,false,false,"ok"
"004ff900","FUN_004ff900","Global",24,false,false,"ok"
"004ff9f0","FUN_004ff9f0","Global",64,false,false,"ok"
"004ffab0","FUN_004ffab0","Global",16,false,false,"ok"
"004ffb90","FUN_004ffb90","Global",16,false,false,"ok"
"004ffc70","FUN_004ffc70","Global",16,false,false,"ok"
"004ffd50","FUN_004ffd50","Global",104,false,false,"ok"
"004ffdc8","FUN_004ffdc8","Global",36,false,false,"ok"
"004ffe00","FUN_004ffe00","Global",32,false,false,"ok"
"004fff08","FUN_004fff08","Global",16,false,false,"ok"
"00500038","FUN_00500038","Global",32,false,false,"ok"
"00500230","FUN_00500230","Global",52,false,false,"ok"
"005002d8","FUN_005002d8","Global",48,false,false,"ok"
"00500358","FUN_00500358","Global",64,false,false,"ok"
"005003d0","FUN_005003d0","Global",20,false,false,"ok"
"00500400","FUN_00500400","Global",8,false,false,"ok"
"00500cf0","FUN_00500cf0","Global",148,false,false,"ok"
"00500da0","FUN_00500da0","Global",40,false,false,"ok"
"00500dd0","FUN_00500dd0","Global",8,false,false,"ok"
"005010b0","FUN_005010b0","Global",16,false,false,"ok"
"00501550","FUN_00501550","Global",68,false,false,"ok"
"005015a0","FUN_005015a0","Global",36,false,false,"ok"
"005015f0","FUN_005015f0","Global",16,false,false,"ok"
"00501ab0","FUN_00501ab0","Global",68,false,false,"ok"
"00501b00","FUN_00501b00","Global",8,false,false,"ok"
"00501b80","FUN_00501b80","Global",20,false,false,"ok"
"00501c10","FUN_00501c10","Global",28,false,false,"ok"
"00501c40","FUN_00501c40","Global",72,false,false,"ok"
"00501d00","FUN_00501d00","Global",8,false,false,"ok"
"00501dd0","FUN_00501dd0","Global",96,false,false,"ok"
"00501e50","FUN_00501e50","Global",16,false,false,"ok"
"00504bf0","FUN_00504bf0","Global",8,false,false,"ok"
"00506b60","FUN_00506b60","Global",168,false,false,"ok"
"00506c20","FUN_00506c20","Global",32,false,false,"ok"
"00506dc0","FUN_00506dc0","Global",40,false,false,"ok"
"005072a0","FUN_005072a0","Global",364,false,false,"ok"
"00507450","FUN_00507450","Global",20,false,false,"ok"
"00507480","FUN_00507480","Global",20,false,false,"ok"
"005074b0","FUN_005074b0","Global",8,false,false,"ok"
"00508360","FUN_00508360","Global",280,false,false,"ok"
"005084d0","FUN_005084d0","Global",156,false,false,"ok"
"005085f0","FUN_005085f0","Global",100,false,false,"ok"
"00508780","FUN_00508780","Global",100,false,false,"ok"
"00508800","FUN_00508800","Global",388,false,false,"ok"
"005089b0","FUN_005089b0","Global",84,false,false,"ok"
"00508a20","FUN_00508a20","Global",16,false,false,"ok"
"00508ac0","FUN_00508ac0","Global",16,false,false,"ok"
"00508c30","FUN_00508c30","Global",220,false,false,"ok"
"00508d30","FUN_00508d30","Global",84,false,false,"ok"
"00508da0","FUN_00508da0","Global",56,false,false,"ok"
"00508df0","FUN_00508df0","Global",16,false,false,"ok"
"00508eb0","FUN_00508eb0","Global",8,false,false,"ok"
"00508f20","FUN_00508f20","Global",8,false,false,"ok"
"00508fd0","FUN_00508fd0","Global",16,false,false,"ok"
"00509080","FUN_00509080","Global",12,false,false,"ok"
"00509140","FUN_00509140","Global",80,false,false,"ok"
"005091a0","FUN_005091a0","Global",172,false,false,"ok"
"00509260","FUN_00509260","Global",80,false,false,"ok"
"005092c0","FUN_005092c0","Global",172,false,false,"ok"
"00509480","FUN_00509480","Global",252,false,false,"ok"
"005095e0","FUN_005095e0","Global",148,false,false,"ok"
"00509680","FUN_00509680","Global",272,false,false,"ok"
"005097a0","FUN_005097a0","Global",1,false,false,"ok"
"00509850","FUN_00509850","Global",12,false,false,"ok"
"00509960","FUN_00509960","Global",108,false,false,"ok"
"00509a30","FUN_00509a30","Global",16,false,false,"ok"
"00509b70","FUN_00509b70","Global",32,false,false,"ok"
"00509da0","FUN_00509da0","Global",1,false,false,"ok"
"00509db0","FUN_00509db0","Global",144,false,false,"ok"
"00509e50","FUN_00509e50","Global",24,false,false,"ok"
"0050a0d0","FUN_0050a0d0","Global",8,false,false,"ok"
"0050b4a0","FUN_0050b4a0","Global",132,false,false,"ok"
"0050b540","FUN_0050b540","Global",8,false,false,"ok"
"0050b890","FUN_0050b890","Global",32,false,false,"ok"
"0050b8d0","FUN_0050b8d0","Global",12,false,false,"ok"
"0050bbe0","FUN_0050bbe0","Global",100,false,false,"ok"
"0050bc60","FUN_0050bc60","Global",12,false,false,"ok"
"0050bdb0","FUN_0050bdb0","Global",12,false,false,"ok"
"0050c190","FUN_0050c190","Global",140,false,false,"ok"
"0050c270","FUN_0050c270","Global",108,false,false,"ok"
"0050c300","FUN_0050c300","Global",8,false,false,"ok"
"0050c390","FUN_0050c390","Global",68,false,false,"ok"
"0050c3e0","FUN_0050c3e0","Global",124,false,false,"ok"
"0050c470","FUN_0050c470","Global",12,false,false,"ok"
"0050cdf0","FUN_0050cdf0","Global",8,false,false,"ok"
"0050d2b0","FUN_0050d2b0","Global",8,false,false,"ok"
"0050d350","FUN_0050d350","Global",20,false,false,"ok"
"0050d4b0","FUN_0050d4b0","Global",28,false,false,"ok"
"0050d590","FUN_0050d590","Global",36,false,false,"ok"
"0050daa0","FUN_0050daa0","Global",24,false,false,"ok"
"0050de90","FUN_0050de90","Global",52,false,false,"ok"
"0050df20","FUN_0050df20","Global",92,false,false,"ok"
"0050e020","FUN_0050e020","Global",316,false,false,"ok"
"0050e240","FUN_0050e240","Global",80,false,false,"ok"
"0050e2b0","FUN_0050e2b0","Global",8,false,false,"ok"
"0050e3b0","FUN_0050e3b0","Global",64,false,false,"ok"
"0050e400","FUN_0050e400","Global",44,false,false,"ok"
"0050e440","FUN_0050e440","Global",16,false,false,"ok"
"0050ea10","FUN_0050ea10","Global",12,false,false,"ok"
"0050ec00","FUN_0050ec00","Global",72,false,false,"ok"
"0050ec50","FUN_0050ec50","Global",148,false,false,"ok"
"0050ed00","FUN_0050ed00","Global",24,false,false,"ok"
"0050ed20","FUN_0050ed20","Global",168,false,false,"ok"
"0050ef80","FUN_0050ef80","Global",168,false,false,"ok"
"0050f050","FUN_0050f050","Global",36,false,false,"ok"
"0050f0a0","FUN_0050f0a0","Global",36,false,false,"ok"
"0050f0f0","FUN_0050f0f0","Global",32,false,false,"ok"
"0050f140","FUN_0050f140","Global",80,false,false,"ok"
"0050f230","FUN_0050f230","Global",12,false,false,"ok"
"0050fba0","FUN_0050fba0","Global",8,false,false,"ok"
"005102a0","FUN_005102a0","Global",12,false,false,"ok"
"00510530","FUN_00510530","Global",24,false,false,"ok"
"00510950","FUN_00510950","Global",148,false,false,"ok"
"00510a30","FUN_00510a30","Global",24,false,false,"ok"
"00510a60","FUN_00510a60","Global",72,false,false,"ok"
"00510ac0","FUN_00510ac0","Global",12,false,false,"ok"
"00510c90","FUN_00510c90","Global",36,false,false,"ok"
"00511430","FUN_00511430","Global",24,false,false,"ok"
"00511cc0","FUN_00511cc0","Global",68,false,false,"ok"
"00511d20","FUN_00511d20","Global",20,false,false,"ok"
"00511d50","FUN_00511d50","Global",8,false,false,"ok"
"00511dc0","FUN_00511dc0","Global",16,false,false,"ok"
"00511ec0","FUN_00511ec0","Global",20,false,false,"ok"
"00511f60","FUN_00511f60","Global",28,false,false,"ok"
"00512220","FUN_00512220","Global",92,false,false,"ok"
"005122c0","FUN_005122c0","Global",112,false,false,"ok"
"00512340","FUN_00512340","Global",28,false,false,"ok"
"00512a40","FUN_00512a40","Global",448,false,false,"ok"
"00512c10","FUN_00512c10","Global",12,false,false,"ok"
"00512ed0","FUN_00512ed0","Global",692,false,false,"ok"
"00513190","FUN_00513190","Global",224,false,false,"ok"
"00513280","FUN_00513280","Global",184,false,false,"ok"
"00513350","FUN_00513350","Global",224,false,false,"ok"
"00513440","FUN_00513440","Global",24,false,false,"ok"
"005138b0","FUN_005138b0","Global",64,false,false,"ok"
"00513900","FUN_00513900","Global",24,false,false,"ok"
"005139e0","FUN_005139e0","Global",1440,false,false,"ok"
"00513fa0","FUN_00513fa0","Global",16,false,false,"ok"
"00514300","FUN_00514300","Global",164,false,false,"ok"
"00516640","FUN_00516640","Global",196,false,false,"ok"
"00516710","FUN_00516710","Global",20,false,false,"ok"
"00516a60","FUN_00516a60","Global",52,false,false,"ok"
"00516aa0","FUN_00516aa0","Global",20,false,false,"ok"
"005170e0","FUN_005170e0","Global",56,false,false,"ok"
"00517210","FUN_00517210","Global",52,false,false,"ok"
"00517250","FUN_00517250","Global",52,false,false,"ok"
"00517290","FUN_00517290","Global",20,false,false,"ok"
"00517570","FUN_00517570","Global",8,false,false,"ok"
"00518280","FUN_00518280","Global",16,false,false,"ok"
"00518da0","FUN_00518da0","Global",668,false,false,"ok"
"00519050","FUN_00519050","Global",596,false,false,"ok"
"005192c0","FUN_005192c0","Global",28,false,false,"ok"
"00519940","FUN_00519940","Global",28,false,false,"ok"
"0051a440","FUN_0051a440","Global",32,false,false,"ok"
"0051a470","FUN_0051a470","Global",24,false,false,"ok"
"0051a490","FUN_0051a490","Global",60,false,false,"ok"
"0051a4e0","FUN_0051a4e0","Global",16,false,false,"ok"
"0051a760","FUN_0051a760","Global",8,false,false,"ok"
"0051afd0","FUN_0051afd0","Global",16,false,false,"ok"
"0051b390","FUN_0051b390","Global",12,false,false,"ok"
"0051bb00","FUN_0051bb00","Global",16,false,false,"ok"
"0051cac0","FUN_0051cac0","Global",80,false,false,"ok"
"0051cb20","FUN_0051cb20","Global",48,false,false,"ok"
"0051cb58","FUN_0051cb58","Global",92,false,false,"ok"
"0051cbc0","FUN_0051cbc0","Global",88,false,false,"ok"
"0051cc60","FUN_0051cc60","Global",208,false,false,"ok"
"0051ce88","FUN_0051ce88","Global",124,false,false,"ok"
"0051cf70","FUN_0051cf70","Global",64,false,false,"ok"
"0051d010","FUN_0051d010","Global",116,false,false,"ok"
"0051d090","FUN_0051d090","Global",76,false,false,"ok"
"0051d0e8","FUN_0051d0e8","Global",108,false,false,"ok"
"0051d160","FUN_0051d160","Global",416,false,false,"ok"
"0051d460","FUN_0051d460","Global",20,false,false,"ok"
"0051d480","FUN_0051d480","Global",208,false,false,"ok"
"0051d5d8","FUN_0051d5d8","Global",92,false,false,"ok"
"0051d670","FUN_0051d670","Global",152,false,false,"ok"
"0051d710","FUN_0051d710","Global",100,false,false,"ok"
"0051d780","FUN_0051d780","Global",208,false,false,"ok"
"0051d988","FUN_0051d988","Global",252,false,false,"ok"
"0051dc70","FUN_0051dc70","Global",324,false,false,"ok"
"0051de88","FUN_0051de88","Global",300,false,false,"ok"
"0051e0a8","FUN_0051e0a8","Global",136,false,false,"ok"
"0051e158","FUN_0051e158","Global",112,false,false,"ok"
"0051e210","FUN_0051e210","Global",48,false,false,"ok"
"0051e2e8","FUN_0051e2e8","Global",116,false,false,"ok"
"0051e3b8","FUN_0051e3b8","Global",104,false,false,"ok"
"0051e470","FUN_0051e470","Global",40,false,false,"ok"
"0051e540","FUN_0051e540","Global",28,false,false,"ok"
"0051e568","FUN_0051e568","Global",104,false,false,"ok"
"0051e630","FUN_0051e630","Global",20,false,false,"ok"
"0051e650","FUN_0051e650","Global",16,false,false,"ok"
"0051e930","FUN_0051e930","Global",148,false,false,"ok"
"0051ebd0","FUN_0051ebd0","Global",12,false,false,"ok"
"0051fc80","FUN_0051fc80","Global",232,false,false,"ok"
"0051fd80","FUN_0051fd80","Global",4,false,false,"ok"
"0051fd90","FUN_0051fd90","Global",148,false,false,"ok"
"0051fe30","FUN_0051fe30","Global",12,false,false,"ok"
"0051ff10","FUN_0051ff10","Global",24,false,false,"ok"
"00520240","FUN_00520240","Global",20,false,false,"ok"
"005216f0","FUN_005216f0","Global",16,false,false,"ok"
"00522390","FUN_00522390","Global",20,false,false,"ok"
"00522530","FUN_00522530","Global",8,false,false,"ok"
"00522730","FUN_00522730","Global",8,false,false,"ok"
"00522800","FUN_00522800","Global",12,false,false,"ok"
"005229d0","FUN_005229d0","Global",28,false,false,"ok"
"00522a00","FUN_00522a00","Global",208,false,false,"ok"
"00522b70","FUN_00522b70","Global",124,false,false,"ok"
"00522c00","FUN_00522c00","Global",160,false,false,"ok"
"00522cc0","FUN_00522cc0","Global",48,false,false,"ok"
"00522d00","FUN_00522d00","Global",16,false,false,"ok"
"00523080","FUN_00523080","Global",40,false,false,"ok"
"00523140","FUN_00523140","Global",16,false,false,"ok"
"005231e0","FUN_005231e0","Global",12,false,false,"ok"
"005234a0","FUN_005234a0","Global",12,false,false,"ok"
"00523830","FUN_00523830","Global",116,false,false,"ok"
"005239e0","FUN_005239e0","Global",24,false,false,"ok"
"00523b80","FUN_00523b80","Global",52,false,false,"ok"
"00523c80","FUN_00523c80","Global",60,false,false,"ok"
"00523cd0","FUN_00523cd0","Global",28,false,false,"ok"
"00523d70","FUN_00523d70","Global",60,false,false,"ok"
"00523e50","FUN_00523e50","Global",20,false,false,"ok"
"00523f30","FUN_00523f30","Global",16,false,false,"ok"
"00523fd0","FUN_00523fd0","Global",8,false,false,"ok"
"00525f00","FUN_00525f00","Global",12,false,false,"ok"
"00527c50","FUN_00527c50","Global",16,false,false,"ok"
"00529f30","FUN_00529f30","Global",8,false,false,"ok"
"0052a200","FUN_0052a200","Global",20,false,false,"ok"
"0052a450","FUN_0052a450","Global",20,false,false,"ok"
"0052a480","FUN_0052a480","Global",16,false,false,"ok"
"0052af30","FUN_0052af30","Global",12,false,false,"ok"
"0052b390","FUN_0052b390","Global",152,false,false,"ok"
"0052b440","FUN_0052b440","Global",32,false,false,"ok"
"0052b470","FUN_0052b470","Global",40,false,false,"ok"
"0052b4a0","FUN_0052b4a0","Global",20,false,false,"ok"
"0052b6f0","FUN_0052b6f0","Global",20,false,false,"ok"
"0052b720","FUN_0052b720","Global",16,false,false,"ok"
"0052c1a0","FUN_0052c1a0","Global",12,false,false,"ok"
"0052c600","FUN_0052c600","Global",152,false,false,"ok"
"0052c6b0","FUN_0052c6b0","Global",32,false,false,"ok"
"0052c6e0","FUN_0052c6e0","Global",40,false,false,"ok"
"0052c710","FUN_0052c710","Global",72,false,false,"ok"
"0052c770","FUN_0052c770","Global",16,false,false,"ok"
"0052cb30","FUN_0052cb30","Global",56,false,false,"ok"
"0052cbe0","FUN_0052cbe0","Global",260,false,false,"ok"
"0052cd80","FUN_0052cd80","Global",88,false,false,"ok"
"0052cdf0","FUN_0052cdf0","Global",224,false,false,"ok"
"0052d2d0","FUN_0052d2d0","Global",24,false,false,"ok"
"0052d580","FUN_0052d580","Global",88,false,false,"ok"
"0052d5f0","FUN_0052d5f0","Global",8,false,false,"ok"
"0052ea10","FUN_0052ea10","Global",16,false,false,"ok"
"0052f0e0","FUN_0052f0e0","Global",28,false,false,"ok"
"0052f260","FUN_0052f260","Global",12,false,false,"ok"
"0052f800","FUN_0052f800","Global",32,false,false,"ok"
"0052fb18","FUN_0052fb18","Global",108,false,false,"ok"
"005308b8","FUN_005308b8","Global",288,false,false,"ok"
"00530e38","FUN_00530e38","Global",572,false,false,"ok"
"005313a0","FUN_005313a0","Global",160,false,false,"ok"
"00531448","FUN_00531448","Global",224,false,false,"ok"
"00531530","FUN_00531530","Global",272,false,false,"ok"
"00531648","FUN_00531648","Global",44,false,false,"ok"
"005316c0","FUN_005316c0","Global",284,false,false,"ok"
"005317e8","FUN_005317e8","Global",120,false,false,"ok"
"005318a0","FUN_005318a0","Global",72,false,false,"ok"
"00531900","FUN_00531900","Global",36,false,false,"ok"
"00531930","FUN_00531930","Global",52,false,false,"ok"
"00531970","FUN_00531970","Global",80,false,false,"ok"
"005319f0","FUN_005319f0","Global",132,false,false,"ok"
"00531ac8","FUN_00531ac8","Global",48,false,false,"ok"
"00531b88","FUN_00531b88","Global",184,false,false,"ok"
"00531de8","FUN_00531de8","Global",72,false,false,"ok"
"00531e40","FUN_00531e40","Global",84,false,false,"ok"
"00531ea8","FUN_00531ea8","Global",128,false,false,"ok"
"00532130","FUN_00532130","Global",128,false,false,"ok"
"00532270","FUN_00532270","Global",24,false,false,"ok"
"00532390","FUN_00532390","Global",68,false,false,"ok"
"005323e0","FUN_005323e0","Global",168,false,false,"ok"
"00532498","FUN_00532498","Global",140,false,false,"ok"
"00532538","FUN_00532538","Global",32,false,false,"ok"
"00532568","FUN_00532568","Global",68,false,false,"ok"
"005325c0","FUN_005325c0","Global",148,false,false,"ok"
"00532660","FUN_00532660","Global",68,false,false,"ok"
"005327a0","FUN_005327a0","Global",52,false,false,"ok"
"005327e8","FUN_005327e8","Global",136,false,false,"ok"
"005328c8","FUN_005328c8","Global",72,false,false,"ok"
"00532950","FUN_00532950","Global",152,false,false,"ok"
"00532a68","FUN_00532a68","Global",160,false,false,"ok"
"00532d08","FUN_00532d08","Global",8,false,false,"ok"
"00532db8","FUN_00532db8","Global",36,false,false,"ok"
"00532e70","FUN_00532e70","Global",36,false,false,"ok"
"00532f70","FUN_00532f70","Global",36,false,false,"ok"
"00533418","FUN_00533418","Global",104,false,false,"ok"
"005334d0","FUN_005334d0","Global",176,false,false,"ok"
"00533590","FUN_00533590","Global",140,false,false,"ok"
"00533720","FUN_00533720","Global",100,false,false,"ok"
"005338e0","FUN_005338e0","Global",72,false,false,"ok"
"005339b0","FUN_005339b0","Global",72,false,false,"ok"
"00533a18","FUN_00533a18","Global",76,false,false,"ok"
"00533a80","FUN_00533a80","Global",72,false,false,"ok"
"00533ae8","FUN_00533ae8","Global",76,false,false,"ok"
"00533b50","FUN_00533b50","Global",260,false,false,"ok"
"00533c78","FUN_00533c78","Global",104,false,false,"ok"
"00533ce8","FUN_00533ce8","Global",56,false,false,"ok"
"00533d28","FUN_00533d28","Global",16,false,false,"ok"
"00533da8","FUN_00533da8","Global",44,false,false,"ok"
"00533de8","FUN_00533de8","Global",44,false,false,"ok"
"00533e28","FUN_00533e28","Global",44,false,false,"ok"
"00533e78","FUN_00533e78","Global",44,false,false,"ok"
"00533ee0","FUN_00533ee0","Global",44,false,false,"ok"
"00533f48","FUN_00533f48","Global",44,false,false,"ok"
"00533fb0","FUN_00533fb0","Global",8,false,false,"ok"
"00533fe0","FUN_00533fe0","Global",24,false,false,"ok"
"00534000","FUN_00534000","Global",96,false,false,"ok"
"00534068","FUN_00534068","Global",96,false,false,"ok"
"00534288","FUN_00534288","Global",36,false,false,"ok"
"00534368","FUN_00534368","Global",144,false,false,"ok"
"00534590","FUN_00534590","Global",60,false,false,"ok"
"005346b8","FUN_005346b8","Global",148,false,false,"ok"
"00534778","FUN_00534778","Global",244,false,false,"ok"
"005348a0","FUN_005348a0","Global",44,false,false,"ok"
"005348d8","FUN_005348d8","Global",144,false,false,"ok"
"00534998","FUN_00534998","Global",180,false,false,"ok"
"00534b28","FUN_00534b28","Global",232,false,false,"ok"
"00534c40","FUN_00534c40","Global",332,false,false,"ok"
"00534db8","FUN_00534db8","Global",184,false,false,"ok"
"00535058","FUN_00535058","Global",68,false,false,"ok"
"005350c8","FUN_005350c8","Global",280,false,false,"ok"
"00535218","FUN_00535218","Global",88,false,false,"ok"
"005353e8","FUN_005353e8","Global",160,false,false,"ok"
"005354b8","FUN_005354b8","Global",232,false,false,"ok"
"005355d8","FUN_005355d8","Global",144,false,false,"ok"
"00535698","FUN_00535698","Global",408,false,false,"ok"
"00535868","FUN_00535868","Global",296,false,false,"ok"
"005359c8","FUN_005359c8","Global",160,false,false,"ok"
"00535a98","FUN_00535a98","Global",216,false,false,"ok"
"00535ba8","FUN_00535ba8","Global",1344,false,false,"ok"
"005362d0","FUN_005362d0","Global",140,false,false,"ok"
"00536610","FUN_00536610","Global",496,false,false,"ok"
"00536bc8","FUN_00536bc8","Global",660,false,false,"ok"
"00536ee8","FUN_00536ee8","Global",1044,false,false,"ok"
"00537310","FUN_00537310","Global",620,false,false,"ok"
"005376b0","FUN_005376b0","Global",308,false,false,"ok"
"00537c58","FUN_00537c58","Global",220,false,false,"ok"
"00538438","FUN_00538438","Global",344,false,false,"ok"
"005387e8","FUN_005387e8","Global",120,false,false,"ok"
"005388b8","FUN_005388b8","Global",372,false,false,"ok"
"005396e0","FUN_005396e0","Global",556,false,false,"ok"
"00539918","FUN_00539918","Global",328,false,false,"ok"
"0053a2d0","FUN_0053a2d0","Global",48,false,false,"ok"
"0053a3d8","FUN_0053a3d8","Global",80,false,false,"ok"
"0053a660","FUN_0053a660","Global",1096,false,false,"ok"
"0053ab28","FUN_0053ab28","Global",60,false,false,"ok"
"0053ab70","FUN_0053ab70","Global",176,false,false,"ok"
"0053ac98","FUN_0053ac98","Global",44,false,false,"ok"
"0053acd0","FUN_0053acd0","Global",320,false,false,"ok"
"0053af70","FUN_0053af70","Global",248,false,false,"ok"
"0053b158","FUN_0053b158","Global",152,false,false,"ok"
"0053b290","FUN_0053b290","Global",536,false,false,"ok"
"0053b520","FUN_0053b520","Global",40,false,false,"ok"
"0053b5f8","FUN_0053b5f8","Global",52,false,false,"ok"
"0053b638","FUN_0053b638","Global",124,false,false,"ok"
"0053b710","FUN_0053b710","Global",32,false,false,"ok"
"0053b738","FUN_0053b738","Global",40,false,false,"ok"
"0053b968","FUN_0053b968","Global",116,false,false,"ok"
"0053ba50","FUN_0053ba50","Global",112,false,false,"ok"
"0053bac8","FUN_0053bac8","Global",20,false,false,"ok"
"0053bb28","FUN_0053bb28","Global",20,false,false,"ok"
"0053bb58","FUN_0053bb58","Global",20,false,false,"ok"
"0053bbc0","FUN_0053bbc0","Global",8,false,false,"ok"
"0053bbe0","FUN_0053bbe0","Global",8,false,false,"ok"
"0053bc50","FUN_0053bc50","Global",8,false,false,"ok"
"0053bca0","FUN_0053bca0","Global",8,false,false,"ok"
"0053bcd0","FUN_0053bcd0","Global",8,false,false,"ok"
"0053bce0","FUN_0053bce0","Global",8,false,false,"ok"
"0053bcf0","FUN_0053bcf0","Global",8,false,false,"ok"
"0053bd00","FUN_0053bd00","Global",8,false,false,"ok"
"0053bd10","FUN_0053bd10","Global",8,false,false,"ok"
"0053bd40","FUN_0053bd40","Global",8,false,false,"ok"
"0053bd50","FUN_0053bd50","Global",8,false,false,"ok"
"0053bd60","FUN_0053bd60","Global",8,false,false,"ok"
"0053bd70","FUN_0053bd70","Global",8,false,false,"ok"
"0053bda0","FUN_0053bda0","Global",8,false,false,"ok"
"0053bdb0","FUN_0053bdb0","Global",8,false,false,"ok"
"0053bde0","FUN_0053bde0","Global",8,false,false,"ok"
"0053be30","FUN_0053be30","Global",8,false,false,"ok"
"0053be50","FUN_0053be50","Global",8,false,false,"ok"
"0053be90","FUN_0053be90","Global",8,false,false,"ok"
"0053bea0","FUN_0053bea0","Global",8,false,false,"ok"
"0053bec0","FUN_0053bec0","Global",8,false,false,"ok"
"0053bed0","FUN_0053bed0","Global",8,false,false,"ok"
"0053bee0","FUN_0053bee0","Global",8,false,false,"ok"
"0053bf10","FUN_0053bf10","Global",8,false,false,"ok"
"0053bf20","FUN_0053bf20","Global",8,false,false,"ok"
"0053bf80","FUN_0053bf80","Global",8,false,false,"ok"
"0053bfa0","FUN_0053bfa0","Global",8,false,false,"ok"
"0053bfb0","FUN_0053bfb0","Global",8,false,false,"ok"
"0053bfc0","FUN_0053bfc0","Global",8,false,false,"ok"
"0053bfd0","FUN_0053bfd0","Global",8,false,false,"ok"
"0053bfe0","FUN_0053bfe0","Global",8,false,false,"ok"
"0053bff0","FUN_0053bff0","Global",8,false,false,"ok"
"0053c050","FUN_0053c050","Global",8,false,false,"ok"
"0053c220","FUN_0053c220","Global",8,false,false,"ok"
"0053c270","FUN_0053c270","Global",8,false,false,"ok"
"0053c2b0","FUN_0053c2b0","Global",8,false,false,"ok"
"0053c2c0","FUN_0053c2c0","Global",8,false,false,"ok"
"0053c2e0","FUN_0053c2e0","Global",8,false,false,"ok"
"0053c310","FUN_0053c310","Global",8,false,false,"ok"
"0053c340","FUN_0053c340","Global",8,false,false,"ok"
"0053c360","FUN_0053c360","Global",8,false,false,"ok"
"0053c370","FUN_0053c370","Global",8,false,false,"ok"
"0053c3a0","FUN_0053c3a0","Global",8,false,false,"ok"
"0053c3b0","FUN_0053c3b0","Global",8,false,false,"ok"
"0053c3c0","FUN_0053c3c0","Global",8,false,false,"ok"
"0053c3d0","FUN_0053c3d0","Global",8,false,false,"ok"
"0053c400","FUN_0053c400","Global",8,false,false,"ok"
"0053c410","FUN_0053c410","Global",8,false,false,"ok"
"0053c420","FUN_0053c420","Global",4,false,false,"ok"
"0053c430","FUN_0053c430","Global",132,false,false,"ok"
"0053c4c0","FUN_0053c4c0","Global",152,false,false,"ok"
"0053c568","FUN_0053c568","Global",116,false,false,"ok"
"0053c5e8","FUN_0053c5e8","Global",108,false,false,"ok"
"0053c660","FUN_0053c660","Global",16,false,false,"ok"
"0053c688","FUN_0053c688","Global",1,false,false,"ok"
"0053c698","FUN_0053c698","Global",1,false,false,"ok"
"0053c6a0","FUN_0053c6a0","Global",96,false,false,"ok"
"0053c750","FUN_0053c750","Global",1,false,false,"ok"
"0053c758","FUN_0053c758","Global",12,false,false,"ok"
"0053c778","FUN_0053c778","Global",32,false,false,"ok"
"0053c7a0","FUN_0053c7a0","Global",16,false,false,"ok"
"0053c7c8","FUN_0053c7c8","Global",16,false,false,"ok"
"0053c7f0","FUN_0053c7f0","Global",20,false,false,"ok"
"0053c898","FUN_0053c898","Global",116,false,false,"ok"
"0053c930","FUN_0053c930","Global",20,false,false,"ok"
"0053c9d8","FUN_0053c9d8","Global",116,false,false,"ok"
"0053ca70","FUN_0053ca70","Global",8,false,false,"ok"
"0053ca80","FUN_0053ca80","Global",92,false,false,"ok"
"0053cae8","FUN_0053cae8","Global",92,false,false,"ok"
"0053cb50","FUN_0053cb50","Global",92,false,false,"ok"
"0053cbb8","FUN_0053cbb8","Global",92,false,false,"ok"
"0053cc20","FUN_0053cc20","Global",24,false,false,"ok"
"0053cc40","FUN_0053cc40","Global",24,false,false,"ok"
"0053cc60","FUN_0053cc60","Global",24,false,false,"ok"
"0053cc80","FUN_0053cc80","Global",24,false,false,"ok"
"0053cca0","FUN_0053cca0","Global",216,false,false,"ok"
"0053cd78","FUN_0053cd78","Global",92,false,false,"ok"
"0053ce68","FUN_0053ce68","Global",136,false,false,"ok"
"0053cf00","FUN_0053cf00","Global",112,false,false,"ok"
"0053cf80","FUN_0053cf80","Global",140,false,false,"ok"
"0053d018","FUN_0053d018","Global",32,false,false,"ok"
"0053d0e0","FUN_0053d0e0","Global",148,false,false,"ok"
"0053d258","FUN_0053d258","Global",16,false,false,"ok"
"0053d280","FUN_0053d280","Global",56,false,false,"ok"
"0053d2c8","FUN_0053d2c8","Global",24,false,false,"ok"
"0053d320","FUN_0053d320","Global",24,false,false,"ok"
"0053d348","FUN_0053d348","Global",36,false,false,"ok"
"0053d378","FUN_0053d378","Global",24,false,false,"ok"
"0053d3a0","FUN_0053d3a0","Global",40,false,false,"ok"
"0053d3d8","FUN_0053d3d8","Global",40,false,false,"ok"
"0053d440","FUN_0053d440","Global",24,false,false,"ok"
"0053d468","FUN_0053d468","Global",24,false,false,"ok"
"0053d490","FUN_0053d490","Global",24,false,false,"ok"
"0053d4b8","FUN_0053d4b8","Global",28,false,false,"ok"
"0053d520","FUN_0053d520","Global",52,false,false,"ok"
"0053d560","FUN_0053d560","Global",144,false,false,"ok"
"0053d6f8","FUN_0053d6f8","Global",164,false,false,"ok"
"0053d870","FUN_0053d870","Global",200,false,false,"ok"
"0053d940","FUN_0053d940","Global",180,false,false,"ok"
"0053da00","FUN_0053da00","Global",48,false,false,"ok"
"0053da38","FUN_0053da38","Global",168,false,false,"ok"
"0053dae8","FUN_0053dae8","Global",52,false,false,"ok"
"0053db20","FUN_0053db20","Global",100,false,false,"ok"
"0053dbb0","FUN_0053dbb0","Global",460,false,false,"ok"
"0053dd88","FUN_0053dd88","Global",376,false,false,"ok"
"0053eaf8","FUN_0053eaf8","Global",32,false,false,"ok"
"0053eb20","FUN_0053eb20","Global",32,false,false,"ok"
"0053eb48","FUN_0053eb48","Global",44,false,false,"ok"
"0053eb98","FUN_0053eb98","Global",44,false,false,"ok"
"0053ebd0","FUN_0053ebd0","Global",60,false,false,"ok"
"0053ec18","FUN_0053ec18","Global",72,false,false,"ok"
"0053ec88","FUN_0053ec88","Global",92,false,false,"ok"
"0053ed08","FUN_0053ed08","Global",92,false,false,"ok"
"0053ee00","FUN_0053ee00","Global",308,false,false,"ok"
"0053f080","FUN_0053f080","Global",44,false,false,"ok"
"0053f0e8","FUN_0053f0e8","Global",112,false,false,"ok"
"0053f1b0","FUN_0053f1b0","Global",300,false,false,"ok"
"0053f2e8","FUN_0053f2e8","Global",52,false,false,"ok"
"0053f328","FUN_0053f328","Global",52,false,false,"ok"
"0053f368","FUN_0053f368","Global",72,false,false,"ok"
"0053f4b0","FUN_0053f4b0","Global",68,false,false,"ok"
"0053f560","FUN_0053f560","Global",72,false,false,"ok"
"0053f700","FUN_0053f700","Global",28,false,false,"ok"
"0053f728","FUN_0053f728","Global",64,false,false,"ok"
"0053f7d0","FUN_0053f7d0","Global",20,false,false,"ok"
"0053f7f0","FUN_0053f7f0","Global",8,false,false,"ok"
"0053f820","FUN_0053f820","Global",36,false,false,"ok"
"0053f860","FUN_0053f860","Global",128,false,false,"ok"
"0053f930","FUN_0053f930","Global",48,false,false,"ok"
"0053f970","FUN_0053f970","Global",200,false,false,"ok"
"0053fa40","FUN_0053fa40","Global",232,false,false,"ok"
"0053fba8","FUN_0053fba8","Global",16,false,false,"ok"
"0053fbf8","FUN_0053fbf8","Global",48,false,false,"ok"
"0053fc38","FUN_0053fc38","Global",80,false,false,"ok"
"0053fd08","FUN_0053fd08","Global",208,false,false,"ok"
"0053fee8","FUN_0053fee8","Global",388,false,false,"ok"
"005400e8","FUN_005400e8","Global",44,false,false,"ok"
"00540128","FUN_00540128","Global",104,false,false,"ok"
"00540290","FUN_00540290","Global",76,false,false,"ok"
"00540328","FUN_00540328","Global",76,false,false,"ok"
"005403b8","FUN_005403b8","Global",28,false,false,"ok"
"00540410","FUN_00540410","Global",60,false,false,"ok"
"005405d8","FUN_005405d8","Global",60,false,false,"ok"
"00540618","FUN_00540618","Global",68,false,false,"ok"
"00540688","FUN_00540688","Global",84,false,false,"ok"
"00540708","FUN_00540708","Global",72,false,false,"ok"
"00540790","FUN_00540790","Global",128,false,false,"ok"
"00540880","FUN_00540880","Global",76,false,false,"ok"
"005408f0","FUN_005408f0","Global",68,false,false,"ok"
"00540ca8","FUN_00540ca8","Global",68,false,false,"ok"
"00540d00","FUN_00540d00","Global",36,false,false,"ok"
"00540d30","FUN_00540d30","Global",12,false,false,"ok"
"00540de0","FUN_00540de0","Global",48,false,false,"ok"
"00540e28","FUN_00540e28","Global",152,false,false,"ok"
"00541030","FUN_00541030","Global",132,false,false,"ok"
"005410c0","FUN_005410c0","Global",36,false,false,"ok"
"005410f8","FUN_005410f8","Global",36,false,false,"ok"
"00541238","FUN_00541238","Global",28,false,false,"ok"
"00541328","FUN_00541328","Global",92,false,false,"ok"
"005415b8","FUN_005415b8","Global",52,false,false,"ok"
"00541730","FUN_00541730","Global",68,false,false,"ok"
"00541970","FUN_00541970","Global",76,false,false,"ok"
"00541be0","FUN_00541be0","Global",76,false,false,"ok"
"00541ea0","FUN_00541ea0","Global",76,false,false,"ok"
"00542228","FUN_00542228","Global",84,false,false,"ok"
"00542410","FUN_00542410","Global",64,false,false,"ok"
"005425c0","FUN_005425c0","Global",16,false,false,"ok"
"005425e0","FUN_005425e0","Global",64,false,false,"ok"
"00542798","FUN_00542798","Global",16,false,false,"ok"
"005427b8","FUN_005427b8","Global",72,false,false,"ok"
"00542a38","FUN_00542a38","Global",44,false,false,"ok"
"00542b68","FUN_00542b68","Global",16,false,false,"ok"
"00542b88","FUN_00542b88","Global",32,false,false,"ok"
"00542c50","FUN_00542c50","Global",52,false,false,"ok"
"00542db8","FUN_00542db8","Global",52,false,false,"ok"
"00542f10","FUN_00542f10","Global",64,false,false,"ok"
"005430c8","FUN_005430c8","Global",72,false,false,"ok"
"00543318","FUN_00543318","Global",60,false,false,"ok"
"00543520","FUN_00543520","Global",16,false,false,"ok"
"00543540","FUN_00543540","Global",60,false,false,"ok"
"005436f0","FUN_005436f0","Global",80,false,false,"ok"
"00543970","FUN_00543970","Global",16,false,false,"ok"
"00543990","FUN_00543990","Global",68,false,false,"ok"
"00543bd0","FUN_00543bd0","Global",76,false,false,"ok"
"00543e78","FUN_00543e78","Global",60,false,false,"ok"
"00544070","FUN_00544070","Global",72,false,false,"ok"
"00544250","FUN_00544250","Global",48,false,false,"ok"
"005442d8","FUN_005442d8","Global",96,false,false,"ok"
"00544348","FUN_00544348","Global",108,false,false,"ok"
"005443c8","FUN_005443c8","Global",100,false,false,"ok"
"00544440","FUN_00544440","Global",20,false,false,"ok"
"00544460","FUN_00544460","Global",132,false,false,"ok"
"00544550","FUN_00544550","Global",88,false,false,"ok"
"005445c0","FUN_005445c0","Global",88,false,false,"ok"
"00544630","FUN_00544630","Global",88,false,false,"ok"
"005446a0","FUN_005446a0","Global",100,false,false,"ok"
"00544720","FUN_00544720","Global",100,false,false,"ok"
"005447a0","FUN_005447a0","Global",80,false,false,"ok"
"005448a0","FUN_005448a0","Global",132,false,false,"ok"
"00544930","FUN_00544930","Global",40,false,false,"ok"
"00544968","FUN_00544968","Global",104,false,false,"ok"
"00544b70","FUN_00544b70","Global",104,false,false,"ok"
"00544d78","FUN_00544d78","Global",52,false,false,"ok"
"00544e08","FUN_00544e08","Global",44,false,false,"ok"
"00544ea8","FUN_00544ea8","Global",52,false,false,"ok"
"00544f38","FUN_00544f38","Global",20,false,false,"ok"
"00544f58","FUN_00544f58","Global",20,false,false,"ok"
"00544f78","FUN_00544f78","Global",100,false,false,"ok"
"005451a0","FUN_005451a0","Global",24,false,false,"ok"
"005451c0","FUN_005451c0","Global",20,false,false,"ok"
"005451e0","FUN_005451e0","Global",88,false,false,"ok"
"005452e8","FUN_005452e8","Global",20,false,false,"ok"
"00545330","FUN_00545330","Global",152,false,false,"ok"
"00545420","FUN_00545420","Global",164,false,false,"ok"
"00545500","FUN_00545500","Global",324,false,false,"ok"
"00545658","FUN_00545658","Global",32,false,false,"ok"
"00545680","FUN_00545680","Global",72,false,false,"ok"
"005456d0","FUN_005456d0","Global",208,false,false,"ok"
"005457e0","FUN_005457e0","Global",88,false,false,"ok"
"005458c8","FUN_005458c8","Global",8,false,false,"ok"
"00545910","FUN_00545910","Global",8,false,false,"ok"
"00545920","FUN_00545920","Global",8,false,false,"ok"
"00545930","FUN_00545930","Global",148,false,false,"ok"
"00545a18","FUN_00545a18","Global",8,false,false,"ok"
"00545a28","FUN_00545a28","Global",40,false,false,"ok"
"00545ab8","FUN_00545ab8","Global",56,false,false,"ok"
"00545af8","FUN_00545af8","Global",432,false,false,"ok"
"00546060","FUN_00546060","Global",28,false,false,"ok"
"005460b0","FUN_005460b0","Global",12,false,false,"ok"
"005460c8","FUN_005460c8","Global",60,false,false,"ok"
"00546138","FUN_00546138","Global",8,false,false,"ok"
"005461c0","FUN_005461c0","Global",8,false,false,"ok"
"005461d0","FUN_005461d0","Global",44,false,false,"ok"
"00546208","FUN_00546208","Global",244,false,false,"ok"
"00546308","FUN_00546308","Global",8,false,false,"ok"
"00546318","FUN_00546318","Global",84,false,false,"ok"
"00546370","FUN_00546370","Global",8,false,false,"ok"
"00546380","FUN_00546380","Global",8,false,false,"ok"
"005463c8","FUN_005463c8","Global",8,false,false,"ok"
"005463d8","FUN_005463d8","Global",20,false,false,"ok"
"00546440","FUN_00546440","Global",156,false,false,"ok"
"00546530","FUN_00546530","Global",8,false,false,"ok"
"00546540","FUN_00546540","Global",96,false,false,"ok"
"00546658","thunk_FUN_00545ab8","Global",8,false,true,"ok"
"005466d0","FUN_005466d0","Global",72,false,false,"ok"
"00546718","FUN_00546718","Global",40,false,false,"ok"
"00546740","FUN_00546740","Global",76,false,false,"ok"
"00546790","FUN_00546790","Global",8,false,false,"ok"
"005467a0","FUN_005467a0","Global",8,false,false,"ok"
"005467e8","FUN_005467e8","Global",8,false,false,"ok"
"005467f8","FUN_005467f8","Global",192,false,false,"ok"
"005468d0","FUN_005468d0","Global",68,false,false,"ok"
"00546940","FUN_00546940","Global",16,false,false,"ok"
"00546950","FUN_00546950","Global",16,false,false,"ok"
"00546970","FUN_00546970","Global",116,false,false,"ok"
"00546ac8","FUN_00546ac8","Global",176,false,false,"ok"
"00546bb0","FUN_00546bb0","Global",124,false,false,"ok"
"00546c40","FUN_00546c40","Global",104,false,false,"ok"
"00546cc0","FUN_00546cc0","Global",72,false,false,"ok"
"00546ed8","FUN_00546ed8","Global",28,false,false,"ok"
"00546f10","FUN_00546f10","Global",608,false,false,"ok"
"005471b8","FUN_005471b8","Global",52,false,false,"ok"
"00547208","FUN_00547208","Global",72,false,false,"ok"
"00547288","FUN_00547288","Global",96,false,false,"ok"
"005472f8","FUN_005472f8","Global",64,false,false,"ok"
"00547340","FUN_00547340","Global",60,false,false,"ok"
"005473e0","FUN_005473e0","Global",68,false,false,"ok"
"00547430","FUN_00547430","Global",64,false,false,"ok"
"00547480","FUN_00547480","Global",84,false,false,"ok"
"005474e0","FUN_005474e0","Global",60,false,false,"ok"
"00547590","FUN_00547590","Global",68,false,false,"ok"
"005475e0","FUN_005475e0","Global",60,false,false,"ok"
"005476a8","FUN_005476a8","Global",68,false,false,"ok"
"005476f8","FUN_005476f8","Global",112,false,false,"ok"
"005477c8","FUN_005477c8","Global",20,false,false,"ok"
"00547810","FUN_00547810","Global",68,false,false,"ok"
"00547860","FUN_00547860","Global",56,false,false,"ok"
"005478d0","FUN_005478d0","Global",68,false,false,"ok"
"00547920","FUN_00547920","Global",88,false,false,"ok"
"00547a18","FUN_00547a18","Global",116,false,false,"ok"
"00547a98","FUN_00547a98","Global",48,false,false,"ok"
"00547b40","FUN_00547b40","Global",104,false,false,"ok"
"00547bb0","FUN_00547bb0","Global",76,false,false,"ok"
"00547c90","FUN_00547c90","Global",84,false,false,"ok"
"00547cf0","FUN_00547cf0","Global",172,false,false,"ok"
"00547e20","FUN_00547e20","Global",144,false,false,"ok"
"00547f10","FUN_00547f10","Global",156,false,false,"ok"
"00547fb8","FUN_00547fb8","Global",112,false,false,"ok"
"00548030","FUN_00548030","Global",36,false,false,"ok"
"005480d8","FUN_005480d8","Global",176,false,false,"ok"
"005481e8","FUN_005481e8","Global",112,false,false,"ok"
"00548290","FUN_00548290","Global",108,false,false,"ok"
"00548420","FUN_00548420","Global",4,false,false,"ok"
"00548430","FUN_00548430","Global",72,false,false,"ok"
"00548498","FUN_00548498","Global",152,false,false,"ok"
"00548548","FUN_00548548","Global",100,false,false,"ok"
"005488c0","FUN_005488c0","Global",180,false,false,"ok"
"00548980","FUN_00548980","Global",72,false,false,"ok"
"00548a48","FUN_00548a48","Global",476,false,false,"ok"
"00548c30","FUN_00548c30","Global",252,false,false,"ok"
"00548d38","FUN_00548d38","Global",224,false,false,"ok"
"00548e20","FUN_00548e20","Global",372,false,false,"ok"
"005490b8","FUN_005490b8","Global",84,false,false,"ok"
"00549118","FUN_00549118","Global",140,false,false,"ok"
"005491b0","FUN_005491b0","Global",720,false,false,"ok"
"005496b0","FUN_005496b0","Global",312,false,false,"ok"
"005497f0","FUN_005497f0","Global",372,false,false,"ok"
"00549970","FUN_00549970","Global",1108,false,false,"ok"
"0054a088","FUN_0054a088","Global",472,false,false,"ok"
"0054a268","FUN_0054a268","Global",84,false,false,"ok"
"0054a2c8","FUN_0054a2c8","Global",104,false,false,"ok"
"0054a338","FUN_0054a338","Global",36,false,false,"ok"
"0054a3c0","FUN_0054a3c0","Global",32,false,false,"ok"
"0054a448","FUN_0054a448","Global",60,false,false,"ok"
"0054a750","FUN_0054a750","Global",40,false,false,"ok"
"0054a7b8","FUN_0054a7b8","Global",48,false,false,"ok"
"0054a830","FUN_0054a830","Global",48,false,false,"ok"
"0054a8a8","FUN_0054a8a8","Global",20,false,false,"ok"
"0054a8f0","FUN_0054a8f0","Global",48,false,false,"ok"
"0054a970","FUN_0054a970","Global",48,false,false,"ok"
"0054a9f0","FUN_0054a9f0","Global",44,false,false,"ok"
"0054aa28","FUN_0054aa28","Global",44,false,false,"ok"
"0054aa60","FUN_0054aa60","Global",140,false,false,"ok"
"0054ab10","FUN_0054ab10","Global",36,false,false,"ok"
"0054ab40","FUN_0054ab40","Global",24,false,false,"ok"
"0054ab58","FUN_0054ab58","Global",32,false,false,"ok"
"0054ab80","FUN_0054ab80","Global",28,false,false,"ok"
"0054aba0","FUN_0054aba0","Global",72,false,false,"ok"
"0054ac08","FUN_0054ac08","Global",16,false,false,"ok"
"0054acc0","FUN_0054acc0","Global",48,false,false,"ok"
"0054ad18","FUN_0054ad18","Global",140,false,false,"ok"
"0054af48","FUN_0054af48","Global",124,false,false,"ok"
"0054c1b0","FUN_0054c1b0","Global",1,false,false,"ok"
"0054c1b8","FUN_0054c1b8","Global",1,false,false,"ok"
"0054c1c0","FUN_0054c1c0","Global",4,false,false,"ok"
"0054c1d0","FUN_0054c1d0","Global",104,false,false,"ok"
"0054c390","FUN_0054c390","Global",72,false,false,"ok"
"0054c4a8","FUN_0054c4a8","Global",100,false,false,"ok"
"0054c5e0","FUN_0054c5e0","Global",84,false,false,"ok"
"0054c640","FUN_0054c640","Global",108,false,false,"ok"
"0054c6b8","FUN_0054c6b8","Global",188,false,false,"ok"
"0054c7b0","FUN_0054c7b0","Global",28,false,false,"ok"
"0054c7f0","FUN_0054c7f0","Global",132,false,false,"ok"
"0054c880","FUN_0054c880","Global",124,false,false,"ok"
"0054c938","FUN_0054c938","Global",212,false,false,"ok"
"0054ca18","FUN_0054ca18","Global",36,false,false,"ok"
"0054ca98","FUN_0054ca98","Global",68,false,false,"ok"
"0054cae8","FUN_0054cae8","Global",24,false,false,"ok"
"0054cc08","FUN_0054cc08","Global",360,false,false,"ok"
"0054cf00","FUN_0054cf00","Global",320,false,false,"ok"
"0054d070","FUN_0054d070","Global",84,false,false,"ok"
"0054d520","FUN_0054d520","Global",52,false,false,"ok"
"0054d580","FUN_0054d580","Global",20,false,false,"ok"
"0054d688","FUN_0054d688","Global",296,false,false,"ok"
"0054da68","FUN_0054da68","Global",100,false,false,"ok"
"0054db00","FUN_0054db00","Global",28,false,false,"ok"
"0054db88","FUN_0054db88","Global",36,false,false,"ok"
"0054dbd8","FUN_0054dbd8","Global",232,false,false,"ok"
"0054dd20","FUN_0054dd20","Global",20,false,false,"ok"
"0054dd40","FUN_0054dd40","Global",84,false,false,"ok"
"0054ddd0","FUN_0054ddd0","Global",4,false,false,"ok"
"0054dde0","FUN_0054dde0","Global",36,false,false,"ok"
"0054de08","FUN_0054de08","Global",28,false,false,"ok"
"0054de28","FUN_0054de28","Global",56,false,false,"ok"
"0054de88","FUN_0054de88","Global",304,false,false,"ok"
"0054dfe0","FUN_0054dfe0","Global",60,false,false,"ok"
"0054e038","FUN_0054e038","Global",72,false,false,"ok"
"0054e080","FUN_0054e080","Global",448,false,false,"ok"
"0054e2d8","FUN_0054e2d8","Global",376,false,false,"ok"
"0054ea00","FUN_0054ea00","Global",16,false,false,"ok"
"0054eb18","FUN_0054eb18","Global",80,false,false,"ok"
"0054ebb0","FUN_0054ebb0","Global",68,false,false,"ok"
"0054ed68","FUN_0054ed68","Global",160,false,false,"ok"
"0054ee28","FUN_0054ee28","Global",116,false,false,"ok"
"0054eea8","FUN_0054eea8","Global",68,false,false,"ok"
"0054eef8","FUN_0054eef8","Global",140,false,false,"ok"
"0054efa0","FUN_0054efa0","Global",36,false,false,"ok"
"0054efd0","FUN_0054efd0","Global",236,false,false,"ok"
"0054f0d8","FUN_0054f0d8","Global",24,false,false,"ok"
"0054f208","FUN_0054f208","Global",120,false,false,"ok"
"0054f288","FUN_0054f288","Global",132,false,false,"ok"
"0054f348","FUN_0054f348","Global",48,false,false,"ok"
"0054f380","FUN_0054f380","Global",48,false,false,"ok"
"0054f590","FUN_0054f590","Global",188,false,false,"ok"
"0054f690","FUN_0054f690","Global",304,false,false,"ok"
"0054f7e8","FUN_0054f7e8","Global",80,false,false,"ok"
"0054f850","FUN_0054f850","Global",108,false,false,"ok"
"0054fab0","FUN_0054fab0","Global",228,false,false,"ok"
"0054fc48","FUN_0054fc48","Global",352,false,false,"ok"
"0054fdd0","FUN_0054fdd0","Global",192,false,false,"ok"
"0054fea0","FUN_0054fea0","Global",104,false,false,"ok"
"0054ff10","FUN_0054ff10","Global",56,false,false,"ok"
"0054ff70","FUN_0054ff70","Global",84,false,false,"ok"
"0054ffd0","FUN_0054ffd0","Global",100,false,false,"ok"
"00550040","FUN_00550040","Global",124,false,false,"ok"
"00550a48","FUN_00550a48","Global",92,false,false,"ok"
"00550ab0","FUN_00550ab0","Global",80,false,false,"ok"
"00550b10","FUN_00550b10","Global",72,false,false,"ok"
"00550b78","FUN_00550b78","Global",172,false,false,"ok"
"00551118","FUN_00551118","Global",40,false,false,"ok"
"00551150","FUN_00551150","Global",20,false,false,"ok"
"005512d0","FUN_005512d0","Global",48,false,false,"ok"
"00551328","FUN_00551328","Global",20,false,false,"ok"
"00551398","FUN_00551398","Global",120,false,false,"ok"
"00551418","FUN_00551418","Global",104,false,false,"ok"
"005514f0","FUN_005514f0","Global",124,false,false,"ok"
"00551588","FUN_00551588","Global",32,false,false,"ok"
"005515a8","FUN_005515a8","Global",36,false,false,"ok"
"00551610","FUN_00551610","Global",52,false,false,"ok"
"00551670","FUN_00551670","Global",20,false,false,"ok"
"00551710","FUN_00551710","Global",124,false,false,"ok"
"005517a8","FUN_005517a8","Global",160,false,false,"ok"
"00551850","FUN_00551850","Global",88,false,false,"ok"
"005518b8","FUN_005518b8","Global",120,false,false,"ok"
"00551938","FUN_00551938","Global",88,false,false,"ok"
"005519a0","FUN_005519a0","Global",28,false,false,"ok"
"005519c0","FUN_005519c0","Global",108,false,false,"ok"
"00551a98","FUN_00551a98","Global",160,false,false,"ok"
"00551d58","FUN_00551d58","Global",8,false,false,"ok"
"00551ea0","FUN_00551ea0","Global",100,false,false,"ok"
"00551fb8","FUN_00551fb8","Global",112,false,false,"ok"
"005520f0","FUN_005520f0","Global",68,false,false,"ok"
"00552140","FUN_00552140","Global",32,false,false,"ok"
"005523c8","FUN_005523c8","Global",252,false,false,"ok"
"00552580","FUN_00552580","Global",104,false,false,"ok"
"00552790","FUN_00552790","Global",40,false,false,"ok"
"00552818","FUN_00552818","Global",572,false,false,"ok"
"00553730","FUN_00553730","Global",36,false,false,"ok"
"00553780","FUN_00553780","Global",88,false,false,"ok"
"00553868","FUN_00553868","Global",244,false,false,"ok"
"00553aa0","FUN_00553aa0","Global",44,false,false,"ok"
"00553ad0","FUN_00553ad0","Global",216,false,false,"ok"
"00553d00","FUN_00553d00","Global",44,false,false,"ok"
"00553d80","FUN_00553d80","Global",24,false,false,"ok"
"00553da0","FUN_00553da0","Global",40,false,false,"ok"
"00553e88","FUN_00553e88","Global",52,false,false,"ok"
"00554010","FUN_00554010","Global",60,false,false,"ok"
"00554058","FUN_00554058","Global",100,false,false,"ok"
"00554110","FUN_00554110","Global",116,false,false,"ok"
"00554188","FUN_00554188","Global",572,false,false,"ok"
"005557f8","FUN_005557f8","Global",124,false,false,"ok"
"00555a98","FUN_00555a98","Global",412,false,false,"ok"
"00556828","FUN_00556828","Global",64,false,false,"ok"
"00556880","FUN_00556880","Global",64,false,false,"ok"
"005568d8","FUN_005568d8","Global",80,false,false,"ok"
"00556938","FUN_00556938","Global",20,false,false,"ok"
"00556a50","FUN_00556a50","Global",24,false,false,"ok"
"00556af0","FUN_00556af0","Global",12,false,false,"ok"
"00556b60","FUN_00556b60","Global",12,false,false,"ok"
"00556c90","FUN_00556c90","Global",16,false,false,"ok"
"00556df0","FUN_00556df0","Global",68,false,false,"ok"
"00556e90","FUN_00556e90","Global",36,false,false,"ok"
"005572d0","FUN_005572d0","Global",16,false,false,"ok"
"00557600","FUN_00557600","Global",8,false,false,"ok"
"005577a0","FUN_005577a0","Global",8,false,false,"ok"
"00557d10","FUN_00557d10","Global",40,false,false,"ok"
"00557de0","FUN_00557de0","Global",28,false,false,"ok"
"00557e30","FUN_00557e30","Global",8,false,false,"ok"
"00557e40","FUN_00557e40","Global",8,false,false,"ok"
"00557e70","FUN_00557e70","Global",8,false,false,"ok"
"00557e80","FUN_00557e80","Global",8,false,false,"ok"
"00557e90","FUN_00557e90","Global",8,false,false,"ok"
"00557ea0","FUN_00557ea0","Global",8,false,false,"ok"
"00557eb0","FUN_00557eb0","Global",8,false,false,"ok"
"00557fc0","FUN_00557fc0","Global",12,false,false,"ok"
"005581c0","FUN_005581c0","Global",108,false,false,"ok"
"00558240","FUN_00558240","Global",108,false,false,"ok"
"005582c0","FUN_005582c0","Global",136,false,false,"ok"
"00558360","FUN_00558360","Global",88,false,false,"ok"
"005583d0","FUN_005583d0","Global",88,false,false,"ok"
"00558440","FUN_00558440","Global",108,false,false,"ok"
"005584d0","FUN_005584d0","Global",88,false,false,"ok"
"00558540","FUN_00558540","Global",8,false,false,"ok"
"00558680","FUN_00558680","Global",40,false,false,"ok"
"005586b0","FUN_005586b0","Global",84,false,false,"ok"
"00558710","FUN_00558710","Global",12,false,false,"ok"
"005588c0","FUN_005588c0","Global",116,false,false,"ok"
"00558940","FUN_00558940","Global",236,false,false,"ok"
"00558ab0","FUN_00558ab0","Global",80,false,false,"ok"
"00558b10","FUN_00558b10","Global",128,false,false,"ok"
"00558ba0","FUN_00558ba0","Global",8,false,false,"ok"
"00558cf0","FUN_00558cf0","Global",60,false,false,"ok"
"00558d80","FUN_00558d80","Global",16,false,false,"ok"
"00558db0","FUN_00558db0","Global",112,false,false,"ok"
"00558e30","FUN_00558e30","Global",16,false,false,"ok"
"00559440","FUN_00559440","Global",384,false,false,"ok"
"00559720","FUN_00559720","Global",20,false,false,"ok"
"005597c0","FUN_005597c0","Global",24,false,false,"ok"
"00559bb0","FUN_00559bb0","Global",28,false,false,"ok"
"00559c20","FUN_00559c20","Global",28,false,false,"ok"
"00559c80","FUN_00559c80","Global",24,false,false,"ok"
"00559d10","FUN_00559d10","Global",8,false,false,"ok"
"00559f10","FUN_00559f10","Global",96,false,false,"ok"
"00559f80","FUN_00559f80","Global",20,false,false,"ok"
"00559fd0","FUN_00559fd0","Global",100,false,false,"ok"
"0055a1b0","FUN_0055a1b0","Global",116,false,false,"ok"
"0055a240","FUN_0055a240","Global",36,false,false,"ok"
"0055a270","FUN_0055a270","Global",8,false,false,"ok"
"0055a280","FUN_0055a280","Global",40,false,false,"ok"
"0055a390","FUN_0055a390","Global",244,false,false,"ok"
"0055a490","FUN_0055a490","Global",132,false,false,"ok"
"0055a530","FUN_0055a530","Global",44,false,false,"ok"
"0055a560","FUN_0055a560","Global",36,false,false,"ok"
"0055a590","FUN_0055a590","Global",16,false,false,"ok"
"0055c520","FUN_0055c520","Global",8,false,false,"ok"
"0055c870","FUN_0055c870","Global",40,false,false,"ok"
"0055c8a0","FUN_0055c8a0","Global",8,false,false,"ok"
"0055ccb0","FUN_0055ccb0","Global",384,false,false,"ok"
"0055d0d0","FUN_0055d0d0","Global",68,false,false,"ok"
"0055d120","FUN_0055d120","Global",76,false,false,"ok"
"0055d180","FUN_0055d180","Global",32,false,false,"ok"
"0055d720","FUN_0055d720","Global",12,false,false,"ok"
"0055e080","FUN_0055e080","Global",8,false,false,"ok"
"0055e1d0","FUN_0055e1d0","Global",16,false,false,"ok"
"0055e390","FUN_0055e390","Global",12,false,false,"ok"
"0055e690","FUN_0055e690","Global",12,false,false,"ok"
"0055ef20","FUN_0055ef20","Global",12,false,false,"ok"
"0055f310","FUN_0055f310","Global",244,false,false,"ok"
"0055f430","FUN_0055f430","Global",296,false,false,"ok"
"0055f570","FUN_0055f570","Global",292,false,false,"ok"
"0055f790","FUN_0055f790","Global",28,false,false,"ok"
"0055f7c0","FUN_0055f7c0","Global",104,false,false,"ok"
"0055fab0","FUN_0055fab0","Global",152,false,false,"ok"
"0055fb80","FUN_0055fb80","Global",8,false,false,"ok"
"0055fc70","FUN_0055fc70","Global",88,false,false,"ok"
"0055fcd0","FUN_0055fcd0","Global",16,false,false,"ok"
"005602c0","FUN_005602c0","Global",28,false,false,"ok"
"005604a0","FUN_005604a0","Global",572,false,false,"ok"
"005607d0","FUN_005607d0","Global",8,false,false,"ok"
"00560910","FUN_00560910","Global",8,false,false,"ok"
"00560a60","FUN_00560a60","Global",400,false,false,"ok"
"00560c20","FUN_00560c20","Global",120,false,false,"ok"
"00560ce0","FUN_00560ce0","Global",8,false,false,"ok"
"00561050","FUN_00561050","Global",324,false,false,"ok"
"005611d0","FUN_005611d0","Global",268,false,false,"ok"
"00561590","FUN_00561590","Global",8,false,false,"ok"
"00561610","FUN_00561610","Global",16,false,false,"ok"
"00561810","FUN_00561810","Global",8,false,false,"ok"
"00561ce0","FUN_00561ce0","Global",196,false,false,"ok"
"00561dc0","FUN_00561dc0","Global",20,false,false,"ok"
"00561e20","FUN_00561e20","Global",16,false,false,"ok"
"00561e40","FUN_00561e40","Global",40,false,false,"ok"
"00561e80","FUN_00561e80","Global",16,false,false,"ok"
"00561ea0","FUN_00561ea0","Global",40,false,false,"ok"
"00561f00","FUN_00561f00","Global",476,false,false,"ok"
"00562160","FUN_00562160","Global",352,false,false,"ok"
"005623f0","FUN_005623f0","Global",140,false,false,"ok"
"00562490","FUN_00562490","Global",12,false,false,"ok"
"005625a0","FUN_005625a0","Global",128,false,false,"ok"
"00562630","FUN_00562630","Global",16,false,false,"ok"
"00562890","FUN_00562890","Global",20,false,false,"ok"
"00563070","FUN_00563070","Global",108,false,false,"ok"
"005630f0","FUN_005630f0","Global",200,false,false,"ok"
"00563520","FUN_00563520","Global",100,false,false,"ok"
"00563680","FUN_00563680","Global",268,false,false,"ok"
"005637a0","FUN_005637a0","Global",372,false,false,"ok"
"005639b0","FUN_005639b0","Global",536,false,false,"ok"
"00563db0","FUN_00563db0","Global",8,false,false,"ok"
"00563f10","FUN_00563f10","Global",132,false,false,"ok"
"005641e0","FUN_005641e0","Global",40,false,false,"ok"
"00564220","FUN_00564220","Global",20,false,false,"ok"
"00564a80","FUN_00564a80","Global",104,false,false,"ok"
"00564b00","FUN_00564b00","Global",388,false,false,"ok"
"00564cc0","FUN_00564cc0","Global",172,false,false,"ok"
"00564e20","FUN_00564e20","Global",52,false,false,"ok"
"00564e80","FUN_00564e80","Global",96,false,false,"ok"
"00564f40","FUN_00564f40","Global",36,false,false,"ok"
"00564f70","FUN_00564f70","Global",12,false,false,"ok"
"00565040","FUN_00565040","Global",244,false,false,"ok"
"00565490","FUN_00565490","Global",44,false,false,"ok"
"00565780","FUN_00565780","Global",108,false,false,"ok"
"00565800","FUN_00565800","Global",32,false,false,"ok"
"00565a50","FUN_00565a50","Global",384,false,false,"ok"
"00565bf0","FUN_00565bf0","Global",1040,false,false,"ok"
"00566490","FUN_00566490","Global",64,false,false,"ok"
"00566500","FUN_00566500","Global",4,false,false,"ok"
"00566520","FUN_00566520","Global",68,false,false,"ok"
"00566640","FUN_00566640","Global",536,false,false,"ok"
"005668a0","FUN_005668a0","Global",316,false,false,"ok"
"005669f0","FUN_005669f0","Global",24,false,false,"ok"
"00566e10","FUN_00566e10","Global",168,false,false,"ok"
"00567980","FUN_00567980","Global",588,false,false,"ok"
"00567cb0","FUN_00567cb0","Global",364,false,false,"ok"
"00567e30","FUN_00567e30","Global",24,false,false,"ok"
"005684a0","FUN_005684a0","Global",760,false,false,"ok"
"005687c0","FUN_005687c0","Global",24,false,false,"ok"
"00568c10","FUN_00568c10","Global",568,false,false,"ok"
"00568e60","FUN_00568e60","Global",232,false,false,"ok"
"00568f60","FUN_00568f60","Global",184,false,false,"ok"
"005699c0","FUN_005699c0","Global",36,false,false,"ok"
"00569bf0","FUN_00569bf0","Global",20,false,false,"ok"
"0056a070","FUN_0056a070","Global",28,false,false,"ok"
"0056a1d0","FUN_0056a1d0","Global",176,false,false,"ok"
"0056a460","FUN_0056a460","Global",8,false,false,"ok"
"0056a570","FUN_0056a570","Global",76,false,false,"ok"
"0056a5d0","FUN_0056a5d0","Global",68,false,false,"ok"
"0056a630","FUN_0056a630","Global",340,false,false,"ok"
"0056a7a0","FUN_0056a7a0","Global",32,false,false,"ok"
"0056a8d0","FUN_0056a8d0","Global",52,false,false,"ok"
"0056a920","FUN_0056a920","Global",40,false,false,"ok"
"0056a960","FUN_0056a960","Global",48,false,false,"ok"
"0056a9a0","FUN_0056a9a0","Global",64,false,false,"ok"
"0056a9f0","FUN_0056a9f0","Global",552,false,false,"ok"
"0056acb0","FUN_0056acb0","Global",48,false,false,"ok"
"0056acf0","FUN_0056acf0","Global",8,false,false,"ok"
"0056ae10","FUN_0056ae10","Global",1,false,false,"ok"
"0056ae20","FUN_0056ae20","Global",28,false,false,"ok"
"0056cac0","FUN_0056cac0","Global",136,false,false,"ok"
"0056cb70","FUN_0056cb70","Global",80,false,false,"ok"
"0056cbe0","FUN_0056cbe0","Global",196,false,false,"ok"
"0056ccb0","FUN_0056ccb0","Global",220,false,false,"ok"
"0056cda0","FUN_0056cda0","Global",244,false,false,"ok"
"0056cea0","FUN_0056cea0","Global",20,false,false,"ok"
"0056d030","FUN_0056d030","Global",28,false,false,"ok"
"0056d1f0","FUN_0056d1f0","Global",20,false,false,"ok"
"0056d390","FUN_0056d390","Global",20,false,false,"ok"
"0056d590","FUN_0056d590","Global",124,false,false,"ok"
"0056d6e0","FUN_0056d6e0","Global",148,false,false,"ok"
"0056d7f0","FUN_0056d7f0","Global",112,false,false,"ok"
"0056d8a0","FUN_0056d8a0","Global",24,false,false,"ok"
"0056dad0","FUN_0056dad0","Global",156,false,false,"ok"
"0056db80","FUN_0056db80","Global",80,false,false,"ok"
"0056dbe0","FUN_0056dbe0","Global",16,false,false,"ok"
"0056f200","FUN_0056f200","Global",12,false,false,"ok"
"0056f330","FUN_0056f330","Global",12,false,false,"ok"
"0056f710","FUN_0056f710","Global",16,false,false,"ok"
"0056f8e0","FUN_0056f8e0","Global",176,false,false,"ok"
"0056f9a0","FUN_0056f9a0","Global",1,false,false,"ok"
"0056f9d0","FUN_0056f9d0","Global",736,false,false,"ok"
"0056ff30","FUN_0056ff30","Global",8,false,false,"ok"
"005703c0","FUN_005703c0","Global",208,false,false,"ok"
"005704a0","FUN_005704a0","Global",12,false,false,"ok"
"005706a0","FUN_005706a0","Global",20,false,false,"ok"
"00570c20","FUN_00570c20","Global",396,false,false,"ok"
"00570ed0","FUN_00570ed0","Global",96,false,false,"ok"
"00570f80","FUN_00570f80","Global",20,false,false,"ok"
"005734b0","FUN_005734b0","Global",20,false,false,"ok"
"00573ab0","FUN_00573ab0","Global",8,false,false,"ok"
"00573ff0","FUN_00573ff0","Global",88,false,false,"ok"
"00574180","FUN_00574180","Global",84,false,false,"ok"
"005742a0","FUN_005742a0","Global",52,false,false,"ok"
"00574410","FUN_00574410","Global",52,false,false,"ok"
"00574540","FUN_00574540","Global",284,false,false,"ok"
"005746b0","FUN_005746b0","Global",16,false,false,"ok"
"00574860","FUN_00574860","Global",80,false,false,"ok"
"005748c0","FUN_005748c0","Global",1276,false,false,"ok"
"00574df0","FUN_00574df0","Global",452,false,false,"ok"
"00574fd0","FUN_00574fd0","Global",72,false,false,"ok"
"00575060","FUN_00575060","Global",56,false,false,"ok"
"005750f0","FUN_005750f0","Global",76,false,false,"ok"
"005751b0","FUN_005751b0","Global",628,false,false,"ok"
"00575550","FUN_00575550","Global",84,false,false,"ok"
"005755b0","FUN_005755b0","Global",24,false,false,"ok"
"00575df0","FUN_00575df0","Global",20,false,false,"ok"
"00575f50","FUN_00575f50","Global",12,false,false,"ok"
"00576110","FUN_00576110","Global",12,false,false,"ok"
"005762d0","FUN_005762d0","Global",12,false,false,"ok"
"00576520","FUN_00576520","Global",24,false,false,"ok"
"005767f0","FUN_005767f0","Global",16,false,false,"ok"
"00576b90","FUN_00576b90","Global",16,false,false,"ok"
"00576d00","FUN_00576d00","Global",16,false,false,"ok"
"00577420","FUN_00577420","Global",68,false,false,"ok"
"00577550","FUN_00577550","Global",544,false,false,"ok"
"005777a0","FUN_005777a0","Global",20,false,false,"ok"
"00577bd0","FUN_00577bd0","Global",12,false,false,"ok"
"00578590","FUN_00578590","Global",144,false,false,"ok"
"00578770","FUN_00578770","Global",388,false,false,"ok"
"00579220","FUN_00579220","Global",8,false,false,"ok"
"005799d0","FUN_005799d0","Global",16,false,false,"ok"
"0057a150","FUN_0057a150","Global",16,false,false,"ok"
"0057a860","FUN_0057a860","Global",16,false,false,"ok"
"0057b070","FUN_0057b070","Global",16,false,false,"ok"
"0057b730","FUN_0057b730","Global",176,false,false,"ok"
"0057b8d0","FUN_0057b8d0","Global",480,false,false,"ok"
"0057be10","FUN_0057be10","Global",192,false,false,"ok"
"0057c100","FUN_0057c100","Global",156,false,false,"ok"
"0057c1b0","FUN_0057c1b0","Global",16,false,false,"ok"
"0057c500","FUN_0057c500","Global",12,false,false,"ok"
"0057c950","FUN_0057c950","Global",32,false,false,"ok"
"0057ccd0","FUN_0057ccd0","Global",24,false,false,"ok"
"0057cda0","FUN_0057cda0","Global",292,false,false,"ok"
"0057cee0","FUN_0057cee0","Global",332,false,false,"ok"
"0057d050","FUN_0057d050","Global",156,false,false,"ok"
"0057d100","FUN_0057d100","Global",20,false,false,"ok"
"0057d7c0","FUN_0057d7c0","Global",16,false,false,"ok"
"0057dcd0","FUN_0057dcd0","Global",20,false,false,"ok"
"0057df60","FUN_0057df60","Global",16,false,false,"ok"
"0057e000","FUN_0057e000","Global",44,false,false,"ok"
"0057e170","FUN_0057e170","Global",20,false,false,"ok"
"0057e620","FUN_0057e620","Global",20,false,false,"ok"
"0057e8a0","FUN_0057e8a0","Global",12,false,false,"ok"
"0057eb80","FUN_0057eb80","Global",12,false,false,"ok"
"0057ee80","FUN_0057ee80","Global",24,false,false,"ok"
"0057f020","FUN_0057f020","Global",420,false,false,"ok"
"0057f1e0","FUN_0057f1e0","Global",180,false,false,"ok"
"0057f350","FUN_0057f350","Global",12,false,false,"ok"
"0057f700","FUN_0057f700","Global",12,false,false,"ok"
"0057fab0","FUN_0057fab0","Global",12,false,false,"ok"
"0057fd00","FUN_0057fd00","Global",8,false,false,"ok"
"00580160","FUN_00580160","Global",12,false,false,"ok"
"00580440","FUN_00580440","Global",32,false,false,"ok"
"00580570","FUN_00580570","Global",20,false,false,"ok"
"005808e0","FUN_005808e0","Global",12,false,false,"ok"
"00580af0","FUN_00580af0","Global",24,false,false,"ok"
"00580f70","FUN_00580f70","Global",472,false,false,"ok"
"00581160","FUN_00581160","Global",36,false,false,"ok"
"005811f0","FUN_005811f0","Global",8,false,false,"ok"
"00581230","FUN_00581230","Global",496,false,false,"ok"
"00581430","FUN_00581430","Global",160,false,false,"ok"
"005814e0","FUN_005814e0","Global",12,false,false,"ok"
"00581510","FUN_00581510","Global",48,false,false,"ok"
"00581540","FUN_00581540","Global",48,false,false,"ok"
"00581570","FUN_00581570","Global",12,false,false,"ok"
"00581580","FUN_00581580","Global",12,false,false,"ok"
"00581590","FUN_00581590","Global",12,false,false,"ok"
"005815b0","FUN_005815b0","Global",8,false,false,"ok"
"005815c0","FUN_005815c0","Global",28,false,false,"ok"
"00581670","FUN_00581670","Global",8,false,false,"ok"
"005816f0","FUN_005816f0","Global",52,false,false,"ok"
"00581730","FUN_00581730","Global",12,false,false,"ok"
"00581740","FUN_00581740","Global",52,false,false,"ok"
"00581780","FUN_00581780","Global",12,false,false,"ok"
"00581790","FUN_00581790","Global",12,false,false,"ok"
"005817a0","FUN_005817a0","Global",12,false,false,"ok"
"005817c0","FUN_005817c0","Global",12,false,false,"ok"
"005817e0","FUN_005817e0","Global",8,false,false,"ok"
"00581810","FUN_00581810","Global",12,false,false,"ok"
"00581840","FUN_00581840","Global",12,false,false,"ok"
"005819f0","FUN_005819f0","Global",288,false,false,"ok"
"00581b30","FUN_00581b30","Global",12,false,false,"ok"
"00581b40","FUN_00581b40","Global",12,false,false,"ok"
"00581cd0","FUN_00581cd0","Global",12,false,false,"ok"
"00581d80","FUN_00581d80","Global",12,false,false,"ok"
"00581d90","FUN_00581d90","Global",132,false,false,"ok"
"00581e40","FUN_00581e40","Global",8,false,false,"ok"
"00581e50","FUN_00581e50","Global",8,false,false,"ok"
"00581e60","FUN_00581e60","Global",8,false,false,"ok"
"00581e70","FUN_00581e70","Global",8,false,false,"ok"
"00581ec0","FUN_00581ec0","Global",8,false,false,"ok"
"00581fb0","FUN_00581fb0","Global",44,false,false,"ok"
"005821c0","FUN_005821c0","Global",32,false,false,"ok"
"00582640","FUN_00582640","Global",16,false,false,"ok"
"00582750","FUN_00582750","Global",20,false,false,"ok"
"00582930","FUN_00582930","Global",24,false,false,"ok"
"00582a70","FUN_00582a70","Global",28,false,false,"ok"
"00582ab0","FUN_00582ab0","Global",8,false,false,"ok"
"00583070","FUN_00583070","Global",20,false,false,"ok"
"00583140","FUN_00583140","Global",612,false,false,"ok"
"005833d0","FUN_005833d0","Global",24,false,false,"ok"
"00583570","FUN_00583570","Global",40,false,false,"ok"
"00583a10","FUN_00583a10","Global",240,false,false,"ok"
"00583bb0","FUN_00583bb0","Global",12,false,false,"ok"
"00583c90","FUN_00583c90","Global",8,false,false,"ok"
"00584060","FUN_00584060","Global",8,false,false,"ok"
"00584490","FUN_00584490","Global",16,false,false,"ok"
"005849c0","FUN_005849c0","Global",20,false,false,"ok"
"00584cb0","FUN_00584cb0","Global",16,false,false,"ok"
"005851d0","FUN_005851d0","Global",24,false,false,"ok"
"00585340","FUN_00585340","Global",108,false,false,"ok"
"005853c0","FUN_005853c0","Global",36,false,false,"ok"
"00585460","FUN_00585460","Global",84,false,false,"ok"
"00585510","FUN_00585510","Global",28,false,false,"ok"
"00585610","FUN_00585610","Global",32,false,false,"ok"
"00585630","FUN_00585630","Global",56,false,false,"ok"
"00585680","FUN_00585680","Global",164,false,false,"ok"
"00585780","FUN_00585780","Global",12,false,false,"ok"
"005859b0","thunk_FUN_005859c0","Global",8,false,true,"ok"
"005859c0","FUN_005859c0","Global",28,false,false,"ok"
"00586870","thunk_FUN_00586880","Global",8,false,true,"ok"
"00586880","FUN_00586880","Global",8,false,false,"ok"
"005868e0","FUN_005868e0","Global",12,false,false,"ok"
"00586a40","thunk_FUN_00586a50","Global",8,false,true,"ok"
"00586a50","FUN_00586a50","Global",8,false,false,"ok"
"00586b50","FUN_00586b50","Global",8,false,false,"ok"
"005884c0","FUN_005884c0","Global",28,false,false,"ok"
"00588880","FUN_00588880","Global",92,false,false,"ok"
"005888f0","FUN_005888f0","Global",324,false,false,"ok"
"00588c00","FUN_00588c00","Global",8,false,false,"ok"
"00589060","FUN_00589060","Global",128,false,false,"ok"
"00589100","FUN_00589100","Global",28,false,false,"ok"
"00589510","FUN_00589510","Global",124,false,false,"ok"
"00589680","FUN_00589680","Global",8,false,false,"ok"
"00589af0","FUN_00589af0","Global",148,false,false,"ok"
"00589b90","FUN_00589b90","Global",140,false,false,"ok"
"00589cf0","FUN_00589cf0","Global",8,false,false,"ok"
"00589db0","FUN_00589db0","Global",12,false,false,"ok"
"00589f80","FUN_00589f80","Global",8,false,false,"ok"
"0058a470","FUN_0058a470","Global",100,false,false,"ok"
"0058a5d0","FUN_0058a5d0","Global",100,false,false,"ok"
"0058a7a0","FUN_0058a7a0","Global",60,false,false,"ok"
"0058a7f0","FUN_0058a7f0","Global",20,false,false,"ok"
"0058a820","FUN_0058a820","Global",12,false,false,"ok"
"0058b170","FUN_0058b170","Global",12,false,false,"ok"
"0058b5d0","FUN_0058b5d0","Global",40,false,false,"ok"
"0058b600","FUN_0058b600","Global",20,false,false,"ok"
"0058b630","FUN_0058b630","Global",12,false,false,"ok"
"0058bf60","FUN_0058bf60","Global",12,false,false,"ok"
"0058c3c0","FUN_0058c3c0","Global",40,false,false,"ok"
"0058c3f0","FUN_0058c3f0","Global",16,false,false,"ok"
"0058c810","FUN_0058c810","Global",560,false,false,"ok"
"0058ca60","FUN_0058ca60","Global",28,false,false,"ok"
"0058caf0","FUN_0058caf0","Global",8,false,false,"ok"
"0058cb00","FUN_0058cb00","Global",16,false,false,"ok"
"0058cb80","FUN_0058cb80","Global",12,false,false,"ok"
"0058ce70","FUN_0058ce70","Global",240,false,false,"ok"
"0058d040","FUN_0058d040","Global",12,false,false,"ok"
"0058d3b0","FUN_0058d3b0","Global",80,false,false,"ok"
"0058d480","FUN_0058d480","Global",8,false,false,"ok"
"0058dbb0","FUN_0058dbb0","Global",8,false,false,"ok"
"0058ddd0","FUN_0058ddd0","Global",20,false,false,"ok"
"0058dfc0","FUN_0058dfc0","Global",80,false,false,"ok"
"0058e070","FUN_0058e070","Global",8,false,false,"ok"
"0058e790","FUN_0058e790","Global",8,false,false,"ok"
"0058e9b0","FUN_0058e9b0","Global",12,false,false,"ok"
"0058ea80","FUN_0058ea80","Global",76,false,false,"ok"
"0058eae0","FUN_0058eae0","Global",132,false,false,"ok"
"0058eb70","FUN_0058eb70","Global",28,false,false,"ok"
"0058f0c0","FUN_0058f0c0","Global",8,false,false,"ok"
"0058f1c0","FUN_0058f1c0","Global",140,false,false,"ok"
"0058f260","FUN_0058f260","Global",24,false,false,"ok"
"0058f5c0","FUN_0058f5c0","Global",144,false,false,"ok"
"0058f7c0","FUN_0058f7c0","Global",132,false,false,"ok"
"0058f8a0","FUN_0058f8a0","Global",36,false,false,"ok"
"0058f920","FUN_0058f920","Global",28,false,false,"ok"
"005925d0","FUN_005925d0","Global",20,false,false,"ok"
"00592870","FUN_00592870","Global",20,false,false,"ok"
"00592c70","FUN_00592c70","Global",208,false,false,"ok"
"00592e10","FUN_00592e10","Global",100,false,false,"ok"
"00592f10","FUN_00592f10","Global",100,false,false,"ok"
"00592f80","FUN_00592f80","Global",76,false,false,"ok"
"00592fe0","FUN_00592fe0","Global",380,false,false,"ok"
"00593180","FUN_00593180","Global",308,false,false,"ok"
"00593360","FUN_00593360","Global",28,false,false,"ok"
"00593560","FUN_00593560","Global",84,false,false,"ok"
"005935c0","FUN_005935c0","Global",88,false,false,"ok"
"00593630","FUN_00593630","Global",16,false,false,"ok"
"00593a10","FUN_00593a10","Global",36,false,false,"ok"
"00593a40","FUN_00593a40","Global",100,false,false,"ok"
"00593ab0","FUN_00593ab0","Global",20,false,false,"ok"
"00593c20","FUN_00593c20","Global",16,false,false,"ok"
"00593c50","FUN_00593c50","Global",12,false,false,"ok"
"005948b0","FUN_005948b0","Global",136,false,false,"ok"
"00594b40","FUN_00594b40","Global",28,false,false,"ok"
"00594b70","FUN_00594b70","Global",40,false,false,"ok"
"00594ba0","FUN_00594ba0","Global",8,false,false,"ok"
"00594bd0","FUN_00594bd0","Global",72,false,false,"ok"
"00594c20","FUN_00594c20","Global",32,false,false,"ok"
"005959d0","FUN_005959d0","Global",236,false,false,"ok"
"00595ad0","FUN_00595ad0","Global",116,false,false,"ok"
"00595c00","FUN_00595c00","Global",20,false,false,"ok"
"00595c20","FUN_00595c20","Global",44,false,false,"ok"
"00595c60","FUN_00595c60","Global",56,false,false,"ok"
"00595cb0","FUN_00595cb0","Global",8,false,false,"ok"
"00596310","FUN_00596310","Global",136,false,false,"ok"
"00596800","FUN_00596800","Global",64,false,false,"ok"
"00596850","FUN_00596850","Global",20,false,false,"ok"
"00596870","FUN_00596870","Global",64,false,false,"ok"
"00596c90","FUN_00596c90","Global",28,false,false,"ok"
"00596ef0","FUN_00596ef0","Global",176,false,false,"ok"
"00596fc0","FUN_00596fc0","Global",60,false,false,"ok"
"00597020","FUN_00597020","Global",12,false,false,"ok"
"005972b0","FUN_005972b0","Global",16,false,false,"ok"
"005974f0","FUN_005974f0","Global",16,false,false,"ok"
"00597de0","FUN_00597de0","Global",28,false,false,"ok"
"00598010","FUN_00598010","Global",28,false,false,"ok"
"00598150","FUN_00598150","Global",12,false,false,"ok"
"00598270","FUN_00598270","Global",16,false,false,"ok"
"005984b0","FUN_005984b0","Global",12,false,false,"ok"
"00598630","FUN_00598630","Global",236,false,false,"ok"
"00598740","FUN_00598740","Global",16,false,false,"ok"
"00598900","FUN_00598900","Global",144,false,false,"ok"
"005989a0","FUN_005989a0","Global",16,false,false,"ok"
"00598bd0","FUN_00598bd0","Global",252,false,false,"ok"
"00598f10","FUN_00598f10","Global",8,false,false,"ok"
"00599060","FUN_00599060","Global",68,false,false,"ok"
"005990b0","FUN_005990b0","Global",20,false,false,"ok"
"005997a0","FUN_005997a0","Global",16,false,false,"ok"
"00599b10","FUN_00599b10","Global",20,false,false,"ok"
"00599f00","FUN_00599f00","Global",124,false,false,"ok"
"00599fc0","FUN_00599fc0","Global",188,false,false,"ok"
"0059a100","FUN_0059a100","Global",264,false,false,"ok"
"0059a2c0","FUN_0059a2c0","Global",24,false,false,"ok"
"0059a470","FUN_0059a470","Global",32,false,false,"ok"
"0059a5d0","FUN_0059a5d0","Global",12,false,false,"ok"
"0059c640","FUN_0059c640","Global",12,false,false,"ok"
"0059d120","FUN_0059d120","Global",28,false,false,"ok"
"0059d140","FUN_0059d140","Global",24,false,false,"ok"
"0059d3c0","FUN_0059d3c0","Global",16,false,false,"ok"
"0059d480","FUN_0059d480","Global",232,false,false,"ok"
"0059d5a0","FUN_0059d5a0","Global",28,false,false,"ok"
"0059d7e0","FUN_0059d7e0","Global",16,false,false,"ok"
"0059daa0","FUN_0059daa0","Global",152,false,false,"ok"
"0059db40","FUN_0059db40","Global",8,false,false,"ok"
"0059dd50","FUN_0059dd50","Global",20,false,false,"ok"
"0059e070","FUN_0059e070","Global",20,false,false,"ok"
"0059e350","FUN_0059e350","Global",20,false,false,"ok"
"0059e5b0","FUN_0059e5b0","Global",320,false,false,"ok"
"0059e700","FUN_0059e700","Global",1,false,false,"ok"
"0059e710","FUN_0059e710","Global",144,false,false,"ok"
"0059e7b0","FUN_0059e7b0","Global",84,false,false,"ok"
"0059e820","FUN_0059e820","Global",28,false,false,"ok"
"0059e850","FUN_0059e850","Global",1,false,false,"ok"
"0059e860","FUN_0059e860","Global",24,false,false,"ok"
"0059e880","FUN_0059e880","Global",28,false,false,"ok"
"0059e960","FUN_0059e960","Global",1,false,false,"ok"
"0059e970","FUN_0059e970","Global",28,false,false,"ok"
"0059e9c0","FUN_0059e9c0","Global",16,false,false,"ok"
"0059eb10","FUN_0059eb10","Global",8,false,false,"ok"
"0059eb30","FUN_0059eb30","Global",20,false,false,"ok"
"0059eb80","FUN_0059eb80","Global",1,false,false,"ok"
"0059ebf0","FUN_0059ebf0","Global",12,false,false,"ok"
"0059ecf0","FUN_0059ecf0","Global",12,false,false,"ok"
"0059f100","FUN_0059f100","Global",136,false,false,"ok"
"0059f1b0","FUN_0059f1b0","Global",1,false,false,"ok"
"0059f1c0","FUN_0059f1c0","Global",32,false,false,"ok"
"0059f2b0","FUN_0059f2b0","Global",24,false,false,"ok"
"0059f2e0","FUN_0059f2e0","Global",28,false,false,"ok"
"0059f310","FUN_0059f310","Global",1,false,false,"ok"
"0059f560","FUN_0059f560","Global",244,false,false,"ok"
"0059f660","FUN_0059f660","Global",4,false,false,"ok"
"0059f670","FUN_0059f670","Global",1,false,false,"ok"
"0059f680","FUN_0059f680","Global",1,false,false,"ok"
"0059f6d0","FUN_0059f6d0","Global",44,false,false,"ok"
"0059f710","FUN_0059f710","Global",68,false,false,"ok"
"0059f760","FUN_0059f760","Global",68,false,false,"ok"
"0059f7b0","FUN_0059f7b0","Global",76,false,false,"ok"
"0059f810","FUN_0059f810","Global",64,false,false,"ok"
"0059f870","FUN_0059f870","Global",72,false,false,"ok"
"0059f8f0","FUN_0059f8f0","Global",64,false,false,"ok"
"0059fa30","FUN_0059fa30","Global",180,false,false,"ok"
"0059faf0","FUN_0059faf0","Global",1,false,false,"ok"
"0059fb00","FUN_0059fb00","Global",64,false,false,"ok"
"0059fb90","FUN_0059fb90","Global",84,false,false,"ok"
"0059fc80","FUN_0059fc80","Global",60,false,false,"ok"
"0059fd30","FUN_0059fd30","Global",68,false,false,"ok"
"0059fd80","FUN_0059fd80","Global",68,false,false,"ok"
"0059fe70","FUN_0059fe70","Global",32,false,false,"ok"
"0059fec0","FUN_0059fec0","Global",20,false,false,"ok"
"0059ff20","FUN_0059ff20","Global",152,false,false,"ok"
"0059ffc0","FUN_0059ffc0","Global",28,false,false,"ok"
"005a0010","FUN_005a0010","Global",68,false,false,"ok"
"005a0190","FUN_005a0190","Global",116,false,false,"ok"
"005a0210","FUN_005a0210","Global",116,false,false,"ok"
"005a0290","FUN_005a0290","Global",64,false,false,"ok"
"005a0440","FUN_005a0440","Global",188,false,false,"ok"
"005a0510","FUN_005a0510","Global",76,false,false,"ok"
"005a06a0","FUN_005a06a0","Global",36,false,false,"ok"
"005a06d0","FUN_005a06d0","Global",12,false,false,"ok"
"005a0840","FUN_005a0840","Global",8,false,false,"ok"
"005a09c0","FUN_005a09c0","Global",16,false,false,"ok"
"005a0a30","FUN_005a0a30","Global",12,false,false,"ok"
"005a0bc0","FUN_005a0bc0","Global",1,false,false,"ok"
"005a0bd0","FUN_005a0bd0","Global",48,false,false,"ok"
"005a0c10","FUN_005a0c10","Global",1,false,false,"ok"
"005a0c70","FUN_005a0c70","Global",8,false,false,"ok"
"005a0c80","FUN_005a0c80","Global",124,false,false,"ok"
"005a0d10","FUN_005a0d10","Global",28,false,false,"ok"
"005a0d40","FUN_005a0d40","Global",32,false,false,"ok"
"005a11d0","FUN_005a11d0","Global",196,false,false,"ok"
"005a12d0","FUN_005a12d0","Global",460,false,false,"ok"
"005a14c0","FUN_005a14c0","Global",8,false,false,"ok"
"005a1740","FUN_005a1740","Global",584,false,false,"ok"
"005a19f0","FUN_005a19f0","Global",284,false,false,"ok"
"005a1b20","FUN_005a1b20","Global",12,false,false,"ok"
"005a1c90","FUN_005a1c90","Global",84,false,false,"ok"
"005a1e50","FUN_005a1e50","Global",84,false,false,"ok"
"005a1f50","FUN_005a1f50","Global",8,false,false,"ok"
"005a26a0","FUN_005a26a0","Global",8,false,false,"ok"
"005a28c0","FUN_005a28c0","Global",12,false,false,"ok"
"00629f18","FUN_00629f18","Global",296,false,false,"ok"
"0062a5c8","FUN_0062a5c8","Global",184,false,false,"ok"
"0062a7a8","FUN_0062a7a8","Global",200,false,false,"ok"
"0062a878","FUN_0062a878","Global",148,false,false,"ok"
"0062ac00","FUN_0062ac00","Global",252,false,false,"ok"
"0062ad08","FUN_0062ad08","Global",308,false,false,"ok"
"0062ae48","FUN_0062ae48","Global",80,false,false,"ok"
"0062afe8","FUN_0062afe8","Global",24,false,false,"ok"
"0062b030","FUN_0062b030","Global",432,false,false,"ok"
"006586c0","FUN_006586c0","Global",44,false,false,"ok"
"00658720","FUN_00658720","Global",40,false,false,"ok"
"006587e0","FUN_006587e0","Global",20,false,false,"ok"
"00658b50","FUN_00658b50","Global",72,false,false,"ok"
"00658bb0","FUN_00658bb0","Global",44,false,false,"ok"
"00658e00","FUN_00658e00","Global",40,false,false,"ok"
"00659220","FUN_00659220","Global",48,false,false,"ok"
"00659280","FUN_00659280","Global",40,false,false,"ok"
"006592e0","FUN_006592e0","Global",212,false,false,"ok"
"00659450","FUN_00659450","Global",44,false,false,"ok"
"00659750","FUN_00659750","Global",44,false,false,"ok"
"00659830","FUN_00659830","Global",40,false,false,"ok"
"006598b0","FUN_006598b0","Global",44,false,false,"ok"
"00659a00","FUN_00659a00","Global",44,false,false,"ok"
"00659d60","FUN_00659d60","Global",40,false,false,"ok"
"00659dc0","FUN_00659dc0","Global",40,false,false,"ok"
"0065a0b0","FUN_0065a0b0","Global",40,false,false,"ok"
"0065a110","FUN_0065a110","Global",40,false,false,"ok"
"0065a380","FUN_0065a380","Global",44,false,false,"ok"
"0065a420","FUN_0065a420","Global",40,false,false,"ok"
"0065a560","FUN_0065a560","Global",40,false,false,"ok"
"0065a890","FUN_0065a890","Global",52,false,false,"ok"
"0065aa00","FUN_0065aa00","Global",28,false,false,"ok"
"0065aa90","FUN_0065aa90","Global",44,false,false,"ok"
"0065aaf0","FUN_0065aaf0","Global",40,false,false,"ok"
"0065ab40","FUN_0065ab40","Global",44,false,false,"ok"
"0065abb0","FUN_0065abb0","Global",8,false,false,"ok"
"0065af10","FUN_0065af10","Global",32,false,false,"ok"
"0065afa0","FUN_0065afa0","Global",52,false,false,"ok"
"0065b060","FUN_0065b060","Global",60,false,false,"ok"
"0065b150","FUN_0065b150","Global",40,false,false,"ok"
"0065b2b0","FUN_0065b2b0","Global",44,false,false,"ok"
"0065b300","FUN_0065b300","Global",52,false,false,"ok"
"0065b360","FUN_0065b360","Global",40,false,false,"ok"
"0065b3a0","FUN_0065b3a0","Global",56,false,false,"ok"
"0065b5d0","FUN_0065b5d0","Global",44,false,false,"ok"
"0065b630","FUN_0065b630","Global",872,false,false,"ok"
"0065b9a0","FUN_0065b9a0","Global",400,false,false,"ok"
