address,length,value
"005ef480",13,"""ANIM\\PED.IFP"""
"005efa88",16,"""DOOR_LHinge_O"""
"005efa98",16,"""DOOR_RHinge_O"""
"005efac0",11,"""BIKEs_Ride"""
"005efad0",12,"""BIKEs_Still"""
"005efae0",11,"""BIKEs_Left"""
"005efaf0",12,"""BIKEs_Right"""
"005efb00",11,"""BIKEs_Back"""
"005efb10",10,"""BIKEs_Fwd"""
"005efb20",13,"""BIKEs_pushes"""
"005efb30",10,"""BIKEs_hit"""
"005efb40",17,"""BIKEs_drivebyLHS"""
"005efb60",17,"""BIKEs_drivebyRHS"""
"005efb80",16,"""BIKEs_drivebyFT"""
"005efb90",16,"""BIKEs_passenger"""
"005efbd0",11,"""BIKEv_Ride"""
"005efbe0",12,"""BIKEv_Still"""
"005efbf0",11,"""BIKEv_Left"""
"005efc00",12,"""BIKEv_Right"""
"005efc10",11,"""BIKEv_Back"""
"005efc20",10,"""BIKEv_Fwd"""
"005efc30",13,"""BIKEv_pushes"""
"005efc40",10,"""BIKEv_hit"""
"005efc50",17,"""BIKEv_drivebyLHS"""
"005efc70",17,"""BIKEv_drivebyRHS"""
"005efc90",16,"""BIKEv_drivebyFT"""
"005efca0",16,"""BIKEv_passenger"""
"005efce0",11,"""BIKEh_Ride"""
"005efcf0",12,"""BIKEh_Still"""
"005efd00",11,"""BIKEh_Left"""
"005efd10",12,"""BIKEh_Right"""
"005efd20",11,"""BIKEh_Back"""
"005efd30",10,"""BIKEh_Fwd"""
"005efd40",13,"""BIKEh_pushes"""
"005efd50",10,"""BIKEh_hit"""
"005efd60",17,"""BIKEh_drivebyLHS"""
"005efd80",17,"""BIKEh_drivebyRHS"""
"005efda0",16,"""BIKEh_drivebyFT"""
"005efdb0",16,"""BIKEh_passenger"""
"005efdf0",11,"""BIKEd_Ride"""
"005efe00",12,"""BIKEd_Still"""
"005efe10",11,"""BIKEd_Left"""
"005efe20",12,"""BIKEd_Right"""
"005efe30",11,"""BIKEd_Back"""
"005efe40",10,"""BIKEd_Fwd"""
"005efe50",13,"""BIKEd_pushes"""
"005efe60",10,"""BIKEd_hit"""
"005efe70",17,"""BIKEd_drivebyLHS"""
"005efe90",17,"""BIKEd_drivebyRHS"""
"005efeb0",16,"""BIKEd_drivebyFT"""
"005efec0",16,"""BIKEd_passenger"""
"005eff00",9,"""WF_Still"""
"005eff10",9,"""WF_Right"""
"005eff20",10,"""WF_pushes"""
"005eff30",14,"""WF_drivebyLHS"""
"005eff40",14,"""WF_drivebyRHS"""
"005eff50",13,"""WF_drivebyFT"""
"005eff60",13,"""WF_passenger"""
"005effa0",9,"""BMX_Ride"""
"005effb0",10,"""BMX_still"""
"005effc0",9,"""BMX_Left"""
"005effd0",10,"""BMX_Right"""
"005effe0",9,"""BMX_back"""
"005efff0",11,"""BMX_pushes"""
"005f0000",10,"""BMX_still"""
"005f0010",16,"""BMX_driveby_LHS"""
"005f0020",16,"""BMX_driveby_RHS"""
"005f0030",16,"""BMX_drivebyFT"""
"005f0040",12,"""BMX_Ride"""
"005f0050",16,"""BMX_bunnyhop"""
"005f0060",12,"""BMX_pedal"""
"005f0070",12,"""BMX_sprint"""
"005f00c0",9,"""MTB_Ride"""
"005f00d0",10,"""MTB_still"""
"005f00e0",9,"""MTB_Left"""
"005f00f0",10,"""MTB_Right"""
"005f0100",9,"""MTB_back"""
"005f0110",11,"""MTB_pushes"""
"005f0120",10,"""MTB_still"""
"005f0130",16,"""MTB_driveby_LHS"""
"005f0140",16,"""MTB_driveby_RHS"""
"005f0150",14,"""MTB_drivebyFT"""
"005f0160",9,"""MTB_Ride"""
"005f0170",13,"""MTB_bunnyhop"""
"005f0180",10,"""MTB_pedal"""
"005f0190",11,"""MTB_sprint"""
"005f01e0",12,"""CHOPPA_Ride"""
"005f01f0",13,"""CHOPPA_still"""
"005f0200",12,"""CHOPPA_Left"""
"005f0210",13,"""CHOPPA_Right"""
"005f0220",12,"""CHOPPA_back"""
"005f0230",11,"""CHOPPA_fwd"""
"005f0240",14,"""CHOPPA_pushes"""
"005f0250",13,"""CHOPPA_still"""
"005f0260",19,"""CHOPPA_driveby_LHS"""
"005f0280",19,"""CHOPPA_driveby_RHS"""
"005f02a0",17,"""CHOPPA_drivebyFT"""
"005f02b8",12,"""CHOPPA_Ride"""
"005f02d0",16,"""CHOPPA_bunnyhop"""
"005f02e0",13,"""CHOPPA_pedal"""
"005f02f0",14,"""CHOPPA_sprint"""
"005f0340",10,"""QUAD_ride"""
"005f0350",10,"""QUAD_ride"""
"005f0360",10,"""QUAD_Left"""
"005f0370",11,"""QUAD_Right"""
"005f0380",10,"""QUAD_back"""
"005f0390",9,"""QUAD_FWD"""
"005f03a0",13,"""QUAD_reverse"""
"005f03b0",10,"""QUAD_ride"""
"005f03c0",17,"""QUAD_driveby_LHS"""
"005f03e0",17,"""QUAD_driveby_RHS"""
"005f0400",16,"""QUAD_driveby_FT"""
"005f0410",15,"""QUAD_passenger"""
"005f0530",12,"""python_fire"""
"005f0540",18,"""python_crouchfire"""
"005f0558",14,"""python_reload"""
"005f0570",20,"""python_crouchreload"""
"005f05a0",17,"""python_fire_poor"""
"005f05c0",18,"""python_crouchfire"""
"005f05d8",14,"""python_reload"""
"005f05f0",20,"""python_crouchreload"""
"005f0620",12,"""colt45_fire"""
"005f0630",18,"""colt45_crouchfire"""
"005f0648",14,"""colt45_reload"""
"005f0660",20,"""colt45_crouchreload"""
"005f0690",19,"""colt45_fire_2hands"""
"005f06b0",18,"""colt45_crouchfire"""
"005f06c8",14,"""colt45_reload"""
"005f06e0",20,"""colt45_crouchreload"""
"005f0710",12,"""colt45_fire"""
"005f0720",17,"""2guns_crouchfire"""
"005f0738",14,"""colt45_reload"""
"005f0750",20,"""colt45_crouchreload"""
"005f0780",12,"""colt45_fire"""
"005f0790",18,"""colt45_crouchfire"""
"005f07a8",15,"""sawnoff_reload"""
"005f07c0",20,"""colt45_crouchreload"""
"005f07f0",12,"""colt45_fire"""
"005f0800",17,"""2guns_crouchfire"""
"005f0818",15,"""sawnoff_reload"""
"005f0830",20,"""colt45_crouchreload"""
"005f0860",13,"""Silence_fire"""
"005f0870",18,"""SilenceCrouchFire"""
"005f0888",15,"""Silence_reload"""
"005f0898",13,"""CrouchReload"""
"005f08c0",13,"""shotgun_fire"""
"005f08d0",19,"""shotgun_crouchfire"""
"005f08f0",18,"""shotgun_fire_poor"""
"005f0910",19,"""shotgun_crouchfire"""
"005f0928",11,"""buddy_fire"""
"005f0940",17,"""buddy_crouchfire"""
"005f0958",13,"""buddy_reload"""
"005f0970",19,"""buddy_crouchreload"""
"005f09a0",16,"""buddy_fire_poor"""
"005f09b0",17,"""buddy_crouchfire"""
"005f09c8",13,"""buddy_reload"""
"005f09e0",19,"""buddy_crouchreload"""
"005f0a10",9,"""UZI_fire"""
"005f0a20",15,"""UZI_crouchfire"""
"005f0a30",11,"""UZI_reload"""
"005f0a40",17,"""UZI_crouchreload"""
"005f0a70",14,"""UZI_fire_poor"""
"005f0a80",15,"""UZI_crouchfire"""
"005f0a90",11,"""UZI_reload"""
"005f0aa0",17,"""UZI_crouchreload"""
"005f0ad0",11,"""RIFLE_fire"""
"005f0ae0",17,"""RIFLE_crouchfire"""
"005f0af8",11,"""RIFLE_load"""
"005f0b10",17,"""RIFLE_crouchload"""
"005f0b40",16,"""RIFLE_fire_poor"""
"005f0b50",17,"""RIFLE_crouchfire"""
"005f0b68",11,"""RIFLE_load"""
"005f0b80",17,"""RIFLE_crouchload"""
"005f0bb0",20,"""WEAPON_start_throw"""
"005f0bc8",16,"""WEAPON_throwu"""
"005f0bd8",16,"""WEAPON_throw"""
"005f0bf8",11,"""FLAME_fire"""
"005f0c08",11,"""RocketFire"""
"005f0c18",14,"""spraycan_fire"""
"005f0c28",15,"""goggles_put_on"""
"005f0cb8",9,"""FightA_1"""
"005f0cc8",9,"""FightA_2"""
"005f0cd8",9,"""FightA_3"""
"005f0ce8",9,"""FightA_G"""
"005f0cf8",9,"""FightA_M"""
"005f0d08",13,"""FightA_Block"""
"005f0d18",10,"""FIGHTIDLE"""
"005f0d58",9,"""FightB_1"""
"005f0d68",9,"""FightB_2"""
"005f0d78",9,"""FightB_3"""
"005f0d88",9,"""FightB_G"""
"005f0d98",9,"""FightB_M"""
"005f0da8",13,"""FightB_Block"""
"005f0db8",12,"""FightB_Idle"""
"005f0df8",9,"""FightC_1"""
"005f0e08",9,"""FightC_2"""
"005f0e18",9,"""FightC_3"""
"005f0e28",9,"""FightC_G"""
"005f0e38",9,"""FightC_M"""
"005f0e48",13,"""FightC_Block"""
"005f0e58",12,"""FightC_Idle"""
"005f0e98",9,"""FightD_1"""
"005f0ea8",9,"""FightD_2"""
"005f0eb8",9,"""FightD_3"""
"005f0ec8",9,"""FightD_G"""
"005f0ed8",9,"""FightD_M"""
"005f0ee8",13,"""FightD_Block"""
"005f0ef8",12,"""FightD_Idle"""
"005f0f38",9,"""BAT_PART"""
"005f0f48",10,"""Bat_Hit_1"""
"005f0f58",10,"""Bat_Hit_2"""
"005f0f68",10,"""Bat_Hit_3"""
"005f0f78",10,"""Bat_Block"""
"005f0f88",9,"""Bat_Idle"""
"005f0fc8",11,"""knife_part"""
"005f0fd8",12,"""knife_hit_1"""
"005f0fe8",12,"""knife_hit_2"""
"005f0ff8",12,"""knife_hit_3"""
"005f1008",12,"""knife_block"""
"005f1020",17,"""WEAPON_knifeidle"""
"005f1068",11,"""sword_part"""
"005f1078",12,"""sword_Hit_1"""
"005f1088",12,"""sword_Hit_2"""
"005f1098",12,"""sword_Hit_3"""
"005f10a8",12,"""sword_block"""
"005f10b8",11,"""sword_idle"""
"005f10f8",12,"""Dildo_Hit_1"""
"005f1108",12,"""Dildo_Hit_2"""
"005f1118",12,"""Dildo_Hit_3"""
"005f1128",12,"""Dildo_block"""
"005f1138",11,"""Dildo_idle"""
"005f1178",14,"""Flower_attack"""
"005f1188",14,"""Flower_attack"""
"005f1198",14,"""Flower_attack"""
"005f11a8",14,"""Flower_attack"""
"005f11b8",14,"""Flower_attack"""
"005f11c8",11,"""Flower_hit"""
"005f11d8",11,"""Flower_hit"""
"005f11e8",11,"""Flower_hit"""
"005f1220",10,"""CSaw_Part"""
"005f1230",11,"""CSaw_Hit_1"""
"005f1240",11,"""CSaw_Hit_2"""
"005f1250",11,"""CSaw_Hit_3"""
"005f1260",10,"""CSaw_Part"""
"005f1270",10,"""Idle_CSaw"""
"005f12a8",10,"""FIGHTkick"""
"005f12b8",12,"""FIGHTkick_B"""
"005f12c8",10,"""FIGHTkick"""
"005f12d8",10,"""FIGHTkick"""
"005f12e8",10,"""FIGHTkick"""
"005f12f8",14,"""HIT_FightKick"""
"005f1340",9,"""GUN_BUTT"""
"005f1350",16,"""GUN_BUTT_crouch"""
"005f1360",9,"""GUN_BUTT"""
"005f1370",9,"""GUN_BUTT"""
"005f1380",9,"""GUN_BUTT"""
"005f1390",13,"""HIT_GUN_BUTT"""
"005f13a0",13,"""HIT_GUN_BUTT"""
"005f1470",13,"""KILL_Partial"""
"005f1480",18,"""KILL_Knife_Player"""
"005f14a0",22,"""KILL_Knife_Ped_Damage"""
"005f14c0",19,"""KILL_Knife_Ped_Die"""
"005f1510",16,"""Gang_DrivebyLHS"""
"005f1520",20,"""Gang_DrivebyTop_LHS"""
"005f1540",20,"""Gang_DrivebyLHS_Fwd"""
"005f1560",20,"""Gang_DrivebyLHS_Bwd"""
"005f1580",16,"""Gang_DrivebyRHS"""
"005f1590",20,"""Gang_DrivebyTop_RHS"""
"005f15b0",20,"""Gang_DrivebyRHS_Fwd"""
"005f15d0",20,"""Gang_DrivebyRHS_Bwd"""
"005f1610",17,"""Pass_Driveby_LHS"""
"005f1630",17,"""Pass_Driveby_RHS"""
"005f1650",17,"""Pass_Driveby_FWD"""
"005f1670",17,"""Pass_Driveby_BWD"""
"005f16a0",11,"""COP_Dvby_L"""
"005f16b0",11,"""COP_Dvby_R"""
"005f16c0",12,"""COP_Dvby_FT"""
"005f16d0",11,"""COP_Dvby_B"""
"005f16f0",17,"""Pass_Driveby_LHS"""
"005f1710",17,"""Pass_Driveby_RHS"""
"005f1730",17,"""Pass_Driveby_FWD"""
"005f1750",17,"""Pass_Driveby_BWD"""
"005f17c0",15,"""ParkSit_M_Loop"""
"005f17d0",13,"""Lay_Bac_Loop"""
"005f17e0",15,"""ParkSit_W_Loop"""
"005f1848",13,"""ParkSit_M_in"""
"005f1858",11,"""Lay_Bac_in"""
"005f1868",13,"""ParkSit_W_in"""
"005f1878",11,"""batherdown"""
"005f1888",14,"""SitnWait_in_W"""
"005f1898",14,"""ParkSit_M_out"""
"005f18a8",12,"""Lay_Bac_out"""
"005f18b8",14,"""ParkSit_W_out"""
"005f18c8",9,"""batherup"""
"005f18d8",15,"""SitnWait_out_W"""
"005f18f0",16,"""ParkSit_M_IdleA"""
"005f1900",16,"""ParkSit_M_IdleB"""
"005f1910",16,"""ParkSit_M_IdleC"""
"005f1920",16,"""ParkSit_W_IdleA"""
"005f1930",16,"""ParkSit_W_IdleB"""
"005f1a10",15,"""prtial_gngtlkA"""
"005f1a20",15,"""prtial_gngtlkB"""
"005f1a30",15,"""prtial_gngtlkC"""
"005f1a40",15,"""prtial_gngtlkD"""
"005f1a50",15,"""prtial_gngtlkE"""
"005f1a60",15,"""prtial_gngtlkF"""
"005f1a70",15,"""prtial_gngtlkG"""
"005f1a80",15,"""prtial_gngtlkH"""
"005f1a90",12,"""dealer_deal"""
"005f1aa0",10,"""drugs_buy"""
"005f1ab0",9,"""hndshkaa"""
"005f1ac0",9,"""Hndshkba"""
"005f1ad0",9,"""Hndshkca"""
"005f1ae0",9,"""Hndshkcb"""
"005f1af0",9,"""Hndshkda"""
"005f1b00",9,"""Hndshkea"""
"005f1b10",9,"""Hndshkfa"""
"005f1b20",11,"""shake_cara"""
"005f1b30",12,"""shake_carSH"""
"005f1b40",11,"""shake_carK"""
"005f1b50",12,"""drnkbr_prtl"""
"005f1b60",12,"""smkcig_prtl"""
"005f1b70",14,"""drnkbr_prtl_f"""
"005f1b80",14,"""smkcig_prtl_f"""
"005f1b90",9,"""leanIDLE"""
"005f1ba0",11,"""Invite_yes"""
"005f1bb0",10,"""Invite_no"""
"005f1d28",12,"""Stepsit_in"""
"005f1d38",12,"""Stepsit_out"""
"005f1d48",16,"""Stepsit_loop"""
"005f1d88",9,"""BED_In_L"""
"005f1d98",11,"""BED_Loop_L"""
"005f1da8",10,"""BED_Out_L"""
"005f1db8",9,"""BED_In_R"""
"005f1dc8",11,"""BED_Loop_R"""
"005f1dd8",10,"""BED_Out_R"""
"005f1de8",9,"""LOU_Loop"""
"005f1e28",11,"""OFF_Sit_In"""
"005f1e40",18,"""OFF_Sit_2Idle_180"""
"005f1e60",18,"""OFF_Sit_Idle_Loop"""
"005f1e80",18,"""OFF_Sit_Type_Loop"""
"005f1ea0",19,"""OFF_Sit_Bored_Loop"""
"005f1eb8",14,"""OFF_Sit_Crash"""
"005f1ec8",14,"""OFF_Sit_Drink"""
"005f1ed8",13,"""OFF_Sit_Read"""
"005f1ee8",14,"""OFF_Sit_Watch"""
"005f1f28",12,"""shop_shelf"""
"005f1f38",12,"""shop_pay"""
"005f1f48",16,"""shop_cashier"""
"005f2060",11,"""riot_angry"""
"005f2070",13,"""riot_angry_b"""
"005f2080",11,"""riot_chant"""
"005f2090",13,"""riot_punches"""
"005f20a0",11,"""riot_shout"""
"005f20b0",15,"""riot_challenge"""
"005f20c0",10,"""riot_fuku"""
"005f21a8",9,"""gsign1LH"""
"005f21b8",9,"""gsign2LH"""
"005f21c8",9,"""gsign3LH"""
"005f21d8",9,"""gsign4LH"""
"005f21e8",9,"""gsign5LH"""
"005f2218",9,"""lhgsign1"""
"005f2228",9,"""lhgsign2"""
"005f2238",9,"""lhgsign3"""
"005f2248",9,"""lhgsign4"""
"005f2258",9,"""lhgsign5"""
"005f2288",9,"""rhgsign1"""
"005f2298",9,"""rhgsign2"""
"005f22a8",9,"""rhgsign3"""
"005f22b8",9,"""rhgsign4"""
"005f22c8",9,"""rhgsign5"""
"005f2388",12,"""walk_player"""
"005f2398",11,"""run_player"""
"005f23a8",12,"""SPRINT_civi"""
"005f23b8",12,"""IDLE_STANCE"""
"005f23c8",10,"""roadcross"""
"005f23d8",11,"""walk_start"""
"005f2408",10,"""fatsprint"""
"005f2418",13,"""fatwalkstart"""
"005f2448",11,"""musclewalk"""
"005f2458",10,"""musclerun"""
"005f2468",13,"""musclesprint"""
"005f2478",11,"""muscleidle"""
"005f2488",11,"""muscleidle"""
"005f24a0",16,"""musclewalkstart"""
"005f24c8",12,"""walk_rocket"""
"005f24d8",11,"""run_rocket"""
"005f24e8",11,"""run_rocket"""
"005f24f8",12,"""idle_rocket"""
"005f2508",10,"""roadcross"""
"005f2520",18,"""walk_start_rocket"""
"005f2558",15,"""fatwalk_rocket"""
"005f2568",14,"""fatrun_rocket"""
"005f2578",14,"""fatrun_rocket"""
"005f2588",15,"""fatidle_rocket"""
"005f2598",15,"""fatidle_rocket"""
"005f25b0",17,"""fatwalkst_rocket"""
"005f25f0",18,"""musclewalk_rocket"""
"005f2608",15,"""mscle_rckt_run"""
"005f2618",15,"""mscle_rckt_run"""
"005f2630",18,"""muscleidle_rocket"""
"005f2650",18,"""muscleidle_rocket"""
"005f2670",18,"""mscle_rckt_walkst"""
"005f26a8",11,"""walk_armed"""
"005f26b8",10,"""run_armed"""
"005f26c8",10,"""run_armed"""
"005f26d8",11,"""idle_armed"""
"005f26e8",10,"""roadcross"""
"005f2700",17,"""walk_start_armed"""
"005f2738",14,"""fatwalk_armed"""
"005f2748",13,"""fatrun_armed"""
"005f2758",13,"""fatrun_armed"""
"005f2768",14,"""fatidle_armed"""
"005f2778",14,"""fatidle_armed"""
"005f27c0",17,"""musclewalk_armed"""
"005f27e0",16,"""musclerun_armed"""
"005f27f0",16,"""musclerun_armed"""
"005f2800",17,"""muscleidle_armed"""
"005f2820",17,"""muscleidle_armed"""
"005f2840",18,"""msclewalkst_armed"""
"005f2878",12,"""walk_player"""
"005f2888",11,"""run_player"""
"005f2898",11,"""run_player"""
"005f28a8",12,"""IDLE_STANCE"""
"005f28b8",10,"""roadcross"""
"005f28c8",11,"""walk_start"""
"005f28f8",13,"""fatwalkstart"""
"005f2928",11,"""musclewalk"""
"005f2938",10,"""musclerun"""
"005f2948",10,"""musclerun"""
"005f2958",11,"""muscleidle"""
"005f2968",11,"""muscleidle"""
"005f2980",16,"""musclewalkstart"""
"005f29a8",10,"""walk_csaw"""
"005f29b8",9,"""run_csaw"""
"005f29c8",9,"""run_csaw"""
"005f29d8",10,"""IDLE_csaw"""
"005f29e8",10,"""roadcross"""
"005f2a00",16,"""walk_start_csaw"""
"005f2a28",13,"""fatwalk_csaw"""
"005f2a38",12,"""fatrun_csaw"""
"005f2a48",12,"""fatrun_csaw"""
"005f2a58",13,"""fatidle_csaw"""
"005f2a68",13,"""fatidle_csaw"""
"005f2a80",18,"""fatwalkstart_csaw"""
"005f2ac0",16,"""musclewalk_csaw"""
"005f2ad0",15,"""mscle_run_csaw"""
"005f2ae0",15,"""mscle_run_csaw"""
"005f2af0",16,"""muscleidle_csaw"""
"005f2b00",16,"""muscleidle_csaw"""
"005f2b10",17,"""msclewalkst_csaw"""
"005f2b48",13,"""player_sneak"""
"005f2b58",11,"""run_player"""
"005f2b68",12,"""SPRINT_civi"""
"005f2b78",12,"""IDLE_STANCE"""
"005f2b88",10,"""roadcross"""
"005f2ba0",23,"""player_sneak_walkstart"""
"005f2bd8",12,"""walk_player"""
"005f2be8",11,"""run_player"""
"005f2bf8",12,"""SPRINT_civi"""
"005f2c08",13,"""Jetpack_Idle"""
"005f2c18",10,"""roadcross"""
"005f2c28",11,"""walk_start"""
"005f2c58",12,"""Swim_Breast"""
"005f2c68",11,"""SWIM_crawl"""
"005f2c80",16,"""Swim_Dive_Under"""
"005f2c90",11,"""Swim_Under"""
"005f2ca0",11,"""Swim_Glide"""
"005f2cb0",13,"""Swim_jumpout"""
"005f2d10",12,"""crry_prtial"""
"005f2d40",12,"""crry_prtial"""
"005f2d80",12,"""crry_prtial"""
"005f2dc8",12,"""idle_tired"""
"005f2dd8",14,"""CAR_align_LHS"""
"005f2de8",14,"""CAR_align_RHS"""
"005f2e00",16,"""CAR_alignHI_LHS"""
"005f2e10",16,"""CAR_alignHI_RHS"""
"005f2e20",13,"""CAR_open_LHS"""
"005f2e30",13,"""CAR_open_RHS"""
"005f2e40",13,"""CAR_open_LHS"""
"005f2e50",13,"""CAR_open_RHS"""
"005f2e60",14,"""CAR_getin_LHS"""
"005f2e70",14,"""CAR_getin_RHS"""
"005f2e80",14,"""CAR_getin_LHS"""
"005f2e90",14,"""CAR_getin_RHS"""
"005f2ea0",16,"""CAR_pullout_LHS"""
"005f2eb0",16,"""CAR_pullout_RHS"""
"005f2ec0",18,"""CAR_closedoor_LHS"""
"005f2ee0",18,"""CAR_closedoor_RHS"""
"005f2f00",18,"""CAR_closedoor_LHS"""
"005f2f20",18,"""CAR_closedoor_RHS"""
"005f2f40",16,"""CAR_shuffle_RHS"""
"005f2f50",16,"""CAR_shuffle_RHS"""
"005f2f60",15,"""CAR_getout_LHS"""
"005f2f70",15,"""CAR_getout_RHS"""
"005f2f80",15,"""CAR_getout_LHS"""
"005f2f90",15,"""CAR_getout_RHS"""
"005f2fa0",14,"""CAR_jackedLHS"""
"005f2fb0",14,"""CAR_jackedRHS"""
"005f2fc0",14,"""CAR_close_LHS"""
"005f2fd0",14,"""CAR_close_RHS"""
"005f2fe0",14,"""CAR_close_LHS"""
"005f2ff0",14,"""CAR_close_RHS"""
"005f3000",16,"""CAR_rollout_LHS"""
"005f3010",16,"""CAR_rollout_RHS"""
"005f3020",13,"""CAR_rolldoor"""
"005f3030",16,"""CAR_fallout_LHS"""
"005f3040",16,"""CAR_fallout_RHS"""
"005f3050",19,"""CAR_doorlocked_LHS"""
"005f3070",19,"""CAR_doorlocked_RHS"""
"005f3130",14,"""CAR_align_LHS"""
"005f3140",14,"""CAR_align_RHS"""
"005f3150",16,"""CAR_alignHI_LHS"""
"005f3160",16,"""CAR_alignHI_RHS"""
"005f3170",13,"""CAR_open_LHS"""
"005f3180",13,"""CAR_open_RHS"""
"005f3190",13,"""CAR_open_LHS"""
"005f31a0",13,"""CAR_open_RHS"""
"005f31b0",15,"""CAR_getinL_LHS"""
"005f31c0",15,"""CAR_getinL_RHS"""
"005f31d0",15,"""CAR_getinL_LHS"""
"005f31e0",15,"""CAR_getinL_RHS"""
"005f31f0",17,"""CAR_pulloutL_LHS"""
"005f3210",17,"""CAR_pulloutL_RHS"""
"005f3230",19,"""CAR_closedoorL_LHS"""
"005f3250",19,"""CAR_closedoorL_RHS"""
"005f3270",19,"""CAR_closedoorL_LHS"""
"005f3290",19,"""CAR_closedoorL_RHS"""
"005f32b0",17,"""CAR_Lshuffle_RHS"""
"005f32d0",17,"""CAR_Lshuffle_RHS"""
"005f32f0",16,"""CAR_getoutL_LHS"""
"005f3300",16,"""CAR_getoutL_RHS"""
"005f3310",16,"""CAR_getoutL_LHS"""
"005f3320",16,"""CAR_getoutL_RHS"""
"005f3330",15,"""CAR_LjackedLHS"""
"005f3340",15,"""CAR_LjackedRHS"""
"005f3350",14,"""CAR_close_LHS"""
"005f3360",14,"""CAR_close_RHS"""
"005f3370",14,"""CAR_close_LHS"""
"005f3380",14,"""CAR_close_RHS"""
"005f3390",16,"""CAR_rollout_LHS"""
"005f33a0",16,"""CAR_rollout_RHS"""
"005f33b0",15,"""CAR_rolldoorLO"""
"005f33c0",16,"""CAR_fallout_LHS"""
"005f33d0",16,"""CAR_fallout_RHS"""
"005f33e0",19,"""CAR_doorlocked_LHS"""
"005f3400",19,"""CAR_doorlocked_RHS"""
"005f34c0",16,"""TRUCK_ALIGN_LHS"""
"005f34d0",16,"""TRUCK_ALIGN_RHS"""
"005f34e0",16,"""TRUCK_ALIGN_LHS"""
"005f34f0",16,"""TRUCK_ALIGN_LHS"""
"005f3500",15,"""TRUCK_open_LHS"""
"005f3510",15,"""TRUCK_open_RHS"""
"005f3520",15,"""TRUCK_open_LHS"""
"005f3530",15,"""TRUCK_open_RHS"""
"005f3540",16,"""TRUCK_getin_LHS"""
"005f3550",16,"""TRUCK_getin_RHS"""
"005f3560",16,"""TRUCK_getin_LHS"""
"005f3570",16,"""TRUCK_getin_RHS"""
"005f3580",18,"""TRUCK_pullout_LHS"""
"005f35a0",18,"""TRUCK_pullout_RHS"""
"005f35c0",20,"""TRUCK_closedoor_LHS"""
"005f35e0",20,"""TRUCK_closedoor_RHS"""
"005f3600",20,"""TRUCK_closedoor_LHS"""
"005f3620",20,"""TRUCK_closedoor_RHS"""
"005f3638",14,"""TRUCK_Shuffle"""
"005f3648",14,"""TRUCK_Shuffle"""
"005f3660",17,"""TRUCK_getout_LHS"""
"005f3680",17,"""TRUCK_getout_RHS"""
"005f36a0",17,"""TRUCK_getout_LHS"""
"005f36c0",17,"""TRUCK_getout_RHS"""
"005f36e0",16,"""TRUCK_jackedLHS"""
"005f36f0",16,"""TRUCK_jackedRHS"""
"005f3700",16,"""TRUCK_close_LHS"""
"005f3710",16,"""TRUCK_close_RHS"""
"005f3720",16,"""TRUCK_close_LHS"""
"005f3730",16,"""TRUCK_close_RHS"""
"005f37e0",13,"""BIKE_pickupR"""
"005f37f0",13,"""BIKE_pickupL"""
"005f3800",13,"""BIKE_pullupR"""
"005f3810",13,"""BIKE_pullupL"""
"005f3820",12,"""BIKE_elbowL"""
"005f3830",12,"""BIKE_elbowR"""
"005f3840",12,"""BIKE_elbowL"""
"005f3850",14,"""BIKE_fall_off"""
"005f3860",14,"""BIKE_fall_off"""
"005f3910",14,"""BIKEs_jumponR"""
"005f3920",14,"""BIKEs_jumponL"""
"005f3930",14,"""BIKEs_jumponR"""
"005f3940",14,"""BIKEs_jumponL"""
"005f3950",11,"""BIKEs_kick"""
"005f3960",16,"""BIKEs_getoffRHS"""
"005f3970",16,"""BIKEs_getoffLHS"""
"005f3980",16,"""BIKEs_getoffRHS"""
"005f3990",16,"""BIKEs_getoffLHS"""
"005f39a0",17,"""BIKEs_getoffBACK"""
"005f39c0",17,"""BIKEs_getoffBACK"""
"005f39e0",17,"""BIKEs_getoffBACK"""
"005f3aa0",14,"""BIKEv_jumponR"""
"005f3ab0",14,"""BIKEv_jumponL"""
"005f3ac0",14,"""BIKEv_jumponR"""
"005f3ad0",14,"""BIKEv_jumponL"""
"005f3ae0",11,"""BIKEv_kick"""
"005f3af0",16,"""BIKEv_getoffRHS"""
"005f3b00",16,"""BIKEv_getoffLHS"""
"005f3b10",16,"""BIKEv_getoffRHS"""
"005f3b20",16,"""BIKEv_getoffLHS"""
"005f3b30",17,"""BIKEv_getoffBACK"""
"005f3b50",17,"""BIKEv_getoffBACK"""
"005f3b70",17,"""BIKEv_getoffBACK"""
"005f3c30",14,"""Bikeh_jumponL"""
"005f3c40",14,"""Bikeh_jumponR"""
"005f3c50",14,"""Bikeh_jumponL"""
"005f3c60",14,"""Bikeh_jumponR"""
"005f3c70",11,"""Bikeh_kick"""
"005f3c80",16,"""Bikeh_getoffRHS"""
"005f3c90",16,"""Bikeh_getoffLHS"""
"005f3ca0",16,"""Bikeh_getoffRHS"""
"005f3cb0",16,"""Bikeh_getoffLHS"""
"005f3cc0",17,"""Bikeh_getoffBACK"""
"005f3ce0",17,"""Bikeh_getoffBACK"""
"005f3d00",17,"""Bikeh_getoffBACK"""
"005f3dc0",14,"""Biked_jumponR"""
"005f3dd0",14,"""Biked_jumponL"""
"005f3de0",14,"""Biked_jumponR"""
"005f3df0",14,"""Biked_jumponL"""
"005f3e00",11,"""Biked_kick"""
"005f3e10",16,"""Biked_getoffRHS"""
"005f3e20",16,"""Biked_getoffLHS"""
"005f3e30",16,"""Biked_getoffRHS"""
"005f3e40",16,"""Biked_getoffLHS"""
"005f3e50",17,"""Biked_getoffBACK"""
"005f3e70",17,"""Biked_getoffBACK"""
"005f3e90",17,"""Biked_getoffBACK"""
"005f3f50",11,"""wf_jumponL"""
"005f3f60",11,"""wf_jumponR"""
"005f3f70",11,"""wf_jumponL"""
"005f3f80",11,"""wf_jumponR"""
"005f3f90",13,"""wf_getoffLHS"""
"005f3fa0",13,"""wf_getoffRHS"""
"005f3fb0",13,"""wf_getoffLHS"""
"005f3fc0",13,"""wf_getoffRHS"""
"005f3fd0",14,"""wf_getoffBACK"""
"005f3fe0",14,"""wf_getoffBACK"""
"005f3ff0",14,"""wf_getoffBACK"""
"005f40a0",12,"""bmx_jumponL"""
"005f40b0",12,"""bmx_jumponR"""
"005f40c0",12,"""bmx_jumponL"""
"005f40d0",12,"""bmx_jumponR"""
"005f40e0",14,"""bmx_getoffLHS"""
"005f40f0",14,"""bmx_getoffRHS"""
"005f4100",14,"""bmx_getoffLHS"""
"005f4110",14,"""bmx_getoffRHS"""
"005f4120",15,"""bmx_getoffBACK"""
"005f4130",15,"""bmx_getoffBACK"""
"005f4140",15,"""bmx_getoffBACK"""
"005f41f0",12,"""mtb_jumponL"""
"005f4200",12,"""mtb_jumponR"""
"005f4210",12,"""mtb_jumponL"""
"005f4220",12,"""mtb_jumponR"""
"005f4230",14,"""mtb_getoffLHS"""
"005f4240",14,"""mtb_getoffRHS"""
"005f4250",14,"""mtb_getoffLHS"""
"005f4260",14,"""mtb_getoffRHS"""
"005f4270",15,"""mtb_getoffBACK"""
"005f4280",15,"""mtb_getoffBACK"""
"005f4290",15,"""mtb_getoffBACK"""
"005f4340",15,"""choppa_jumponL"""
"005f4350",15,"""choppa_jumponR"""
"005f4360",15,"""choppa_jumponL"""
"005f4370",15,"""choppa_jumponR"""
"005f4380",17,"""choppa_getoffLHS"""
"005f43a0",17,"""choppa_getoffRHS"""
"005f43c0",17,"""choppa_getoffLHS"""
"005f43e0",17,"""choppa_getoffRHS"""
"005f4400",18,"""choppa_getoffBACK"""
"005f4420",18,"""choppa_getoffBACK"""
"005f4440",18,"""choppa_getoffBACK"""
"005f4500",15,"""quad_geton_LHS"""
"005f4510",15,"""quad_geton_RHS"""
"005f4520",15,"""quad_geton_LHS"""
"005f4530",15,"""quad_geton_RHS"""
"005f4540",10,"""quad_kick"""
"005f4550",16,"""quad_getoff_LHS"""
"005f4560",16,"""quad_getoff_RHS"""
"005f4570",16,"""quad_getoff_LHS"""
"005f4580",16,"""quad_getoff_RHS"""
"005f4590",14,"""quad_getoff_B"""
"005f45a0",14,"""quad_getoff_B"""
"005f45b0",14,"""quad_getoff_B"""
"005f4660",18,"""VAN_open_back_LHS"""
"005f4680",18,"""VAN_open_back_RHS"""
"005f46a0",19,"""VAN_getin_back_LHS"""
"005f46c0",19,"""VAN_getin_back_RHS"""
"005f46e0",19,"""VAN_close_back_LHS"""
"005f4700",19,"""VAN_close_back_RHS"""
"005f4720",20,"""VAN_getout_back_LHS"""
"005f4740",20,"""VAN_getout_back_RHS"""
"005f4800",16,"""Plane_align_LHS"""
"005f4810",11,"""Plane_open"""
"005f4820",12,"""Plane_getin"""
"005f4830",12,"""Plane_close"""
"005f4840",13,"""Plane_getout"""
"005f4850",12,"""Plane_close"""
"005f4900",11,"""COACH_opnL"""
"005f4910",11,"""COACH_opnR"""
"005f4920",11,"""COACH_opnL"""
"005f4930",11,"""COACH_opnR"""
"005f4940",10,"""COACH_inL"""
"005f4950",10,"""COACH_inR"""
"005f4960",10,"""COACH_inL"""
"005f4970",10,"""COACH_inR"""
"005f4980",11,"""COACH_outL"""
"005f4990",11,"""COACH_outR"""
"005f49a0",11,"""COACH_outL"""
"005f49b0",11,"""COACH_outR"""
"005f4a60",9,"""BUS_open"""
"005f4a70",13,"""BUS_open_RHS"""
"005f4a80",9,"""BUS_open"""
"005f4a90",14,"""BUS_getin_LHS"""
"005f4aa0",14,"""BUS_getin_RHS"""
"005f4ab0",14,"""BUS_getin_LHS"""
"005f4ac0",16,"""BUS_pullout_LHS"""
"005f4ad0",16,"""BUS_pullout_LHS"""
"005f4ae0",10,"""BUS_close"""
"005f4af0",10,"""BUS_close"""
"005f4b00",15,"""BUS_getout_LHS"""
"005f4b10",15,"""BUS_getout_RHS"""
"005f4b20",15,"""BUS_getout_LHS"""
"005f4b30",15,"""BUS_jacked_LHS"""
"005f4b40",15,"""BUS_jacked_LHS"""
"005f4b50",10,"""BUS_close"""
"005f4b60",10,"""BUS_close"""
"005f4c10",16,"""DOZER_align_LHS"""
"005f4c20",16,"""DOZER_align_RHS"""
"005f4c30",16,"""DOZER_align_LHS"""
"005f4c40",16,"""DOZER_align_LHS"""
"005f4c50",16,"""DOZER_getin_LHS"""
"005f4c60",16,"""DOZER_getin_RHS"""
"005f4c70",16,"""DOZER_getin_LHS"""
"005f4c80",16,"""DOZER_getin_RHS"""
"005f4c90",18,"""DOZER_pullout_LHS"""
"005f4cb0",18,"""DOZER_pullout_RHS"""
"005f4cd0",17,"""DOZER_getout_LHS"""
"005f4cf0",17,"""DOZER_getout_RHS"""
"005f4d10",17,"""DOZER_getout_LHS"""
"005f4d30",17,"""DOZER_getout_RHS"""
"005f4d50",17,"""DOZER_Jacked_LHS"""
"005f4d70",17,"""DOZER_Jacked_RHS"""
"005f4e30",15,"""KART_getin_LHS"""
"005f4e40",15,"""KART_getin_RHS"""
"005f4e50",16,"""KART_getout_LHS"""
"005f4e60",16,"""KART_getout_RHS"""
"005f4f10",14,"""CAR_align_LHS"""
"005f4f20",14,"""CAR_align_RHS"""
"005f4f30",16,"""CAR_alignHI_LHS"""
"005f4f40",16,"""CAR_alignHI_RHS"""
"005f4f50",13,"""CAR_open_LHS"""
"005f4f60",13,"""CAR_open_RHS"""
"005f4f70",13,"""CAR_open_LHS"""
"005f4f80",13,"""CAR_open_RHS"""
"005f4f90",15,"""CAR_jumpin_LHS"""
"005f4fa0",14,"""CAR_getin_RHS"""
"005f4fb0",15,"""CAR_jumpin_LHS"""
"005f4fc0",14,"""CAR_getin_RHS"""
"005f4fd0",16,"""CAR_pullout_LHS"""
"005f4fe0",16,"""CAR_pullout_RHS"""
"005f4ff0",18,"""CAR_closedoor_LHS"""
"005f5010",18,"""CAR_closedoor_RHS"""
"005f5030",18,"""CAR_closedoor_LHS"""
"005f5050",18,"""CAR_closedoor_RHS"""
"005f5070",16,"""CAR_shuffle_RHS"""
"005f5080",16,"""CAR_shuffle_RHS"""
"005f5090",15,"""CAR_getout_LHS"""
"005f50a0",15,"""CAR_getout_RHS"""
"005f50b0",15,"""CAR_getout_LHS"""
"005f50c0",15,"""CAR_getout_RHS"""
"005f50d0",14,"""CAR_jackedLHS"""
"005f50e0",14,"""CAR_jackedRHS"""
"005f50f0",14,"""CAR_close_LHS"""
"005f5100",14,"""CAR_close_RHS"""
"005f5110",14,"""CAR_close_LHS"""
"005f5120",14,"""CAR_close_RHS"""
"005f5130",16,"""CAR_rollout_LHS"""
"005f5140",16,"""CAR_rollout_RHS"""
"005f5150",13,"""CAR_rolldoor"""
"005f5160",16,"""CAR_fallout_LHS"""
"005f5170",16,"""CAR_fallout_RHS"""
"005f5180",19,"""CAR_doorlocked_LHS"""
"005f51a0",19,"""CAR_doorlocked_RHS"""
"005f5260",15,"""CAR_jumpin_LHS"""
"005f5270",15,"""CAR_jumpin_RHS"""
"005f5280",18,"""vortex_getout_LHS"""
"005f52a0",18,"""vortex_getout_RHS"""
"005f5360",15,"""TANK_align_LHS"""
"005f5370",14,"""TANK_open_LHS"""
"005f5380",15,"""TANK_getin_LHS"""
"005f5390",15,"""TANK_close_LHS"""
"005f53a0",16,"""TANK_getout_LHS"""
"005f5460",13,"""BF_getin_LHS"""
"005f5470",13,"""BF_getin_RHS"""
"005f5480",14,"""BF_getout_LHS"""
"005f5490",14,"""BF_getout_RHS"""
"005f5540",16,"""SHAMAL_align"""
"005f5550",12,"""SHAMAL_open"""
"005f5560",17,"""SHAMAL_getin_LHS"""
"005f5580",18,"""SHAMAL_getout_LHS"""
"005f5650",12,"""Plane_getin"""
"005f5660",12,"""Plane_close"""
"005f5670",13,"""Plane_getout"""
"005f5680",12,"""Plane_close"""
"005f5730",13,"""NEVADA_getin"""
"005f5740",14,"""NEVADA_getout"""
"005f5e30",8,"""default"""
"005f5e90",8,"""bikes"""
"005f5ea0",8,"""bikes"""
"005f5f20",8,"""biked"""
"005f5f30",8,"""biked"""
"005f5f50",12,"""wayfarer"""
"005f5f60",12,"""wayfarer"""
"005f5fe0",8,"""choppa"""
"005f5ff0",8,"""choppa"""
"005f6040",8,"""python"""
"005f6050",8,"""python"""
"005f6070",12,"""pythonbad"""
"005f6080",8,"""python"""
"005f60d0",12,"""colt_cop"""
"005f6130",8,"""sawnoff"""
"005f6160",12,"""sawnoffpro"""
"005f6190",12,"""silenced"""
"005f61a0",12,"""silenced"""
"005f61f0",12,"""shotgunbad"""
"005f6250",12,"""buddybad"""
"005f62e0",8,"""rifle"""
"005f62f0",8,"""rifle"""
"005f6310",12,"""riflebad"""
"005f6320",8,"""rifle"""
"005f6340",8,"""sniper"""
"005f6350",8,"""rifle"""
"005f6370",8,"""grenade"""
"005f6380",8,"""grenade"""
"005f63a0",8,"""flame"""
"005f63b0",8,"""flame"""
"005f63d0",8,"""rocket"""
"005f63e0",8,"""rocket"""
"005f6400",12,"""spraycan"""
"005f6410",12,"""spraycan"""
"005f6430",8,"""goggles"""
"005f6440",8,"""goggles"""
"005f6460",8,"""melee_1"""
"005f6490",8,"""melee_2"""
"005f64a0",8,"""fight_b"""
"005f64c0",8,"""melee_3"""
"005f64d0",8,"""fight_c"""
"005f6500",8,"""fight_d"""
"005f6530",12,"""baseball"""
"005f6560",12,"""baseball"""
"005f65b0",8,"""sword_1"""
"005f65c0",8,"""sword"""
"005f6610",12,"""flowers_1"""
"005f6620",8,"""flowers"""
"005f6650",12,"""chainsaw"""
"005f6670",12,"""kick_std"""
"005f66d0",8,"""medic"""
"005f66e0",8,"""medic"""
"005f6700",8,"""beach"""
"005f6710",8,"""beach"""
"005f6730",12,"""sunbathe"""
"005f6740",12,"""sunbathe"""
"005f6760",12,"""playidles"""
"005f6770",12,"""playidles"""
"005f67c0",8,"""strip"""
"005f67d0",8,"""strip"""
"005f67f0",8,"""gangs"""
"005f6800",8,"""gangs"""
"005f6820",12,"""attractors"""
"005f6830",12,"""attractors"""
"005f6850",8,"""player"""
"005f68b0",12,"""muscular"""
"005f68c0",12,"""muscular"""
"005f68e0",16,"""playerrocket"""
"005f6910",16,"""playerrocketf"""
"005f6940",16,"""playerrocketm"""
"005f6950",12,"""muscular"""
"005f6970",16,"""player2armed"""
"005f69a0",16,"""player2armedf"""
"005f69d0",16,"""player2armedm"""
"005f69e0",12,"""muscular"""
"005f6a00",12,"""playerBBBat"""
"005f6a30",16,"""playerBBBatf"""
"005f6a60",16,"""playerBBBatm"""
"005f6a70",12,"""muscular"""
"005f6a90",12,"""playercsaw"""
"005f6ac0",12,"""playercsawf"""
"005f6af0",12,"""playercsawm"""
"005f6b00",12,"""muscular"""
"005f6b20",12,"""playersneak"""
"005f6b50",16,"""playerjetpack"""
"005f6bb0",12,"""drivebys"""
"005f6bc0",12,"""drivebys"""
"005f6c70",12,"""fat_tired"""
"005f6ca0",12,"""handsignal"""
"005f6cb0",8,"""ghands"""
"005f6cd0",12,"""handsignalL"""
"005f6ce0",8,"""ghands"""
"005f6d00",8,"""lhand"""
"005f6d10",8,"""ghands"""
"005f6d30",8,"""rhand"""
"005f6d40",8,"""ghands"""
"005f6d60",8,"""carry"""
"005f6d70",8,"""carry"""
"005f6da0",8,"""carry"""
"005f6dd0",8,"""carry"""
"005f6df0",12,"""int_house"""
"005f6e00",12,"""int_house"""
"005f6e20",12,"""int_office"""
"005f6e30",12,"""int_office"""
"005f6e50",12,"""int_shop"""
"005f6e60",12,"""int_shop"""
"005f6e80",12,"""stealth_kn"""
"005f6eb0",12,"""stdcaramims"""
"005f6ee0",12,"""lowcaramims"""
"005f6f10",12,"""trkcaranims"""
"005f6f20",8,"""truck"""
"005f6f40",16,"""stdbikeanims"""
"005f6f70",16,"""sportbikeanims"""
"005f6f80",8,"""bikes"""
"005f6fa0",16,"""vespabikeanims"""
"005f6fd0",16,"""harleybikeanims"""
"005f7000",16,"""dirtbikeanims"""
"005f7010",8,"""biked"""
"005f7030",16,"""wayfbikeanims"""
"005f7040",12,"""wayfarer"""
"005f7060",16,"""bmxbikeanims"""
"005f7090",16,"""mtbbikeanims"""
"005f70c0",16,"""choppabikeanims"""
"005f70d0",8,"""choppa"""
"005f70f0",16,"""quadbikeanims"""
"005f7120",12,"""vancaranims"""
"005f7150",16,"""rustplaneanims"""
"005f7160",8,"""rustler"""
"005f7180",16,"""coachcaranims"""
"005f7190",8,"""coach"""
"005f71b0",12,"""buscaranims"""
"005f71e0",16,"""dozercaranims"""
"005f71f0",8,"""dozer"""
"005f7210",16,"""kartcaranims"""
"005f7240",16,"""convcaranims"""
"005f7270",16,"""mtrkcaranims"""
"005f7280",8,"""truck"""
"005f72a0",16,"""traincarranims"""
"005f72b0",8,"""coach"""
"005f72d0",16,"""stdtallcaramims"""
"005f7300",16,"""hovercaranims"""
"005f7310",8,"""vortex"""
"005f7330",16,"""tankcaranims"""
"005f7360",16,"""bfinjcaramims"""
"005f7370",16,"""BF_injection"""
"005f7390",16,"""learplaneanims"""
"005f73a0",8,"""shamal"""
"005f73c0",16,"""harrplaneanims"""
"005f73d0",8,"""rustler"""
"005f73f0",16,"""stdcarupright"""
"005f7420",16,"""nvadaplaneanims"""
"005f7960",20,"""Bip01 R Clavicle"""
"005f7978",12,"""R UpperArm"""
"005f7988",12,"""R Forearm"""
"005f7998",12,"""R Fingers"""
"005f79a8",12,"""R Finger01"""
"005f79c0",20,"""Bip01 L Clavicle"""
"005f79d8",12,"""L UpperArm"""
"005f79e8",12,"""L Forearm"""
"005f79f8",12,"""L Fingers"""
"005f7a08",12,"""L Finger01"""
"005f7a18",12,"""L Breast"""
"005f7a28",12,"""R Breast"""
"005f7a40",24,"""ASSERT File:%s Line:%d\n"""
"005f7a58",16,"""MemoryHeap.cpp"""
"005f7a70",24,"""ASSERT File:%s Line:%d\n"""
"005f7a88",16,"""MemoryHeap.cpp"""
"005f7aa0",32,"""ASSERT File:%s Line:%d:\n\t%s\n"""
"005f7ac0",16,"""MemoryHeap.cpp"""
"005f7ad0",24,"""Block outside of memory"""
"005f7af0",24,"""ASSERT File:%s Line:%d\n"""
"005f7b08",16,"""MemoryHeap.cpp"""
"005f7b20",29,"""ASSERT File:%s Line:%d:\n\t%s\n"""
"005f7b40",15,"""MemoryHeap.cpp"""
"005f7b50",19,"""MemoryHeap corrupt"""
"005f7b70",32,"""ASSERT File:%s Line:%d:\n\t%s\n"""
"005f7b90",16,"""MemoryHeap.cpp"""
"005f7ba0",24,"""Block outside of memory"""
"005f7bc0",32,"""ASSERT File:%s Line:%d:\n\t%s\n"""
"005f7be0",16,"""MemoryHeap.cpp"""
"005f7bf0",24,"""Block outside of memory"""
"005f7c10",32,"""ASSERT File:%s Line:%d:\n\t%s\n"""
"005f7c30",16,"""MemoryHeap.cpp"""
"005f7c40",20,"""MemoryHeap corrupt"""
"005f7c60",24,"""ASSERT File:%s Line:%d\n"""
"005f7c78",16,"""MemoryHeap.cpp"""
"005f7c90",24,"""ASSERT File:%s Line:%d\n"""
"005f7ca8",16,"""MemoryHeap.cpp"""
"005f7cc0",24,"""ASSERT File:%s Line:%d\n"""
"005f7cd8",16,"""MemoryHeap.cpp"""
"005f7cf0",24,"""ASSERT File:%s Line:%d\n"""
"005f7d08",16,"""MemoryHeap.cpp"""
"005f7d20",24,"""ASSERT File:%s Line:%d\n"""
"005f7d38",16,"""MemoryHeap.cpp"""
"005f7d50",32,"""ASSERT File:%s Line:%d:\n\t%s\n"""
"005f7d70",16,"""MemoryHeap.cpp"""
"005f7d80",20,"""MemoryHeap corrupt"""
"005f7da0",32,"""ASSERT File:%s Line:%d:\n\t%s\n"""
"005f7dc0",16,"""MemoryHeap.cpp"""
"005f7dd0",24,"""Memory isn't aligned"""
"005f7df0",32,"""ASSERT File:%s Line:%d:\n\t%s\n"""
"005f7e10",16,"""MemoryHeap.cpp"""
"005f7e20",40,"""Aligned memory is outside memory block"""
"005f7e50",32,"""ASSERT File:%s Line:%d:\n\t%s\n"""
"005f7e70",16,"""MemoryHeap.cpp"""
"005f7e80",20,"""MemoryHeap corrupt"""
"005f7ebf",49,"""?skyfs.c : Ran out of space in cd info array\n"""
"005f7ef0",24,"""Cannot find %s on CD\n"""
"005f7f38",9,"""particle"""
"005f7f48",9,"""shad_car"""
"005f7f58",9,"""shad_ped"""
"005f7f68",10,"""shad_heli"""
"005f7f78",10,"""shad_bike"""
"005f7f88",13,"""shad_rcbaron"""
"005f7f98",9,"""shad_exp"""
"005f7fa8",10,"""headlight"""
"005f7fb8",11,"""headlight1"""
"005f7fc8",13,"""bloodpool_64"""
"005f7fd8",12,"""wincrack_32"""
"005f7fe8",13,"""lamp_shad_64"""
"005f8010",16,"""explosion_small"""
"005f8020",16,"""explosion_small"""
"005f8030",20,"""explosion_molotov"""
"005f8050",20,"""explosion_molotov"""
"005f8070",16,"""explosion_small"""
"005f8080",16,"""explosion_small"""
"005f8090",20,"""explosion_medium"""
"005f80b0",16,"""explosion_large"""
"005f80c0",16,"""explosion_large"""
"005f80d0",16,"""explosion_large"""
"005f80e0",16,"""explosion_large"""
"005f80f0",16,"""explosion_small"""
"005f8100",16,"""explosion_small"""
"005f8110",16,"""explosion_tiny"""
"005f8120",16,"""explosion_tiny"""
"005f8130",20,"""explosion_fuel_car"""
"005f8148",12,"""teargasAD"""
"005f8158",12,"""camflash"""
"005f8168",13,"""flamethrower"""
"005f8178",9,"""spraycan"""
"005f8188",13,"""extinguisher"""
"005f8198",9,"""particle"""
"005f81a8",10,"""target256"""
"005f81b8",11,"""target256m"""
"005f81c8",11,"""lockonFire"""
"005f81d8",12,"""lockonFireA"""
"005f81e8",13,"""BRASSKNUCKLE"""
"005f81f8",9,"""GOLFCLUB"""
"005f8208",11,"""NIGHTSTICK"""
"005f8218",12,"""BASEBALLBAT"""
"005f8228",9,"""CHAINSAW"""
"005f8238",10,"""ROCKET_HS"""
"005f8248",14,"""FREEFALL_BOMB"""
"005f8260",16,"""PISTOL_SILENCED"""
"005f8270",13,"""DESERT_EAGLE"""
"005f8280",10,"""MICRO_UZI"""
"005f8290",13,"""COUNTRYRIFLE"""
"005f82a0",12,"""SNIPERRIFLE"""
"005f82b0",10,"""RLAUNCHER"""
"005f82c0",13,"""RLAUNCHER_HS"""
"005f82d0",9,"""FTHROWER"""
"005f82e0",15,"""SATCHEL_CHARGE"""
"005f82f0",10,"""DETONATOR"""
"005f8300",9,"""SPRAYCAN"""
"005f8310",13,"""EXTINGUISHER"""
"005f8320",12,"""NIGHTVISION"""
"005f8330",9,"""INFRARED"""
"005f8340",10,"""PARACHUTE"""
"005f842f",13,"""?fire_car"""
"005f8440",12,"""fire_large"""
"005f8480",12,"""heli_dust"""
"005f8490",12,"""boat_prop"""
"005f84a0",12,"""fire_car"""
"005f8590",12,"""LANDSTAL"""
"005f859e",10,"""BRAVURA"""
"005f85ac",8,"""BUFFALO"""
"005f85ba",10,"""LINERUN"""
"005f85c8",8,"""PEREN"""
"005f85d6",10,"""SENTINEL"""
"005f85e4",8,"""DUMPER"""
"005f85f2",10,"""FIRETRUK"""
"005f8600",8,"""TRASH"""
"005f860e",10,"""STRETCH"""
"005f861c",8,"""MANANA"""
"005f862a",10,"""INFERNUS"""
"005f8662",10,"""CHEETAH"""
"005f8670",8,"""AMBULAN"""
"005f867e",10,"""MOONBEAM"""
"005f868c",12,"""ESPERANT"""
"005f86a8",8,"""WASHING"""
"005f86d2",10,"""BFINJECT"""
"005f86e0",8,"""PREMIER"""
"005f86ee",10,"""ENFORCER"""
"005f86fc",12,"""SECURICA"""
"005f870a",10,"""BANSHEE"""
"005f8726",6,"""RHINO"""
"005f8734",12,"""BARRACKS"""
"005f8742",10,"""HOTKNIFE"""
"005f8750",8,"""ARTICT1"""
"005f875e",10,"""PREVION"""
"005f876c",8,"""COACH"""
"005f877a",10,"""CABBIE"""
"005f8788",12,"""STALLION"""
"005f87a4",12,"""RCBANDIT"""
"005f87b2",10,"""ROMERO"""
"005f87c0",8,"""PACKER"""
"005f87ce",10,"""MONSTER"""
"005f87dc",8,"""ADMIRAL"""
"005f87f8",12,"""AIRTRAIN"""
"005f8806",10,"""ARTICT2"""
"005f8814",8,"""TURISMO"""
"005f8822",10,"""FLATBED"""
"005f8830",8,"""YANKEE"""
"005f883e",10,"""GOLFCART"""
"005f884c",8,"""SOLAIR"""
"005f8868",12,"""GLENDALE"""
"005f8876",10,"""OCEANIC"""
"005f8884",8,"""PATRIOT"""
"005f8892",10,"""HERMES"""
"005f88a0",8,"""SABRE"""
"005f88bc",8,"""WALTON"""
"005f88ca",10,"""REGINA"""
"005f88d8",8,"""COMET"""
"005f88e6",10,"""BURRITO"""
"005f88f4",8,"""CAMPER"""
"005f8902",10,"""BAGGAGE"""
"005f8910",8,"""DOZER"""
"005f891e",10,"""RANCHER"""
"005f892c",12,"""FBIRANCH"""
"005f8948",12,"""GREENWOO"""
"005f8956",10,"""HOTRING"""
"005f8964",12,"""SANDKING"""
"005f8972",10,"""BLISTAC"""
"005f8980",12,"""BOXVILLE"""
"005f898e",10,"""BENSON"""
"005f89aa",10,"""BLOODRA"""
"005f89c6",10,"""SUPERGT"""
"005f89d4",8,"""ELEGANT"""
"005f89e2",10,"""JOURNEY"""
"005f89f0",8,"""PETROL"""
"005f89fe",10,"""RDTRAIN"""
"005f8a0c",8,"""NEBULA"""
"005f8a1a",10,"""MAJESTIC"""
"005f8a28",12,"""BUCCANEE"""
"005f8a36",10,"""CEMENT"""
"005f8a44",12,"""TOWTRUCK"""
"005f8a52",10,"""FORTUNE"""
"005f8a60",8,"""CADRONA"""
"005f8a6e",10,"""FBITRUCK"""
"005f8a7c",8,"""WILLARD"""
"005f8a8a",10,"""FORKLIFT"""
"005f8a98",8,"""TRACTOR"""
"005f8aa6",10,"""COMBINE"""
"005f8ab4",8,"""FELTZER"""
"005f8ac2",10,"""REMINGTN"""
"005f8ade",6,"""BLADE"""
"005f8aec",8,"""FREIGHT"""
"005f8afa",10,"""STREAK"""
"005f8b08",8,"""VINCENT"""
"005f8b16",10,"""BULLET"""
"005f8b24",8,"""CLOVER"""
"005f8b32",10,"""SADLER"""
"005f8b40",8,"""RANGER"""
"005f8b4e",10,"""HUSTLER"""
"005f8b5c",12,"""INTRUDER"""
"005f8b6a",6,"""PRIMO"""
"005f8b78",8,"""TAMPA"""
"005f8b86",10,"""SUNRISE"""
"005f8b94",8,"""MERIT"""
"005f8ba2",10,"""UTILITY"""
"005f8bb0",12,"""YOSEMITE"""
"005f8bbe",10,"""WINDSOR"""
"005f8bcc",12,"""MTRUCK_A"""
"005f8bda",10,"""MTRUCK_B"""
"005f8be8",8,"""URANUS"""
"005f8bf6",10,"""JESTER"""
"005f8c04",8,"""SULTAN"""
"005f8c12",10,"""STRATUM"""
"005f8c2e",10,"""RCTIGER"""
"005f8c3c",8,"""FLASH"""
"005f8c4a",10,"""TAHOMA"""
"005f8c58",8,"""SAVANNA"""
"005f8c66",10,"""BANDITO"""
"005f8c74",12,"""FREIFLAT"""
"005f8c82",10,"""CSTREAK"""
"005f8c9e",6,"""MOWER"""
"005f8cba",10,"""SWEEPER"""
"005f8cc8",12,"""BROADWAY"""
"005f8cd6",10,"""TORNADO"""
"005f8cf2",10,"""HUNTLEY"""
"005f8d00",12,"""STAFFORD"""
"005f8d2a",10,"""PETROTR"""
"005f8d38",8,"""EMPEROR"""
"005f8d46",6,"""FLOAT"""
"005f8d54",8,"""EUROS"""
"005f8d7e",10,"""ARTICT3"""
"005f8d9a",10,"""POLICE_LA"""
"005f8da8",12,"""POLICE_SF"""
"005f8db6",10,"""POLICE_VG"""
"005f8dc4",12,"""POLRANGER"""
"005f8dd2",10,"""PICADOR"""
"005f8de0",8,"""SWATVAN"""
"005f8dee",6,"""ALPHA"""
"005f8dfc",8,"""PHOENIX"""
"005f8e26",10,"""STAIRS"""
"005f8e42",10,"""FARM_TR1"""
"005f8e5e",10,"""ROLLER"""
"005f8e7a",6,"""MOPED"""
"005f8e88",12,"""DIRTBIKE"""
"005f8ece",10,"""WAYFARER"""
"005f8edc",12,"""QUADBIKE"""
"005f8ef8",12,"""CHOPPERB"""
"005f8f14",8,"""FREEWAY"""
"005f8f22",10,"""PREDATOR"""
"005f8f30",8,"""SPEEDER"""
"005f8f3e",10,"""REEFER"""
"005f8f5a",10,"""SQUALO"""
"005f8f68",8,"""TROPIC"""
"005f8f76",10,"""COASTGRD"""
"005f8f84",8,"""DINGHY"""
"005f8f92",10,"""MARQUIS"""
"005f8fa0",8,"""CUPBOAT"""
"005f8fae",10,"""LAUNCH"""
"005f8fbc",12,"""SEAPLANE"""
"005f8fca",10,"""VORTEX"""
"005f8fd8",8,"""RUSTLER"""
"005f8fe6",10,"""BEAGLE"""
"005f8ff4",12,"""CROPDUST"""
"005f9002",6,"""STUNT"""
"005f9010",8,"""SHAMAL"""
"005f901e",6,"""HYDRA"""
"005f9048",8,"""ANDROM"""
"005f9064",8,"""SPARROW"""
"005f9072",10,"""SEASPAR"""
"005f9080",12,"""MAVERICK"""
"005f908e",10,"""COASTMAV"""
"005f90aa",10,"""HUNTER"""
"005f90b8",12,"""LEVIATHN"""
"005f90c6",10,"""CARGOBOB"""
"005f90d4",12,"""RAINDANC"""
"005f90e2",10,"""RCBARON"""
"005f90f0",12,"""RCGOBLIN"""
"005f90fe",10,"""RCRAIDER"""
"005f9110",24,"""overheat_car_electric"""
"005f9128",16,"""overheat_car"""
"005f9200",12,"""gunflash"""
"005f9210",12,"""gunflash"""
"005f9220",16,"""ReactToVhclDam"""
"005f9230",16,"""ReactToVhclDam"""
"005f9240",16,"""ReactToVhclDam"""
"005f9250",16,"""ReactToVhclDam"""
"005f9260",16,"""ReactToVhclDam"""
"005f9270",16,"""DATA\\water.dat"""
"005f9280",16,"""DATA\\water1.dat"""
"005f9290",88,"""%f %f %f %f %f %f %f %f %f %f %f %f %f %f %f %f %f %f %f %f %f %f %f %f %f %f %f %f %d"""
"005f92f0",84,"""%f %f %f %f %f %f %f %f %f %f %f %f %f %f %f %f %f %f %f %f %f %f %f %f %f %f %f %f"""
"005f9350",68,"""%f %f %f %f %f %f %f %f %f %f %f %f %f %f %f %f %f %f %f %f %f %d"""
"005f9398",12,"""particle"""
"005f93a8",16,"""waterclear256"""
"005f93b8",12,"""waterwake"""
"005f9428",16,"""AMERICAN.GXT"""
"005f9438",12,"""FRENCH.GXT"""
"005f9448",12,"""GERMAN.GXT"""
"005f9458",12,"""ITALIAN.GXT"""
"005f9468",12,"""SPANISH.GXT"""
"005f9480",24,"""/BESLES-52541GTA50000"""
"005f94a8",16,"""AMERICAN.GXT"""
"005f94b8",12,"""FRENCH.GXT"""
"005f94c8",12,"""GERMAN.GXT"""
"005f94d8",12,"""ITALIAN.GXT"""
"005f94e8",12,"""SPANISH.GXT"""
"005f94f8",16,"""molotov_flame"""
"005f9508",12,"""gunflash"""
"005f9518",16,"""molotov_flame"""
"005f9538",12,"""minigun2"""
"005f9578",15,"""PLAYER_NETWORK"""
"005f9588",14,"""PLAYER_UNUSED"""
"005f9598",10,"""CIVFEMALE"""
"005f95a8",9,"""CRIMINAL"""
"005f95b8",11,"""PROSTITUTE"""
"005f95c8",9,"""MISSION1"""
"005f95d8",9,"""MISSION2"""
"005f95e8",9,"""MISSION3"""
"005f95f8",9,"""MISSION4"""
"005f9608",9,"""MISSION5"""
"005f9618",9,"""MISSION6"""
"005f9628",9,"""MISSION7"""
"005f9638",9,"""MISSION8"""
"005f96d0",16,"""DATA\\PED.DAT"""
"005f96e0",16,"""PLAYER_NETWORK"""
"005f96f0",16,"""PLAYER_UNUSED"""
"005f9700",12,"""playidles"""
"005f9940",40,"""tell Obbe it happened again %d/%d %d/%d"""
"005f9970",52,"""Removed random plane/heli that was stuck in map\n"""
"005f99c8",9,"""carrec%d"""
"005f99d8",9,"""CARREC%d"""
"005f99f0",24,"""data\\paths\\roadblox.dat"""
"005f9a18",12,"""data\\script"""
"005f9a28",12,"""main.scm"""
"005f9e18",12,"""FollowPedSA"""
"005fa4b0",15,"""radio_playback"""
"005fa4c0",12,"""radio_krose"""
"005fa4d0",11,"""radio_KDST"""
"005fa4e0",13,"""radio_bounce"""
"005fa4f0",11,"""radio_SFUR"""
"005fa500",10,"""radio_RLS"""
"005fa510",13,"""radio_RADIOX"""
"005fa520",10,"""radio_csr"""
"005fa530",11,"""radio_kjah"""
"005fa540",19,"""radio_mastersounds"""
"005fa558",11,"""radio_WCTR"""
"005fa568",15,"""CONTROLLER_PS2"""
"005fa580",16,"""CONTROLLER_PS2A"""
"005fa590",10,"""back8_top"""
"005fa5a0",12,"""back8_right"""
"005fa668",12,"""frontend1"""
"005fa678",12,"""frontend1"""
"005fa690",20,"""MODELS/FRONTEN1.TXD"""
"005fa6a8",12,"""frontend2"""
"005fa6b8",12,"""frontend2"""
"005fa6d0",20,"""MODELS/FRONTEN2.TXD"""
"005fa6e8",12,"""frontend1"""
"005fa6f8",12,"""frontend2"""
"005fa708",12,"""frontend3"""
"005fa718",12,"""frontend2"""
"005fa728",12,"""frontend2"""
"005fa740",20,"""MODELS/FRONTEN2.TXD"""
"005fa758",12,"""frontend2"""
"005fa768",12,"""frontend3"""
"005fa778",12,"""frontend3"""
"005fa790",20,"""MODELS/FRONTEN3.TXD"""
"005fa7a8",12,"""FEM_SL%d"""
"005fa7c0",24,"""/BESLES-52541GTA50000"""
"005fa7d8",12,"""GALLERY.DAT"""
"005fa7e8",12,"""GALLERY.DAT"""
"005fa7f8",12,"""%d/%d (%d)"""
"005fa808",12,"""MPACK.DAT"""
"005fa820",24,"""/BESLES-52541GTA50000"""
"005fa838",12,"""GALLERY.DAT"""
"005fa850",24,"""/BESLES-52541GTA50000"""
"005fa870",24,"""/BESLES-52541GTA50000"""
"005fa888",12,"""GALLERY.DAT"""
"005fa898",12,"""GALLERY.DAT"""
"005fa8b0",24,"""/BESLES-52541GTA50000"""
"005fa8c8",12,"""GALLERY.DAT"""
"005fa8e0",24,"""/BESLES-52541GTA50000"""
"005fa8f8",12,"""GALLERY.DAT"""
"005fa908",12,"""GALLERY.DAT"""
"005fa918",12,"""GALLERY.DAT"""
"005fa960",24,"""/BESLES-52541GTA50000"""
"005fa978",12,"""GALLERY.DAT"""
"005fa990",24,"""/BESLES-52541GTA50000"""
"005fa9a8",12,"""GALLERY.DAT"""
"005fa9b8",12,"""fileload.pm"""
"005fa9d0",17,"""DATA\\DEFAULT.DAT"""
"005fa9f0",17,"""Loading the Game"""
"005faa08",13,"""Start script"""
"005faa20",17,"""movies\\vcpal.pss"""
"005faa40",20,"""movies\\open1pal.pss"""
"005faa58",15,"""cdrom0:\\%s%s;1"""
"005faa68",13,"""IOPRP300.IMG"""
"005faa88",9,"""cdrom0:\\"""
"005faa98",12,"""Loading %s\n"""
"005faab0",24,"""Can't Load Module %s\n"""
"005faae8",12,"""Loading %s\n"""
"005fab00",24,"""Can't Load Module %s\n"""
"005fab38",12,"""Loading %s\n"""
"005fab50",24,"""Can't Load Module %s\n"""
"005fab88",12,"""Loading %s\n"""
"005faba0",24,"""Can't Load Module %s\n"""
"005fabd8",12,"""Loading %s\n"""
"005fabf0",24,"""Can't Load Module %s\n"""
"005fac28",12,"""Loading %s\n"""
"005fac40",24,"""Can't Load Module %s\n"""
"005fac58",16,"""CDSTREAM.IRX"""
"005fac68",9,"""cdrom0:\\"""
"005fac78",12,"""Loading %s\n"""
"005fac90",24,"""Can't Load Module %s\n"""
"005faca8",16,"""IOPAUDIO.IRX"""
"005facc8",12,"""Loading %s\n"""
"005face0",24,"""Can't Load Module %s\n"""
"005fad00",20,"""Into TheGame!!!\n"""
"005fad18",16,"""DATA\\GTA.DAT"""
"005fad28",16,"""Starting Game"""
"005fad38",15,"""PtrNode Single"""
"005fad48",15,"""PtrNode Double"""
"005fad58",14,"""EntryInfoNode"""
"005fad68",9,"""Vehicles"""
"005fad78",10,"""Buildings"""
"005fad88",9,"""ColModel"""
"005fad98",11,"""PointRoute"""
"005fada8",12,"""PatrolRoute"""
"005fadb8",10,"""NodeRoute"""
"005fadc8",14,"""TaskAllocator"""
"005fade0",40,"""Offending object: MI:%d Coors:%f %f %f\n"""
"005fae10",28,"""pools have been cleared \n"""
"005fae6e",18,"""zDradar_centre"""
"005fae80",12,"""radar_north"""
"005fae90",14,"""radar_airYard"""
"005faea0",14,"""radar_ammugun"""
"005faeb0",14,"""radar_barbers"""
"005faec0",15,"""radar_BIGSMOKE"""
"005faed0",15,"""radar_boatyard"""
"005faee0",17,"""radar_burgerShot"""
"005faf00",16,"""radar_bulldozer"""
"005faf10",19,"""radar_CATALINAPINK"""
"005faf30",20,"""radar_CESARVIAPANDO"""
"005faf48",14,"""radar_chicken"""
"005faf58",9,"""radar_CJ"""
"005faf68",13,"""radar_CRASH1"""
"005faf78",12,"""radar_diner"""
"005faf88",15,"""radar_emmetGun"""
"005fafa0",18,"""radar_enemyAttack"""
"005fafb8",11,"""radar_fire"""
"005fafd0",17,"""radar_girlfriend"""
"005faff0",16,"""radar_hostpitaL"""
"005fb000",20,"""radar_LocoSyndicate"""
"005fb018",13,"""radar_MADDOG"""
"005fb030",18,"""radar_mafiaCasino"""
"005fb048",14,"""radar_MCSTRAP"""
"005fb060",16,"""radar_modGarage"""
"005fb070",12,"""radar_OGLOC"""
"005fb080",12,"""radar_pizza"""
"005fb090",13,"""radar_police"""
"005fb0a0",16,"""radar_propertyG"""
"005fb0b0",16,"""radar_propertyR"""
"005fb0c0",11,"""radar_race"""
"005fb0d0",12,"""radar_RYDER"""
"005fb0e0",15,"""radar_saveGame"""
"005fb0f0",13,"""radar_school"""
"005fb100",12,"""radar_qmark"""
"005fb110",12,"""radar_SWEET"""
"005fb120",13,"""radar_tattoo"""
"005fb130",15,"""radar_THETRUTH"""
"005fb140",15,"""radar_waypoint"""
"005fb150",18,"""radar_TorenoRanch"""
"005fb168",13,"""radar_triads"""
"005fb180",19,"""radar_triadsCasino"""
"005fb198",13,"""radar_tshirt"""
"005fb1a8",13,"""radar_WOOZIE"""
"005fb1b8",11,"""radar_ZERO"""
"005fb1d0",16,"""radar_dateDisco"""
"005fb1e0",16,"""radar_dateDrink"""
"005fb1f0",15,"""radar_dateFood"""
"005fb200",12,"""radar_truck"""
"005fb210",11,"""radar_cash"""
"005fb220",11,"""radar_flag"""
"005fb230",10,"""radar_gym"""
"005fb240",14,"""radar_impound"""
"005fb250",12,"""radar_light"""
"005fb260",13,"""radar_runway"""
"005fb270",12,"""radar_gangB"""
"005fb280",12,"""radar_gangP"""
"005fb290",12,"""radar_gangY"""
"005fb2a0",12,"""radar_gangN"""
"005fb2b0",12,"""radar_gangG"""
"005fb2c0",12,"""radar_spray"""
"005fb4d0",10,"""radar%02d"""
"005fb500",20,"""data\\surface.dat"""
"005fb520",18,"""data\\surfinfo.dat"""
"005fb540",108,"""%s %s %f %f %s %s %d %d %d %d %d %d %d %d %d %d %d %d %d %d %d %d %d %d %d %d %d %d %d %d %d %d %d %d %d %s"""
"005fb5b0",20,"""data\\surfaud.dat"""
"005fb5d0",32,"""%s %d %d %d %d %d %d %d %d %d"""
"005fb5f0",16,"""TARMAC_FUCKED"""
"005fb600",20,"""TARMAC_REALLYFUCKED"""
"005fb618",12,"""PAVEMENT"""
"005fb630",16,"""PAVEMENT_FUCKED"""
"005fb640",16,"""FUCKED_CONCRETE"""
"005fb650",16,"""PAINTED_GROUND"""
"005fb660",20,"""GRASS_SHORT_LUSH"""
"005fb680",20,"""GRASS_MEDIUM_LUSH"""
"005fb6a0",16,"""GRASS_LONG_LUSH"""
"005fb6b0",16,"""GRASS_SHORT_DRY"""
"005fb6c0",20,"""GRASS_MEDIUM_DRY"""
"005fb6d8",16,"""GRASS_LONG_DRY"""
"005fb6f0",16,"""GOLFGRASS_ROUGH"""
"005fb700",20,"""GOLFGRASS_SMOOTH"""
"005fb720",20,"""STEEP_SLIDYGRASS"""
"005fb738",12,"""STEEP_CLIFF"""
"005fb748",12,"""FLOWERBED"""
"005fb758",12,"""WASTEGROUND"""
"005fb768",16,"""WOODLANDGROUND"""
"005fb778",12,"""VEGETATION"""
"005fb788",12,"""DIRTTRACK"""
"005fb798",12,"""SAND_DEEP"""
"005fb7a8",12,"""SAND_MEDIUM"""
"005fb7b8",16,"""SAND_COMPACT"""
"005fb7c8",12,"""SAND_ARID"""
"005fb7d8",12,"""SAND_MORE"""
"005fb7e8",12,"""SAND_BEACH"""
"005fb7f8",16,"""CONCRETE_BEACH"""
"005fb808",12,"""ROCK_DRY"""
"005fb818",12,"""ROCK_WET"""
"005fb828",12,"""ROCK_CLIFF"""
"005fb838",16,"""WATER_RIVERBED"""
"005fb848",16,"""WATER_SHALLOW"""
"005fb858",12,"""CORNFIELD"""
"005fb868",12,"""WOOD_CRATES"""
"005fb878",12,"""WOOD_SOLID"""
"005fb888",12,"""WOOD_THIN"""
"005fb8a0",20,"""GLASS_WINDOWS_LARGE"""
"005fb8c0",20,"""GLASS_WINDOWS_SMALL"""
"005fb8d8",12,"""GARAGE_DOOR"""
"005fb8f0",20,"""THICK_METAL_PLATE"""
"005fb908",16,"""SCAFFOLD_POLE"""
"005fb918",12,"""LAMP_POST"""
"005fb928",12,"""METAL_GATE"""
"005fb940",20,"""METAL_CHAIN_FENCE"""
"005fb958",16,"""FIRE_HYDRANT"""
"005fb968",12,"""CONTAINER"""
"005fb978",12,"""NEWS_VENDOR"""
"005fb988",12,"""WHEELBASE"""
"005fb998",16,"""CARDBOARDBOX"""
"005fb9a8",12,"""CAR_PANEL"""
"005fb9c0",20,"""CAR_MOVINGCOMPONENT"""
"005fb9e0",20,"""TRANSPARENT_CLOTH"""
"005fba00",20,"""TRANSPARENT_STONE"""
"005fba18",12,"""WOOD_BENCH"""
"005fba28",12,"""FLOORBOARD"""
"005fba38",12,"""STAIRSWOOD"""
"005fba48",16,"""P_SAND_DENSE"""
"005fba58",12,"""P_SAND_ARID"""
"005fba68",16,"""P_SAND_COMPACT"""
"005fba78",16,"""P_SAND_ROCKY"""
"005fba88",12,"""P_SANDBEACH"""
"005fba98",16,"""P_GRASS_SHORT"""
"005fbaa8",16,"""P_GRASS_MEADOW"""
"005fbab8",12,"""P_GRASS_DRY"""
"005fbac8",12,"""P_WOODLAND"""
"005fbad8",12,"""P_WOODDENSE"""
"005fbae8",12,"""P_ROADSIDE"""
"005fbaf8",16,"""P_ROADSIDEDES"""
"005fbb08",12,"""P_FLOWERBED"""
"005fbb18",16,"""P_WASTEGROUND"""
"005fbb28",12,"""P_CONCRETE"""
"005fbb38",16,"""P_OFFICEDESK"""
"005fbb80",20,"""P_RESTUARANTTABLE"""
"005fbb98",12,"""P_BARTABLE"""
"005fbbb0",20,"""P_UNDERWATERLUSH"""
"005fbbd0",20,"""P_UNDERWATERBARREN"""
"005fbbf0",20,"""P_UNDERWATERCORAL"""
"005fbc10",20,"""P_UNDERWATERDEEP"""
"005fbc28",12,"""P_RIVERBED"""
"005fbc38",12,"""P_RUBBLE"""
"005fbc48",16,"""P_BEDROOMFLOOR"""
"005fbc58",16,"""P_KIRCHENFLOOR"""
"005fbc70",16,"""P_LIVINGRMFLOOR"""
"005fbc80",16,"""P_CORRIDORFLOOR"""
"005fbca0",16,"""P_FASTFOODFLOOR"""
"005fbcb0",16,"""P_SKANKYFLOOR"""
"005fbcc0",12,"""P_MOUNTAIN"""
"005fbcd0",12,"""P_BUSHYMIX"""
"005fbce0",12,"""P_BUSHYDRY"""
"005fbcf0",12,"""P_BUSHYMID"""
"005fbd00",20,"""P_GRASSWEEFLOWERS"""
"005fbd18",16,"""P_GRASSDRYTALL"""
"005fbd30",16,"""P_GRASSLUSHTALL"""
"005fbd40",16,"""P_GRASSGRNMIX"""
"005fbd50",16,"""P_GRASSBRNMIX"""
"005fbd60",12,"""P_GRASSLOW"""
"005fbd70",16,"""P_GRASSROCKY"""
"005fbd80",20,"""P_GRASSSMALLTREES"""
"005fbd98",12,"""P_DIRTROCKY"""
"005fbda8",12,"""P_DIRTWEEDS"""
"005fbdb8",16,"""P_GRASSWEEDS"""
"005fbdc8",12,"""P_RIVEREDGE"""
"005fbdd8",12,"""P_POOLSIDE"""
"005fbde8",16,"""P_FORESTSTUMPS"""
"005fbdf8",16,"""P_FORESTSTICKS"""
"005fbe10",16,"""P_FORRESTLEAVES"""
"005fbe20",16,"""P_DESERTROCKS"""
"005fbe30",16,"""P_FORRESTDRY"""
"005fbe40",16,"""P_SPARSEFLOWERS"""
"005fbe50",16,"""P_BUILDINGSITE"""
"005fbe60",12,"""P_DOCKLANDS"""
"005fbe70",16,"""P_INDUSTRIAL"""
"005fbe80",16,"""P_INDUSTJETTY"""
"005fbe90",20,"""P_CONCRETELITTER"""
"005fbea8",16,"""P_ALLEYRUBISH"""
"005fbec0",16,"""P_JUNKYARDPILES"""
"005fbed0",16,"""P_JUNKYARDGRND"""
"005fbee0",16,"""P_CACTUSDENSE"""
"005fbef0",16,"""P_AIRPORTGRND"""
"005fbf00",12,"""P_CORNFIELD"""
"005fbf10",16,"""P_GRASSLIGHT"""
"005fbf20",16,"""P_GRASSLIGHTER"""
"005fbf30",16,"""P_GRASSLIGHTER2"""
"005fbf40",12,"""P_GRASSMID1"""
"005fbf50",12,"""P_GRASSMID2"""
"005fbf60",12,"""P_GRASSDARK"""
"005fbf70",16,"""P_GRASSDARK2"""
"005fbf80",16,"""P_GRASSDIRTMIX"""
"005fbf90",16,"""P_RIVERBEDSTONE"""
"005fbfa0",20,"""P_RIVERBEDSHALLOW"""
"005fbfc0",16,"""P_RIVERBEDWEEDS"""
"005fbfd0",12,"""P_SEAWEED"""
"005fbfe0",16,"""PLASTICBARRIER"""
"005fbff0",12,"""PARKGRASS"""
"005fc000",12,"""STAIRSSTONE"""
"005fc010",12,"""STAIRSMETAL"""
"005fc020",16,"""STAIRSCARPET"""
"005fc030",12,"""FLOORMETAL"""
"005fc040",16,"""FLOORCONCRETE"""
"005fc050",20,"""THIN_METAL_SHEET"""
"005fc068",16,"""METAL_BARREL"""
"005fc078",16,"""PLASTIC_CONE"""
"005fc090",20,"""PLASTIC_DUMPSTER"""
"005fc0a8",16,"""METAL_DUMPSTER"""
"005fc0c0",20,"""WOOD_PICKET_FENCE"""
"005fc0e0",20,"""WOOD_SLATTED_FENCE"""
"005fc100",20,"""WOOD_RANCH_FENCE"""
"005fc120",20,"""UNBREAKABLE_GLASS"""
"005fc138",12,"""HAY_BALE"""
"005fc148",12,"""RAILTRACK"""
"005fc170",40,"""CopPursuit total messed up: re-setting\n"""
"005fc1a0",48,"""CopPursuit pointer list messed up: re-sorting\n"""
"005fc1d0",80,"""THERE IS NO MAP BELOW THE FOLLOWING COORS:%f %f %f. (FindGroundZFor3DCoord)\n"""
"005fc220",12,"""Supperarml"""
"005fc230",12,"""Supperarmr"""
"005fc240",12,"""Supperlegl"""
"005fc250",12,"""Supperlegr"""
"005fc260",12,"""Slowerlegl"""
"005fc270",12,"""Slowerlegr"""
"005fc480",16,"""wheel_rf_dummy"""
"005fc490",16,"""wheel_rm_dummy"""
"005fc4a0",16,"""wheel_rb_dummy"""
"005fc4b0",16,"""wheel_lf_dummy"""
"005fc4c0",16,"""wheel_lm_dummy"""
"005fc4d0",16,"""wheel_lb_dummy"""
"005fc4e0",16,"""door_rf_dummy"""
"005fc4f0",16,"""door_rr_dummy"""
"005fc500",16,"""door_lf_dummy"""
"005fc510",16,"""door_lr_dummy"""
"005fc520",20,"""bump_front_dummy"""
"005fc540",16,"""bump_rear_dummy"""
"005fc550",16,"""wing_rf_dummy"""
"005fc560",16,"""wing_lf_dummy"""
"005fc570",16,"""bonnet_dummy"""
"005fc580",12,"""boot_dummy"""
"005fc590",20,"""windscreen_dummy"""
"005fc5a8",12,"""exhaust_ok"""
"005fc5b8",16,"""ped_frontseat"""
"005fc5c8",16,"""ped_backseat"""
"005fc5d8",12,"""headlights"""
"005fc5e8",12,"""taillights"""
"005fc5f8",12,"""headlights2"""
"005fc608",12,"""taillights2"""
"005fc618",12,"""petrolcap"""
"005fc628",12,"""miscpos_c"""
"005fc638",12,"""miscpos_d"""
"005fc648",12,"""miscpos_a"""
"005fc658",12,"""miscpos_b"""
"005fc668",12,"""ug_bonnet"""
"005fc678",16,"""ug_bonnet_left"""
"005fc690",16,"""ug_bonnet_right"""
"005fc6a0",16,"""ug_bonnet_dam"""
"005fc6b0",20,"""ug_bonnet_left_dam"""
"005fc6d0",20,"""ug_bonnet_right_dam"""
"005fc6e8",12,"""ug_spoiler"""
"005fc6f8",16,"""ug_spoiler_dam"""
"005fc708",16,"""ug_wing_left"""
"005fc718",16,"""ug_wing_right"""
"005fc730",16,"""ug_frontbullbar"""
"005fc740",16,"""ug_backbullbar"""
"005fc750",12,"""ug_lights"""
"005fc760",16,"""ug_lights_dam"""
"005fc770",12,"""ug_nitro"""
"005fca68",16,"""wheel_rf_dummy"""
"005fca78",16,"""wheel_rm_dummy"""
"005fca88",16,"""wheel_rb_dummy"""
"005fca98",16,"""wheel_lf_dummy"""
"005fcaa8",16,"""wheel_lm_dummy"""
"005fcab8",16,"""wheel_lb_dummy"""
"005fcac8",16,"""door_rf_dummy"""
"005fcad8",16,"""door_rr_dummy"""
"005fcae8",16,"""door_lf_dummy"""
"005fcaf8",16,"""door_lr_dummy"""
"005fcb08",12,"""static_prop"""
"005fcb18",12,"""moving_prop"""
"005fcb28",16,"""static_prop2"""
"005fcb38",16,"""moving_prop2"""
"005fcb48",12,"""elevator_l"""
"005fcb58",12,"""elevator_r"""
"005fcb68",12,"""aileron_l"""
"005fcb78",12,"""aileron_r"""
"005fcb88",16,"""ped_frontseat"""
"005fcb98",16,"""ped_backseat"""
"005fcba8",12,"""headlights"""
"005fcbb8",12,"""taillights"""
"005fcbc8",12,"""headlights2"""
"005fcbd8",12,"""taillights2"""
"005fcbe8",12,"""petrolcap"""
"005fcbf8",12,"""aileron_pos"""
"005fcc08",16,"""elevator_pos"""
"005fcc18",12,"""rudder_pos"""
"005fcc28",12,"""wingtip_pos"""
"005fcc38",12,"""miscpos_a"""
"005fcc48",12,"""miscpos_b"""
"005fce88",16,"""wheel_rf_dummy"""
"005fce98",16,"""wheel_rm_dummy"""
"005fcea8",16,"""wheel_rb_dummy"""
"005fceb8",16,"""wheel_lf_dummy"""
"005fcec8",16,"""wheel_lm_dummy"""
"005fced8",16,"""wheel_lb_dummy"""
"005fcee8",16,"""door_rf_dummy"""
"005fcef8",16,"""door_rr_dummy"""
"005fcf08",16,"""door_lf_dummy"""
"005fcf18",16,"""door_lr_dummy"""
"005fcf28",16,"""static_rotor"""
"005fcf38",16,"""moving_rotor"""
"005fcf48",16,"""static_rotor2"""
"005fcf58",16,"""moving_rotor2"""
"005fcf68",12,"""elevators"""
"005fcf78",16,"""ped_frontseat"""
"005fcf88",16,"""ped_backseat"""
"005fcf98",12,"""headlights"""
"005fcfa8",12,"""taillights"""
"005fcfb8",12,"""headlights2"""
"005fcfc8",12,"""taillights2"""
"005fcfd8",12,"""petrolcap"""
"005fcfe8",12,"""miscpos_c"""
"005fcff8",12,"""miscpos_d"""
"005fd008",12,"""miscpos_a"""
"005fd018",12,"""miscpos_b"""
"005fd238",16,"""wheel_rf_dummy"""
"005fd248",16,"""wheel_rm_dummy"""
"005fd258",16,"""wheel_rb_dummy"""
"005fd268",16,"""wheel_lf_dummy"""
"005fd278",16,"""wheel_lm_dummy"""
"005fd288",16,"""wheel_lb_dummy"""
"005fd298",16,"""door_rf_dummy"""
"005fd2a8",16,"""door_rr_dummy"""
"005fd2b8",16,"""door_lf_dummy"""
"005fd2c8",16,"""door_lr_dummy"""
"005fd2e0",20,"""bump_front_dummy"""
"005fd300",16,"""bump_rear_dummy"""
"005fd310",16,"""wing_rf_dummy"""
"005fd320",16,"""wing_lf_dummy"""
"005fd330",16,"""bonnet_dummy"""
"005fd340",12,"""boot_dummy"""
"005fd350",20,"""windscreen_dummy"""
"005fd368",16,"""transmission_f"""
"005fd378",16,"""transmission_r"""
"005fd388",16,"""ped_frontseat"""
"005fd398",16,"""ped_backseat"""
"005fd3a8",12,"""headlights"""
"005fd3b8",12,"""taillights"""
"005fd3c8",12,"""headlights2"""
"005fd3d8",12,"""taillights2"""
"005fd3e8",12,"""petrolcap"""
"005fd3f8",12,"""miscpos_c"""
"005fd408",12,"""miscpos_d"""
"005fd418",12,"""miscpos_a"""
"005fd428",12,"""miscpos_b"""
"005fd650",16,"""wheel_rf_dummy"""
"005fd660",16,"""wheel_rm_dummy"""
"005fd670",16,"""wheel_rb_dummy"""
"005fd680",16,"""wheel_lf_dummy"""
"005fd690",16,"""wheel_lm_dummy"""
"005fd6a0",16,"""wheel_lb_dummy"""
"005fd6b0",16,"""door_rf_dummy"""
"005fd6c0",16,"""door_rr_dummy"""
"005fd6d0",16,"""door_lf_dummy"""
"005fd6e0",16,"""door_lr_dummy"""
"005fd6f0",20,"""body_front_dummy"""
"005fd710",16,"""body_rear_dummy"""
"005fd720",16,"""suspension_rf"""
"005fd730",16,"""suspension_lf"""
"005fd740",12,"""rear_axle"""
"005fd750",12,"""handlebars"""
"005fd760",16,"""ped_frontseat"""
"005fd770",16,"""ped_backseat"""
"005fd780",12,"""headlights"""
"005fd790",12,"""taillights"""
"005fd7a0",12,"""headlights2"""
"005fd7b0",12,"""taillights2"""
"005fd7c0",12,"""petrolcap"""
"005fd7d0",12,"""miscpos_c"""
"005fd7e0",12,"""miscpos_d"""
"005fd7f0",12,"""miscpos_a"""
"005fd800",12,"""miscpos_b"""
"005fda00",15,"""boat_moving_hi"""
"005fda10",16,"""boat_rudder_hi"""
"005fda20",16,"""boat_flap_left"""
"005fda30",16,"""boat_flap_right"""
"005fda40",20,"""boat_rearflap_left"""
"005fda60",20,"""boat_rearflap_right"""
"005fda78",12,"""static_prop"""
"005fda88",12,"""moving_prop"""
"005fda98",16,"""static_prop2"""
"005fdaa8",16,"""moving_prop2"""
"005fdac0",20,"""windscreen_hi_ok"""
"005fdad8",16,"""ped_frontseat"""
"005fdbd8",14,"""door_lf_dummy"""
"005fdbe8",16,"""door_rf_dummy"""
"005fdc00",16,"""wheel_rf1_dummy"""
"005fdc10",16,"""wheel_rf2_dummy"""
"005fdc20",16,"""wheel_rf3_dummy"""
"005fdc30",16,"""wheel_rb1_dummy"""
"005fdc40",16,"""wheel_rb2_dummy"""
"005fdc50",16,"""wheel_rb3_dummy"""
"005fdc60",16,"""wheel_lf1_dummy"""
"005fdc70",16,"""wheel_lf2_dummy"""
"005fdc80",16,"""wheel_lf3_dummy"""
"005fdc90",16,"""wheel_lb1_dummy"""
"005fdca0",16,"""wheel_lb2_dummy"""
"005fdcb0",16,"""wheel_lb3_dummy"""
"005fdcc0",12,"""bogie_front"""
"005fdcd0",12,"""bogie_rear"""
"005fdce0",16,"""ped_frontseat"""
"005fdcf0",16,"""ped_backseat"""
"005fdd00",12,"""headlights"""
"005fdd10",12,"""taillights"""
"005fdd20",12,"""headlights2"""
"005fdd30",12,"""taillights2"""
"005fdd40",16,"""ped_left_entry"""
"005fdd50",16,"""ped_mid_entry"""
"005fdd60",16,"""ped_right_entry"""
"005fdec0",14,"""chassis_dummy"""
"005fded0",12,"""toprotor"""
"005fdee0",12,"""backrotor"""
"005fdef0",12,"""skid_left"""
"005fdf00",12,"""skid_right"""
"005fdf70",18,"""wheel_front_dummy"""
"005fdf90",20,"""wheel_rear_dummy"""
"005fdfa8",12,"""propeller"""
"005fdfc0",16,"""light_tailplane"""
"005fdfd0",12,"""light_left"""
"005fdfe0",12,"""light_right"""
"005fe048",14,"""chassis_dummy"""
"005fe058",12,"""forks_front"""
"005fe068",12,"""forks_rear"""
"005fe078",12,"""wheel_front"""
"005fe088",12,"""wheel_rear"""
"005fe098",12,"""mudguard"""
"005fe0a8",12,"""handlebars"""
"005fe0b8",16,"""ped_frontseat"""
"005fe0c8",16,"""ped_backseat"""
"005fe0d8",12,"""headlights"""
"005fe0e8",12,"""taillights"""
"005fe0f8",12,"""headlights2"""
"005fe108",12,"""taillights2"""
"005fe118",12,"""petrolcap"""
"005fe128",12,"""miscpos_a"""
"005fe138",12,"""miscpos_b"""
"005fe2b0",14,"""chassis_dummy"""
"005fe2c0",12,"""forks_front"""
"005fe2d0",12,"""forks_rear"""
"005fe2e0",12,"""wheel_front"""
"005fe2f0",12,"""wheel_rear"""
"005fe300",12,"""handlebars"""
"005fe310",12,"""chainset"""
"005fe320",16,"""ped_frontseat"""
"005fe330",16,"""ped_backseat"""
"005fe340",12,"""headlights"""
"005fe350",12,"""taillights"""
"005fe360",12,"""headlights2"""
"005fe370",12,"""taillights2"""
"005fe380",12,"""petrolcap"""
"005fe390",12,"""miscpos_a"""
"005fe3a0",12,"""miscpos_b"""
"005fe510",16,"""wheel_rf_dummy"""
"005fe520",16,"""wheel_rm_dummy"""
"005fe530",16,"""wheel_rb_dummy"""
"005fe540",16,"""wheel_lf_dummy"""
"005fe550",16,"""wheel_lm_dummy"""
"005fe560",16,"""wheel_lb_dummy"""
"005fe570",16,"""door_rf_dummy"""
"005fe580",16,"""door_rr_dummy"""
"005fe590",16,"""door_lf_dummy"""
"005fe5a0",16,"""door_lr_dummy"""
"005fe5b0",20,"""bump_front_dummy"""
"005fe5d0",16,"""bump_rear_dummy"""
"005fe5e0",16,"""wing_rf_dummy"""
"005fe5f0",16,"""wing_lf_dummy"""
"005fe600",16,"""bonnet_dummy"""
"005fe610",12,"""boot_dummy"""
"005fe620",20,"""windscreen_dummy"""
"005fe638",12,"""exhaust_ok"""
"005fe648",16,"""ped_frontseat"""
"005fe658",16,"""ped_backseat"""
"005fe668",12,"""headlights"""
"005fe678",12,"""taillights"""
"005fe688",12,"""headlights2"""
"005fe698",12,"""taillights2"""
"005fe6a8",12,"""petrolcap"""
"005fe6b8",12,"""miscpos_c"""
"005fe6c8",12,"""miscpos_d"""
"005fe6d8",12,"""miscpos_a"""
"005fe6e8",12,"""miscpos_b"""
"005fe950",12,"""windscreen"""
"005fe960",16,"""moving_rotor"""
"005fe970",16,"""moving_rotor2"""
"005fe980",12,"""windscreen"""
"005fe9a8",9,"""particle"""
"005fe9b8",8,"""DEFAULT"""
"005fe9e0",12,"""coronastar"""
"005fe9fa",14,"""coronastar"""
"005fea14",12,"""coronamoon"""
"005fea2e",14,"""coronareflect"""
"005fea48",20,"""coronaheadlightline"""
"005feaca",14,"""coronaringb"""
"005feb3e",18,"""coronareflectm"""
"005ff040",12,"""particle"""
"005ff060",12,"""riot_smoke"""
"005ff070",12,"""fire_med"""
"005ff080",12,"""fire_large"""
"005ff0b0",12,"""fire_med"""
"005ff0c0",12,"""fire_large"""
"005ff0d0",12,"""fire_med"""
"005ff0e0",12,"""fire_large"""
"005ff0f0",12,"""fire_med"""
"005ff100",12,"""fire_large"""
"005ff110",12,"""fire_med"""
"005ff120",12,"""fire_large"""
"005ff14f",17,"""@DATA\\FONTS.DAT"""
"005ff160",16,"""[TOTAL_FONTS]"""
"005ff170",12,"""[FONT_ID]"""
"005ff180",28,"""[REPLACEMENT_SPACE_CHAR]"""
"005ff1a0",32,"""%d  %d  %d  %d  %d  %d  %d  %d"""
"005ff1c0",12,"""[UNPROP]"""
"005ff1d0",12,"""CROSSHAIR"""
"005ff248",12,"""processed"""
"005ff258",12,"""%f %f %f %d"""
"005ff270",22,"""data\\paths\\tracks.dat"""
"005ff290",23,"""data\\paths\\tracks3.dat"""
"005ff2b0",23,"""data\\paths\\tracks2.dat"""
"005ff2d0",23,"""data\\paths\\tracks4.dat"""
"005ff90f",17,"""?MODELS\\GTA3.IMG"""
"005ff920",19,"""MODELS\\GTA_INT.IMG"""
"005ff9d8",9,"""particle"""
"005ff9e8",13,"""particleskid"""
"00600000",9,"""STWE00%d"""
"00600020",12,"""ST_LAB%d"""
"00600030",12,""" %d %s %d"""
"00600040",16,"""%.2f %s %.2f"""
"00600050",16,"""$%.2f %s $%.2f"""
"00600060",20,"""DATA\\STATDISP.DAT"""
"00600078",16,"""%d %s %s %f %s"""
"00600088",12,"""lessthan"""
"00600098",12,"""morethan"""
"006000b0",18,"""DATA\\AR_STATS.DAT"""
"006000c8",9,"""%d %s %f"""
"00600448",9,"""particle"""
"00600458",12,"""cloudmasked"""
"00600468",10,"""cloudhigh"""
"00600478",11,"""cloudhighm"""
"006006c6",14,"""^Cparticle"""
"006006d8",11,"""finishFlag"""
"00600768",9,"""particle"""
"00600778",9,"""cylinder"""
"00600788",10,"""diamond_3"""
"00600840",14,"""TexDictionary"""
"00600850",12,"""cutscene.pm"""
"00600860",14,"""ANIM\\CUTS.IMG"""
"00600870",47,"""Too many objects without modelinfo structures\n"""
"006008a0",48,"""Too many objects without modelinfo structures\n"""
"006008d0",31,"""Trying to remove ped component"""
"006008f0",12,"""models\\txd\\"""
"00600900",12,"""jetthrust"""
"00600910",12,"""fire_med"""
"00600998",11,"""credits.pm"""
"006009b0",25,"""BikeNode missing: %d %d\n"""
"006009d0",12,"""fire_bike"""
"006009f0",24,"""data\\script\\main.scm"""
"00601a40",28,"""PS2Im3DFastTransform.csl"""
"00601aa0",12,"""PS2All.csl"""
"00601b30",16,"""PS2AllMat.csl"""
"00601b80",16,"""PS2DMAChain.csl"""
"00601b90",20,"""PS2LightsBlock.csl"""
"00601ba8",24,"""PS2DMASessionRecord.csl"""
"00601bc0",12,"""PS2Mesh.csl"""
"00601c20",16,"""PS2normal.csl"""
"00601c30",13,"""PS2user1.csl"""
"00601c40",16,"""PS2user2.csl"""
"00601c50",16,"""PS2user3.csl"""
"00601c60",16,"""PS2user4.csl"""
"00601db0",15,"""GTA: Vice City"""
"00601dc0",8,"""FEP_STA"""
"00601dc9",11,"""FES_PLA"""
"00601ddb",9,"""FES_MON"""
"00601dff",9,"""FES_CRI"""
"00601e11",11,"""FES_GAN"""
"00601e23",9,"""FES_ACH"""
"00601e35",11,"""FES_MIS"""
"00601ea0",8,"""FEH_LOA"""
"00601ea9",8,"""FES_LOA"""
"00601ecd",8,"""FES_DEL"""
"0060207b",9,"""FEA_MUS"""
"006020b1",8,"""FEA_ART"""
"00602140",8,"""FEH_DIS"""
"00602149",8,"""FED_BRI"""
"0060215b",9,"""FED_SUB"""
"0060216c",9,"""\rFED_WIS"""
"006021a2",10,"""%FED_POS"""
"006021b5",8,"""FEH_LAN"""
"00602220",8,"""FEH_MAP"""
"00602300",8,"""FEH_GAL"""
"00602689",11,"""FES_SEL"""
"00602760",8,"""FES_DEL"""
"00602769",11,"""FES_SED"""
"00602920",8,"""FES_DEL"""
"00602ae0",8,"""FES_DEL"""
"00602bc0",8,"""FES_DEL"""
"00602ca9",11,"""FES_SES"""
"006031e9",11,"""FES_CHE"""
"006032c0",8,"""FEH_CON"""
"00603480",8,"""FEH_GAL"""
"006038e9",7,"""SLONDR"""
"00603aa9",11,"""FES_NOC"""
"00603b80",8,"""FEH_LOA"""
"00603b89",11,"""FES_NOC"""
"00603c60",8,"""FES_LOA"""
"00603c69",11,"""FES_NOC"""
"00603d40",8,"""FES_DEL"""
"00603d49",11,"""FES_NOC"""
"00603e20",8,"""FEH_GAL"""
"00603f00",8,"""FEH_GAL"""
"00603fe0",8,"""FEH_GAL"""
"006040c0",8,"""FEH_GAL"""
"006041a0",8,"""FEH_GAL"""
"00604280",8,"""FEH_GAL"""
"00604360",8,"""FEH_GAL"""
"00604440",8,"""FEH_GAL"""
"00604520",8,"""FEH_GAL"""
"00604600",8,"""FEH_GAL"""
"006046e0",8,"""FEH_GAL"""
"006047c0",8,"""FEH_GAL"""
"006048a0",8,"""FEH_GAL"""
"006048a9",11,"""FES_NOC"""
"00604980",8,"""FEH_GAL"""
"00604989",11,"""FES_NOC"""
"00604a60",8,"""FEH_GAL"""
"00604a69",11,"""FES_NOC"""
"00604b40",8,"""FEH_GAL"""
"00604c20",8,"""FEH_GAL"""
"00604c29",11,"""FES_CMP"""
"00604d00",8,"""FEH_GAL"""
"00604ec0",12,"""gunflash"""
"00604ed0",15,"""CollisionFiles"""
"00604ee0",9,"""proc_int"""
"00604ef0",10,"""proc_int2"""
"00604f00",9,"""int_cont"""
"00604f10",9,"""gen_int1"""
"00604f20",9,"""gen_int2"""
"00604f30",9,"""gen_int3"""
"00604f40",9,"""gen_int4"""
"00604f50",9,"""gen_int5"""
"00604f60",9,"""gen_intb"""
"00604f70",9,"""savehous"""
"00604f80",9,"""levelmap"""
"00604f90",32,"""vector::insert length error\n"""
"00604fb0",32,"""vector::insert length error\n"""
"00604fd0",32,"""vector::insert length error\n"""
"006051b0",28,"""COMMAND_TASK_LOOK_AT_CHAR"""
"006051d0",32,"""COMMAND_TASK_LOOK_AT_VEHICLE"""
"00625280",28,"""Loading code overlay %s\n"""
"006252a0",33,"""%d %s %d %f %f %f %f %f %f %f %d"""
"006252c8",9,"""particle"""
"006252f0",40,"""Cannot Find Fx System Blueprint - %s"""
"00625350",12,"""fire_med"""
"00625360",12,"""fire_large"""
"00625370",12,"""fire_car"""
"00625380",12,"""fire_bike"""
"00625390",16,"""molotov_flame"""
"006253a0",16,"""water_hydrant"""
"006253b0",16,"""water_fountain"""
"006253c0",16,"""water_fnt_tme"""
"006253d0",12,"""smoke_flare"""
"006253e0",12,"""heli_dust"""
"006253f0",12,"""hydralics"""
"006254c0",16,"""ChangeDirectory"""
"006254d0",16,"""CreateDirectory"""
"006254e0",9,"""OpenFile"""
"006254f0",10,"""CloseFile"""
"00625500",24,"""CEventEditableResponse"""
"00625520",24,"""CEventEditableResponse"""
"00625560",16,"""CEventAttractor"""
"00625570",20,"""CompVehicleCollResp"""
"00625590",20,"""CompVehicleCollResp"""
"006255b0",20,"""CompPedCollPedResp"""
"006255d0",20,"""CompPedCollPedResp"""
"006255f0",20,"""CompPedCollPedResp"""
"00625610",20,"""CompPedCollPedResp"""
"00625630",20,"""CompPedCollPedResp"""
"00625650",20,"""CompPedCollPedResp"""
"00625670",20,"""CompPedCollPedResp"""
"00625690",20,"""CompPedCollPedResp"""
"006256b0",20,"""CompPedCollPedResp"""
"006256d0",24,"""CompPedCollPlayerResp"""
"006256f0",24,"""CompPedCollPlayerResp"""
"00625710",24,"""CompPedCollPlayerResp"""
"00625730",24,"""CompPedCollPlayerResp"""
"00625750",24,"""CompPedCollPlayerResp"""
"00625770",24,"""CompPedCollPlayerResp"""
"00625790",24,"""CompPlayerCollPedResp"""
"006257b0",24,"""CompPlayerCollPedResp"""
"006257d0",24,"""CompPlayerCollPedResp"""
"006257f0",24,"""CompPlayerCollPedResp"""
"00625810",24,"""CompPlayerCollPedResp"""
"00625830",24,"""CompPlayerCollPedResp"""
"00625850",24,"""CompPlayerCollPedResp"""
"00625870",20,"""CompBldgCollResp"""
"00625890",16,"""CompDeadPedResp"""
"006258a0",20,"""CompVhclPotCollResp"""
"006258c0",24,"""CompVehiclePotCollResp"""
"006258e0",24,"""CompVehiclePotCollResp"""
"00625900",28,"""EventChatPartnerResponse"""
"00625920",20,"""CompSexyVhclResp"""
"00625940",20,"""CompPotPedCollResp"""
"00625960",20,"""CompPartnerTaskResp"""
"00625980",20,"""CompPartnerTaskResp"""
"006259a8",12,"""BBALLBAT"""
"006259b8",12,"""GOLFCLUB"""
"006259c8",12,"""CHAINSAW"""
"006259e8",12,"""TaskUseGun"""
"00625a00",20,"""CTaskSimpleUseGun"""
"00625a20",20,"""CTaskSimpleUseGun"""
"00625a38",12,"""TaskUseGun"""
"00625a50",20,"""CTaskSimpleUseGun"""
"00625a70",20,"""CTaskSimpleUseGun"""
"00625a88",12,"""TaskUseGun"""
"00625aa0",20,"""CTaskSimpleUseGun"""
"00625ac0",20,"""CTaskSimpleUseGun"""
"00625ad8",12,"""TaskUseGun"""
"00625af0",20,"""CTaskSimpleUseGun"""
"00625b10",20,"""CTaskSimpleUseGun"""
"00625b28",12,"""TaskSitIdle"""
"00625b38",12,"""TaskSitIdle"""
"00625b48",11,"""attractors"""
"00625b58",11,"""attractors"""
"00625b68",12,"""sunbathe"""
"00625b78",12,"""sunbathe"""
"00625b90",20,"""start sunbathing"""
"00625ba8",12,"""sunbathe"""
"00625bc0",16,"""idle sunbathing"""
"00625bd0",16,"""stop sunbathing"""
"00625c00",18,"""TaskTriggerLookAt"""
"00625c18",12,"""PhoneChat"""
"00625c28",12,"""PhoneOut"""
"00625c38",12,"""PhoneOut"""
"00625c48",12,"""GogglesOn"""
"00625c58",12,"""GogglesOff"""
"00625c68",16,"""TaskEnterCar"""
"00625c78",16,"""TaskEnterCar"""
"00625c90",40,"""CTaskComplexLeaveCar - ped not in car"""
"00625cb8",12,"""DriveCar"""
"00625cc8",12,"""DriveCar"""
"00625cd8",12,"""DriveCar"""
"00625d20",12,"""int_house"""
"00625d30",12,"""int_office"""
"00625d40",20,"""TaskTreatAccident"""
"00625d58",12,"""TaskGoTo"""
"00625d70",16,"""TaskAchvHeading"""
"00625d80",16,"""TaskAvoidOthPed"""
"00625d90",16,"""TaskInvDisturb"""
"00625da0",12,"""playidles"""
"00625db0",16,"""ProcPlyrWeapon"""
"00625de0",16,"""water_ripples"""
"00625df0",12,"""water_swim"""
"00625e00",12,"""water_swim"""
"00625e10",12,"""water_swim"""
"00625e20",12,"""water_swim"""
"00625e30",12,"""playidles"""
"00625e40",16,"""TaskInvDeadPed"""
"00625e50",16,"""TaskInvDeadPed"""
"00625e60",16,"""PedEvent.txt"""
"00625e70",12,"""m_empty.ped"""
"00625e80",11,"""m_norm.ped"""
"00625e90",12,"""m_tough.ped"""
"00625ea0",11,"""m_weak.ped"""
"00625eb0",12,"""m_steal.ped"""
"00625ed8",12,"""MISSION.grp"""
"00625ef0",24,"""data\\decision\\allowed\\"""
"00625f10",324,"""%d, %d, %d, %f, %f, %f, %f, %d, %d, %f, %f, %f, %f, %f, %f, %d, %f, %f, %f, %f, %d, %d, %f, %f, %f, %f, %f, %f, %d, %f, %f, %f, %f, %d, %d, %f, %f, %f, %f, %f, %f, %d, %f, %f, %f, %f, %d, %d, %f, %f, %f, %f, %f, %f, %d, %f, %f, %f, %f, %d, %d, %f, %f, %f, %f, %f, %f, %d, %f, %f, %f, %f, %d, %d, %f, %f, %f, %f, %f, %f \n"""
"00626058",10,"""parachute"""
"00626070",20,"""InterestingEntities"""
"00626090",19,"""models\\effects.fxp"""
"006260a8",10,"""prt_blood"""
"006260b8",15,"""prt_boatsplash"""
"006260c8",11,"""prt_bubble"""
"006260d8",14,"""prt_cardebris"""
"006260f0",19,"""prt_collisionsmoke"""
"00626108",13,"""prt_gunshell"""
"00626118",9,"""prt_sand"""
"00626128",10,"""prt_sand2"""
"00626138",15,"""prt_smoke_huge"""
"00626150",21,"""prt_smokeII_3_expand"""
"00626168",10,"""prt_spark"""
"00626178",12,"""prt_spark_2"""
"00626188",11,"""prt_splash"""
"00626198",9,"""prt_wake"""
"006261b0",16,"""prt_watersplash"""
"006261c0",14,"""prt_wheeldirt"""
"006261d0",10,"""prt_glass"""
"006261e0",16,"""water_hydrant"""
"006261f0",12,"""gunflash"""
"00626200",12,"""gunsmoke"""
"00626210",12,"""tank_fire"""
"00626220",20,"""water_splash_big"""
"00626238",16,"""water_splash"""
"00626250",16,"""water_splsh_sml"""
"00626310",16,"""CompDoDealResp"""
"00626320",16,"""CompDoDealResp"""
"00626330",16,"""CompGreetResp"""
"00626340",16,"""CompGreetResp"""
"00626350",17,"""DATA\\GRIDREF.DAT"""
"00626370",28,"""COMMAND_TASK_LOOK_AT_OBJECT"""
"00626390",28,"""COMMAND_TASK_CHAT_WITH_CHAR"""
"006263b0",28,"""COMMAND_TASK_LOOK_AT_COORD"""
"006263d0",12,"""particle"""
"006263e0",13,"""platecharset"""
"006263f0",11,"""plateback1"""
"00626400",11,"""plateback2"""
"00626410",11,"""plateback3"""
"00626420",16,"""NUMPLATE.DAT"""
"00626430",12,"""carplate"""
"00626440",12,"""carpback"""
"00626450",12,"""carplate"""
"00626460",12,"""carpback"""
"00626470",12,""";the end"""
"00626490",10,"""int_house"""
"006264a0",9,"""int_shop"""
"006264b0",11,"""int_office"""
"006266a0",16,"""TaskBeInShop"""
"006266b0",16,"""TaskSitInChair"""
"006267ff",13,"""?Entry Exits"""
"00626930",10,"""balaclava"""
"00626940",12,"""balaclava"""
"00626950",12,"""necklace"""
"00626960",18,"""MODELS\\PLAYER.IMG"""
"00626980",20,"""DATA\\CLOTHES.DAT"""
"00626998",12,"""endignore"""
"006269a8",12,"""exclusive"""
"006269b8",16,"""endexclusive"""
"006269c8",11,"""clothes.pm"""
"006269d8",11,"""clothes.pm"""
"006269e8",12,"""muscular"""
"00626ad0",12,"""jetball1"""
"00626ae0",12,"""jetball2"""
"00626af0",9,"""jetball1"""
"00626b00",9,"""jetball2"""
"00626b90",16,"""Used in script"""
"00626ba0",16,"""Used in script"""
"00626faf",21,"""-Ped2Pl_Conversation"""
"00626fd0",24,"""Ped2Pl_ConversationP"""
"00626fe8",14,"""QuadTreeNodes"""
"00626ff8",10,"""IPL Files"""
"00627008",12,"""gen_int1"""
"00627018",12,"""gen_int2"""
"00627028",12,"""gen_int3"""
"00627038",12,"""gen_int4"""
"00627048",12,"""gen_int5"""
"00627058",12,"""gen_intb"""
"00627068",12,"""savehous"""
"00627078",12,"""int_cont"""
"00627088",12,"""levelmap"""
"00627098",16,"""TaskGangLeader"""
"006270b0",20,"""TaskGangFollower"""
"006270d0",20,"""TaskHassleVehicle"""
"006270e8",16,"""TaskStareAtPed"""
"006270f8",16,"""TaskStareAtPed"""
"00627110",16,"""TaskSignalAtPed"""
"00627120",23,"""CTaskComplexPassObject"""
"00627138",12,"""TaskProzzy"""
"00627148",12,"""TaskProzzy"""
"00627160",24,"""CTaskComplexBeInCouple"""
"00627180",24,"""CTaskComplexBeInCouple"""
"00627198",16,"""TaskBeInCouple"""
"006271a8",16,"""TaskBeInCouple"""
"006271b8",16,"""TaskFleePoint"""
"006271c8",16,"""TaskFleeEntity"""
"006271d8",16,"""TaskFleeEntity"""
"006271f0",20,"""TaskSmartFleePoint"""
"00627210",20,"""TaskSmartFleeEntity"""
"00627230",20,"""TaskSmartFleeEntity"""
"00627250",20,"""TaskSmartFleeEntity"""
"00627270",20,"""TaskSmartFleeEntity"""
"00627288",13,"""CarPaintJobs"""
"00627298",10,"""Furniture"""
"006272a8",9,"""Haircuts"""
"006272b8",9,"""Property"""
"00627328",12,"""calories"""
"00627340",20,"""data\\shopping.dat"""
"00627360",20,"""data\\shopping.dat"""
"00627380",20,"""data\\shopping.dat"""
"006273e0",68,"""ComputeKillThreatsBasicResponse() - threat ped already in group\n"""
"00627430",68,"""ComputeKillThreatsBasicResponse() - threat ped already in group\n"""
"00627480",60,"""ComputeKillThreatsDriveby() - threat ped already in group\n"""
"006279c0",9,"""particle"""
"006279d0",13,"""roadsignfont"""
"00627b20",10,"""CVCarPipe"""
"00627b30",28,"""COMMAND_TASK_GREET_PARTNER"""
"00627b50",28,"""COMMAND_TASK_GREET_PARTNER"""
"00627bf0",16,"""CVCarEnvMapPipe"""
"00627c00",19,"""CVCarEnvMapUV2Pipe"""
"00627c18",10,"""int_house"""
"00627c28",9,"""int_shop"""
"00627c38",11,"""int_office"""
"00627c48",10,"""int_house"""
"00627c58",9,"""int_shop"""
"00627c68",11,"""int_office"""
"00627c78",12,"""Stunt Jumps"""
"00627dc0",72,"""Cannot create procedural object aligned to surface - no matrices left\n"""
"00627e10",20,"""data\\procobj.dat"""
"00627e30",44,"""%s %s %f %f %d %d %f %f %f %f %f %f %d %d"""
"00627f00",17,"""PsIIlibcdvd 3000"""
"00629b40",23,"""CVBuildingDNEnvMapPipe"""
"00629be0",21,"""CVBuildingEnvMapPipe"""
"00629bf8",17,"""PsIIlibpad  3000"""
"00629c68",17,"""PsIIlibmc   3000"""
"00629c88",17,"""PsIIlibkernl3000"""
"0062b3d0",17,"""PsIIlibdma  3000"""
"0062d8a0",20,"""FALL_SkyDive_accel"""
"0062d8b8",12,"""Para_decel"""
"0062d8d0",20,"""VOICE_GEN_BBDYG1"""
"0062d8e4",20,"""VOICE_GEN_BBDYG2"""
"0062d8f8",16,"""VOICE_GEN_BFORI"""
"0062d90c",16,"""VOICE_GEN_BFOST"""
"0062d920",16,"""VOICE_GEN_BFYBE"""
"0062d934",16,"""VOICE_GEN_BFYBU"""
"0062d948",20,"""VOICE_GEN_BFYCRP"""
"0062d95c",20,"""VOICE_GEN_BFYPRO"""
"0062d970",16,"""VOICE_GEN_BFYRI"""
"0062d984",16,"""VOICE_GEN_BFYST"""
"0062d998",20,"""VOICE_GEN_BIKDRUG"""
"0062d9ac",20,"""VOICE_GEN_BIKERA"""
"0062d9c0",20,"""VOICE_GEN_BIKERB"""
"0062d9d4",16,"""VOICE_GEN_BMOCD"""
"0062d9e8",16,"""VOICE_GEN_BMORI"""
"0062d9fc",20,"""VOICE_GEN_BMOSEC"""
"0062da10",16,"""VOICE_GEN_BMOST"""
"0062da24",20,"""VOICE_GEN_BMOTR1"""
"0062da38",16,"""VOICE_GEN_BMYAP"""
"0062da4c",16,"""VOICE_GEN_BMYBE"""
"0062da60",20,"""VOICE_GEN_BMYBOUN"""
"0062da74",20,"""VOICE_GEN_BMYBOX"""
"0062da88",16,"""VOICE_GEN_BMYBU"""
"0062da9c",16,"""VOICE_GEN_BMYCG"""
"0062dab0",20,"""VOICE_GEN_BMYCON"""
"0062dac4",16,"""VOICE_GEN_BMYCR"""
"0062dad8",16,"""VOICE_GEN_BMYDJ"""
"0062daec",20,"""VOICE_GEN_BMYDRUG"""
"0062db00",20,"""VOICE_GEN_BMYMOUN"""
"0062db14",20,"""VOICE_GEN_BMYPOL1"""
"0062db28",20,"""VOICE_GEN_BMYPOL2"""
"0062db3c",16,"""VOICE_GEN_BMYRI"""
"0062db50",16,"""VOICE_GEN_BMYST"""
"0062db64",16,"""VOICE_GEN_BYMPI"""
"0062db78",20,"""VOICE_GEN_CWFOFR"""
"0062db8c",20,"""VOICE_GEN_CWFOHB"""
"0062dba0",20,"""VOICE_GEN_CWFYFR1"""
"0062dbb4",20,"""VOICE_GEN_CWFYFR2"""
"0062dbc8",20,"""VOICE_GEN_CWFYHB1"""
"0062dbdc",20,"""VOICE_GEN_CWMOFR1"""
"0062dbf0",20,"""VOICE_GEN_CWMOHB1"""
"0062dc04",20,"""VOICE_GEN_CWMOHB2"""
"0062dc18",20,"""VOICE_GEN_CWMYFR"""
"0062dc2c",20,"""VOICE_GEN_CWMYHB1"""
"0062dc40",20,"""VOICE_GEN_CWMYHB2"""
"0062dc54",20,"""VOICE_GEN_DNFOLC1"""
"0062dc68",20,"""VOICE_GEN_DNFOLC2"""
"0062dc7c",20,"""VOICE_GEN_DNFYLC"""
"0062dc90",20,"""VOICE_GEN_DNMOLC1"""
"0062dca4",20,"""VOICE_GEN_DNMOLC2"""
"0062dcb8",20,"""VOICE_GEN_DNMYLC"""
"0062dccc",20,"""VOICE_GEN_DWFOLC"""
"0062dce0",20,"""VOICE_GEN_DWFYLC1"""
"0062dcf4",20,"""VOICE_GEN_DWFYLC2"""
"0062dd08",20,"""VOICE_GEN_DWMOLC1"""
"0062dd1c",20,"""VOICE_GEN_DWMOLC2"""
"0062dd30",20,"""VOICE_GEN_DWMYLC1"""
"0062dd44",20,"""VOICE_GEN_DWMYLC2"""
"0062dd58",16,"""VOICE_GEN_HFORI"""
"0062dd6c",16,"""VOICE_GEN_HFOST"""
"0062dd80",16,"""VOICE_GEN_HFYBE"""
"0062dd94",20,"""VOICE_GEN_HFYPRO"""
"0062dda8",16,"""VOICE_GEN_HFYRI"""
"0062ddbc",16,"""VOICE_GEN_HFYST"""
"0062ddd0",16,"""VOICE_GEN_HMORI"""
"0062dde4",16,"""VOICE_GEN_HMOST"""
"0062ddf8",16,"""VOICE_GEN_HMYBE"""
"0062de0c",16,"""VOICE_GEN_HMYCM"""
"0062de20",16,"""VOICE_GEN_HMYCR"""
"0062de34",20,"""VOICE_GEN_HMYDRUG"""
"0062de48",16,"""VOICE_GEN_HMYRI"""
"0062de5c",16,"""VOICE_GEN_HMYST"""
"0062de70",16,"""VOICE_GEN_IMYST"""
"0062de84",20,"""VOICE_GEN_IRFYST"""
"0062de98",20,"""VOICE_GEN_IRMYST"""
"0062deac",16,"""VOICE_GEN_MAFFA"""
"0062dec0",16,"""VOICE_GEN_MAFFB"""
"0062ded4",20,"""VOICE_GEN_MALE01"""
"0062dee8",20,"""VOICE_GEN_NOVOICE"""
"0062defc",16,"""VOICE_GEN_OFORI"""
"0062df10",16,"""VOICE_GEN_OFOST"""
"0062df24",16,"""VOICE_GEN_OFYRI"""
"0062df38",16,"""VOICE_GEN_OFYST"""
"0062df4c",20,"""VOICE_GEN_OMOBOAT"""
"0062df60",20,"""VOICE_GEN_OMOKUNG"""
"0062df74",16,"""VOICE_GEN_OMORI"""
"0062df88",16,"""VOICE_GEN_OMOST"""
"0062df9c",16,"""VOICE_GEN_OMYRI"""
"0062dfb0",16,"""VOICE_GEN_OMYST"""
"0062dfc4",20,"""VOICE_GEN_SBFORI"""
"0062dfd8",20,"""VOICE_GEN_SBFOST"""
"0062dfec",20,"""VOICE_GEN_SBFYPRO"""
"0062e000",20,"""VOICE_GEN_SBFYRI"""
"0062e014",20,"""VOICE_GEN_SBFYST"""
"0062e028",20,"""VOICE_GEN_SBFYSTR"""
"0062e03c",20,"""VOICE_GEN_SBMOCD"""
"0062e050",20,"""VOICE_GEN_SBMORI"""
"0062e064",20,"""VOICE_GEN_SBMOST"""
"0062e078",20,"""VOICE_GEN_SBMOTR1"""
"0062e08c",20,"""VOICE_GEN_SBMOTR2"""
"0062e0a0",20,"""VOICE_GEN_SBMYCR"""
"0062e0b4",20,"""VOICE_GEN_SBMYRI"""
"0062e0c8",20,"""VOICE_GEN_SBMYST"""
"0062e0dc",20,"""VOICE_GEN_SBMYTR3"""
"0062e0f0",20,"""VOICE_GEN_SFYPRO"""
"0062e104",20,"""VOICE_GEN_SHFYPRO"""
"0062e118",20,"""VOICE_GEN_SHMYCR"""
"0062e12c",16,"""VOICE_GEN_SMYST"""
"0062e140",20,"""VOICE_GEN_SMYST2"""
"0062e154",20,"""VOICE_GEN_SOFORI"""
"0062e168",20,"""VOICE_GEN_SOFOST"""
"0062e17c",20,"""VOICE_GEN_SOFYBU"""
"0062e190",20,"""VOICE_GEN_SOFYRI"""
"0062e1a4",20,"""VOICE_GEN_SOFYST"""
"0062e1b8",20,"""VOICE_GEN_SOMOBU"""
"0062e1cc",20,"""VOICE_GEN_SOMORI"""
"0062e1e0",20,"""VOICE_GEN_SOMOST"""
"0062e1f4",20,"""VOICE_GEN_SOMYAP"""
"0062e208",20,"""VOICE_GEN_SOMYBU"""
"0062e21c",20,"""VOICE_GEN_SOMYRI"""
"0062e230",20,"""VOICE_GEN_SOMYST"""
"0062e244",20,"""VOICE_GEN_SWFOPRO"""
"0062e258",20,"""VOICE_GEN_SWFORI"""
"0062e26c",20,"""VOICE_GEN_SWFOST"""
"0062e280",20,"""VOICE_GEN_SWFYRI"""
"0062e294",20,"""VOICE_GEN_SWFYST"""
"0062e2a8",20,"""VOICE_GEN_SWFYSTR"""
"0062e2bc",20,"""VOICE_GEN_SWMOCD"""
"0062e2d0",20,"""VOICE_GEN_SWMORI"""
"0062e2e4",20,"""VOICE_GEN_SWMOST"""
"0062e2f8",20,"""VOICE_GEN_SWMOTR1"""
"0062e30c",20,"""VOICE_GEN_SWMOTR2"""
"0062e320",20,"""VOICE_GEN_SWMOTR3"""
"0062e334",20,"""VOICE_GEN_SWMOTR4"""
"0062e348",20,"""VOICE_GEN_SWMOTR5"""
"0062e35c",20,"""VOICE_GEN_SWMYCR"""
"0062e370",20,"""VOICE_GEN_SWMYHP1"""
"0062e384",20,"""VOICE_GEN_SWMYHP2"""
"0062e398",20,"""VOICE_GEN_SWMYRI"""
"0062e3ac",20,"""VOICE_GEN_SWMYST"""
"0062e3c0",20,"""VOICE_GEN_VBFYPRO"""
"0062e3d4",20,"""VOICE_GEN_VBFYST2"""
"0062e3e8",20,"""VOICE_GEN_VBMOCD"""
"0062e3fc",20,"""VOICE_GEN_VBMYCR"""
"0062e410",20,"""VOICE_GEN_VBMYELV"""
"0062e424",20,"""VOICE_GEN_VHFYPRO"""
"0062e438",20,"""VOICE_GEN_VHFYST3"""
"0062e44c",20,"""VOICE_GEN_VHMYCR"""
"0062e460",20,"""VOICE_GEN_VHMYELV"""
"0062e474",20,"""VOICE_GEN_VIMYELV"""
"0062e488",20,"""VOICE_GEN_VWFYPRO"""
"0062e49c",20,"""VOICE_GEN_VWFYST1"""
"0062e4b0",20,"""VOICE_GEN_VWFYWAI"""
"0062e4c4",20,"""VOICE_GEN_VWMOTR1"""
"0062e4d8",20,"""VOICE_GEN_VWMOTR2"""
"0062e4ec",20,"""VOICE_GEN_VWMYAP"""
"0062e500",20,"""VOICE_GEN_VWMYBJD"""
"0062e514",20,"""VOICE_GEN_VWMYCD"""
"0062e528",20,"""VOICE_GEN_VWMYCR"""
"0062e53c",16,"""VOICE_GEN_WFOPJ"""
"0062e550",16,"""VOICE_GEN_WFORI"""
"0062e564",16,"""VOICE_GEN_WFOST"""
"0062e578",16,"""VOICE_GEN_WFYBE"""
"0062e58c",16,"""VOICE_GEN_WFYBU"""
"0062e5a0",20,"""VOICE_GEN_WFYCRK"""
"0062e5b4",20,"""VOICE_GEN_WFYCRP"""
"0062e5c8",16,"""VOICE_GEN_WFYJG"""
"0062e5dc",16,"""VOICE_GEN_WFYLG"""
"0062e5f0",20,"""VOICE_GEN_WFYPRO"""
"0062e604",16,"""VOICE_GEN_WFYRI"""
"0062e618",16,"""VOICE_GEN_WFYRO"""
"0062e62c",16,"""VOICE_GEN_WFYST"""
"0062e640",20,"""VOICE_GEN_WFYSTEW"""
"0062e654",20,"""VOICE_GEN_WMOMIB"""
"0062e668",16,"""VOICE_GEN_WMOPJ"""
"0062e67c",20,"""VOICE_GEN_WMOPREA"""
"0062e690",16,"""VOICE_GEN_WMORI"""
"0062e6a4",20,"""VOICE_GEN_WMOSCI"""
"0062e6b8",16,"""VOICE_GEN_WMOST"""
"0062e6cc",20,"""VOICE_GEN_WMOTR1"""
"0062e6e0",16,"""VOICE_GEN_WMYBE"""
"0062e6f4",20,"""VOICE_GEN_WMYBMX"""
"0062e708",20,"""VOICE_GEN_WMYBOUN"""
"0062e71c",20,"""VOICE_GEN_WMYBOX"""
"0062e730",16,"""VOICE_GEN_WMYBP"""
"0062e744",16,"""VOICE_GEN_WMYBU"""
"0062e758",20,"""VOICE_GEN_WMYCD1"""
"0062e76c",20,"""VOICE_GEN_WMYCD2"""
"0062e780",16,"""VOICE_GEN_WMYCH"""
"0062e794",20,"""VOICE_GEN_WMYCON"""
"0062e7a8",20,"""VOICE_GEN_WMYCONB"""
"0062e7bc",16,"""VOICE_GEN_WMYCR"""
"0062e7d0",20,"""VOICE_GEN_WMYDRUG"""
"0062e7e4",20,"""VOICE_GEN_WMYGAR"""
"0062e7f8",20,"""VOICE_GEN_WMYGOL1"""
"0062e80c",20,"""VOICE_GEN_WMYGOL2"""
"0062e820",16,"""VOICE_GEN_WMYJG"""
"0062e834",16,"""VOICE_GEN_WMYLG"""
"0062e848",20,"""VOICE_GEN_WMYMECH"""
"0062e85c",20,"""VOICE_GEN_WMYMOUN"""
"0062e870",20,"""VOICE_GEN_WMYPLT"""
"0062e884",16,"""VOICE_GEN_WMYRI"""
"0062e898",16,"""VOICE_GEN_WMYRO"""
"0062e8ac",20,"""VOICE_GEN_WMYSGRD"""
"0062e8c0",20,"""VOICE_GEN_WMYSKAT"""
"0062e8d4",16,"""VOICE_GEN_WMYST"""
"0062e8e8",20,"""VOICE_GEN_WMYTX1"""
"0062e8fc",20,"""VOICE_GEN_WMYTX2"""
"0062e910",16,"""VOICE_GEN_WMYVA"""
"00639310",16,"""VOICE_EMG_ARMY1"""
"00639324",16,"""VOICE_EMG_ARMY2"""
"00639338",16,"""VOICE_EMG_ARMY3"""
"0063934c",16,"""VOICE_EMG_EMT1"""
"00639360",16,"""VOICE_EMG_EMT2"""
"00639374",16,"""VOICE_EMG_EMT3"""
"00639388",16,"""VOICE_EMG_EMT4"""
"0063939c",16,"""VOICE_EMG_EMT5"""
"006393b0",16,"""VOICE_EMG_FBI2"""
"006393c4",16,"""VOICE_EMG_FBI3"""
"006393d8",16,"""VOICE_EMG_FBI4"""
"006393ec",16,"""VOICE_EMG_FBI5"""
"00639400",16,"""VOICE_EMG_FBI6"""
"00639414",16,"""VOICE_EMG_LAPD1"""
"00639428",16,"""VOICE_EMG_LAPD2"""
"0063943c",16,"""VOICE_EMG_LAPD3"""
"00639450",16,"""VOICE_EMG_LAPD4"""
"00639464",16,"""VOICE_EMG_LAPD5"""
"00639478",16,"""VOICE_EMG_LAPD6"""
"0063948c",16,"""VOICE_EMG_LAPD7"""
"006394a0",16,"""VOICE_EMG_LAPD8"""
"006394b4",16,"""VOICE_EMG_LVPD1"""
"006394c8",16,"""VOICE_EMG_LVPD2"""
"006394dc",16,"""VOICE_EMG_LVPD3"""
"006394f0",16,"""VOICE_EMG_LVPD4"""
"00639504",16,"""VOICE_EMG_LVPD5"""
"00639518",16,"""VOICE_EMG_MCOP1"""
"0063952c",16,"""VOICE_EMG_MCOP2"""
"00639540",16,"""VOICE_EMG_MCOP3"""
"00639554",16,"""VOICE_EMG_MCOP4"""
"00639568",16,"""VOICE_EMG_MCOP5"""
"0063957c",16,"""VOICE_EMG_MCOP6"""
"00639590",20,"""VOICE_EMG_PULASKI"""
"006395a4",16,"""VOICE_EMG_RCOP1"""
"006395b8",16,"""VOICE_EMG_RCOP2"""
"006395cc",16,"""VOICE_EMG_RCOP3"""
"006395e0",16,"""VOICE_EMG_RCOP4"""
"006395f4",16,"""VOICE_EMG_SFPD1"""
"00639608",16,"""VOICE_EMG_SFPD2"""
"0063961c",16,"""VOICE_EMG_SFPD3"""
"00639630",16,"""VOICE_EMG_SFPD4"""
"00639644",16,"""VOICE_EMG_SFPD5"""
"00639658",16,"""VOICE_EMG_SWAT1"""
"0063966c",16,"""VOICE_EMG_SWAT2"""
"00639680",16,"""VOICE_EMG_SWAT4"""
"00639694",16,"""VOICE_EMG_SWAT6"""
"0063af80",16,"""VOICE_PLY_AG"""
"0063af94",16,"""VOICE_PLY_AG2"""
"0063afa8",16,"""VOICE_PLY_AR"""
"0063afbc",16,"""VOICE_PLY_AR2"""
"0063afd0",16,"""VOICE_PLY_CD"""
"0063afe4",16,"""VOICE_PLY_CD2"""
"0063aff8",16,"""VOICE_PLY_CF"""
"0063b00c",16,"""VOICE_PLY_CF2"""
"0063b020",16,"""VOICE_PLY_CG"""
"0063b034",16,"""VOICE_PLY_CG2"""
"0063b048",16,"""VOICE_PLY_CR"""
"0063b05c",16,"""VOICE_PLY_CR2"""
"0063b070",16,"""VOICE_PLY_PG"""
"0063b084",16,"""VOICE_PLY_PG2"""
"0063b098",16,"""VOICE_PLY_PR"""
"0063b0ac",16,"""VOICE_PLY_PR2"""
"0063b0c0",16,"""VOICE_PLY_WG"""
"0063b0d4",16,"""VOICE_PLY_WG2"""
"0063b0e8",16,"""VOICE_PLY_WR"""
"0063b0fc",16,"""VOICE_PLY_WR2"""
"0063d2b0",20,"""VOICE_GNG_BALLAS1"""
"0063d2c4",20,"""VOICE_GNG_BALLAS2"""
"0063d2d8",20,"""VOICE_GNG_BALLAS3"""
"0063d2ec",20,"""VOICE_GNG_BALLAS4"""
"0063d300",20,"""VOICE_GNG_BALLAS5"""
"0063d314",20,"""VOICE_GNG_BIG_BEAR"""
"0063d328",16,"""VOICE_GNG_CESAR"""
"0063d33c",16,"""VOICE_GNG_DNB1"""
"0063d350",16,"""VOICE_GNG_DNB2"""
"0063d364",16,"""VOICE_GNG_DNB3"""
"0063d378",16,"""VOICE_GNG_DNB5"""
"0063d38c",20,"""VOICE_GNG_DWAINE"""
"0063d3a0",16,"""VOICE_GNG_FAM1"""
"0063d3b4",16,"""VOICE_GNG_FAM2"""
"0063d3c8",16,"""VOICE_GNG_FAM3"""
"0063d3dc",16,"""VOICE_GNG_FAM4"""
"0063d3f0",16,"""VOICE_GNG_FAM5"""
"0063d404",16,"""VOICE_GNG_JIZZY"""
"0063d418",16,"""VOICE_GNG_LSV1"""
"0063d42c",16,"""VOICE_GNG_LSV2"""
"0063d440",16,"""VOICE_GNG_LSV3"""
"0063d454",16,"""VOICE_GNG_LSV4"""
"0063d468",16,"""VOICE_GNG_LSV5"""
"0063d47c",20,"""VOICE_GNG_MACCER"""
"0063d490",20,"""VOICE_GNG_MAFBOSS"""
"0063d4a4",16,"""VOICE_GNG_OGLOC"""
"0063d4b8",16,"""VOICE_GNG_RYDER"""
"0063d4cc",16,"""VOICE_GNG_SFR1"""
"0063d4e0",16,"""VOICE_GNG_SFR2"""
"0063d4f4",16,"""VOICE_GNG_SFR3"""
"0063d508",16,"""VOICE_GNG_SFR4"""
"0063d51c",16,"""VOICE_GNG_SFR5"""
"0063d530",16,"""VOICE_GNG_SMOKE"""
"0063d544",16,"""VOICE_GNG_STRI1"""
"0063d558",16,"""VOICE_GNG_STRI2"""
"0063d56c",16,"""VOICE_GNG_STRI4"""
"0063d580",16,"""VOICE_GNG_STRI5"""
"0063d594",16,"""VOICE_GNG_SWEET"""
"0063d5a8",16,"""VOICE_GNG_TBONE"""
"0063d5bc",20,"""VOICE_GNG_TORENO"""
"0063d5d0",16,"""VOICE_GNG_TRUTH"""
"0063d5e4",16,"""VOICE_GNG_VLA1"""
"0063d5f8",16,"""VOICE_GNG_VLA2"""
"0063d60c",16,"""VOICE_GNG_VLA3"""
"0063d620",16,"""VOICE_GNG_VLA4"""
"0063d634",16,"""VOICE_GNG_VLA5"""
"0063d648",20,"""VOICE_GNG_VMAFF1"""
"0063d65c",20,"""VOICE_GNG_VMAFF2"""
"0063d670",20,"""VOICE_GNG_VMAFF3"""
"0063d684",20,"""VOICE_GNG_VMAFF4"""
"0063d698",20,"""VOICE_GNG_VMAFF5"""
"0063d6ac",20,"""VOICE_GNG_WOOZIE"""
"00643230",20,"""VOICE_GFD_BARBARA"""
"00643244",20,"""VOICE_GFD_BMOBAR"""
"00643258",20,"""VOICE_GFD_BMYBARB"""
"0064326c",20,"""VOICE_GFD_BMYTATT"""
"00643280",20,"""VOICE_GFD_CATALINA"""
"00643294",20,"""VOICE_GFD_DENISE"""
"006432a8",20,"""VOICE_GFD_HELENA"""
"006432bc",16,"""VOICE_GFD_KATIE"""
"006432d0",20,"""VOICE_GFD_MICHELLE"""
"006432e4",20,"""VOICE_GFD_MILLIE"""
"006432f8",20,"""VOICE_GFD_POL_ANN"""
"0064330c",20,"""VOICE_GFD_WFYBURG"""
"00643320",20,"""VOICE_GFD_WFYCLOT"""
"00643334",20,"""VOICE_GFD_WMYAMMO"""
"00643348",20,"""VOICE_GFD_WMYBARB"""
"0064335c",20,"""VOICE_GFD_WMYBELL"""
"00643370",20,"""VOICE_GFD_WMYCLOT"""
"00643384",20,"""VOICE_GFD_WMYPIZZ"""
"006456e8",8,"""maddogg"""
"006456fc",8,"""janitor"""
"00645724",8,"""macca"""
"00645738",8,"""claude"""
"0064574c",8,"""pulaski"""
"00645760",8,"""sindaco"""
"0064579c",8,"""ryder"""
"006457c4",8,"""cesar"""
"006457d8",8,"""truth"""
"006457ec",8,"""tbone"""
"00645800",8,"""tenpen"""
"00645864",8,"""jethro"""
"00645878",8,"""sweet"""
"006458dc",8,"""torino"""
"00647050",13,"""PED_TYPE_GEN"""
"00647060",13,"""PED_TYPE_EMG"""
"00647070",16,"""PED_TYPE_PLAYER"""
"00647080",14,"""PED_TYPE_GANG"""
"00647090",13,"""PED_TYPE_GFD"""
"006470a0",13,"""PED_TYPE_SPC"""
"006470c8",12,"""hoodyagreen"""
"006470d8",12,"""shirtbgang"""
"006470e8",12,"""tracktrgang"""
"006470f8",12,"""denimsgang"""
"00647108",12,"""bandgang"""
"00647118",12,"""capgangback"""
"00647128",12,"""capgangside"""
"00647138",12,"""capgangover"""
"00647148",12,"""capgangup"""
"00647158",12,"""bandred3"""
"00647168",12,"""bandblue3"""
"00647178",12,"""bandgang3"""
"00647188",12,"""bandblack3"""
"0064aab0",20,"""CVBuildingDNUVAPipe"""
"0064ab50",18,"""CVBuildingUVAPipe"""
"0064ab80",20,"""MODELS\\CINFO.BIN"""
"0064ace0",12,"""MODELS\\TXD\\"""
"0064ad00",12,"""loadscuk"""
"0064ad10",12,"""loadsc%d"""
"0064b0a0",12,"""shortskhaki"""
"0064b0b0",12,"""flipflop"""
"0064b0c0",12,"""flipflop"""
"0064b0d0",16,"""glasses04dark"""
"0064b0e0",12,"""glasses04"""
"0064b170",12,"""legsheart"""
"0064b180",12,"""timberhike"""
"0064b190",12,"""grouchos"""
"0064b1a0",12,"""hairpink"""
"0064b1d8",12,"""timberfawn"""
"0064b1e8",12,"""captruck"""
"0064b1f8",12,"""captruck"""
"0064b208",12,"""countrytr"""
"0064b218",12,"""countrytr"""
"0064b260",8,"""ALDEA"""
"0064b298",8,"""SUNMA"""
"0064b2a8",8,"""BEACO"""
"0064b320",8,"""DILLI"""
"0064b3a0",8,"""FALLO"""
"0064b3c0",8,"""FLINTC"""
"0064b3c8",8,"""FLINTI"""
"0064b3d0",8,"""FLINTR"""
"0064b3e0",8,"""CARSO"""
"0064b3e8",8,"""SILLY"""
"0064b458",8,"""QUARY"""
"0064b4b0",8,"""BARRA"""
"0064b4d8",8,"""PROBE"""
"0064b4e8",8,"""LINDEN"""
"0064b540",8,"""MARKST"""
"0064b560",8,"""MONINT"""
"0064b568",8,"""MTCHI"""
"0064b578",8,"""MULINT"""
"0064b598",8,"""OCTAN"""
"0064b668",8,"""CREEK"""
"0064b670",8,"""SHERR"""
"0064b6e0",8,"""PANOP"""
"0064b708",8,"""ROBAD"""
"0064b710",8,"""UNITY"""
"0064b718",8,"""VALLE"""
"0064b760",8,"""YELLOW"""
"0064b780",8,"""SAN_AND"""
"0064b7a8",8,"""STRIP"""
"0064b868",8,"""CONST1"""
"0064bed0",16,"""MemoryHeap.cpp"""
"0064bee0",24,"""ASSERT File:%s Line:%d\n"""
"0064bef8",16,"""MemoryHeap.cpp"""
"0064bf10",24,"""ASSERT File:%s Line:%d\n"""
"0064e870",68,"""@@(#)$Id: //RenderWare/RW36Active/rwsdk/src/plcore/babinary.c#1 $"""
"0064e928",68,"""@@(#)$Id: //RenderWare/RW36Active/rwsdk/src/plcore/bamatrix.c#1 $"""
"0064e980",25,"""Invalid combination type"""
"0064e9a0",60,"""@@(#)$Id: //RenderWare/RW36Active/rwsdk/src/bacamera.c#2 $"""
"0064e9e0",34,"""Invalid projection type specified"""
"0064ea10",60,"""@@(#)$Id: //RenderWare/RW36Active/rwsdk/src/badevice.c#2 $"""
"0064ea50",40,"""\nCore built at Sep  4 2003 06:47:49\n"""
"0064ea78",28,"""Only rendering sub system"""
"0064eab8",60,"""@@(#)$Id: //RenderWare/RW36Active/rwsdk/src/batextur.c#2 $"""
"0064eaf8",20,"""0123456789abcdef"""
"0064f690",68,"""@@(#)$Id: //RenderWare/RW36Active/rwsdk/driver/sky2/skyblit.c#1 $"""
"0064f920",68,"""@@(#)$Id: //RenderWare/RW36Active/rwsdk/driver/sky2/skyconv.c#1 $"""
"0064fb58",68,"""@@(#)$Id: //RenderWare/RW36Active/rwsdk/driver/sky2/skyinst.c#1 $"""
"0064fbc0",72,"""@@@@(#)$Id: //RenderWare/RW36Active/rwsdk/driver/sky2/texcache.c#1 $"""
"0064fcb0",68,"""@@(#)$Id: //RenderWare/RW36Active/rwsdk/src/pipe/p2/baim3d.c#1 $"""
"0064fd98",68,"""@@(#)$Id: //RenderWare/RW36Active/rwsdk/src/pipe/p2/p2heap.c#1 $"""
"0064fde0",36,"""Heap resized from %d to %d bytes"""
"0064fe08",76,"""@@@@(#)$Id: //RenderWare/RW36Active/rwsdk/world/pipe/p2/sky2/fastim3d.c#1 $"""
"0064fe58",20,"""FastIm3DTransform"""
"0064fe70",80,"""@@@@(#)$Id: //RenderWare/RW36Active/rwsdk/world/pipe/p2/sky2/matinstance.c#1 $"""
"0064ffb0",76,"""@@@@(#)$Id: //RenderWare/RW36Active/rwsdk/world/pipe/p2/sky2/native.c#1 $"""
"006500c0",80,"""@@@@(#)$Id: //RenderWare/RW36Active/rwsdk/world/pipe/p2/sky2/ps2allatomic.c#1 $"""
"00650128",80,"""@@@@(#)$Id: //RenderWare/RW36Active/rwsdk/world/pipe/p2/sky2/ps2allim3d.c#2 $"""
"00650190",80,"""@@@@(#)$Id: //RenderWare/RW36Active/rwsdk/world/pipe/p2/sky2/ps2allmat.c#1 $"""
"006501e0",124,"""PS2AllMatProcessInitData; cluster %s has both CL_ATTRIB_REQUIRED and CL_ATTRIB_PLACEHOLDER set in its attributes - illegal!"""
"00650260",140,"""PS2AllMatProcessInitData; cluster %s has both (CL_ATTRIB_READ or CL_ATTRIB_WRITE) and CL_ATTRIB_OPAQUE set, these are mutually incompatible"""
"006502f0",140,"""PS2AllMatProcessInitData; user clusters must have attributes set to CL_ATTRIB_PLACEHOLDER or CL_ATTRIB_WRITE or they will have no effect!"""
"00650380",200,"""PS2AllMatProcessInitData; non-user clusters with CL_ATTRIB_DONTFILL attributes must also have either CL_ATTRIB_PLACEHOLDER or CL_ATTRIB_WRITE attributes, or uninitialised junk will be uploaded to VU1"""
"00650448",12,"""!UNKNOWN!"""
"00650458",68,"""PS2AllMatProcessInitData; %s cluster has unrecognised attributes"""
"00650508",80,"""@@@@(#)$Id: //RenderWare/RW36Active/rwsdk/world/pipe/p2/sky2/ps2allsector.c#2 $"""
"00650570",76,"""@@@@(#)$Id: //RenderWare/RW36Active/rwsdk/world/pipe/p2/sky2/wrldpipe.c#1 $"""
"006505c0",20,"""PS2 material pipes"""
"006505d8",20,"""PS2 sector pipes"""
"006505f0",20,"""PS2 stomic pipes"""
"00650608",64,"""@@(#)$Id: //RenderWare/RW36Active/rwsdk/tool/quat/rtquat.c#1 $"""
"00650648",25,"""Invalid combination type"""
"00650670",72,"""@@@@(#)$Id: //RenderWare/RW36Active/rwsdk/plugin/matfx/rpmatfx.c#1 $"""
"00650780",84,"""@@@@(#)$Id: //RenderWare/RW36Active/rwsdk/plugin/matfx/sky2/effectpipesdriver.c#1 $"""
"00650c50",28,"""Memory allocation failure"""
"00650c70",28,"""Memory allocation failure"""
"00650c90",28,"""Memory allocation failure"""
"006511f8",12,"""LookAbout"""
"00651208",8,"""HandsUp"""
"00651218",12,"""ScratchHead"""
"00651228",8,"""Cower"""
"00651938",16,"""HitFromRight"""
"00651948",12,"""HitFromLeft"""
"00651958",12,"""HitFromBack"""
"00651968",16,"""HitFromFront"""
"00651a48",8,"""HitWall"""
"00651a50",16,"""HitFromBehind"""
"00652818",64,"""@@@@(#)$Id: //RenderWare/dev/rwsdk/plugin/hanim/stdkey.c#27 $"""
"00652868",68,"""@@@@(#)$Id: //RenderWare/dev/rwsdk/plugin/uvanim/rpuvanim.c#18 $"""
"00652c20",37,"""sceCdCbfunc= %d sceCdCbfunc_num= %d\n"""
"00652c48",20,"""SceCdCallbackThread"""
"00652c60",14,"""SceCdNcmdSema"""
"00652c70",16,"""SceCdScmdSema"""
"00652c80",16,"""SceCdRcmdSema"""
"00652c90",20,"""SceCdCallbackSema"""
"00652ca8",32,"""Libcdvd bind err CdSearchFile\n"""
"00652cc8",23,"""ee call cmd search %s\n"""
"00652ce0",16,"""search name %s\n"""
"00652cf0",16,"""search size %d\n"""
"00652d00",20,"""search loc lbn %d\n"""
"00652d18",39,"""Ncmd fail sema cur_cmd:%d keep_cmd:%d\n"""
"00652d40",24,"""Libcdvd bind err N CMD\n"""
"00652d58",12,"""N cmd wait\n"""
"00652d68",12,"""S cmd wait\n"""
"00652d78",39,"""Scmd fail sema cur_cmd:%d keep_cmd:%d\n"""
"00652da0",24,"""Libcdvd bind err S cmd\n"""
"00652db8",32,"""Libcdvd bind err %d CD_Init %d\n"""
"00652dd8",16,"""Libcdvd Exit\n"""
"00652de8",20,"""OLD DiskReady Call\n"""
"00652e00",32,"""Libcdvd bind err CdDiskReady\n"""
"00652e20",20,"""DiskReady ended\n"""
"00652e38",20,"""NEW DiskReady Call\n"""
"00652e50",36,"""sceCdChgSys: Illegal_function_call\n"""
"00653938",36,"""libpad: tPadDma Structure Invalid\n"""
"00653960",36,"""libpad: Module version mismatch """
"00653988",40,"""[libpad.a = %d.%d, padman.irx = %d.%d]\n"""
"006539b0",28,"""libpad: sceSifSetDma faild\n"""
"006539d0",48,"""libpad: buffer addr is not 64 byte align. %08x\n"""
"00653a00",44,"""libpad: pad port is already open [%d][%d]\n"""
"00653a30",6,"""ERROR"""
"00653a38",7,"""STABLE"""
"00653a40",8,"""EXECCMD"""
"00653a48",9,"""FINDCTP1"""
"00653a60",11,"""DISCONNECT"""
"00653a78",7,"""FAILED"""
"00653a80",9,"""COMPLETE"""
"00653a90",12,"""rom0:ROMVER"""
"00653ab0",16,"""sceMc_sema_regs"""
"00653ac0",20,"""sceMc_sema_timer"""
"00653ad8",20,"""bind error libmc \n"""
"00653af0",40,"""libmc: too old release of mcserv.irx\n"""
"00653b18",40,"""libmc: too old release of mcman.irx\n"""
"00653b40",32,"""sceMcUdCheckNewCard RPC faild\n"""
"006547b0",34,"""## internel error in libkernl.a!\n"""
"006547d8",19,"""SceKerneltopThread"""
"006547f0",24,"""SceKernelDelayThread"""
"00654808",40,"""TTY: packet size larger than expect\n"""
"00654830",20,"""TTY: receive error"""
"00654848",20,"""TTY: send err %d\n"""
"00654860",24,"""TTY: err ti->wlen=%08x\n"""
"006548ae",22,""".A0123456789abcdef"""
"006548c8",20,"""0123456789ABCDEF"""
"00654a48",13,"""SceSifrpcGod"""
"00654a58",14,"""SceSifrpcBind"""
"00654a68",14,"""SceSifrpcCall"""
"00654a80",16,"""SceStdioIobSema"""
"00654b08",16,"""SceStdioFioSema"""
"00654b20",20,"""SceStdioOpenSema"""
"00654b38",20,"""SceStdioCloseSema"""
"00654b50",20,"""SceStdioLseekSema"""
"00654b68",20,"""SceStdioReadSema"""
"00654b80",20,"""SceStdioWriteSema"""
"00654b98",20,"""SceStdioIoctlSema"""
"00654bb0",20,"""SceStdioIoctl2Sema"""
"00654bc8",20,"""SceStdioCCodeSema"""
"00654be0",20,"""SceStdioMkdirSema"""
"00654bf8",20,"""SceStdioFormatSema"""
"00654c10",20,"""SceStdioAddDrvSema"""
"00654c28",20,"""SceStdioDcloseSema"""
"00654c40",20,"""SceStdioDreadSema"""
"00654c58",20,"""SceStdioGetstatSema"""
"00654c70",20,"""SceStdioChstatSema"""
"00654c88",20,"""SceStdioRenameSema"""
"00654ca0",20,"""SceStdioSyncSema"""
"00654cb8",20,"""SceStdioMountSema"""
"00654cd0",20,"""SceStdioLseek64Sema"""
"00654ce8",20,"""SceStdioDevctlSema"""
"00654d00",20,"""SceStdioSymlinkSema"""
"00654d18",24,"""SceStdioReadlinkSema"""
"00654d42",9,"""m0:UDNL """
"00654d50",25,"""too long parameter '%s'\n"""
"00654d70",55,"""# TLB spad=0 kernel=1:%d default=%d:%d extended=%d:%d\n"""
"00654da8",20,"""# TLB over flow (1)"""
"00654dc0",20,"""# TLB over flow (2)"""
"00654dd8",20,"""# TLB over flow (3)"""
"00654df0",14,"""SceKernelLibc"""
"00654e00",16,"""SceKernelLibcEh"""
"00654e18",12,"""rom0:ROMVER"""
"00654e28",52,"""sceGsDefDispEnv:Not support displaymode for 0x%x!!\n"""
"00654e60",47,"""sceGsPutDrawEnv: DMA Ch.2 does not terminate\r\n"""
"00654e90",45,"""sceGsSyncPath: DMA Ch.1 does not terminate\r\n"""
"00654ec0",16,"""\t<D1_CHCR=%08x:"""
"00654ed0",14,"""D1_TADR=%08x:"""
"00654ee0",14,"""D1_MADR=%08x:"""
"00654ef0",15,"""D1_QWC=%08x>\r\n"""
"00654f00",16,"""\t<D2_CHCR=%08x:"""
"00654f10",14,"""D2_TADR=%08x:"""
"00654f20",14,"""D2_MADR=%08x:"""
"00654f30",15,"""D2_QWC=%08x>\r\n"""
"00654f40",18,"""\t<VIF1_STAT=%08x:"""
"00654f58",17,"""GIF_STAT=%08x>\r\n"""
"00654f70",45,"""sceGsSyncPath: DMA Ch.2 does not terminate\r\n"""
"00654fa0",41,"""sceGsSyncPath: VIF1 does not terminate\r\n"""
"00654fd0",40,"""sceGsSyncPath: VU1 does not terminate\r\n"""
"00654ff8",40,"""sceGsSyncPath: GIF does not terminate\r\n"""
"00655020",40,"""sceGsSetDefLoadImage: too big size\r\n"""
"00655140",50,"""sceGsExecLoadImage: DMA Ch.2 does not terminate\r\n"""
"00655180",51,"""sceGsExecStoreImage: DMA Ch.1 does not terminate\r\n"""
"006551b8",45,"""sceGsExecStoreImage: GS does not terminate\r\n"""
"006551e8",61,"""sceGsExecStoreImage: DMA Ch.1 (GS->MEM) does not terminate\r\n"""
"00655228",54,"""sceGsExecStoreImage: Enough data does not reach VIF1\n"""
"00655350",22,"""libdma: sync timeout\n"""
"006554d0",12,"""Infinity"""
"0065576f",37,"""?                0000000000000000Inf"""
"006557a0",20,"""0123456789abcdef"""
"006557c0",20,"""0123456789ABCDEF"""
"006557d8",28,"""bug in vfprintf: bad base"""
"006645b8",8,"""WF_Ride"""
"006645c0",8,"""WF_Left"""
"006645c8",8,"""WF_Back"""
"006645d0",7,"""WF_Fwd"""
"006645d8",7,"""WF_hit"""
"006645e0",8,"""BMX_fwd"""
"006645e8",8,"""MTB_fwd"""
"00664610",7,"""HitA_1"""
"00664618",7,"""HitA_2"""
"00664620",7,"""HitA_3"""
"00664628",7,"""HitB_1"""
"00664630",7,"""HitB_2"""
"00664638",7,"""HitB_3"""
"00664640",7,"""HitC_1"""
"00664648",7,"""HitC_2"""
"00664650",7,"""HitC_3"""
"00664658",7,"""HitD_1"""
"00664660",7,"""HitD_2"""
"00664668",7,"""HitD_3"""
"00664670",6,"""Bat_1"""
"00664678",6,"""Bat_2"""
"00664680",6,"""Bat_3"""
"00664688",6,"""Bat_4"""
"00664690",8,"""knife_1"""
"00664698",8,"""knife_2"""
"006646a0",8,"""knife_3"""
"006646a8",8,"""knife_G"""
"006646b0",8,"""sword_1"""
"006646b8",8,"""sword_2"""
"006646c0",8,"""sword_3"""
"006646c8",8,"""sword_4"""
"006646d0",8,"""Dildo_1"""
"006646d8",8,"""Dildo_2"""
"006646e0",8,"""Dildo_3"""
"006646e8",8,"""Dildo_G"""
"006646f0",8,"""Dildo_1"""
"006646f8",7,"""CSaw_1"""
"00664700",7,"""CSaw_2"""
"00664708",7,"""CSaw_3"""
"00664710",7,"""CSaw_G"""
"00664718",7,"""bather"""
"00664720",7,"""leanIN"""
"00664728",8,"""leanOUT"""
"00664730",7,"""LOU_In"""
"00664738",8,"""LOU_Out"""
"00664740",8,"""wash_up"""
"00664758",8,"""stretch"""
"00664768",6,"""shldr"""
"00664770",7,"""strleg"""
"00664778",8,"""strip_A"""
"00664780",8,"""strip_B"""
"00664788",8,"""strip_C"""
"00664790",8,"""strip_D"""
"00664798",8,"""strip_E"""
"006647a0",8,"""strip_F"""
"006647a8",8,"""strip_G"""
"006647b0",7,"""gsign1"""
"006647b8",7,"""gsign2"""
"006647c0",7,"""gsign3"""
"006647c8",7,"""gsign4"""
"006647d0",7,"""gsign5"""
"006647d8",8,"""fatwalk"""
"006647e0",7,"""fatrun"""
"006647e8",8,"""fatidle"""
"006647f0",8,"""fatidle"""
"006647f8",8,"""fatwalk"""
"00664800",7,"""fatrun"""
"00664808",7,"""fatrun"""
"00664810",8,"""fatidle"""
"00664818",8,"""fatidle"""
"00664ae0",8,"""wf_kick"""
"00665340",8,"""Spine1"""
"00665348",8,"""Spine"""
"00665350",8,"""Pelvis"""
"00665378",8,"""R Hand"""
"00665380",8,"""L Hand"""
"00665388",8,"""L Thigh"""
"00665398",8,"""L Foot"""
"006653a8",8,"""R Thigh"""
"006653b8",8,"""R Foot"""
"006653c8",8,"""Belly"""
"006653f8",8,"""CDERROR"""
"00665408",8,"""handman"""
"0066545f",9,"""?lockon"""
"00665468",8,"""lockonA"""
"00665480",8,"""UNARMED"""
"00665488",6,"""KNIFE"""
"00665490",7,"""SHOVEL"""
"00665498",8,"""POOLCUE"""
"006654a0",7,"""KATANA"""
"006654a8",7,"""DILDO1"""
"006654b0",7,"""DILDO2"""
"006654b8",6,"""VIBE1"""
"006654c0",6,"""VIBE2"""
"006654c8",8,"""FLOWERS"""
"006654d8",8,"""GRENADE"""
"006654e0",8,"""TEARGAS"""
"006654e8",8,"""MOLOTOV"""
"006654f0",7,"""ROCKET"""
"006654f8",7,"""PISTOL"""
"00665500",8,"""SHOTGUN"""
"00665508",8,"""SAWNOFF"""
"00665510",7,"""SPAS12"""
"00665538",8,"""MINIGUN"""
"00665540",7,"""CAMERA"""
"00665550",7,"""ARMOUR"""
"006655f8",8,"""nitro"""
"00665600",8,"""nitro"""
"00665720",8,"""seabd32"""
"00665798",8,"""CDERROR"""
"006657c0",8,"""MPNAME"""
"00665838",8,"""PLAYER1"""
"00665840",8,"""PLAYER2"""
"00665848",8,"""CIVMALE"""
"00665858",6,"""GANG1"""
"00665860",6,"""GANG2"""
"00665868",6,"""GANG3"""
"00665870",6,"""GANG4"""
"00665878",6,"""GANG5"""
"00665880",6,"""GANG6"""
"00665888",6,"""GANG7"""
"00665890",6,"""GANG8"""
"00665898",6,"""GANG9"""
"006658a0",7,"""GANG10"""
"006658a8",7,"""DEALER"""
"006658b0",6,"""MEDIC"""
"006658b8",8,"""FIREMAN"""
"006658c8",8,"""SPECIAL"""
"006658e8",8,"""Dislike"""
"006658f8",8,"""Respect"""
"00665920",8,"""CODEPLR"""
"00665940",8,"""COPSIT"""
"00665948",8,"""COPLOOK"""
"00665950",8,"""BROWSE"""
"00665958",8,"""DANCER"""
"00665968",8,"""PEDROUL"""
"00665970",8,"""PEDCARD"""
"00665978",8,"""PEDSLOT"""
"00665980",8,"""STRIPW"""
"00665988",8,"""STRIPM"""
"00665990",8,"""jogger"""
"006659e0",8,"""noname"""
"006659e8",8,"""script"""
"00665a00",8,"""main.sc"""
"00665a10",8,"""script"""
"00665a18",8,"""player"""
"00665be8",8,"""BUSTED"""
"00665c68",8,"""CINCAM"""
"00665c78",8,"""CINCAM"""
"00665c88",8,"""CINCAM"""
"00665c98",8,"""CINCAM"""
"00665ca8",8,"""CINCAM"""
"00665e48",6,"""arrow"""
"00665e50",7,"""arrowA"""
"00665e88",6,"""back2"""
"00665e98",6,"""back3"""
"00665ea8",6,"""back4"""
"00665eb8",6,"""back5"""
"00665ec8",6,"""back6"""
"00665ed8",6,"""back7"""
"00665ee8",6,"""back8"""
"00665f28",8,"""FEA_MON"""
"00665f48",8,"""FEM_OFF"""
"00665f58",8,"""FEM_OFF"""
"00665f68",8,"""FEM_OFF"""
"00665f78",8,"""FEM_OFF"""
"00665f88",8,"""FEM_OFF"""
"00665f98",8,"""FEM_OFF"""
"00665fa0",8,"""FEL_ENG"""
"00665fa8",8,"""FEL_FRE"""
"00665fb0",8,"""FEL_GER"""
"00665fb8",8,"""FEL_ITA"""
"00665fc0",8,"""FEL_SPA"""
"00665fd8",8,"""FEM_OFF"""
"00665fe8",8,"""FEM_OFF"""
"00665ff8",8,"""FEC_INC"""
"00666008",8,"""FEM_OFF"""
"00666018",8,"""FEM_OFF"""
"00666028",8,"""FEM_OFF"""
"00666038",8,"""FEM_OFF"""
"00666080",8,"""EMPTY"""
"00666088",8,"""EMPTY"""
"00666090",8,"""EMPTY"""
"006660a8",8,"""FES_NOC"""
"006660b0",8,"""FES_NOF"""
"006660d0",8,"""FEH_GAL"""
"006660e8",8,"""FEH_GAL"""
"00666100",8,"""GAL_SES"""
"00666110",8,"""FEH_GAL"""
"00666120",8,"""FEH_GAL"""
"00666130",8,"""FEH_GAL"""
"00666180",8,"""FEH_GAL"""
"00666190",8,"""RESTART"""
"006661a8",8,"""CODEWAY"""
"006661b0",8,"""FEP_OPT"""
"006661e8",8,"""FEM_OFF"""
"006661f8",8,"""FEM_OFF"""
"00666208",8,"""FEM_OFF"""
"00666218",8,"""FEM_OFF"""
"00666228",8,"""FEM_OFF"""
"00666238",8,"""FEM_OFF"""
"00666248",8,"""FEM_OFF"""
"00666258",8,"""FEM_OFF"""
"00666268",8,"""FEM_OFF"""
"00666278",8,"""FEM_OFF"""
"00666288",8,"""FEH_GAL"""
"006662a8",8,"""EMPTY"""
"006662b8",8,"""FEH_GAL"""
"006662c0",8,"""FES_DEE"""
"006662c8",8,"""FEH_GAL"""
"006662d8",8,"""FEH_GAL"""
"006662f0",8,"""FEH_GAL"""
"006662f8",8,"""FES_DEE"""
"00666300",8,"""FEH_GAL"""
"00666318",8,"""EMPTY"""
"00666320",8,"""FEH_GAL"""
"00666330",8,"""FEH_GAL"""
"00666340",8,"""FEH_GAL"""
"00666360",8,"""FEH_GAL"""
"00666370",8,"""FES_DEL"""
"00666378",8,"""FES_DEE"""
"006663c0",8,"""FES_CMP"""
"00666400",8,"""CDERROR"""
"00666430",8,"""FEC_LOF"""
"00666450",8,"""FEC_MOV"""
"00666458",8,"""FEC_STR"""
"00666460",8,"""FEC_MOV"""
"00666468",8,"""FEC_STR"""
"00666498",8,"""FEC_GAM"""
"006664b0",8,"""FEC_CAM"""
"006664d8",8,"""FEC_TAR"""
"00666538",8,"""FEC_USE"""
"00666548",8,"""FEC_ATT"""
"00666568",8,"""FEC_RUN"""
"00666588",8,"""FEC_PAU"""
"006665a8",8,"""FEC_VES"""
"006665e0",8,"""FEC_CAM"""
"00666618",8,"""FEC_GER"""
"00666620",8,"""FEC_BRA"""
"00666628",8,"""FEC_REV"""
"00666650",8,"""FEC_ACC"""
"00666660",8,"""FEC_THR"""
"00666668",8,"""FEC_PAU"""
"00666678",8,"""FES_LOE"""
"00666680",8,"""FES_LOC"""
"00666688",8,"""FES_LOE"""
"00666690",8,"""FES_LOC"""
"006666b0",8,"""FEM_RET"""
"006666e0",8,"""FEM_RET"""
"006666f8",8,"""RESTART"""
"00666710",8,"""NOCONTE"""
"00666838",8,"""EMPTY"""
"00666848",8,"""EMPTY"""
"00666850",8,"""FEH_STA"""
"00666858",8,"""FEH_MAP"""
"00666860",8,"""FEH_LOA"""
"00666870",8,"""FEH_DIS"""
"00666878",8,"""FEH_GAL"""
"00666880",8,"""FEH_CON"""
"00666890",8,"""FEH_LOA"""
"006668a0",8,"""FEH_MAP"""
"006668a8",8,"""FEH_CON"""
"006668b8",8,"""FEH_GAL"""
"006668c0",8,"""FEH_DIS"""
"006668d0",8,"""FEH_MAP"""
"006668d8",8,"""FEH_STA"""
"006668e0",8,"""FEH_CON"""
"006668f0",8,"""FEH_GAL"""
"006668f8",8,"""FEH_DIS"""
"00666900",8,"""FEH_LOA"""
"00666908",8,"""FEH_LOA"""
"00666918",8,"""FEH_MAP"""
"00666920",8,"""FEH_STA"""
"00666928",8,"""FEH_CON"""
"00666938",8,"""FEH_GAL"""
"00666940",8,"""FEH_DIS"""
"00666968",8,"""RESTART"""
"006669a0",8,"""fonts"""
"006669d8",8,"""SYSTEM\\"""
"006669e0",8,"""SYSTEM\\"""
"006669e8",8,"""SYSTEM\\"""
"006669f0",8,"""SYSTEM\\"""
"006669f8",8,"""SYSTEM\\"""
"00666a00",8,"""SYSTEM\\"""
"00666a08",8,"""SYSTEM\\"""
"00666a10",8,"""SYSTEM\\"""
"00666a18",8,"""SYSTEM\\"""
"00666ac0",8,"""NOTEAT"""
"00666ad8",8,"""Objects"""
"00666af0",8,"""Event"""
"00666b10",6,"""arrow"""
"00666e10",8,"""CODEAIR"""
"00666e48",8,"""RUBBER"""
"00666e60",8,"""LOOSE"""
"00666e78",8,"""DEFAULT"""
"00666e80",8,"""SANDY"""
"00666e98",8,"""SPARKS"""
"00666ea8",8,"""SPARKS"""
"00666ed0",8,"""DEFAULT"""
"00666ed8",8,"""TARMAC"""
"00666ee0",8,"""GRAVEL"""
"00666ee8",8,"""MEADOW"""
"00666f08",8,"""HEDGE"""
"00666f10",8,"""GLASS"""
"00666f28",8,"""GIRDER"""
"00666f38",8,"""RUBBER"""
"00666f40",8,"""PLASTIC"""
"00666f48",8,"""CARPET"""
"00666f50",8,"""P_SAND"""
"00666f58",8,"""P_MARSH"""
"00666f60",8,"""P_BUSHY"""
"00666f78",8,"""BIN_BAG"""
"00666fb8",8,"""generic"""
"00666fc0",8,"""generic"""
"00666fc8",8,"""generic"""
"00666fd0",8,"""generic"""
"00666fd8",8,"""generic"""
"00666fe0",8,"""generic"""
"00666fe8",8,"""generic"""
"00666ff0",8,"""generic"""
"00667000",8,"""Shead"""
"00667008",8,"""SLhand"""
"00667010",8,"""SRhand"""
"00667030",8,"""chassis"""
"00667060",8,"""exhaust"""
"00667068",8,"""engine"""
"00667070",8,"""hookup"""
"00667078",8,"""ped_arm"""
"006670b8",8,"""chassis"""
"006670c0",8,"""rudder"""
"006670e8",8,"""exhaust"""
"006670f0",8,"""engine"""
"00667128",8,"""chassis"""
"00667130",8,"""rudder"""
"00667158",8,"""exhaust"""
"00667160",8,"""engine"""
"00667168",8,"""hookup"""
"00667170",8,"""ped_arm"""
"006671a8",8,"""chassis"""
"006671b0",8,"""loadbay"""
"006671c0",8,"""exhaust"""
"006671c8",8,"""engine"""
"006671d0",8,"""hookup"""
"006671d8",8,"""ped_arm"""
"00667210",8,"""chassis"""
"00667228",8,"""exhaust"""
"00667230",8,"""engine"""
"00667238",8,"""hookup"""
"00667240",8,"""ped_arm"""
"006672a8",8,"""exhaust"""
"006672b0",8,"""engine"""
"006672c0",8,"""topknot"""
"006672d8",8,"""exhaust"""
"006672e0",8,"""engine"""
"006672e8",8,"""hookup"""
"006672f0",8,"""bargrip"""
"00667328",8,"""pedal_r"""
"00667330",8,"""pedal_l"""
"00667338",8,"""exhaust"""
"00667340",8,"""engine"""
"00667348",8,"""hookup"""
"00667350",8,"""bargrip"""
"00667388",8,"""chassis"""
"006673a8",8,"""exhaust"""
"006673b0",8,"""engine"""
"006673b8",8,"""hookup"""
"006673c0",8,"""ped_arm"""
"006673f8",8,"""remap"""
"00667450",8,"""boat_hi"""
"00667487",9,"""?white"""
"006674a8",8,"""SAN_AND"""
"006674b0",8,"""SAN_AND"""
"006674b8",8,"""THEMAP"""
"006674c0",8,"""THEMAP"""
"00667548",8,"""BUSTED"""
"00667580",8,"""fonts"""
"006675e0",8,"""FEH_STA"""
"006675e8",8,"""FEH_STA"""
"006676b0",8,"""CDERROR"""
"006676b8",8,"""generic"""
"00667930",8,"""INSTUN"""
"00667938",8,"""PRINST"""
"00667940",8,"""DBINST"""
"00667950",8,"""TRINST"""
"00667958",8,"""PRTRST"""
"00667960",8,"""QUINST"""
"006679f0",8,"""ST_PR16"""
"00667a38",8,"""WS_PRO"""
"00667a40",8,"""WS_POOR"""
"00667a60",8,"""FEST_OO"""
"00667a68",8,"""FEST_OO"""
"00667a70",8,"""FEST_OO"""
"00667ac0",8,"""ST_MILE"""
"00667ac8",8,"""%d %s"""
"00667ad0",8,"""ST_SECS"""
"00667b80",8,"""PROP_1"""
"00667b98",8,"""SN_ALL"""
"00667ba0",8,"""SN_ONE"""
"00667bb8",8,"""HO_ALL"""
"00667bc0",8,"""HO_ONE"""
"00667ca0",8,"""lunar"""
"00667ca8",8,"""lunarm"""
"00667f98",8,"""script"""
"00667fa8",8,"""script"""
"00667fb0",8,"""script"""
"006683a0",8,"""Normal"""
"00668418",8,"""generic"""
"00668420",8,"""procobj"""
"00668428",8,"""int_la"""
"00668438",8,"""int_veg"""
"00668440",8,"""props"""
"00668448",8,"""props2"""
"00668450",8,"""stadint"""
"00668458",8,"""LOADCOL"""
"006684f0",8,"""CDERROR"""
"006684f8",8,"""CDERROR"""
"00668508",8,"""BLOCK"""
"00668528",8,"""remap"""
"00668530",8,"""remap"""
"00668558",8,"""Flame"""
"00668560",8,"""teargas"""
"006685c0",8,"""stereo"""
"00668620",8,"""Write"""
"00668678",8,"""ghands"""
"00668690",8,"""UNARMED"""
"006686a0",8,"""SWORD"""
"006686b0",8,"""FLOWERS"""
"00668700",8,"""beach"""
"00668708",8,"""beach"""
"00668730",8,"""PhoneIn"""
"006687f0",8,"""%c%d %s"""
"00668818",8,"""vehicle"""
"00668858",8,"""strip2"""
"00668860",8,"""LAstrip"""
"00668870",8,"""TRICAS"""
"00668878",8,"""POLICE1"""
"00668880",8,"""POLICE2"""
"00668888",8,"""POLICE3"""
"00668890",8,"""POLICE4"""
"006688c0",8,"""hands"""
"006688d8",8,"""watch"""
"006688e0",8,"""glasses"""
"00668930",8,"""ignore"""
"00668948",8,"""TAG_ALL"""
"00668950",8,"""TAG_ONE"""
"006689df",9,"""Bjetpack"""
"006689e8",8,"""jetpack"""
"00668a18",8,"""generic"""
"00668a30",8,"""stadint"""
"00668a38",8,"""int_la"""
"00668a48",8,"""int_veg"""
"00668a50",8,"""_stream"""
"00668a58",8,"""LOADCOL"""
"00668a60",8,"""gangs"""
"00668a68",8,"""gangs"""
"00668a70",8,"""gangs"""
"00668a78",8,"""exhale"""
"00668a88",8,"""gangs"""
"00668a90",8,"""gangs"""
"00668a98",8,"""gangs"""
"00668aa0",8,"""exhale"""
"00668aa8",8,"""gangs"""
"00668ab0",8,"""gangs"""
"00668ab8",8,"""gangs"""
"00668ac0",8,"""gangs"""
"00668ac8",8,"""gangs"""
"00668ad0",8,"""gangs"""
"00668ad8",8,"""gangs"""
"00668ae0",8,"""gangs"""
"00668ae8",8,"""gangs"""
"00668af0",8,"""gangs"""
"00668af8",8,"""gangs"""
"00668b00",8,"""gangs"""
"00668b08",8,"""gangs"""
"00668b10",8,"""gangs"""
"00668b18",8,"""gangs"""
"00668b20",8,"""gangs"""
"00668b28",8,"""gangs"""
"00668b30",8,"""gangs"""
"00668b90",8,"""gangs"""
"00668b98",8,"""gangs"""
"00668ba0",8,"""gangs"""
"00668ba8",8,"""gangs"""
"00668bb8",8,"""CarMods"""
"00668bc0",8,"""Clothes"""
"00668bc8",8,"""Tattoos"""
"00668bd0",6,"""Gifts"""
"00668be0",8,"""Weapons"""
"00668bf0",8,"""respect"""
"00668c00",8,"""health"""
"00668c08",8,"""stamina"""
"00668c18",8,"""prices"""
"00668c48",8,"""prices"""
"00668c80",8,"""bought"""
"00668c90",8,"""shops"""
"00668cc0",8,"""section"""
"00668cd0",8,"""section"""
"00668d00",7,"""UVAnim"""
"00668d30",8,"""house"""
"00668d48",8,"""REWARD"""
"006690ce",10,"""HChockey"""
"006690d8",8,"""capgang"""
"00669110",8,"""FEA_NON"""
"00669120",8,"""FEA_NON"""
"00669558",8,"""CHEAT1"""
"00669568",8,"""shorts"""
"00669570",8,"""gimpleg"""
"00669578",8,"""gimpleg"""
"006695a0",8,"""groucho"""
"00669d68",8,"""CRED256"""
"0066a8a0",8,"""config"""
"0066a8a8",8,"""system"""
"0066a8c8",8,"""generic"""
"0066a8d0",8,"""fonts"""
"0066a900",8,"""cross"""
"0066a908",8,"""crossA"""
"0066a910",8,"""circle"""
"0066a918",8,"""circleA"""
"0066a920",8,"""square"""
"0066a928",8,"""squareA"""
"0066a958",8,"""right"""
"0066a960",8,"""rightA"""
"0066a9a8",8,"""siteM16"""
"0066a9f0",8,"""%s %d"""
"0066a9f8",8,"""Cop.ped"""
"0066aa40",8,"""memory"""
"0066aa48",8,"""pe_topy"""
"0066aa70",8,"""MELEE"""
"0066aa78",8,"""CAMERA"""
"0066aab0",8,"""%s %s"""
"0066aae0",8,"""%s %s"""
"0066aae8",8,"""%s %s"""
"0066ab08",8,"""%s %d"""
"0066ab18",8,"""%s %d"""
"0066ab28",8,"""%s %d"""
"0066ab30",8,"""%s %s"""
"0066ab88",8,"""%s %s"""
"0066ab90",8,"""%s %s"""
"0066ab98",8,"""%s %s"""
"0066aba0",8,"""%s %s"""
"0066aba8",8,"""%s %s"""
"0066abb0",8,"""%s %d"""
"0066abb8",8,"""%s %d"""
"0066abc0",8,"""%s %d"""
"0066abc8",8,"""%s %d"""
"0066abd8",8,"""%s %d"""
"0066abe0",8,"""%s %d"""
"0066abe8",8,"""%s %d"""
"0066abf0",8,"""%s %d"""
"0066abf8",8,"""%s %d"""
"0066ac00",8,"""%s %d"""
"0066ac08",8,"""%s %d"""
"0066ac10",8,"""%s %d"""
"0066ac18",8,"""%s %d"""
"0066ac20",8,"""%s %d"""
"0066ac28",8,"""%s %d"""
"0066ac30",8,"""%s %d"""
"0066ac38",8,"""%s %d"""
"0066ac40",8,"""%s %d"""
"0066ac48",8,"""%s %d"""
"0066ac50",8,"""%s %d"""
"0066ac58",8,"""%s %d"""
"0066ac60",8,"""%s %d"""
"0066ac68",8,"""%s %d"""
"0066ac70",8,"""%s %d"""
"0066ac78",8,"""%s %d"""
"0066ac80",8,"""%s %d"""
"0066ac88",8,"""%s %d"""
"0066ac98",8,"""%s %d"""
"0066aca0",8,"""%s %d"""
"0066acc8",8,"""%s %d"""
"0066acd0",8,"""%s %d"""
"0066acf8",8,"""%s %d"""
"0066ad00",8,"""%s %d"""
"0066ad28",8,"""%s %d"""
"0066ad30",8,"""%s %d"""
"0066adb8",8,"""%s %s"""
"0066adc8",8,"""IT_SHOP"""
"0066add0",8,"""IT_MISC"""
"0066adf8",8,"""bomber"""
"0066ae00",8,"""CAR_sit"""
"0066ae08",8,"""DRIVE_L"""
"0066ae10",8,"""Drive_R"""
"0066ae38",8,"""Getup"""
"0066ae40",8,"""Getup"""
"0066ae48",8,"""Getup"""
"0066ae50",8,"""EV_step"""
"0066ae58",8,"""EV_dive"""
"0066ae70",8,"""DROWN"""
"0066ae78",8,"""handsup"""
"0066ae88",8,"""SEAT_up"""
"0066aea8",8,"""factalk"""
"0066aec0",8,"""OctTree"""
"0066aee8",8,"""hands"""
"0066af90",8,"""watch"""
"0066af98",8,"""glasses"""
"0066b008",8,"""normal"""
"0066b018",8,"""ripped"""
"0066b020",8,"""normal"""
"0066b058",8,"""COLFILE"""
"0066b068",8,"""SPLASH"""
"0066b080",8,"""vehicle"""
"0066b088",8,"""vehicle"""
"0066b098",8,"""mtruck"""
"0066b0b0",8,"""plane"""
"0066b0c0",8,"""train"""
"0066b0d0",8,"""f_plane"""
"0066b0e8",8,"""trailer"""
"0066b0f0",8,"""normal"""
"0066b0f8",8,"""worker"""
"0066b110",8,"""moped"""
"0066b118",8,"""bicycle"""
"0066b120",8,"""ignore"""
"0066b128",8,"""%s %s"""
"0066b150",8,"""Money"""
"0066b158",8,"""barrel1"""
"0066b160",8,"""barrel2"""
"0066b170",8,"""health"""
"0066b178",8,"""bonus"""
"0066b180",8,"""bribe"""
"0066b188",8,"""2player"""
"0066b1a8",8,"""Money"""
"0066b1d0",8,"""turtle"""
"0066b1d8",8,"""dolphin"""
"0066b1e0",8,"""shark"""
"0066b1e8",8,"""lotion"""
"0066b1f0",8,"""barrel4"""
"0066b200",8,"""flare"""
"0066b208",8,"""stereo"""
"0066b238",8,"""vehicle"""
"0066b240",8,"""vehicle"""
"0066b260",8,"""wheel"""
"0066b270",8,"""stereo"""
"0066b278",8,"""stereo"""
"0066b288",8,"""vehicle"""
"0066b290",8,"""SCRIPTS"""
"0066b298",8,"""POOLS"""
"0066b2a0",8,"""GARAGES"""
"0066b2b0",8,"""PICKUPS"""
"0066b2b8",8,"""RESTART"""
"0066b2c0",8,"""RADAR"""
"0066b2c8",8,"""ZONES"""
"0066b2d0",8,"""GANGS"""
"0066b2d8",8,"""STATS"""
"0066b300",8,"""MPACKID"""
"0066b340",8,"""SLONDR"""
"0066b410",8,"""MPACKID"""
"0066b578",8,"""DESERT1"""
"0066b580",8,"""DESERT2"""
"0066b588",8,"""DESERT3"""
"0066b590",8,"""DESERT4"""
"0066b5a0",8,"""DESERT8"""
"0066b5c8",8,"""EPILOG"""
"0066b690",8,"""PROLOG1"""
"0066b698",8,"""PROLOG2"""
"0066b6a0",8,"""PROLOG3"""
"0066b708",8,"""SCRASH1"""
"0066b710",8,"""SCRASH2"""
"0066b748",8,"""STEAL_1"""
"0066b750",8,"""STEAL_2"""
"0066b8d8",8,"""finale"""
"0066b900",8,"""model"""
"0066b910",8,"""attach"""
"0066b918",8,"""remove"""
"0066b920",8,"""peffect"""
"0066b930",8,"""offset"""
"0066b980",8,"""csplay"""
"0066b998",8,"""%s.DAT"""
"0066b9a0",8,"""finale"""
"0066b9a8",8,"""finale"""
"0066b9b0",8,"""finale"""
".comment::00000000",30,"u8""MW MIPS C Compiler (2.4.1.01)"""
".comment::0000001e",13,"u8""PlayStation2"""
".shstrtab::00000001",10,"u8"".shstrtab"""
".shstrtab::0000000b",8,"u8"".strtab"""
".shstrtab::00000013",8,"u8"".symtab"""
".shstrtab::0000001b",9,"u8"".comment"""
".shstrtab::00000024",9,"u8"".reginfo"""
"_elfHeader::00000001",3,"""ELF"""
