caller_entry,caller_name,callee_entry,callee_name
"00100250","FUN_00100250","0010cd50","FUN_0010cd50"
"00100250","FUN_00100250","0053b820","FUN_0053b820"
"00100250","FUN_00100250","0054d860","FUN_0054d860"
"00100780","FUN_00100780","00100230","thunk_FUN_0053b860"
"00100780","FUN_00100780","00100240","thunk_FUN_0053b840"
"00100780","FUN_00100780","001015f0","FUN_001015f0"
"00100780","FUN_00100780","0010d2c0","FUN_0010d2c0"
"00100d20","FUN_00100d20","00100230","thunk_FUN_0053b860"
"00100f00","FUN_00100f00","00100230","thunk_FUN_0053b860"
"00100f00","FUN_00100f00","00100240","thunk_FUN_0053b840"
"00100f00","FUN_00100f00","001015f0","FUN_001015f0"
"00100f00","FUN_00100f00","0010d2c0","FUN_0010d2c0"
"00100fd0","FUN_00100fd0","00100230","thunk_FUN_0053b860"
"00100fd0","FUN_00100fd0","00100240","thunk_FUN_0053b840"
"00100fd0","FUN_00100fd0","0010dd70","FUN_0010dd70"
"00101670","FUN_00101670","00101d00","FUN_00101d00"
"001016c0","FUN_001016c0","00101d30","FUN_00101d30"
"001018e0","FUN_001018e0","00100230","thunk_FUN_0053b860"
"001018e0","FUN_001018e0","00100240","thunk_FUN_0053b840"
"001018e0","FUN_001018e0","0010d2c0","FUN_0010d2c0"
"00101be0","FUN_00101be0","00100230","thunk_FUN_0053b860"
"00101be0","FUN_00101be0","00100240","thunk_FUN_0053b840"
"00101be0","FUN_00101be0","0010d2c0","FUN_0010d2c0"
"00101d50","FUN_00101d50","0010ab60","FUN_0010ab60"
"00101d50","FUN_00101d50","004d6230","FUN_004d6230"
"00101db0","FUN_00101db0","00111f30","FUN_00111f30"
"00101db0","FUN_00101db0","004d6230","FUN_004d6230"
"00101e00","FUN_00101e00","0010b010","FUN_0010b010"
"00101e00","FUN_00101e00","001106c0","FUN_001106c0"
"00101e00","FUN_00101e00","003747d0","FUN_003747d0"
"00101ec0","FUN_00101ec0","0010b010","FUN_0010b010"
"00101f00","FUN_00101f00","00291ee0","FUN_00291ee0"
"001021a0","FUN_001021a0","0033f5b8","FUN_0033f5b8"
"00102210","FUN_00102210","0033f5b8","FUN_0033f5b8"
"00102260","FUN_00102260","00102050","FUN_00102050"
"00102260","FUN_00102260","0010e870","FUN_0010e870"
"00102260","FUN_00102260","001106c0","FUN_001106c0"
"00102260","FUN_00102260","0033f5b8","FUN_0033f5b8"
"00102260","FUN_00102260","003747d0","FUN_003747d0"
"00102460","FUN_00102460","004d6230","FUN_004d6230"
"00103410","FUN_00103410","00103450","FUN_00103450"
"00105b40","FUN_00105b40","00102350","FUN_00102350"
"00106d00","FUN_00106d00","00106dc0","FUN_00106dc0"
"001077a0","FUN_001077a0","00101650","FUN_00101650"
"001077a0","FUN_001077a0","00101670","FUN_00101670"
"001077a0","FUN_001077a0","001016c0","FUN_001016c0"
"001077a0","FUN_001077a0","0010a0a0","FUN_0010a0a0"
"001077a0","FUN_001077a0","0010a0c0","FUN_0010a0c0"
"001077a0","FUN_001077a0","0010a0e0","FUN_0010a0e0"
"001077a0","FUN_001077a0","0010a140","FUN_0010a140"
"001077a0","FUN_001077a0","0010c800","FUN_0010c800"
"001077a0","FUN_001077a0","0010cac0","FUN_0010cac0"
"00107900","FUN_00107900","0010a140","FUN_0010a140"
"00107a90","FUN_00107a90","004d6230","FUN_004d6230"
"00107b70","FUN_00107b70","0010b7a0","FUN_0010b7a0"
"00108360","FUN_00108360","00101a00","FUN_00101a00"
"00108360","FUN_00108360","001086d0","FUN_001086d0"
"00108360","FUN_00108360","00108a40","FUN_00108a40"
"00108360","FUN_00108360","00556510","FUN_00556510"
"00108a40","FUN_00108a40","00108a90","FUN_00108a90"
"00108a40","FUN_00108a40","00337fc0","FUN_00337fc0"
"00108a40","FUN_00108a40","00338070","FUN_00338070"
"00109e60","FUN_00109e60","0010c3f0","FUN_0010c3f0"
"0010a1c0","FUN_0010a1c0","001018e0","FUN_001018e0"
"0010a1c0","FUN_0010a1c0","0010a460","FUN_0010a460"
"0010a360","FUN_0010a360","001005e0","FUN_001005e0"
"0010a460","FUN_0010a460","00100780","FUN_00100780"
"0010a490","FUN_0010a490","0010a620","FUN_0010a620"
"0010a500","FUN_0010a500","0010a790","FUN_0010a790"
"0010a500","FUN_0010a500","0010a920","FUN_0010a920"
"0010a570","FUN_0010a570","001018e0","FUN_001018e0"
"0010a570","FUN_0010a570","0010a040","FUN_0010a040"
"0010a570","FUN_0010a570","0010a8f0","FUN_0010a8f0"
"0010a790","FUN_0010a790","0010a850","FUN_0010a850"
"0010a8f0","FUN_0010a8f0","00100f00","FUN_00100f00"
"0010a920","FUN_0010a920","0010a020","FUN_0010a020"
"0010af00","FUN_0010af00","00100f00","FUN_00100f00"
"0010af00","FUN_0010af00","001018e0","FUN_001018e0"
"0010afa0","FUN_0010afa0","00100d40","FUN_00100d40"
"0010afa0","FUN_0010afa0","00100f00","FUN_00100f00"
"0010b0c0","FUN_0010b0c0","001018e0","FUN_001018e0"
"0010b0c0","FUN_0010b0c0","0010b6e0","FUN_0010b6e0"
"0010b6e0","FUN_0010b6e0","005562d0","FUN_005562d0"
"0010b720","FUN_0010b720","004d6230","FUN_004d6230"
"0010b7c0","FUN_0010b7c0","004d6230","FUN_004d6230"
"0010b880","FUN_0010b880","00101700","FUN_00101700"
"0010b880","FUN_0010b880","001077a0","FUN_001077a0"
"0010b880","FUN_0010b880","0010a500","FUN_0010a500"
"0010b910","FUN_0010b910","00100780","FUN_00100780"
"0010b910","FUN_0010b910","001018e0","FUN_001018e0"
"0010b980","FUN_0010b980","004d6230","FUN_004d6230"
"0010bfd0","FUN_0010bfd0","0010c000","FUN_0010c000"
"0010c2f0","FUN_0010c2f0","00100fd0","FUN_00100fd0"
"0010c390","FUN_0010c390","001018e0","FUN_001018e0"
"0010c390","FUN_0010c390","0010c760","FUN_0010c760"
"0010c3f0","FUN_0010c3f0","0010c760","FUN_0010c760"
"0010c420","FUN_0010c420","004d6230","FUN_004d6230"
"0010c760","FUN_0010c760","00100780","FUN_00100780"
"0010c760","FUN_0010c760","00107900","FUN_00107900"
"0010c760","FUN_0010c760","005562d0","FUN_005562d0"
"0010d2c0","FUN_0010d2c0","0010dba0","FUN_0010dba0"
"0010d2c0","FUN_0010d2c0","0054f850","FUN_0054f850"
"0010e800","FUN_0010e800","001023d0","FUN_001023d0"
"0010e800","FUN_0010e800","0010af00","FUN_0010af00"
"0010e870","FUN_0010e870","00101700","FUN_00101700"
"0010e870","FUN_0010e870","0010aee0","FUN_0010aee0"
"0010e9f0","FUN_0010e9f0","00379cb0","FUN_00379cb0"
"0010e9f0","FUN_0010e9f0","003c0940","FUN_003c0940"
"0010eae0","FUN_0010eae0","003c0c88","FUN_003c0c88"
"0010eb70","FUN_0010eb70","0010ec10","FUN_0010ec10"
"0010eba0","FUN_0010eba0","001018e0","FUN_001018e0"
"0010eba0","FUN_0010eba0","00335120","FUN_00335120"
"0010ec80","FUN_0010ec80","00335120","FUN_00335120"
"0010ed50","FUN_0010ed50","0010ed80","FUN_0010ed80"
"0010ed80","FUN_0010ed80","00335560","FUN_00335560"
"0010f010","FUN_0010f010","0053aec8","FUN_0053aec8"
"0010f080","FUN_0010f080","0053aec8","FUN_0053aec8"
"0010f100","FUN_0010f100","0053aec8","FUN_0053aec8"
"0010f180","FUN_0010f180","0053aec8","FUN_0053aec8"
"0010f3c0","FUN_0010f3c0","0053aec8","FUN_0053aec8"
"0010f480","FUN_0010f480","0053aec8","FUN_0053aec8"
"0010f540","FUN_0010f540","0053aec8","FUN_0053aec8"
"0010fb60","FUN_0010fb60","00335560","FUN_00335560"
"0010fc70","FUN_0010fc70","0010eba0","FUN_0010eba0"
"0010fc70","FUN_0010fc70","0010edf0","FUN_0010edf0"
"0010fc70","FUN_0010fc70","0018cde0","FUN_0018cde0"
"0010fc70","FUN_0010fc70","0018ed90","FUN_0018ed90"
"0010fc70","FUN_0010fc70","001aef30","FUN_001aef30"
"0010fc70","FUN_0010fc70","001b00f0","FUN_001b00f0"
"0010fc70","FUN_0010fc70","001b0170","FUN_001b0170"
"0010fc70","FUN_0010fc70","001b0180","FUN_001b0180"
"0010fc70","FUN_0010fc70","001f77d0","FUN_001f77d0"
"0010fc70","FUN_0010fc70","002c18d0","FUN_002c18d0"
"0010fd70","FUN_0010fd70","0010eb40","FUN_0010eb40"
"0010fd70","FUN_0010fd70","00335120","FUN_00335120"
"0010fe90","FUN_0010fe90","00110060","FUN_00110060"
"00110310","FUN_00110310","00101670","FUN_00101670"
"00110310","FUN_00110310","001016c0","FUN_001016c0"
"00110310","FUN_00110310","00101700","FUN_00101700"
"00110310","FUN_00110310","00110390","FUN_00110390"
"00110310","FUN_00110310","00199050","FUN_00199050"
"00110310","FUN_00110310","0019cc40","FUN_0019cc40"
"00110310","FUN_00110310","001a00c0","FUN_001a00c0"
"00110310","FUN_00110310","001a0190","FUN_001a0190"
"00110310","FUN_00110310","001a0260","FUN_001a0260"
"00110310","FUN_00110310","001adf30","FUN_001adf30"
"00110310","FUN_00110310","001ecd20","FUN_001ecd20"
"00110310","FUN_00110310","002640d0","FUN_002640d0"
"00110310","FUN_00110310","003e72f0","FUN_003e72f0"
"00110310","FUN_00110310","003fca20","FUN_003fca20"
"00110310","FUN_00110310","00418b50","FUN_00418b50"
"00110310","FUN_00110310","0045fa00","FUN_0045fa00"
"00110310","FUN_00110310","0045fdc0","FUN_0045fdc0"
"00110310","FUN_00110310","00471ea0","FUN_00471ea0"
"00110310","FUN_00110310","004808f0","FUN_004808f0"
"00110310","FUN_00110310","0055c910","FUN_0055c910"
"00110310","FUN_00110310","00564780","FUN_00564780"
"001106c0","FUN_001106c0","00379158","FUN_00379158"
"00110740","FUN_00110740","00379158","FUN_00379158"
"00110780","FUN_00110780","0033f098","FUN_0033f098"
"001107c0","FUN_001107c0","0033f5b8","FUN_0033f5b8"
"00110800","FUN_00110800","003467d0","FUN_003467d0"
"00110c50","FUN_00110c50","00374730","FUN_00374730"
"00110c80","FUN_00110c80","00379158","FUN_00379158"
"00110cb0","FUN_00110cb0","0033f5b8","FUN_0033f5b8"
"00110cb0","FUN_00110cb0","0039e590","FUN_0039e590"
"00110d10","FUN_00110d10","0033f5b8","FUN_0033f5b8"
"00110d10","FUN_00110d10","0039e590","FUN_0039e590"
"00110d90","FUN_00110d90","0033f5b8","FUN_0033f5b8"
"00110d90","FUN_00110d90","0039e590","FUN_0039e590"
"00111100","FUN_00111100","00374730","FUN_00374730"
"00111100","FUN_00111100","003747d0","FUN_003747d0"
"00111100","FUN_00111100","003c0e48","FUN_003c0e48"
"001111a0","FUN_001111a0","0037c788","FUN_0037c788"
"00111330","FUN_00111330","0027b390","FUN_0027b390"
"00111354","FUN_00111354","00111354","FUN_00111354"
"00111354","FUN_00111354","0027b3b0","FUN_0027b3b0"
"00111378","FUN_00111378","00111378","FUN_00111378"
"00111378","FUN_00111378","0027b3d0","FUN_0027b3d0"
"001114a4","FUN_001114a4","001114a4","FUN_001114a4"
"001114e8","FUN_001114e8","001114e8","FUN_001114e8"
"0011152c","FUN_0011152c","0011152c","FUN_0011152c"
"0011152c","FUN_0011152c","0037d288","FUN_0037d288"
"00111760","FUN_00111760","0037d288","FUN_0037d288"
"00111990","FUN_00111990","0037d288","FUN_0037d288"
"00111a00","FUN_00111a00","0037d288","FUN_0037d288"
"00111a60","FUN_00111a60","0037d288","FUN_0037d288"
"00111aa4","FUN_00111aa4","00111aa4","FUN_00111aa4"
"00111ac8","FUN_00111ac8","00111ac8","FUN_00111ac8"
"00111aec","FUN_00111aec","00111aec","FUN_00111aec"
"00111b10","FUN_00111b10","00111b10","FUN_00111b10"
"00111b34","FUN_00111b34","00111b34","FUN_00111b34"
"00111b58","FUN_00111b58","00111b58","FUN_00111b58"
"00111b58","FUN_00111b58","0037d288","FUN_0037d288"
"00111bf0","FUN_00111bf0","0037d288","FUN_0037d288"
"00111cb0","FUN_00111cb0","0037d288","FUN_0037d288"
"00111da0","FUN_00111da0","00551e00","FUN_00551e00"
"00111de0","FUN_00111de0","00337c68","FUN_00337c68"
"00111ec0","FUN_00111ec0","0033b5c0","FUN_0033b5c0"
"00111ec0","FUN_00111ec0","0033fc90","FUN_0033fc90"
"001122e0","FUN_001122e0","004d6230","FUN_004d6230"
"001122e0","FUN_001122e0","0054f850","FUN_0054f850"
"00112380","FUN_00112380","00551720","FUN_00551720"
"001125f0","FUN_001125f0","00112450","FUN_00112450"
"00112620","FUN_00112620","00112e10","FUN_00112e10"
"001126a0","FUN_001126a0","00333338","FUN_00333338"
"00112e10","FUN_00112e10","00541460","FUN_00541460"
"00112e50","FUN_00112e50","00333338","FUN_00333338"
"00112e50","FUN_00112e50","00335960","FUN_00335960"
"00112fd0","FUN_00112fd0","00333338","FUN_00333338"
"00112fd0","FUN_00112fd0","003364a8","FUN_003364a8"
"00113080","FUN_00113080","0033ea80","FUN_0033ea80"
"00113120","FUN_00113120","00300ef0","FUN_00300ef0"
"00113120","FUN_00113120","003014f0","FUN_003014f0"
"00113120","FUN_00113120","00301540","FUN_00301540"
"00113120","FUN_00113120","00301560","FUN_00301560"
"00113120","FUN_00113120","00345b00","FUN_00345b00"
"00115190","FUN_00115190","00115200","FUN_00115200"
"00115200","FUN_00115200","0019deb0","FUN_0019deb0"
"0011ba10","FUN_0011ba10","0011c5e0","FUN_0011c5e0"
"0011ec80","FUN_0011ec80","001018e0","FUN_001018e0"
"0011ee90","FUN_0011ee90","0012b260","FUN_0012b260"
"0011ee90","FUN_0011ee90","0039f0e0","FUN_0039f0e0"
"0011eed0","FUN_0011eed0","002c3da0","FUN_002c3da0"
"0011eed0","FUN_0011eed0","0039f860","FUN_0039f860"
"0011ef00","FUN_0011ef00","0011ef30","FUN_0011ef30"
"0011ef30","FUN_0011ef30","0012b220","FUN_0012b220"
"0011ef30","FUN_0011ef30","0012b240","FUN_0012b240"
"0011ef30","FUN_0011ef30","0012b330","FUN_0012b330"
"0011ef30","FUN_0011ef30","0012b390","FUN_0012b390"
"0011ef30","FUN_0011ef30","0012bca0","FUN_0012bca0"
"0011ef30","FUN_0011ef30","0012bdc0","FUN_0012bdc0"
"0011ef30","FUN_0011ef30","0012be00","FUN_0012be00"
"0011ef30","FUN_0011ef30","0012be30","FUN_0012be30"
"0011f000","FUN_0011f000","0011f030","FUN_0011f030"
"0011f030","FUN_0011f030","0012b390","FUN_0012b390"
"0011f030","FUN_0011f030","0012bdc0","FUN_0012bdc0"
"0011f030","FUN_0011f030","0012be30","FUN_0012be30"
"00128600","FUN_00128600","002ebbe0","FUN_002ebbe0"
"0012b260","FUN_0012b260","00101a00","FUN_00101a00"
"0012b260","FUN_0012b260","00556510","FUN_00556510"
"0012b460","FUN_0012b460","00100780","FUN_00100780"
"0012b460","FUN_0012b460","0011f030","FUN_0011f030"
"0012bdc0","FUN_0012bdc0","00100780","FUN_00100780"
"0012bec0","FUN_0012bec0","00100780","FUN_00100780"
"0012bec0","FUN_0012bec0","001018e0","FUN_001018e0"
"0012bec0","FUN_0012bec0","0012b460","FUN_0012b460"
"0012bec0","FUN_0012bec0","0012bf60","FUN_0012bf60"
"0012bf60","FUN_0012bf60","0012c330","FUN_0012c330"
"0012bff0","FUN_0012bff0","00101700","FUN_00101700"
"0012c2c0","FUN_0012c2c0","00100780","FUN_00100780"
"0012c2c0","FUN_0012c2c0","001018e0","FUN_001018e0"
"0012c2c0","FUN_0012c2c0","0011f030","FUN_0011f030"
"0012c2c0","FUN_0012c2c0","0012b460","FUN_0012b460"
"0012cee0","FUN_0012cee0","001410b0","FUN_001410b0"
"00131560","FUN_00131560","0012e1e0","FUN_0012e1e0"
"00132bc0","FUN_00132bc0","00132cc0","FUN_00132cc0"
"00132bc0","FUN_00132bc0","0026b9a0","FUN_0026b9a0"
"00132bc0","FUN_00132bc0","0027dff0","FUN_0027dff0"
"00132bc0","FUN_00132bc0","003d5880","FUN_003d5880"
"00133860","FUN_00133860","0013ccf0","FUN_0013ccf0"
"001338d0","FUN_001338d0","0012cdd0","FUN_0012cdd0"
"001338d0","FUN_001338d0","0012e0e0","thunk_FUN_0012e0f0"
"001338d0","FUN_001338d0","001301c0","FUN_001301c0"
"001338d0","FUN_001338d0","00132d10","FUN_00132d10"
"00133920","FUN_00133920","0012d090","FUN_0012d090"
"00133920","FUN_00133920","0012f950","FUN_0012f950"
"00133920","FUN_00133920","00131650","FUN_00131650"
"00133920","FUN_00133920","00133170","FUN_00133170"
"00133a40","FUN_00133a40","001410b0","FUN_001410b0"
"00134570","FUN_00134570","0013aaf0","FUN_0013aaf0"
"00134570","FUN_00134570","001410b0","FUN_001410b0"
"00134570","FUN_00134570","002d3e80","FUN_002d3e80"
"00134570","FUN_00134570","005646c0","FUN_005646c0"
"00138370","FUN_00138370","003de260","FUN_003de260"
"00138370","FUN_00138370","003ea5c0","FUN_003ea5c0"
"001397d0","FUN_001397d0","002d2aa0","FUN_002d2aa0"
"001397d0","FUN_001397d0","002dffa0","FUN_002dffa0"
"0013ccf0","FUN_0013ccf0","001410b0","FUN_001410b0"
"0013ccf0","FUN_0013ccf0","0019a1c0","FUN_0019a1c0"
"0013d790","FUN_0013d790","001410b0","FUN_001410b0"
"0013dd30","FUN_0013dd30","00248f00","FUN_00248f00"
"0013ef50","FUN_0013ef50","0013f0f0","FUN_0013f0f0"
"0013ef50","FUN_0013ef50","003d45b0","FUN_003d45b0"
"0013ef50","FUN_0013ef50","003d5590","FUN_003d5590"
"0013ef50","FUN_0013ef50","003d5ab0","FUN_003d5ab0"
"0013ef50","FUN_0013ef50","003d5b80","FUN_003d5b80"
"0013ef50","FUN_0013ef50","003d66b0","FUN_003d66b0"
"0013ef50","FUN_0013ef50","003d6990","FUN_003d6990"
"0013ef50","FUN_0013ef50","00488e20","FUN_00488e20"
"0013ef50","FUN_0013ef50","00551720","FUN_00551720"
"0013f0f0","FUN_0013f0f0","003d5880","FUN_003d5880"
"0013f140","FUN_0013f140","0019cc40","FUN_0019cc40"
"0013f2b0","FUN_0013f2b0","003de250","FUN_003de250"
"0013f2b0","FUN_0013f2b0","003ea530","FUN_003ea530"
"0013f450","FUN_0013f450","001018e0","FUN_001018e0"
"0013f4a0","FUN_0013f4a0","00300ef0","FUN_00300ef0"
"0013f4a0","FUN_0013f4a0","003014f0","FUN_003014f0"
"0013f4a0","FUN_0013f4a0","00301540","FUN_00301540"
"0013f4a0","FUN_0013f4a0","00301560","FUN_00301560"
"0013f4a0","FUN_0013f4a0","00345b00","FUN_00345b00"
"00141370","FUN_00141370","001018e0","FUN_001018e0"
"00141fc0","FUN_00141fc0","00159a30","FUN_00159a30"
"00141fc0","FUN_00141fc0","001678b0","FUN_001678b0"
"00141fc0","FUN_00141fc0","00167b90","FUN_00167b90"
"00141fc0","FUN_00141fc0","003d5880","FUN_003d5880"
"00141fc0","FUN_00141fc0","0056f770","FUN_0056f770"
"00142050","FUN_00142050","00142080","FUN_00142080"
"00142050","FUN_00142050","00168c20","FUN_00168c20"
"00142080","FUN_00142080","0028b3e0","FUN_0028b3e0"
"00144e70","FUN_00144e70","0033f8c0","FUN_0033f8c0"
"001453c0","FUN_001453c0","002ebbe0","FUN_002ebbe0"
"001453c0","FUN_001453c0","003de260","FUN_003de260"
"001453c0","FUN_001453c0","003dee40","FUN_003dee40"
"001454f0","FUN_001454f0","00163a20","FUN_00163a20"
"00147b40","FUN_00147b40","003de260","FUN_003de260"
"00147b40","FUN_00147b40","003ea5c0","FUN_003ea5c0"
"0014ee60","FUN_0014ee60","0010eb40","FUN_0010eb40"
"0014ee60","FUN_0014ee60","0010eba0","FUN_0010eba0"
"0014ee60","FUN_0014ee60","0010edf0","FUN_0010edf0"
"0014ee60","FUN_0014ee60","0024cbd0","FUN_0024cbd0"
"0014ee60","FUN_0014ee60","0024cc70","FUN_0024cc70"
"0014ee60","FUN_0014ee60","0024e3b0","FUN_0024e3b0"
"0014ee60","FUN_0014ee60","0024f1a0","FUN_0024f1a0"
"0014f910","FUN_0014f910","0010f200","FUN_0010f200"
"0014f910","FUN_0014f910","0027df30","FUN_0027df30"
"0014f910","FUN_0014f910","0027dff0","FUN_0027dff0"
"00150010","FUN_00150010","00162620","FUN_00162620"
"00154700","FUN_00154700","0037e0b0","FUN_0037e0b0"
"00154750","FUN_00154750","00346520","FUN_00346520"
"00154750","FUN_00154750","0037e0b0","FUN_0037e0b0"
"00156d70","FUN_00156d70","0010eb70","FUN_0010eb70"
"00156d70","FUN_00156d70","0010eba0","FUN_0010eba0"
"00156d70","FUN_00156d70","0010ed50","FUN_0010ed50"
"00156d70","FUN_00156d70","0010efc0","FUN_0010efc0"
"00156d70","FUN_00156d70","00162520","FUN_00162520"
"00156d70","FUN_00156d70","001714e0","FUN_001714e0"
"00156f20","FUN_00156f20","00147e20","FUN_00147e20"
"00156f20","FUN_00156f20","00147fe0","FUN_00147fe0"
"00156f20","FUN_00156f20","00148210","FUN_00148210"
"00157050","FUN_00157050","005502c8","FUN_005502c8"
"001571b0","FUN_001571b0","001eb6c0","FUN_001eb6c0"
"00157210","FUN_00157210","00263e70","FUN_00263e70"
"00158a10","FUN_00158a10","00110140","FUN_00110140"
"00158a10","FUN_00158a10","0019cc40","FUN_0019cc40"
"00158a10","FUN_00158a10","001a0b80","FUN_001a0b80"
"00158a10","FUN_00158a10","00248f00","FUN_00248f00"
"00158a10","FUN_00158a10","00249040","FUN_00249040"
"00158a10","FUN_00158a10","002490d0","FUN_002490d0"
"00158a10","FUN_00158a10","0053b3b8","FUN_0053b3b8"
"00159510","FUN_00159510","001018e0","FUN_001018e0"
"00159570","FUN_00159570","0019cc40","FUN_0019cc40"
"00159570","FUN_00159570","001a0b80","FUN_001a0b80"
"00159570","FUN_00159570","00249660","FUN_00249660"
"00159a30","FUN_00159a30","003d5880","FUN_003d5880"
"0015a1e0","FUN_0015a1e0","00110310","FUN_00110310"
"0015a290","FUN_0015a290","00110310","FUN_00110310"
"0015a290","FUN_0015a290","0033f8c0","FUN_0033f8c0"
"0015a8c0","FUN_0015a8c0","0019cc40","FUN_0019cc40"
"0015a8c0","FUN_0015a8c0","002ebbe0","FUN_002ebbe0"
"0015b200","FUN_0015b200","0010eb70","FUN_0010eb70"
"0015b200","FUN_0015b200","0010eba0","FUN_0010eba0"
"0015b200","FUN_0015b200","0010ed50","FUN_0010ed50"
"0015b200","FUN_0015b200","0010f200","FUN_0010f200"
"0015b200","FUN_0015b200","00162620","FUN_00162620"
"0015eb00","FUN_0015eb00","003de250","FUN_003de250"
"0015eb00","FUN_0015eb00","003ea530","FUN_003ea530"
"0015f100","FUN_0015f100","0015f130","FUN_0015f130"
"0015f100","FUN_0015f100","00168c20","FUN_00168c20"
"0015f130","FUN_0015f130","0028b3e0","FUN_0028b3e0"
"0015f930","FUN_0015f930","00167f50","FUN_00167f50"
"0015f930","FUN_0015f930","00369c18","FUN_00369c18"
"0015f930","FUN_0015f930","0036a300","FUN_0036a300"
"0015f930","FUN_0015f930","0036a3a8","FUN_0036a3a8"
"00160280","FUN_00160280","00248f00","FUN_00248f00"
"00161530","FUN_00161530","0010f200","FUN_0010f200"
"00161530","FUN_00161530","0027df30","FUN_0027df30"
"00161530","FUN_00161530","0027dff0","FUN_0027dff0"
"00166590","FUN_00166590","0054e5e8","FUN_0054e5e8"
"00166ee0","FUN_00166ee0","001018e0","FUN_001018e0"
"00167b80","FUN_00167b80","0017f010","FUN_0017f010"
"00167b90","FUN_00167b90","0017efc0","FUN_0017efc0"
"00167c80","FUN_00167c80","003015d0","FUN_003015d0"
"00167ce0","FUN_00167ce0","003015d0","FUN_003015d0"
"00167e00","FUN_00167e00","001790e0","FUN_001790e0"
"00167e00","FUN_00167e00","0029a0d0","FUN_0029a0d0"
"00167f50","FUN_00167f50","00110800","FUN_00110800"
"00167f50","FUN_00167f50","0028f660","FUN_0028f660"
"00167f50","FUN_00167f50","002901a0","FUN_002901a0"
"00167f50","FUN_00167f50","002c14b0","FUN_002c14b0"
"00167f50","FUN_00167f50","00301580","FUN_00301580"
"00167f50","FUN_00167f50","003015d0","FUN_003015d0"
"00168c20","FUN_00168c20","00168d60","FUN_00168d60"
"00168c20","FUN_00168c20","0022db60","FUN_0022db60"
"00168c20","FUN_00168c20","0028fc40","FUN_0028fc40"
"00168d60","FUN_00168d60","0028fbe0","FUN_0028fbe0"
"00168d60","FUN_00168d60","0028fc00","FUN_0028fc00"
"00168d60","FUN_00168d60","004a47c0","FUN_004a47c0"
"00168e00","FUN_00168e00","00346520","FUN_00346520"
"0016ae60","FUN_0016ae60","0024c6e0","FUN_0024c6e0"
"0016ae60","FUN_0016ae60","002eb970","FUN_002eb970"
"0016b250","FUN_0016b250","002ebbe0","FUN_002ebbe0"
"0016b330","FUN_0016b330","002eb970","FUN_002eb970"
"0016b330","FUN_0016b330","002ebbe0","FUN_002ebbe0"
"0016b610","FUN_0016b610","00199050","FUN_00199050"
"0016b610","FUN_0016b610","00199490","FUN_00199490"
"0016b610","FUN_0016b610","0019cc40","FUN_0019cc40"
"0016b610","FUN_0016b610","001a30b0","FUN_001a30b0"
"0016b610","FUN_0016b610","002640d0","FUN_002640d0"
"0016b610","FUN_0016b610","002c7510","FUN_002c7510"
"0016b610","FUN_0016b610","002ebbe0","FUN_002ebbe0"
"0016b7e0","FUN_0016b7e0","001adbb0","FUN_001adbb0"
"0016bba0","FUN_0016bba0","0016c600","FUN_0016c600"
"0016bc80","FUN_0016bc80","0019cc40","FUN_0019cc40"
"0016c280","FUN_0016c280","00232b50","FUN_00232b50"
"0016c520","FUN_0016c520","0016c580","FUN_0016c580"
"0016c580","FUN_0016c580","0017ef60","FUN_0017ef60"
"0016c6a0","FUN_0016c6a0","001626b0","FUN_001626b0"
"0016c6a0","FUN_0016c6a0","001626e0","FUN_001626e0"
"0016c6a0","FUN_0016c6a0","0029e800","FUN_0029e800"
"0016c770","FUN_0016c770","002640d0","FUN_002640d0"
"0016c770","FUN_0016c770","002e8380","FUN_002e8380"
"0016c820","FUN_0016c820","002eb970","FUN_002eb970"
"00171410","FUN_00171410","00290bd0","FUN_00290bd0"
"00171480","FUN_00171480","0033f098","FUN_0033f098"
"001714e0","FUN_001714e0","0033f098","FUN_0033f098"
"001716f0","FUN_001716f0","0010ec10","FUN_0010ec10"
"001716f0","FUN_001716f0","0053b3b8","FUN_0053b3b8"
"00173ea0","FUN_00173ea0","0037c788","FUN_0037c788"
"00173f90","FUN_00173f90","005502c8","FUN_005502c8"
"00176dc0","FUN_00176dc0","0028b360","FUN_0028b360"
"00176dc0","FUN_00176dc0","0033f098","FUN_0033f098"
"00176e00","FUN_00176e00","0028b360","FUN_0028b360"
"00176e00","FUN_00176e00","0033f098","FUN_0033f098"
"001771f0","FUN_001771f0","00159a80","FUN_00159a80"
"001771f0","FUN_001771f0","00580fe0","FUN_00580fe0"
"001773a0","FUN_001773a0","00159a80","FUN_00159a80"
"001773a0","FUN_001773a0","00580fe0","FUN_00580fe0"
"001775f0","FUN_001775f0","00290ac0","FUN_00290ac0"
"001775f0","FUN_001775f0","00290bd0","FUN_00290bd0"
"00177710","FUN_00177710","0033f098","FUN_0033f098"
"001777e0","FUN_001777e0","00290ab0","FUN_00290ab0"
"001777e0","FUN_001777e0","00290bd0","FUN_00290bd0"
"00177850","FUN_00177850","00290490","FUN_00290490"
"00177850","FUN_00177850","00290ac0","FUN_00290ac0"
"00177850","FUN_00177850","00379490","FUN_00379490"
"00177850","FUN_00177850","00379770","FUN_00379770"
"00178180","FUN_00178180","0028b360","FUN_0028b360"
"00178180","FUN_00178180","0033f098","FUN_0033f098"
"001781e0","FUN_001781e0","00379158","FUN_00379158"
"00178240","FUN_00178240","00176e40","FUN_00176e40"
"001784d0","FUN_001784d0","003aee30","FUN_003aee30"
"00178510","FUN_00178510","003aee30","FUN_003aee30"
"00178550","FUN_00178550","00110310","FUN_00110310"
"001785f0","FUN_001785f0","00110310","FUN_00110310"
"001790e0","FUN_001790e0","0019a740","FUN_0019a740"
"0017b610","FUN_0017b610","00130220","FUN_00130220"
"0017b610","FUN_0017b610","00179a00","FUN_00179a00"
"0017b610","FUN_0017b610","0019cc40","FUN_0019cc40"
"0017b610","FUN_0017b610","00248f00","FUN_00248f00"
"0017bc90","FUN_0017bc90","002495c0","FUN_002495c0"
"0017d170","FUN_0017d170","0017ce60","FUN_0017ce60"
"0017d170","FUN_0017d170","0017d030","FUN_0017d030"
"0017ee90","FUN_0017ee90","001e2570","FUN_001e2570"
"00182130","FUN_00182130","00183a90","FUN_00183a90"
"00182130","FUN_00182130","00188710","FUN_00188710"
"00182130","FUN_00182130","00244ef0","FUN_00244ef0"
"001839d0","FUN_001839d0","0017fce0","FUN_0017fce0"
"00184050","FUN_00184050","00100fd0","FUN_00100fd0"
"00184050","FUN_00184050","0010ed80","FUN_0010ed80"
"00184050","FUN_00184050","0022f470","FUN_0022f470"
"00184050","FUN_00184050","0024c360","FUN_0024c360"
"00184050","FUN_00184050","0024c3e0","FUN_0024c3e0"
"00184050","FUN_00184050","0025e3d0","FUN_0025e3d0"
"00184050","FUN_00184050","0025fab0","FUN_0025fab0"
"00184050","FUN_00184050","0053b1f8","FUN_0053b1f8"
"001861b0","FUN_001861b0","0053adb0","FUN_0053adb0"
"001861b0","FUN_001861b0","0053afc8","FUN_0053afc8"
"00186350","FUN_00186350","00184050","FUN_00184050"
"00186350","FUN_00186350","00186a40","FUN_00186a40"
"00186350","FUN_00186350","00187240","FUN_00187240"
"0018ab00","FUN_0018ab00","002640d0","FUN_002640d0"
"0018ae90","FUN_0018ae90","0018c410","FUN_0018c410"
"0018b1e0","FUN_0018b1e0","0018c270","FUN_0018c270"
"0018d390","FUN_0018d390","0018c270","FUN_0018c270"
"0018d940","FUN_0018d940","0018d680","FUN_0018d680"
"0018d9c0","FUN_0018d9c0","0018bb40","FUN_0018bb40"
"0018d9c0","FUN_0018d9c0","002a8fe0","FUN_002a8fe0"
"0018e7e0","FUN_0018e7e0","00551720","FUN_00551720"
"0018ecb0","FUN_0018ecb0","00101be0","FUN_00101be0"
"0018ecb0","FUN_0018ecb0","0018d9c0","FUN_0018d9c0"
"0018ed90","FUN_0018ed90","004d6230","FUN_004d6230"
"0018ed90","FUN_0018ed90","00550f90","FUN_00550f90"
"0018f0d0","FUN_0018f0d0","0018fd10","FUN_0018fd10"
"0018f0d0","FUN_0018f0d0","00190e10","FUN_00190e10"
"0018f0d0","FUN_0018f0d0","00561520","FUN_00561520"
"0018f130","FUN_0018f130","00190ac0","FUN_00190ac0"
"0018f130","FUN_0018f130","00190d60","FUN_00190d60"
"0018f190","FUN_0018f190","0013cd70","FUN_0013cd70"
"0018f190","FUN_0018f190","00194b00","FUN_00194b00"
"0018f210","FUN_0018f210","0018fd10","FUN_0018fd10"
"0018f210","FUN_0018f210","00190e10","FUN_00190e10"
"0018f210","FUN_0018f210","00198ee0","FUN_00198ee0"
"0018f210","FUN_0018f210","00199050","FUN_00199050"
"0018f210","FUN_0018f210","002ebbe0","FUN_002ebbe0"
"0018f210","FUN_0018f210","00561520","FUN_00561520"
"0018f540","FUN_0018f540","0018fa60","FUN_0018fa60"
"0018f540","FUN_0018f540","00190ac0","FUN_00190ac0"
"0018f540","FUN_0018f540","00190d60","FUN_00190d60"
"0018f540","FUN_0018f540","002640d0","FUN_002640d0"
"0018f540","FUN_0018f540","00264110","FUN_00264110"
"0018f540","FUN_0018f540","0027dba0","FUN_0027dba0"
"0018f540","FUN_0018f540","002ebbe0","FUN_002ebbe0"
"0018f7e0","FUN_0018f7e0","002eb970","FUN_002eb970"
"0018f7e0","FUN_0018f7e0","002ebbe0","FUN_002ebbe0"
"0018fa60","FUN_0018fa60","002ebbe0","FUN_002ebbe0"
"0018fb70","FUN_0018fb70","0018fd10","FUN_0018fd10"
"0018fb70","FUN_0018fb70","00190e10","FUN_00190e10"
"0018fb70","FUN_0018fb70","00561520","FUN_00561520"
"0018fbd0","FUN_0018fbd0","00190ac0","FUN_00190ac0"
"0018fbd0","FUN_0018fbd0","00190d60","FUN_00190d60"
"0018fc30","FUN_0018fc30","0013cd70","FUN_0013cd70"
"0018fc30","FUN_0018fc30","0018fd00","FUN_0018fd00"
"0018fc30","FUN_0018fc30","00194b00","FUN_00194b00"
"0018fc30","FUN_0018fc30","00198510","FUN_00198510"
"00190a40","FUN_00190a40","003de260","FUN_003de260"
"00190a40","FUN_00190a40","003e7350","FUN_003e7350"
"00190ac0","FUN_00190ac0","00190d60","FUN_00190d60"
"00190ac0","FUN_00190ac0","001997f0","FUN_001997f0"
"00190ac0","FUN_00190ac0","0019dea0","FUN_0019dea0"
"00190ac0","FUN_00190ac0","0019e0d0","FUN_0019e0d0"
"00190ac0","FUN_00190ac0","0019fa20","FUN_0019fa20"
"00190ac0","FUN_00190ac0","001adf30","FUN_001adf30"
"00190ac0","FUN_00190ac0","0024ba90","FUN_0024ba90"
"00190ac0","FUN_00190ac0","0026b9a0","FUN_0026b9a0"
"00190ac0","FUN_00190ac0","0027dff0","FUN_0027dff0"
"00190ac0","FUN_00190ac0","0029e800","FUN_0029e800"
"00190ac0","FUN_00190ac0","002c7750","FUN_002c7750"
"00190ac0","FUN_00190ac0","002ebbe0","FUN_002ebbe0"
"00190ac0","FUN_00190ac0","00480be0","FUN_00480be0"
"00190ac0","FUN_00190ac0","004d0cc0","FUN_004d0cc0"
"00190ac0","FUN_00190ac0","004d7a80","FUN_004d7a80"
"00190ac0","FUN_00190ac0","00556370","FUN_00556370"
"00190ac0","FUN_00190ac0","0055c960","FUN_0055c960"
"00190ac0","FUN_00190ac0","005647b0","FUN_005647b0"
"00190ac0","FUN_00190ac0","00569e10","FUN_00569e10"
"00190ac0","FUN_00190ac0","0056cdd0","FUN_0056cdd0"
"00190d40","FUN_00190d40","0019fb90","FUN_0019fb90"
"00190d60","FUN_00190d60","0019fb40","FUN_0019fb40"
"00190d70","FUN_00190d70","0019fc40","FUN_0019fc40"
"00190d70","FUN_00190d70","004426a0","FUN_004426a0"
"00190da0","FUN_00190da0","00191010","FUN_00191010"
"00190da0","FUN_00190da0","0019cc40","FUN_0019cc40"
"00190da0","FUN_00190da0","00480df0","FUN_00480df0"
"00190da0","FUN_00190da0","00480e00","FUN_00480e00"
"00190e10","FUN_00190e10","00101f40","FUN_00101f40"
"00190e10","FUN_00190e10","00102260","FUN_00102260"
"00190e10","FUN_00190e10","00190fe0","FUN_00190fe0"
"00190e10","FUN_00190e10","00191010","FUN_00191010"
"00190e10","FUN_00190e10","0022db60","FUN_0022db60"
"00190e10","FUN_00190e10","004f48b0","FUN_004f48b0"
"00190e10","FUN_00190e10","005502c8","FUN_005502c8"
"00191010","FUN_00191010","0019cc40","FUN_0019cc40"
"00191010","FUN_00191010","00480d70","FUN_00480d70"
"00192e70","FUN_00192e70","001025d0","FUN_001025d0"
"00192e70","FUN_00192e70","00105b40","FUN_00105b40"
"00192ec0","FUN_00192ec0","001025d0","FUN_001025d0"
"00192ec0","FUN_00192ec0","00105b40","FUN_00105b40"
"00192f60","FUN_00192f60","002ebbe0","FUN_002ebbe0"
"00193040","FUN_00193040","0019c840","FUN_0019c840"
"00193040","FUN_00193040","0019cc40","FUN_0019cc40"
"001931c0","FUN_001931c0","001410b0","FUN_001410b0"
"001931c0","FUN_001931c0","0019a1a0","FUN_0019a1a0"
"00193ad0","FUN_00193ad0","0010f010","FUN_0010f010"
"00193ad0","FUN_00193ad0","00110060","FUN_00110060"
"00193ad0","FUN_00193ad0","0019cc40","FUN_0019cc40"
"00193ad0","FUN_00193ad0","0024caa0","FUN_0024caa0"
"00193ad0","FUN_00193ad0","00276550","FUN_00276550"
"00193ad0","FUN_00193ad0","00481600","FUN_00481600"
"00193ad0","FUN_00193ad0","00481720","FUN_00481720"
"001941a0","FUN_001941a0","0010f200","FUN_0010f200"
"001941a0","FUN_001941a0","00198510","FUN_00198510"
"00194250","FUN_00194250","00198510","FUN_00198510"
"00194250","FUN_00194250","0019f7e0","FUN_0019f7e0"
"00198460","FUN_00198460","0053b3b8","FUN_0053b3b8"
"00198510","FUN_00198510","0019de60","FUN_0019de60"
"00198650","FUN_00198650","002640d0","FUN_002640d0"
"00198650","FUN_00198650","0048e910","FUN_0048e910"
"001992b0","FUN_001992b0","001410b0","FUN_001410b0"
"001992e0","FUN_001992e0","001410b0","FUN_001410b0"
"001993b0","FUN_001993b0","001410b0","FUN_001410b0"
"00199490","FUN_00199490","001410b0","FUN_001410b0"
"00199550","FUN_00199550","001410b0","FUN_001410b0"
"001997f0","FUN_001997f0","00133a40","FUN_00133a40"
"001997f0","FUN_001997f0","001410b0","FUN_001410b0"
"001997f0","FUN_001997f0","00198910","FUN_00198910"
"001997f0","FUN_001997f0","00290490","FUN_00290490"
"001997f0","FUN_001997f0","002920e0","FUN_002920e0"
"00199990","FUN_00199990","001410b0","FUN_001410b0"
"00199c50","FUN_00199c50","001410b0","FUN_001410b0"
"00199c50","FUN_00199c50","0019cc40","FUN_0019cc40"
"00199de0","FUN_00199de0","001410b0","FUN_001410b0"
"00199ea0","FUN_00199ea0","001410b0","FUN_001410b0"
"0019a1a0","FUN_0019a1a0","0019a1c0","FUN_0019a1c0"
"0019a2d0","FUN_0019a2d0","002d2a10","FUN_002d2a10"
"0019a710","FUN_0019a710","0019a740","FUN_0019a740"
"0019c0d0","FUN_0019c0d0","0019cc40","FUN_0019cc40"
"0019c0d0","FUN_0019c0d0","004817f0","FUN_004817f0"
"0019c840","FUN_0019c840","00192f10","FUN_00192f10"
"0019c840","FUN_0019c840","00193040","FUN_00193040"
"0019c840","FUN_0019c840","0019cc40","FUN_0019cc40"
"0019cb20","FUN_0019cb20","0019cc40","FUN_0019cc40"
"0019cb20","FUN_0019cb20","0027df30","FUN_0027df30"
"0019cb20","FUN_0019cb20","0027dff0","FUN_0027dff0"
"0019cb20","FUN_0019cb20","002ebbe0","FUN_002ebbe0"
"0019cb20","FUN_0019cb20","0045fbc0","FUN_0045fbc0"
"0019cb20","FUN_0019cb20","00481ee0","FUN_00481ee0"
"0019cc70","FUN_0019cc70","0019ccf0","FUN_0019ccf0"
"0019cc70","FUN_0019cc70","00232a90","FUN_00232a90"
"0019cc70","FUN_0019cc70","002640d0","FUN_002640d0"
"0019ccf0","FUN_0019ccf0","0019fa60","FUN_0019fa60"
"0019d2c0","FUN_0019d2c0","0016b250","FUN_0016b250"
"0019d2c0","FUN_0019d2c0","0016c520","FUN_0016c520"
"0019d2c0","FUN_0019d2c0","0019f7e0","FUN_0019f7e0"
"0019d2c0","FUN_0019d2c0","002ebbe0","FUN_002ebbe0"
"0019d410","FUN_0019d410","005502c8","FUN_005502c8"
"0019d880","FUN_0019d880","00108020","FUN_00108020"
"0019d880","FUN_0019d880","001410b0","FUN_001410b0"
"0019d880","FUN_0019d880","001a3f00","FUN_001a3f00"
"0019d880","FUN_0019d880","0024c610","FUN_0024c610"
"0019d880","FUN_0019d880","0025fb50","FUN_0025fb50"
"0019d880","FUN_0019d880","00260120","FUN_00260120"
"0019ddf0","FUN_0019ddf0","0027df30","FUN_0027df30"
"0019e0d0","FUN_0019e0d0","0050db40","FUN_0050db40"
"0019e110","FUN_0019e110","0045fbc0","FUN_0045fbc0"
"0019e1b0","FUN_0019e1b0","0027dff0","FUN_0027dff0"
"0019e1b0","FUN_0019e1b0","0045fbc0","FUN_0045fbc0"
"0019e1b0","FUN_0019e1b0","004738e0","FUN_004738e0"
"0019f730","FUN_0019f730","0045fbc0","FUN_0045fbc0"
"0019f760","FUN_0019f760","0045fbc0","FUN_0045fbc0"
"0019f7e0","FUN_0019f7e0","0019fa20","FUN_0019fa20"
"0019f7e0","FUN_0019f7e0","0026b9a0","FUN_0026b9a0"
"0019f7e0","FUN_0019f7e0","0050db40","FUN_0050db40"
"0019f870","FUN_0019f870","001077a0","FUN_001077a0"
"0019f870","FUN_0019f870","00107b70","FUN_00107b70"
"0019f940","FUN_0019f940","003de250","FUN_003de250"
"0019f940","FUN_0019f940","003e72f0","FUN_003e72f0"
"0019f9e0","FUN_0019f9e0","0019fac0","FUN_0019fac0"
"0019fc40","FUN_0019fc40","00101a00","FUN_00101a00"
"0019fc40","FUN_0019fc40","0019fd40","FUN_0019fd40"
"0019fc40","FUN_0019fc40","00556510","FUN_00556510"
"0019fcc0","FUN_0019fcc0","001018e0","FUN_001018e0"
"0019fd30","FUN_0019fd30","005562d0","FUN_005562d0"
"001a00e0","FUN_001a00e0","00101be0","FUN_00101be0"
"001a03d0","FUN_001a03d0","0018fd10","FUN_0018fd10"
"001a03d0","FUN_001a03d0","00190e10","FUN_00190e10"
"001a03d0","FUN_001a03d0","0019f7e0","FUN_0019f7e0"
"001a03d0","FUN_001a03d0","001a0940","FUN_001a0940"
"001a03d0","FUN_001a03d0","00265ee0","FUN_00265ee0"
"001a03d0","FUN_001a03d0","002ebbe0","FUN_002ebbe0"
"001a05c0","FUN_001a05c0","0010a040","FUN_0010a040"
"001a05c0","FUN_001a05c0","00190ac0","FUN_00190ac0"
"001a05c0","FUN_001a05c0","00190d60","FUN_00190d60"
"001a05c0","FUN_001a05c0","004956e0","FUN_004956e0"
"001a06e0","FUN_001a06e0","0010f200","FUN_0010f200"
"001a06e0","FUN_001a06e0","00190d40","FUN_00190d40"
"001a06e0","FUN_001a06e0","001a03d0","FUN_001a03d0"
"001a06e0","FUN_001a06e0","0027df30","FUN_0027df30"
"001a0940","FUN_001a0940","00193040","FUN_00193040"
"001a0940","FUN_001a0940","00193150","FUN_00193150"
"001a0940","FUN_001a0940","0019f7e0","FUN_0019f7e0"
"001a0940","FUN_001a0940","0029e800","FUN_0029e800"
"001a0940","FUN_001a0940","005a0490","FUN_005a0490"
"001a0b80","FUN_001a0b80","00248f00","FUN_00248f00"
"001a0bd0","FUN_001a0bd0","00198510","FUN_00198510"
"001a0bd0","FUN_001a0bd0","0019de60","FUN_0019de60"
"001a0bd0","FUN_001a0bd0","002a1d00","FUN_002a1d00"
"001a0bd0","FUN_001a0bd0","0045fe90","FUN_0045fe90"
"001a2170","FUN_001a2170","0025f710","FUN_0025f710"
"001a3210","FUN_001a3210","0013d7c0","FUN_0013d7c0"
"001a3210","FUN_001a3210","0013e200","FUN_0013e200"
"001a3210","FUN_001a3210","001410b0","FUN_001410b0"
"001a3210","FUN_001a3210","001a3750","FUN_001a3750"
"001a3210","FUN_001a3210","0024a4b0","FUN_0024a4b0"
"001a3210","FUN_001a3210","0024a500","FUN_0024a500"
"001a3210","FUN_001a3210","002a1d00","FUN_002a1d00"
"001a3210","FUN_001a3210","002d1800","FUN_002d1800"
"001a3210","FUN_001a3210","003068d0","FUN_003068d0"
"001a3210","FUN_001a3210","00481440","FUN_00481440"
"001a3210","FUN_001a3210","00481720","FUN_00481720"
"001a3700","FUN_001a3700","0013d7c0","FUN_0013d7c0"
"001a3750","FUN_001a3750","001a3790","FUN_001a3790"
"001a3790","FUN_001a3790","0013f0f0","FUN_0013f0f0"
"001a3790","FUN_001a3790","00192f10","FUN_00192f10"
"001a3790","FUN_001a3790","001993b0","FUN_001993b0"
"001a3790","FUN_001a3790","0021a740","FUN_0021a740"
"001a3f00","FUN_001a3f00","0013f6f0","FUN_0013f6f0"
"001a3f00","FUN_001a3f00","0021a740","FUN_0021a740"
"001a3f00","FUN_001a3f00","002ebbe0","FUN_002ebbe0"
"001a3f60","FUN_001a3f60","001410b0","FUN_001410b0"
"001a3f60","FUN_001a3f60","0019a1a0","FUN_0019a1a0"
"001a5420","FUN_001a5420","0045fbc0","FUN_0045fbc0"
"001a5420","FUN_001a5420","004960b0","FUN_004960b0"
"001a5a00","FUN_001a5a00","0027c280","FUN_0027c280"
"001a5a20","FUN_001a5a20","0027c3d0","FUN_0027c3d0"
"001a5a40","FUN_001a5a40","0027c370","FUN_0027c370"
"001a5c10","FUN_001a5c10","001410b0","FUN_001410b0"
"001a5c10","FUN_001a5c10","0019a1c0","FUN_0019a1c0"
"001a61a0","FUN_001a61a0","0021a740","FUN_0021a740"
"001a6270","FUN_001a6270","001a21c0","FUN_001a21c0"
"001a6930","FUN_001a6930","001a7370","FUN_001a7370"
"001a69a0","FUN_001a69a0","001a7370","FUN_001a7370"
"001a6a10","FUN_001a6a10","002ec0c0","FUN_002ec0c0"
"001a6a10","FUN_001a6a10","0048e460","FUN_0048e460"
"001a6a10","FUN_001a6a10","0048ea10","FUN_0048ea10"
"001a70a0","FUN_001a70a0","002ebbe0","FUN_002ebbe0"
"001a70a0","FUN_001a70a0","003de200","FUN_003de200"
"001a70a0","FUN_001a70a0","003de260","FUN_003de260"
"001a7760","FUN_001a7760","003de260","FUN_003de260"
"001a7760","FUN_001a7760","003eb7d0","FUN_003eb7d0"
"001a77c0","FUN_001a77c0","0048e8e0","FUN_0048e8e0"
"001a78a0","FUN_001a78a0","0048e8e0","FUN_0048e8e0"
"001a7980","FUN_001a7980","002d8cb0","FUN_002d8cb0"
"001a7ee0","FUN_001a7ee0","002d8cb0","FUN_002d8cb0"
"001a8070","FUN_001a8070","003de260","FUN_003de260"
"001a8070","FUN_001a8070","003eb7d0","FUN_003eb7d0"
"001a80f0","FUN_001a80f0","003de250","FUN_003de250"
"001a80f0","FUN_001a80f0","003eb760","FUN_003eb760"
"001a81a0","FUN_001a81a0","003de250","FUN_003de250"
"001a81a0","FUN_001a81a0","003eb760","FUN_003eb760"
"001a8230","FUN_001a8230","003de1e0","FUN_003de1e0"
"001a8230","FUN_001a8230","003de250","FUN_003de250"
"001a82d0","FUN_001a82d0","002ebbe0","FUN_002ebbe0"
"001a82d0","FUN_001a82d0","003de200","FUN_003de200"
"001a82d0","FUN_001a82d0","003de260","FUN_003de260"
"001a8390","FUN_001a8390","003de1e0","FUN_003de1e0"
"001a8390","FUN_001a8390","003de250","FUN_003de250"
"001a8790","FUN_001a8790","001aa4a0","FUN_001aa4a0"
"001a8790","FUN_001a8790","001ae120","FUN_001ae120"
"001a8790","FUN_001a8790","001af370","FUN_001af370"
"001a8790","FUN_001a8790","00264150","FUN_00264150"
"001a88f0","FUN_001a88f0","001b17e0","FUN_001b17e0"
"001a99e0","FUN_001a99e0","001a9e10","FUN_001a9e10"
"001a99e0","FUN_001a99e0","001b08d0","FUN_001b08d0"
"001a99e0","FUN_001a99e0","001b1850","FUN_001b1850"
"001a99e0","FUN_001a99e0","0027df30","FUN_0027df30"
"001a99e0","FUN_001a99e0","0027dff0","FUN_0027dff0"
"001a99e0","FUN_001a99e0","002ebc40","FUN_002ebc40"
"001a9be0","FUN_001a9be0","001a9d70","FUN_001a9d70"
"001a9be0","FUN_001a9be0","001b0970","FUN_001b0970"
"001a9be0","FUN_001a9be0","0027df30","FUN_0027df30"
"001a9be0","FUN_001a9be0","0027dff0","FUN_0027dff0"
"001a9d70","FUN_001a9d70","0022f3b0","FUN_0022f3b0"
"001a9d70","FUN_001a9d70","00285230","FUN_00285230"
"001ac590","FUN_001ac590","0027dff0","FUN_0027dff0"
"001ad340","FUN_001ad340","002765b0","FUN_002765b0"
"001ad340","FUN_001ad340","00282030","FUN_00282030"
"001aecf0","FUN_001aecf0","002c14b0","FUN_002c14b0"
"001aecf0","FUN_001aecf0","002c8d80","FUN_002c8d80"
"001aee10","FUN_001aee10","002c8d80","FUN_002c8d80"
"001aee10","FUN_001aee10","005502c8","FUN_005502c8"
"001aef30","FUN_001aef30","002c7510","FUN_002c7510"
"001aef30","FUN_001aef30","002c8d80","FUN_002c8d80"
"001b07b0","FUN_001b07b0","001b07e0","FUN_001b07e0"
"001b0830","FUN_001b0830","0022d520","FUN_0022d520"
"001b0870","FUN_001b0870","0022d570","FUN_0022d570"
"001b0870","FUN_001b0870","0022d5e0","FUN_0022d5e0"
"001b08d0","FUN_001b08d0","001b1060","FUN_001b1060"
"001b08d0","FUN_001b08d0","004d0120","FUN_004d0120"
"001b0970","FUN_001b0970","0010ed80","FUN_0010ed80"
"001b0970","FUN_001b0970","0022eaf0","FUN_0022eaf0"
"001b0970","FUN_001b0970","0022ec70","FUN_0022ec70"
"001b0970","FUN_001b0970","0025fab0","FUN_0025fab0"
"001b0af0","FUN_001b0af0","001b10f0","FUN_001b10f0"
"001b0af0","FUN_001b0af0","0024b6d0","FUN_0024b6d0"
"001b0be0","FUN_001b0be0","001106c0","FUN_001106c0"
"001b0be0","FUN_001b0be0","001b10f0","FUN_001b10f0"
"001b0be0","FUN_001b0be0","0022dba0","FUN_0022dba0"
"001b0be0","FUN_001b0be0","0022eaf0","FUN_0022eaf0"
"001b0be0","FUN_001b0be0","0022ec70","FUN_0022ec70"
"001b0be0","FUN_001b0be0","0024b6d0","FUN_0024b6d0"
"001b0be0","FUN_001b0be0","0025fb50","FUN_0025fb50"
"001b0be0","FUN_001b0be0","0025fc50","FUN_0025fc50"
"001b0be0","FUN_001b0be0","00260120","FUN_00260120"
"001b0be0","FUN_001b0be0","004bff80","FUN_004bff80"
"001b0d20","FUN_001b0d20","00132cc0","FUN_00132cc0"
"001b0d20","FUN_001b0d20","001b0f60","FUN_001b0f60"
"001b0d20","FUN_001b0d20","001b5d00","FUN_001b5d00"
"001b0d20","FUN_001b0d20","001ebfc0","FUN_001ebfc0"
"001b0d20","FUN_001b0d20","0024ba90","FUN_0024ba90"
"001b0d20","FUN_001b0d20","0026b9a0","FUN_0026b9a0"
"001b0d20","FUN_001b0d20","00290490","FUN_00290490"
"001b0d20","FUN_001b0d20","0029e800","FUN_0029e800"
"001b0d20","FUN_001b0d20","002c7750","FUN_002c7750"
"001b0d20","FUN_001b0d20","003015d0","FUN_003015d0"
"001b0d20","FUN_001b0d20","0039f5c0","FUN_0039f5c0"
"001b0d20","FUN_001b0d20","004d0cc0","FUN_004d0cc0"
"001b0f40","FUN_001b0f40","001b6240","FUN_001b6240"
"001b0f60","FUN_001b0f60","001b61e0","FUN_001b61e0"
"001b1060","FUN_001b1060","001b0be0","FUN_001b0be0"
"001b1060","FUN_001b1060","001b5730","FUN_001b5730"
"001b1060","FUN_001b1060","001b6240","FUN_001b6240"
"001b1060","FUN_001b1060","003b89b0","FUN_003b89b0"
"001b17b0","FUN_001b17b0","0022e7f0","FUN_0022e7f0"
"001b1850","FUN_001b1850","002eb970","FUN_002eb970"
"001b2d90","FUN_001b2d90","00231360","FUN_00231360"
"001b2d90","FUN_001b2d90","0028f660","FUN_0028f660"
"001b4f60","FUN_001b4f60","001b4fc0","FUN_001b4fc0"
"001b4fc0","FUN_001b4fc0","0012e1e0","FUN_0012e1e0"
"001b4fc0","FUN_001b4fc0","002640d0","FUN_002640d0"
"001b5660","FUN_001b5660","0010ed80","FUN_0010ed80"
"001b5660","FUN_001b5660","0022f470","FUN_0022f470"
"001b5660","FUN_001b5660","0025fab0","FUN_0025fab0"
"001b5660","FUN_001b5660","0027df30","FUN_0027df30"
"001b5660","FUN_001b5660","0027dff0","FUN_0027dff0"
"001b5b90","FUN_001b5b90","003aee30","FUN_003aee30"
"001b5bd0","FUN_001b5bd0","003aee30","FUN_003aee30"
"001b5c10","FUN_001b5c10","003aee30","FUN_003aee30"
"001b5c50","FUN_001b5c50","003aee30","FUN_003aee30"
"001b5c90","FUN_001b5c90","00267730","FUN_00267730"
"001b5d00","FUN_001b5d00","00267740","FUN_00267740"
"001b6020","FUN_001b6020","001b6080","FUN_001b6080"
"001b6610","FUN_001b6610","001b0af0","FUN_001b0af0"
"001b6610","FUN_001b6610","001b3b80","FUN_001b3b80"
"001b6610","FUN_001b6610","0022db60","FUN_0022db60"
"001b6700","FUN_001b6700","001b0d20","FUN_001b0d20"
"001b6700","FUN_001b6700","001b0f60","FUN_001b0f60"
"001bc560","FUN_001bc560","001e12d0","FUN_001e12d0"
"001bca40","FUN_001bca40","001e12d0","FUN_001e12d0"
"001bcc60","FUN_001bcc60","001e12d0","FUN_001e12d0"
"001bce80","FUN_001bce80","001bc560","FUN_001bc560"
"001bd8a0","FUN_001bd8a0","002eb970","FUN_002eb970"
"001bd9a0","FUN_001bd9a0","00264110","FUN_00264110"
"001bda90","FUN_001bda90","00263e70","FUN_00263e70"
"001bda90","FUN_001bda90","00264110","FUN_00264110"
"001bdb20","FUN_001bdb20","00264110","FUN_00264110"
"001be080","FUN_001be080","00264110","FUN_00264110"
"001be6e0","FUN_001be6e0","005502c8","FUN_005502c8"
"001be7d0","FUN_001be7d0","001b0050","FUN_001b0050"
"001be890","FUN_001be890","001413f0","FUN_001413f0"
"001be890","FUN_001be890","00167b80","FUN_00167b80"
"001beac0","FUN_001beac0","005502c8","FUN_005502c8"
"001c04c0","FUN_001c04c0","001c0640","FUN_001c0640"
"001c04c0","FUN_001c04c0","001e1b20","FUN_001e1b20"
"001c04c0","FUN_001c04c0","002a35a0","FUN_002a35a0"
"001c04c0","FUN_001c04c0","002b9200","FUN_002b9200"
"001c04c0","FUN_001c04c0","0031e340","FUN_0031e340"
"001c04c0","FUN_001c04c0","0051f610","FUN_0051f610"
"001c5d80","FUN_001c5d80","00168e40","FUN_00168e40"
"001c5d80","FUN_001c5d80","0021afd0","FUN_0021afd0"
"001c5d80","FUN_001c5d80","00231500","FUN_00231500"
"001c5d80","FUN_001c5d80","00264150","FUN_00264150"
"001c5d80","FUN_001c5d80","0027dff0","FUN_0027dff0"
"001c5d80","FUN_001c5d80","00292110","FUN_00292110"
"001c5d80","FUN_001c5d80","002d12f0","FUN_002d12f0"
"001c7610","FUN_001c7610","001bc550","FUN_001bc550"
"001c7610","FUN_001c7610","001c6cb0","FUN_001c6cb0"
"001c7610","FUN_001c7610","001ffcd0","FUN_001ffcd0"
"001c7610","FUN_001c7610","00201390","FUN_00201390"
"001cbcb0","FUN_001cbcb0","001cc710","FUN_001cc710"
"001cbcb0","FUN_001cbcb0","001cea60","FUN_001cea60"
"001cbcb0","FUN_001cbcb0","001cfa80","FUN_001cfa80"
"001cbcb0","FUN_001cbcb0","00263d20","FUN_00263d20"
"001d07f0","FUN_001d07f0","0015aa00","FUN_0015aa00"
"001d07f0","FUN_001d07f0","00162580","FUN_00162580"
"001d07f0","FUN_001d07f0","0032dc40","FUN_0032dc40"
"001d07f0","FUN_001d07f0","003a0080","FUN_003a0080"
"001d1810","FUN_001d1810","001d07f0","FUN_001d07f0"
"001d1810","FUN_001d1810","001d2210","FUN_001d2210"
"001d1810","FUN_001d1810","001edc70","FUN_001edc70"
"001dc6f0","FUN_001dc6f0","00245210","FUN_00245210"
"001dc760","FUN_001dc760","00263d20","FUN_00263d20"
"001dc760","FUN_001dc760","00263e00","FUN_00263e00"
"001dcc80","FUN_001dcc80","001dcce0","FUN_001dcce0"
"001dcc80","FUN_001dcc80","00263e70","FUN_00263e70"
"001dcc80","FUN_001dcc80","002640d0","FUN_002640d0"
"001dcce0","FUN_001dcce0","00245210","FUN_00245210"
"001df7b0","FUN_001df7b0","00245210","FUN_00245210"
"001dfb40","FUN_001dfb40","00245210","FUN_00245210"
"001dfd40","FUN_001dfd40","00245210","FUN_00245210"
"001e0910","FUN_001e0910","00263d20","FUN_00263d20"
"001e12d0","FUN_001e12d0","001b6bc0","FUN_001b6bc0"
"001e12d0","FUN_001e12d0","001e0a00","FUN_001e0a00"
"001e12d0","FUN_001e12d0","001e1430","FUN_001e1430"
"001e12d0","FUN_001e12d0","001e5930","FUN_001e5930"
"001e12d0","FUN_001e12d0","001e6730","FUN_001e6730"
"001e1b20","FUN_001e1b20","00263d20","FUN_00263d20"
"001e1b20","FUN_001e1b20","002640d0","FUN_002640d0"
"001e1b20","FUN_001e1b20","0029bcf0","FUN_0029bcf0"
"001e1b20","FUN_001e1b20","002c8e80","FUN_002c8e80"
"001e1b20","FUN_001e1b20","002c9bf0","FUN_002c9bf0"
"001e1b20","FUN_001e1b20","00304010","FUN_00304010"
"001e1b20","FUN_001e1b20","00304240","FUN_00304240"
"001e1b20","FUN_001e1b20","00522260","FUN_00522260"
"001e2490","FUN_001e2490","001e12d0","FUN_001e12d0"
"001e2490","FUN_001e2490","001e1d60","FUN_001e1d60"
"001e2760","FUN_001e2760","001e2ca0","FUN_001e2ca0"
"001e2760","FUN_001e2760","001e5930","FUN_001e5930"
"001e2760","FUN_001e2760","00263d20","FUN_00263d20"
"001e4530","FUN_001e4530","001e4560","FUN_001e4560"
"001e5110","FUN_001e5110","0053b1f8","FUN_0053b1f8"
"001e5340","FUN_001e5340","001edc60","FUN_001edc60"
"001eb390","FUN_001eb390","001e8f20","FUN_001e8f20"
"001ee680","FUN_001ee680","001e8f20","FUN_001e8f20"
"001ef470","FUN_001ef470","001ef4c0","FUN_001ef4c0"
"001f0160","FUN_001f0160","00100780","FUN_00100780"
"001f0500","FUN_001f0500","001f0580","FUN_001f0580"
"001f0580","FUN_001f0580","00100780","FUN_00100780"
"001f17e0","FUN_001f17e0","001f11e0","FUN_001f11e0"
"001f1a80","FUN_001f1a80","00551028","FUN_00551028"
"001f1dc0","FUN_001f1dc0","00100780","FUN_00100780"
"001f1e40","FUN_001f1e40","00233210","FUN_00233210"
"001f1e40","FUN_001f1e40","00233250","FUN_00233250"
"001f1e40","FUN_001f1e40","00233370","FUN_00233370"
"001f62e0","FUN_001f62e0","001f6280","FUN_001f6280"
"001f8250","FUN_001f8250","001f7110","FUN_001f7110"
"001f8300","FUN_001f8300","001f7110","FUN_001f7110"
"001f8620","FUN_001f8620","00551720","FUN_00551720"
"001f8710","FUN_001f8710","002b07e0","FUN_002b07e0"
"001f8710","FUN_001f8710","00300ef0","FUN_00300ef0"
"001f8710","FUN_001f8710","00301450","FUN_00301450"
"001f98a0","FUN_001f98a0","001018e0","FUN_001018e0"
"001f99c0","FUN_001f99c0","00501500","FUN_00501500"
"001f9b30","FUN_001f9b30","003fca30","FUN_003fca30"
"001f9b30","FUN_001f9b30","003fca70","FUN_003fca70"
"001f9c00","FUN_001f9c00","001f8620","FUN_001f8620"
"001f9ca0","FUN_001f9ca0","001f8620","FUN_001f8620"
"001fa340","FUN_001fa340","001f8620","FUN_001f8620"
"001fa720","FUN_001fa720","001fa870","FUN_001fa870"
"001fa720","FUN_001fa720","003048f0","FUN_003048f0"
"001fa720","FUN_001fa720","0030a880","FUN_0030a880"
"001fa720","FUN_001fa720","00500970","FUN_00500970"
"001ff920","FUN_001ff920","0021a920","FUN_0021a920"
"001ff920","FUN_001ff920","00248f00","FUN_00248f00"
"001ff990","FUN_001ff990","003fca30","FUN_003fca30"
"001ff990","FUN_001ff990","003fca70","FUN_003fca70"
"001ffa00","FUN_001ffa00","003fca20","FUN_003fca20"
"001ffa00","FUN_001ffa00","003fca40","FUN_003fca40"
"001ffad0","FUN_001ffad0","003fca20","FUN_003fca20"
"001ffad0","FUN_001ffad0","003fca40","FUN_003fca40"
"001ffc00","FUN_001ffc00","001018e0","FUN_001018e0"
"001ffc60","FUN_001ffc60","001018e0","FUN_001018e0"
"00200470","FUN_00200470","002a35a0","FUN_002a35a0"
"002004e0","FUN_002004e0","002a35a0","FUN_002a35a0"
"00200570","FUN_00200570","00200470","FUN_00200470"
"00200570","FUN_00200570","002a35a0","FUN_002a35a0"
"002005c0","FUN_002005c0","002004e0","FUN_002004e0"
"002005c0","FUN_002005c0","002a35a0","FUN_002a35a0"
"00201390","FUN_00201390","00168ba0","FUN_00168ba0"
"00201590","FUN_00201590","00245210","FUN_00245210"
"00201590","FUN_00201590","0025fb50","FUN_0025fb50"
"00201590","FUN_00201590","00260120","FUN_00260120"
"00201610","FUN_00201610","00201510","FUN_00201510"
"00201610","FUN_00201610","00201590","FUN_00201590"
"002016c0","FUN_002016c0","0022d7b0","FUN_0022d7b0"
"00201730","FUN_00201730","002c18d0","FUN_002c18d0"
"002017a0","FUN_002017a0","00201930","FUN_00201930"
"002017d0","FUN_002017d0","0022f470","FUN_0022f470"
"002017d0","FUN_002017d0","0022f4a0","FUN_0022f4a0"
"002017d0","FUN_002017d0","0022fa00","FUN_0022fa00"
"00201810","FUN_00201810","002019a0","FUN_002019a0"
"00201810","FUN_00201810","0022dac0","FUN_0022dac0"
"002018c0","FUN_002018c0","002019a0","FUN_002019a0"
"002018c0","FUN_002018c0","0022dac0","FUN_0022dac0"
"00203240","FUN_00203240","00166530","FUN_00166530"
"002032c0","FUN_002032c0","00110390","FUN_00110390"
"002033e0","FUN_002033e0","00206ae0","FUN_00206ae0"
"002033e0","FUN_002033e0","0020b910","FUN_0020b910"
"00204bc0","FUN_00204bc0","0053b3e8","FUN_0053b3e8"
"00204c80","FUN_00204c80","00204bc0","FUN_00204bc0"
"00206990","FUN_00206990","00207c00","FUN_00207c00"
"00206ae0","FUN_00206ae0","00248f00","FUN_00248f00"
"00206b80","FUN_00206b80","00206ae0","FUN_00206ae0"
"00206b80","FUN_00206b80","00207040","FUN_00207040"
"00206b80","FUN_00206b80","00207b90","FUN_00207b90"
"00206b80","FUN_00206b80","00207c00","FUN_00207c00"
"00206b80","FUN_00206b80","00207cf0","FUN_00207cf0"
"00207040","FUN_00207040","00206e00","FUN_00206e00"
"00207b90","FUN_00207b90","00248f00","FUN_00248f00"
"00207cf0","FUN_00207cf0","00207d30","FUN_00207d30"
"00207cf0","FUN_00207cf0","002640d0","FUN_002640d0"
"00209be0","FUN_00209be0","00209b60","FUN_00209b60"
"0020b940","FUN_0020b940","00232b50","FUN_00232b50"
"0020bae0","FUN_0020bae0","0027e070","FUN_0027e070"
"0020c630","FUN_0020c630","0019cc40","FUN_0019cc40"
"0020c630","FUN_0020c630","00248f00","FUN_00248f00"
"0020e460","FUN_0020e460","00110060","FUN_00110060"
"0020e460","FUN_0020e460","001100d0","FUN_001100d0"
"0020e460","FUN_0020e460","00110310","FUN_00110310"
"0020e460","FUN_0020e460","00168ba0","FUN_00168ba0"
"0020e460","FUN_0020e460","00180d80","FUN_00180d80"
"0020e460","FUN_0020e460","00232b50","FUN_00232b50"
"0020e460","FUN_0020e460","0025fb50","FUN_0025fb50"
"0020e460","FUN_0020e460","00260120","FUN_00260120"
"0020e460","FUN_0020e460","0053aec8","FUN_0053aec8"
"00211920","FUN_00211920","0027f9e0","FUN_0027f9e0"
"002140c0","FUN_002140c0","0025fba0","FUN_0025fba0"
"002140c0","FUN_002140c0","005563e0","FUN_005563e0"
"002141b0","FUN_002141b0","001018e0","FUN_001018e0"
"00214220","FUN_00214220","001018e0","FUN_001018e0"
"00214280","FUN_00214280","001018e0","FUN_001018e0"
"002142d0","FUN_002142d0","002033e0","FUN_002033e0"
"00214300","FUN_00214300","0010eba0","FUN_0010eba0"
"00214300","FUN_00214300","00556370","FUN_00556370"
"0021aa20","FUN_0021aa20","00220760","FUN_00220760"
"0021ada0","FUN_0021ada0","0053ab20","FUN_0053ab20"
"0021ada0","FUN_0021ada0","0053b2e0","FUN_0053b2e0"
"0021c780","FUN_0021c780","00128600","FUN_00128600"
"0021c780","FUN_0021c780","00214e80","FUN_00214e80"
"0021c780","FUN_0021c780","0021f170","FUN_0021f170"
"0021c780","FUN_0021c780","0021f2e0","FUN_0021f2e0"
"0021c780","FUN_0021c780","0021fe80","FUN_0021fe80"
"0021c780","FUN_0021c780","00221d30","FUN_00221d30"
"0021c780","FUN_0021c780","00227560","FUN_00227560"
"0021c780","FUN_0021c780","002640d0","FUN_002640d0"
"0021c780","FUN_0021c780","002eb970","FUN_002eb970"
"0021c780","FUN_0021c780","0033dbb8","FUN_0033dbb8"
"0021ec50","FUN_0021ec50","0010edf0","FUN_0010edf0"
"0021ec50","FUN_0021ec50","0021e510","FUN_0021e510"
"0021ec50","FUN_0021ec50","0021f060","FUN_0021f060"
"0021ecc0","FUN_0021ecc0","0021e510","FUN_0021e510"
"0021ecc0","FUN_0021ecc0","0021f060","FUN_0021f060"
"0021ecc0","FUN_0021ecc0","0025fc50","FUN_0025fc50"
"0021ed10","FUN_0021ed10","0010eba0","FUN_0010eba0"
"0021ed10","FUN_0021ed10","0010edf0","FUN_0010edf0"
"0021ed10","FUN_0021ed10","0010fae0","FUN_0010fae0"
"0021ed10","FUN_0021ed10","0021eac0","FUN_0021eac0"
"0021f470","FUN_0021f470","0018ed90","FUN_0018ed90"
"0021f470","FUN_0021f470","0021b130","FUN_0021b130"
"0021f470","FUN_0021f470","002a9200","FUN_002a9200"
"0021f630","FUN_0021f630","0018ed90","FUN_0018ed90"
"0021f630","FUN_0021f630","0021b130","FUN_0021b130"
"0021f630","FUN_0021f630","002a9200","FUN_002a9200"
"0021f7f0","FUN_0021f7f0","00180d80","FUN_00180d80"
"0021f890","FUN_0021f890","0018ed90","FUN_0018ed90"
"0021f890","FUN_0021f890","0021b130","FUN_0021b130"
"0021f890","FUN_0021f890","0021f7f0","FUN_0021f7f0"
"0021f890","FUN_0021f890","002a9200","FUN_002a9200"
"0021fa90","FUN_0021fa90","0018ed90","FUN_0018ed90"
"0021fa90","FUN_0021fa90","0021b130","FUN_0021b130"
"0021fa90","FUN_0021fa90","0021f7f0","FUN_0021f7f0"
"0021fa90","FUN_0021fa90","002a9200","FUN_002a9200"
"0021fc90","FUN_0021fc90","0018ed90","FUN_0018ed90"
"0021fc90","FUN_0021fc90","0021b130","FUN_0021b130"
"0021fc90","FUN_0021fc90","002a9200","FUN_002a9200"
"0021fef0","FUN_0021fef0","005a03e0","FUN_005a03e0"
"0021ff30","FUN_0021ff30","00263e70","FUN_00263e70"
"0021ff30","FUN_0021ff30","002eb970","FUN_002eb970"
"0021ff30","FUN_0021ff30","002ebbe0","FUN_002ebbe0"
"00220130","FUN_00220130","00263e70","FUN_00263e70"
"00220130","FUN_00220130","002eb970","FUN_002eb970"
"00220130","FUN_00220130","002ebbe0","FUN_002ebbe0"
"00220440","FUN_00220440","00245210","FUN_00245210"
"00220440","FUN_00220440","002640d0","FUN_002640d0"
"00220490","FUN_00220490","00245210","FUN_00245210"
"00220490","FUN_00220490","002640d0","FUN_002640d0"
"002204e0","FUN_002204e0","002eb970","FUN_002eb970"
"002204e0","FUN_002204e0","002ebbe0","FUN_002ebbe0"
"002208b0","FUN_002208b0","0010ec10","FUN_0010ec10"
"002208b0","FUN_002208b0","005a03f0","FUN_005a03f0"
"00220990","FUN_00220990","00168ba0","FUN_00168ba0"
"00220990","FUN_00220990","0021b0a0","FUN_0021b0a0"
"00220990","FUN_00220990","00220930","FUN_00220930"
"00225210","FUN_00225210","00110060","FUN_00110060"
"00225530","FUN_00225530","00110390","FUN_00110390"
"002262f0","FUN_002262f0","00225a90","FUN_00225a90"
"00226370","FUN_00226370","00225a90","FUN_00225a90"
"00226450","FUN_00226450","00481520","FUN_00481520"
"00226600","FUN_00226600","00481660","FUN_00481660"
"00226660","FUN_00226660","00226600","FUN_00226600"
"00226dd0","FUN_00226dd0","0053b1f8","FUN_0053b1f8"
"00226f30","FUN_00226f30","0053b1f8","FUN_0053b1f8"
"00227090","FUN_00227090","0053b1f8","FUN_0053b1f8"
"00227560","FUN_00227560","00226ba0","FUN_00226ba0"
"00227560","FUN_00227560","00226c30","FUN_00226c30"
"00227560","FUN_00227560","00226d40","FUN_00226d40"
"002275a0","FUN_002275a0","0021c4b0","FUN_0021c4b0"
"002275f0","FUN_002275f0","0028cdc0","FUN_0028cdc0"
"00227fa0","FUN_00227fa0","00110060","FUN_00110060"
"00228b10","FUN_00228b10","005502c8","FUN_005502c8"
"0022c470","FUN_0022c470","00227cd0","FUN_00227cd0"
"0022c980","FUN_0022c980","00110390","FUN_00110390"
"0022c980","FUN_0022c980","002032c0","FUN_002032c0"
"0022c980","FUN_0022c980","00214400","FUN_00214400"
"0022cc30","FUN_0022cc30","0010eba0","FUN_0010eba0"
"0022cc90","FUN_0022cc90","00228080","FUN_00228080"
"0022ced0","FUN_0022ced0","002d2aa0","FUN_002d2aa0"
"0022d520","FUN_0022d520","0022d7b0","FUN_0022d7b0"
"0022d570","FUN_0022d570","0022d5e0","FUN_0022d5e0"
"0022d570","FUN_0022d570","0022dac0","FUN_0022dac0"
"0022d5e0","FUN_0022d5e0","0022d690","FUN_0022d690"
"0022dac0","FUN_0022dac0","001018e0","FUN_001018e0"
"0022dac0","FUN_0022dac0","0022edb0","FUN_0022edb0"
"0022dac0","FUN_0022dac0","0025fbd0","FUN_0025fbd0"
"0022dac0","FUN_0022dac0","002ebc40","FUN_002ebc40"
"0022dba0","FUN_0022dba0","0022f650","FUN_0022f650"
"0022dba0","FUN_0022dba0","004c15c0","FUN_004c15c0"
"0022eaf0","FUN_0022eaf0","0010ece0","FUN_0010ece0"
"0022eaf0","FUN_0022eaf0","0022dcd0","FUN_0022dcd0"
"0022eaf0","FUN_0022eaf0","0024c360","FUN_0024c360"
"0022eaf0","FUN_0022eaf0","0025fb50","FUN_0025fb50"
"0022eaf0","FUN_0022eaf0","00260120","FUN_00260120"
"0022eaf0","FUN_0022eaf0","00267730","FUN_00267730"
"0022eaf0","FUN_0022eaf0","00290470","FUN_00290470"
"0022eaf0","FUN_0022eaf0","002c5780","FUN_002c5780"
"0022ec70","FUN_0022ec70","00290490","FUN_00290490"
"0022edb0","FUN_0022edb0","001106c0","FUN_001106c0"
"0022edb0","FUN_0022edb0","00290490","FUN_00290490"
"0022edb0","FUN_0022edb0","0033faa0","FUN_0033faa0"
"0022edb0","FUN_0022edb0","003747d0","FUN_003747d0"
"0022edb0","FUN_0022edb0","00377c20","FUN_00377c20"
"0022edb0","FUN_0022edb0","00379158","FUN_00379158"
"0022edb0","FUN_0022edb0","00379770","FUN_00379770"
"0022efa0","FUN_0022efa0","00110310","FUN_00110310"
"0022efa0","FUN_0022efa0","0025fa10","FUN_0025fa10"
"0022f3b0","FUN_0022f3b0","00110310","FUN_00110310"
"0022f3b0","FUN_0022f3b0","0025fa10","FUN_0025fa10"
"0022f470","FUN_0022f470","0033f900","FUN_0033f900"
"0022f4a0","FUN_0022f4a0","001106c0","FUN_001106c0"
"0022f4a0","FUN_0022f4a0","00110c80","FUN_00110c80"
"0022f4a0","FUN_0022f4a0","003747d0","FUN_003747d0"
"0022f4a0","FUN_0022f4a0","0039d9a8","FUN_0039d9a8"
"0022f520","FUN_0022f520","00102930","FUN_00102930"
"0022f520","FUN_0022f520","00105b40","FUN_00105b40"
"0022f520","FUN_0022f520","00231500","FUN_00231500"
"0022f650","FUN_0022f650","00201640","FUN_00201640"
"0022f650","FUN_0022f650","002905c0","FUN_002905c0"
"0022f9a0","FUN_0022f9a0","004feb58","FUN_004feb58"
"0022f9a0","FUN_0022f9a0","004ff450","FUN_004ff450"
"0022f9a0","FUN_0022f9a0","004ff610","FUN_004ff610"
"002314b0","FUN_002314b0","00231500","FUN_00231500"
"00231500","FUN_00231500","00110310","FUN_00110310"
"00231500","FUN_00231500","0025fa10","FUN_0025fa10"
"00231500","FUN_00231500","00307880","FUN_00307880"
"00231500","FUN_00231500","003b1c40","FUN_003b1c40"
"00231500","FUN_00231500","003b4560","FUN_003b4560"
"00231500","FUN_00231500","003c4c40","FUN_003c4c40"
"00231500","FUN_00231500","003c4e20","FUN_003c4e20"
"00231500","FUN_00231500","00512be0","FUN_00512be0"
"002325c0","FUN_002325c0","00232b50","FUN_00232b50"
"00232930","FUN_00232930","0010eb70","FUN_0010eb70"
"00232930","FUN_00232930","0010eba0","FUN_0010eba0"
"00232930","FUN_00232930","0010ed50","FUN_0010ed50"
"00232930","FUN_00232930","0010f010","FUN_0010f010"
"00232930","FUN_00232930","0033f900","FUN_0033f900"
"00232a20","FUN_00232a20","00320cd0","FUN_00320cd0"
"00232e40","FUN_00232e40","00232ee0","FUN_00232ee0"
"00232e50","FUN_00232e50","00232ee0","FUN_00232ee0"
"00233000","FUN_00233000","00112380","FUN_00112380"
"00233010","FUN_00233010","00112380","FUN_00112380"
"00233010","FUN_00233010","00551318","FUN_00551318"
"00233010","FUN_00233010","00551720","FUN_00551720"
"00233010","FUN_00233010","00551838","FUN_00551838"
"002330b0","FUN_002330b0","00551720","FUN_00551720"
"00233210","FUN_00233210","00333338","FUN_00333338"
"00233370","FUN_00233370","00333338","FUN_00333338"
"002333a0","FUN_002333a0","0051d218","FUN_0051d218"
"002333a0","FUN_002333a0","0051db78","FUN_0051db78"
"002333a0","FUN_002333a0","0051dd00","FUN_0051dd00"
"002333d0","FUN_002333d0","0051cf00","FUN_0051cf00"
"002333d0","FUN_002333d0","0051d718","FUN_0051d718"
"002333d0","FUN_002333d0","0051d938","FUN_0051d938"
"00233400","FUN_00233400","00112210","FUN_00112210"
"00233470","FUN_00233470","005563e0","FUN_005563e0"
"002335c0","FUN_002335c0","0023e1a0","FUN_0023e1a0"
"002335c0","FUN_002335c0","002936a0","FUN_002936a0"
"00233c70","FUN_00233c70","0018df90","FUN_0018df90"
"00233c70","FUN_00233c70","0018e7e0","FUN_0018e7e0"
"00233c70","FUN_00233c70","0018e7f0","FUN_0018e7f0"
"00233c70","FUN_00233c70","0027b4e0","FUN_0027b4e0"
"00233c70","FUN_00233c70","0027b910","FUN_0027b910"
"00233c70","FUN_00233c70","0048dc30","thunk_FUN_0048dc60"
"00233c70","FUN_00233c70","0048dc40","FUN_0048dc40"
"00233c70","FUN_00233c70","0048dc60","FUN_0048dc60"
"00233da0","FUN_00233da0","001105d0","FUN_001105d0"
"00233da0","FUN_00233da0","00233ee0","FUN_00233ee0"
"00233da0","FUN_00233da0","0023e0e0","FUN_0023e0e0"
"00233da0","FUN_00233da0","002a5970","FUN_002a5970"
"00233da0","FUN_00233da0","002a8b20","FUN_002a8b20"
"00233da0","FUN_00233da0","002b0920","FUN_002b0920"
"00239fe0","FUN_00239fe0","0023adb0","FUN_0023adb0"
"00239fe0","FUN_00239fe0","0023d170","FUN_0023d170"
"00239fe0","FUN_00239fe0","0023e210","FUN_0023e210"
"00239fe0","FUN_00239fe0","0023ed50","FUN_0023ed50"
"00239fe0","FUN_00239fe0","00248e70","FUN_00248e70"
"0023adb0","FUN_0023adb0","002335c0","FUN_002335c0"
"0023adb0","FUN_0023adb0","00233780","FUN_00233780"
"0023adb0","FUN_0023adb0","00245f90","FUN_00245f90"
"0023adb0","FUN_0023adb0","002462d0","FUN_002462d0"
"0023adb0","FUN_0023adb0","00248f00","FUN_00248f00"
"0023adb0","FUN_0023adb0","003c6a10","FUN_003c6a10"
"0023adb0","FUN_0023adb0","005807b0","FUN_005807b0"
"0023adb0","FUN_0023adb0","00580df0","FUN_00580df0"
"0023adb0","FUN_0023adb0","00581020","FUN_00581020"
"0023b2a0","FUN_0023b2a0","0021a920","FUN_0021a920"
"0023b2a0","FUN_0023b2a0","0021f170","FUN_0021f170"
"0023b2a0","FUN_0023b2a0","00220630","FUN_00220630"
"0023b2a0","FUN_0023b2a0","0026ba30","FUN_0026ba30"
"0023b2a0","FUN_0023b2a0","002d6ee0","FUN_002d6ee0"
"0023b2a0","FUN_0023b2a0","00559430","FUN_00559430"
"0023b2a0","FUN_0023b2a0","00580a70","FUN_00580a70"
"0023b3b0","FUN_0023b3b0","00241280","FUN_00241280"
"0023b3b0","FUN_0023b3b0","00248f00","FUN_00248f00"
"0023b3b0","FUN_0023b3b0","00580fc0","FUN_00580fc0"
"0023b3b0","FUN_0023b3b0","00580fd0","FUN_00580fd0"
"0023b3b0","FUN_0023b3b0","005a03f0","FUN_005a03f0"
"0023b3b0","FUN_0023b3b0","005a0430","FUN_005a0430"
"0023b5d0","FUN_0023b5d0","00241280","FUN_00241280"
"0023b5d0","FUN_0023b5d0","00580d50","FUN_00580d50"
"0023b5d0","FUN_0023b5d0","00580d80","FUN_00580d80"
"0023b7c0","FUN_0023b7c0","00233a20","FUN_00233a20"
"0023b8a0","FUN_0023b8a0","00248f00","FUN_00248f00"
"0023b900","FUN_0023b900","00248f00","FUN_00248f00"
"0023b960","FUN_0023b960","00580f80","FUN_00580f80"
"0023b960","FUN_0023b960","00581370","FUN_00581370"
"0023fe50","FUN_0023fe50","00233a20","FUN_00233a20"
"0023fe50","FUN_0023fe50","0023b7c0","FUN_0023b7c0"
"00241140","FUN_00241140","0023e970","FUN_0023e970"
"00241290","FUN_00241290","005122d0","FUN_005122d0"
"00242a90","FUN_00242a90","00233000","FUN_00233000"
"00242a90","FUN_00242a90","00300040","FUN_00300040"
"00242ac0","FUN_00242ac0","00110490","FUN_00110490"
"00242ac0","FUN_00242ac0","00111670","FUN_00111670"
"00242ac0","FUN_00242ac0","00112150","FUN_00112150"
"00242ac0","FUN_00242ac0","00265070","FUN_00265070"
"00242ac0","FUN_00242ac0","00290a50","FUN_00290a50"
"00242ac0","FUN_00242ac0","002a58f0","FUN_002a58f0"
"00242ac0","FUN_00242ac0","002a8d60","FUN_002a8d60"
"00242ac0","FUN_00242ac0","00388e10","FUN_00388e10"
"00242ac0","FUN_00242ac0","0038b1f8","FUN_0038b1f8"
"00242ac0","FUN_00242ac0","0039bc50","FUN_0039bc50"
"00242ac0","FUN_00242ac0","00592650","FUN_00592650"
"00242b70","FUN_00242b70","001a00e0","FUN_001a00e0"
"00242b70","FUN_00242b70","003000d0","FUN_003000d0"
"00242b70","FUN_00242b70","00300dd0","FUN_00300dd0"
"00242ba0","FUN_00242ba0","001f9dd0","FUN_001f9dd0"
"00242ba0","FUN_00242ba0","001fa340","FUN_001fa340"
"00242ba0","FUN_00242ba0","0021c780","FUN_0021c780"
"00242ba0","FUN_00242ba0","00246670","FUN_00246670"
"00242ba0","FUN_00242ba0","003c6a10","FUN_003c6a10"
"00242ba0","FUN_00242ba0","003c6b20","FUN_003c6b20"
"00242ba0","FUN_00242ba0","0058c050","FUN_0058c050"
"00242ba0","FUN_00242ba0","0058c340","FUN_0058c340"
"00242c90","FUN_00242c90","00101670","FUN_00101670"
"00242c90","FUN_00242c90","001016c0","FUN_001016c0"
"00242c90","FUN_00242c90","001130c0","FUN_001130c0"
"00242c90","FUN_00242c90","001338d0","FUN_001338d0"
"00242c90","FUN_00242c90","0018ae90","FUN_0018ae90"
"00242c90","FUN_00242c90","00190d70","FUN_00190d70"
"00242c90","FUN_00242c90","001a8420","FUN_001a8420"
"00242c90","FUN_00242c90","001be7d0","FUN_001be7d0"
"00242c90","FUN_00242c90","001e5340","FUN_001e5340"
"00242c90","FUN_00242c90","001f0000","FUN_001f0000"
"00242c90","FUN_00242c90","001f1e40","FUN_001f1e40"
"00242c90","FUN_00242c90","001f8ad0","FUN_001f8ad0"
"00242c90","FUN_00242c90","001f9dd0","FUN_001f9dd0"
"00242c90","FUN_00242c90","001fa340","FUN_001fa340"
"00242c90","FUN_00242c90","0021c780","FUN_0021c780"
"00242c90","FUN_00242c90","002208b0","FUN_002208b0"
"00242c90","FUN_00242c90","0022ccc0","FUN_0022ccc0"
"00242c90","FUN_00242c90","00248f00","FUN_00248f00"
"00242c90","FUN_00242c90","00260350","FUN_00260350"
"00242c90","FUN_00242c90","00267af0","FUN_00267af0"
"00242c90","FUN_00242c90","0027b450","FUN_0027b450"
"00242c90","FUN_00242c90","0027bab0","FUN_0027bab0"
"00242c90","FUN_00242c90","00294cc0","FUN_00294cc0"
"00242c90","FUN_00242c90","00296990","FUN_00296990"
"00242c90","FUN_00242c90","0029ba90","FUN_0029ba90"
"00242c90","FUN_00242c90","0029f950","FUN_0029f950"
"00242c90","FUN_00242c90","002a02e0","FUN_002a02e0"
"00242c90","FUN_00242c90","002a8dc0","FUN_002a8dc0"
"00242c90","FUN_00242c90","002b4fe0","FUN_002b4fe0"
"00242c90","FUN_00242c90","002bc530","FUN_002bc530"
"00242c90","FUN_00242c90","002c8d10","FUN_002c8d10"
"00242c90","FUN_00242c90","002cc890","FUN_002cc890"
"00242c90","FUN_00242c90","002cff80","FUN_002cff80"
"00242c90","FUN_00242c90","002d12c0","FUN_002d12c0"
"00242c90","FUN_00242c90","002d1300","FUN_002d1300"
"00242c90","FUN_00242c90","002d28d0","FUN_002d28d0"
"00242c90","FUN_00242c90","002e0da0","FUN_002e0da0"
"00242c90","FUN_00242c90","002e2c50","FUN_002e2c50"
"00242c90","FUN_00242c90","002f2e00","FUN_002f2e00"
"00242c90","FUN_00242c90","002fd720","FUN_002fd720"
"00242c90","FUN_00242c90","003002d0","FUN_003002d0"
"00242c90","FUN_00242c90","00303190","FUN_00303190"
"00242c90","FUN_00242c90","0031f4d0","FUN_0031f4d0"
"00242c90","FUN_00242c90","003aaeb0","FUN_003aaeb0"
"00242c90","FUN_00242c90","003b7dd0","FUN_003b7dd0"
"00242c90","FUN_00242c90","003c6a10","FUN_003c6a10"
"00242c90","FUN_00242c90","0047dd40","FUN_0047dd40"
"00242c90","FUN_00242c90","0050bc70","FUN_0050bc70"
"00242c90","FUN_00242c90","005115e0","FUN_005115e0"
"00242c90","FUN_00242c90","00513190","FUN_00513190"
"00242c90","FUN_00242c90","0051dec0","FUN_0051dec0"
"00242c90","FUN_00242c90","0052bfa0","FUN_0052bfa0"
"00242c90","FUN_00242c90","00580d20","FUN_00580d20"
"00242f40","FUN_00242f40","0019fd30","FUN_0019fd30"
"00242f40","FUN_00242f40","001f0160","FUN_001f0160"
"00242f40","FUN_00242f40","00233960","FUN_00233960"
"00242f40","FUN_00242f40","00244540","FUN_00244540"
"00242f40","FUN_00242f40","00260350","FUN_00260350"
"00242f40","FUN_00242f40","0026d700","FUN_0026d700"
"00242f40","FUN_00242f40","0027b4d0","FUN_0027b4d0"
"00242f40","FUN_00242f40","0027de10","FUN_0027de10"
"00242f40","FUN_00242f40","00293640","FUN_00293640"
"00242f40","FUN_00242f40","0029bba0","FUN_0029bba0"
"00242f40","FUN_00242f40","002a2460","FUN_002a2460"
"00242f40","FUN_00242f40","002bfc90","FUN_002bfc90"
"00242f40","FUN_00242f40","002e0dd0","thunk_FUN_002e19e0"
"00242f40","FUN_00242f40","002f2fa0","FUN_002f2fa0"
"00242f40","FUN_00242f40","00317000","FUN_00317000"
"00242f40","FUN_00242f40","00317070","FUN_00317070"
"00242f40","FUN_00242f40","003aafc0","FUN_003aafc0"
"00242f40","FUN_00242f40","003aef80","FUN_003aef80"
"00242f40","FUN_00242f40","003b7e30","FUN_003b7e30"
"00242f40","FUN_00242f40","00484e10","FUN_00484e10"
"00242f40","FUN_00242f40","004a2d10","FUN_004a2d10"
"00242f40","FUN_00242f40","004aa000","FUN_004aa000"
"00242f40","FUN_00242f40","004bb0a0","FUN_004bb0a0"
"00242f40","FUN_00242f40","004c1570","FUN_004c1570"
"00242f40","FUN_00242f40","004d68d0","FUN_004d68d0"
"00242f40","FUN_00242f40","004d7d10","FUN_004d7d10"
"00242f40","FUN_00242f40","004f16d0","FUN_004f16d0"
"00242f40","FUN_00242f40","004f9980","FUN_004f9980"
"00242f40","FUN_00242f40","004fa5a0","FUN_004fa5a0"
"00242f40","FUN_00242f40","0050dc90","FUN_0050dc90"
"00242f40","FUN_00242f40","00511650","FUN_00511650"
"00243380","FUN_00243380","002449b0","FUN_002449b0"
"00243380","FUN_00243380","002479d0","FUN_002479d0"
"00243380","FUN_00243380","0027b8d0","FUN_0027b8d0"
"00243380","FUN_00243380","0027b8e0","FUN_0027b8e0"
"00243380","FUN_00243380","00595440","FUN_00595440"
"00243f80","FUN_00243f80","00243db0","FUN_00243db0"
"00244f20","FUN_00244f20","00244f50","FUN_00244f50"
"00245720","FUN_00245720","002409c0","FUN_002409c0"
"00245720","FUN_00245720","00245830","FUN_00245830"
"00245720","FUN_00245720","00245930","FUN_00245930"
"00245720","FUN_00245720","002459f0","FUN_002459f0"
"00245720","FUN_00245720","002466a0","FUN_002466a0"
"00245720","FUN_00245720","0039b3d0","FUN_0039b3d0"
"00245720","FUN_00245720","003c6a10","FUN_003c6a10"
"00245720","FUN_00245720","0053c898","FUN_0053c898"
"00245720","FUN_00245720","00556710","FUN_00556710"
"00245720","FUN_00245720","005924b0","FUN_005924b0"
"00245830","FUN_00245830","00100250","FUN_00100250"
"00245830","FUN_00245830","002333a0","FUN_002333a0"
"00245830","FUN_00245830","002333d0","FUN_002333d0"
"00245830","FUN_00245830","00245a30","FUN_00245a30"
"00245830","FUN_00245830","00245ad0","FUN_00245ad0"
"00245830","FUN_00245830","00245df0","FUN_00245df0"
"00245830","FUN_00245830","00245f30","FUN_00245f30"
"00245830","FUN_00245830","00247470","FUN_00247470"
"00245830","FUN_00245830","00248f00","FUN_00248f00"
"00245830","FUN_00245830","0048dc20","FUN_0048dc20"
"00245830","FUN_00245830","00543ad0","FUN_00543ad0"
"00245830","FUN_00245830","00584c00","FUN_00584c00"
"00245930","FUN_00245930","00359ca0","FUN_00359ca0"
"00245930","FUN_00245930","0035abb8","FUN_0035abb8"
"00245930","FUN_00245930","003c6a10","FUN_003c6a10"
"00245930","FUN_00245930","003c6b20","FUN_003c6b20"
"002459f0","FUN_002459f0","003c6a10","FUN_003c6a10"
"00245a30","FUN_00245a30","002333a0","FUN_002333a0"
"00245a30","FUN_00245a30","0053ede0","FUN_0053ede0"
"00245a30","FUN_00245a30","00540940","FUN_00540940"
"00245a30","FUN_00245a30","005441b0","FUN_005441b0"
"00245a30","FUN_00245a30","00544f00","FUN_00544f00"
"00245a30","FUN_00245a30","00544f50","FUN_00544f50"
"00245a30","FUN_00245a30","00550f90","FUN_00550f90"
"00245ad0","FUN_00245ad0","00551720","FUN_00551720"
"00245df0","FUN_00245df0","00551720","FUN_00551720"
"00245f30","FUN_00245f30","0053b620","FUN_0053b620"
"00245f30","FUN_00245f30","0053c960","FUN_0053c960"
"002460e0","FUN_002460e0","0021a920","FUN_0021a920"
"002460e0","FUN_002460e0","0021f170","FUN_0021f170"
"002460e0","FUN_002460e0","0021f2e0","FUN_0021f2e0"
"002460e0","FUN_002460e0","00220630","FUN_00220630"
"002460e0","FUN_002460e0","002b2120","FUN_002b2120"
"002462d0","FUN_002462d0","001104a0","FUN_001104a0"
"002462d0","FUN_002462d0","0022d510","FUN_0022d510"
"002462d0","FUN_002462d0","0033d900","FUN_0033d900"
"002462d0","FUN_002462d0","0039b3b0","thunk_FUN_0039b320"
"00246310","FUN_00246310","0010e9f0","FUN_0010e9f0"
"00246310","FUN_00246310","00111ec0","FUN_00111ec0"
"00246310","FUN_00246310","002908b0","FUN_002908b0"
"00246310","FUN_00246310","00300d80","FUN_00300d80"
"00246310","FUN_00246310","00374610","FUN_00374610"
"00246310","FUN_00246310","00389420","FUN_00389420"
"00246310","FUN_00246310","00399a98","FUN_00399a98"
"00246310","FUN_00246310","0039e600","FUN_0039e600"
"00246310","FUN_00246310","003c0908","FUN_003c0908"
"00246310","FUN_00246310","003c16e8","FUN_003c16e8"
"00246310","FUN_00246310","003c17c8","FUN_003c17c8"
"00246310","FUN_00246310","003c8c80","FUN_003c8c80"
"00246310","FUN_00246310","0048d268","FUN_0048d268"
"00246310","FUN_00246310","004a0800","FUN_004a0800"
"00246310","FUN_00246310","004a3be0","FUN_004a3be0"
"00246310","FUN_00246310","004bfc90","FUN_004bfc90"
"00246310","FUN_00246310","004d63f0","FUN_004d63f0"
"00246310","FUN_00246310","004ff120","FUN_004ff120"
"00246670","FUN_00246670","00592e00","FUN_00592e00"
"00246f10","FUN_00246f10","0013f780","FUN_0013f780"
"00246f10","FUN_00246f10","001f1a70","FUN_001f1a70"
"00246f10","FUN_00246f10","0026ff60","FUN_0026ff60"
"00246f10","FUN_00246f10","002928b0","FUN_002928b0"
"00246f10","FUN_00246f10","002970d0","FUN_002970d0"
"00246f10","FUN_00246f10","002a4390","FUN_002a4390"
"00246f10","FUN_00246f10","002d00f0","FUN_002d00f0"
"00246f10","FUN_00246f10","002e0e20","FUN_002e0e20"
"00246f10","FUN_00246f10","002f3020","FUN_002f3020"
"00246f10","FUN_00246f10","002fdcf0","FUN_002fdcf0"
"00246f10","FUN_00246f10","002ff430","FUN_002ff430"
"00246f10","FUN_00246f10","002ff4e0","FUN_002ff4e0"
"00246f10","FUN_00246f10","00303490","FUN_00303490"
"00246f10","FUN_00246f10","0031f990","FUN_0031f990"
"00246f10","FUN_00246f10","003aaf60","FUN_003aaf60"
"00246f10","FUN_00246f10","00484e00","FUN_00484e00"
"00246f10","FUN_00246f10","0049a620","FUN_0049a620"
"00246f10","FUN_00246f10","004ba370","FUN_004ba370"
"00246f10","FUN_00246f10","00513b90","FUN_00513b90"
"002472d0","FUN_002472d0","00233da0","FUN_00233da0"
"00247300","FUN_00247300","0018b460","FUN_0018b460"
"00247300","FUN_00247300","002a86b0","thunk_FUN_002a6010"
"00247300","FUN_00247300","002b02c0","FUN_002b02c0"
"00247350","FUN_00247350","00111f50","FUN_00111f50"
"00247350","FUN_00247350","00242a90","FUN_00242a90"
"00247350","FUN_00247350","00242ac0","FUN_00242ac0"
"00247350","FUN_00247350","00242b70","FUN_00242b70"
"00247350","FUN_00247350","00246310","FUN_00246310"
"00247350","FUN_00247350","0039b560","FUN_0039b560"
"00247350","FUN_00247350","0039b750","FUN_0039b750"
"00247350","FUN_00247350","0053b2e0","FUN_0053b2e0"
"00247640","FUN_00247640","002477a0","FUN_002477a0"
"002479d0","FUN_002479d0","00248f00","FUN_00248f00"
"00248df0","FUN_00248df0","00248f00","FUN_00248f00"
"00248e70","FUN_00248e70","00248f00","FUN_00248f00"
"00248eb0","FUN_00248eb0","00532d60","FUN_00532d60"
"0024b2c0","FUN_0024b2c0","00214090","FUN_00214090"
"0024b650","FUN_0024b650","001018e0","FUN_001018e0"
"0024b6a0","FUN_0024b6a0","00247640","FUN_00247640"
"0024ba90","FUN_0024ba90","001018e0","FUN_001018e0"
"0024ba90","FUN_0024ba90","0022dac0","FUN_0022dac0"
"0024ba90","FUN_0024ba90","00232e50","FUN_00232e50"
"0024bb10","FUN_0024bb10","0022f3b0","FUN_0022f3b0"
"0024be40","FUN_0024be40","00231e10","FUN_00231e10"
"0024be40","FUN_0024be40","00232e40","FUN_00232e40"
"0024be40","FUN_0024be40","00267740","FUN_00267740"
"0024c360","FUN_0024c360","00267730","FUN_00267730"
"0024c3e0","FUN_0024c3e0","00267740","FUN_00267740"
"0024c6e0","FUN_0024c6e0","00110060","FUN_00110060"
"0024c6e0","FUN_0024c6e0","001100d0","FUN_001100d0"
"0024c850","FUN_0024c850","00110060","FUN_00110060"
"0024c850","FUN_0024c850","001100d0","FUN_001100d0"
"0024caa0","FUN_0024caa0","00110060","FUN_00110060"
"0024caa0","FUN_0024caa0","001100d0","FUN_001100d0"
"0024dac0","FUN_0024dac0","00257a90","FUN_00257a90"
"0024dac0","FUN_0024dac0","0053b3e8","FUN_0053b3e8"
"0024df50","FUN_0024df50","00110060","FUN_00110060"
"0024df50","FUN_0024df50","001100d0","FUN_001100d0"
"0024e1a0","FUN_0024e1a0","001100d0","FUN_001100d0"
"0024e1a0","FUN_0024e1a0","0024c850","FUN_0024c850"
"0024e1a0","FUN_0024e1a0","0024dac0","FUN_0024dac0"
"0024e1a0","FUN_0024e1a0","0024ddc0","FUN_0024ddc0"
"0024e1a0","FUN_0024e1a0","002ebbe0","FUN_002ebbe0"
"0024e3b0","FUN_0024e3b0","002ebbe0","FUN_002ebbe0"
"0024f4b0","FUN_0024f4b0","0025cb10","FUN_0025cb10"
"0024f4b0","FUN_0024f4b0","00284370","FUN_00284370"
"0025d920","FUN_0025d920","002eb970","FUN_002eb970"
"0025f620","FUN_0025f620","0027b390","FUN_0027b390"
"0025f620","FUN_0025f620","0027b3b0","FUN_0027b3b0"
"0025f620","FUN_0025f620","0027b3d0","FUN_0027b3d0"
"0025f9a0","FUN_0025f9a0","0010eba0","FUN_0010eba0"
"0025fb50","FUN_0025fb50","0010efc0","FUN_0010efc0"
"0025fb50","FUN_0025fb50","0010f010","FUN_0010f010"
"0025fbd0","FUN_0025fbd0","001018e0","FUN_001018e0"
"0025fbd0","FUN_0025fbd0","00260240","FUN_00260240"
"0025fc50","FUN_0025fc50","0010edf0","FUN_0010edf0"
"0025feb0","FUN_0025feb0","00101a00","FUN_00101a00"
"0025feb0","FUN_0025feb0","00556510","FUN_00556510"
"0025ffc0","FUN_0025ffc0","00260240","FUN_00260240"
"00260120","FUN_00260120","00260240","FUN_00260240"
"00260240","FUN_00260240","0053b3b8","FUN_0053b3b8"
"00260310","FUN_00260310","0012be60","FUN_0012be60"
"00260310","FUN_00260310","00265be0","FUN_00265be0"
"00260350","FUN_00260350","002651a0","FUN_002651a0"
"002604c0","FUN_002604c0","002eb970","FUN_002eb970"
"002604c0","FUN_002604c0","002ebbe0","FUN_002ebbe0"
"00264470","FUN_00264470","004bc250","FUN_004bc250"
"00264620","FUN_00264620","0053b3b8","FUN_0053b3b8"
"00264800","FUN_00264800","0018bcd0","FUN_0018bcd0"
"00264800","FUN_00264800","0018ed90","FUN_0018ed90"
"00264800","FUN_00264800","002d1830","FUN_002d1830"
"00264800","FUN_00264800","002d2aa0","FUN_002d2aa0"
"00264870","FUN_00264870","002d1830","FUN_002d1830"
"00264870","FUN_00264870","002d2aa0","FUN_002d2aa0"
"002648c0","FUN_002648c0","00248f00","FUN_00248f00"
"00264fd0","FUN_00264fd0","003008b0","FUN_003008b0"
"00265340","FUN_00265340","00199050","FUN_00199050"
"00265be0","FUN_00265be0","00265d00","FUN_00265d00"
"00265d00","FUN_00265d00","002d8cb0","FUN_002d8cb0"
"00265ee0","FUN_00265ee0","00101700","FUN_00101700"
"00265ee0","FUN_00265ee0","0027b980","FUN_0027b980"
"00265ee0","FUN_00265ee0","004c0380","FUN_004c0380"
"00265ee0","FUN_00265ee0","004c03b0","FUN_004c03b0"
"00265fa0","FUN_00265fa0","00101700","FUN_00101700"
"00265fa0","FUN_00265fa0","002661d0","thunk_FUN_001016c0"
"00265fa0","FUN_00265fa0","002661e0","thunk_FUN_00101670"
"00265fa0","FUN_00265fa0","002665d0","FUN_002665d0"
"00265fa0","FUN_00265fa0","002666e0","FUN_002666e0"
"00265fa0","FUN_00265fa0","002667f0","FUN_002667f0"
"00265fa0","FUN_00265fa0","00266900","FUN_00266900"
"00265fa0","FUN_00265fa0","00266a10","FUN_00266a10"
"00265fa0","FUN_00265fa0","00266b30","FUN_00266b30"
"00265fa0","FUN_00265fa0","00266c40","FUN_00266c40"
"00265fa0","FUN_00265fa0","00266d50","FUN_00266d50"
"00265fa0","FUN_00265fa0","00266e60","FUN_00266e60"
"00265fa0","FUN_00265fa0","00267000","FUN_00267000"
"00265fa0","FUN_00265fa0","002671a0","FUN_002671a0"
"00265fa0","FUN_00265fa0","002672b0","FUN_002672b0"
"00265fa0","FUN_00265fa0","002673d0","FUN_002673d0"
"00265fa0","FUN_00265fa0","002674f0","FUN_002674f0"
"00265fa0","FUN_00265fa0","00267600","FUN_00267600"
"00266310","FUN_00266310","00266350","FUN_00266350"
"00266310","FUN_00266310","00266360","FUN_00266360"
"00266410","FUN_00266410","00132bc0","FUN_00132bc0"
"00266410","FUN_00266410","001b0b40","FUN_001b0b40"
"00266410","FUN_00266410","001b0f40","FUN_001b0f40"
"00266410","FUN_00266410","00266370","FUN_00266370"
"00266410","FUN_00266410","00266380","FUN_00266380"
"00266410","FUN_00266410","002663d0","FUN_002663d0"
"00266410","FUN_00266410","00266400","FUN_00266400"
"00266410","FUN_00266410","00266540","FUN_00266540"
"00266410","FUN_00266410","0027dff0","FUN_0027dff0"
"00266410","FUN_00266410","0054e430","FUN_0054e430"
"00267740","FUN_00267740","002679d0","FUN_002679d0"
"00267750","FUN_00267750","002678d0","FUN_002678d0"
"002677f0","FUN_002677f0","002679d0","FUN_002679d0"
"00267af0","FUN_00267af0","0026b810","FUN_0026b810"
"00267af0","FUN_00267af0","00300ef0","FUN_00300ef0"
"00267af0","FUN_00267af0","00550f90","FUN_00550f90"
"00267ba0","FUN_00267ba0","002b0830","FUN_002b0830"
"00267ba0","FUN_00267ba0","00300ef0","FUN_00300ef0"
"00267ba0","FUN_00267ba0","003014f0","FUN_003014f0"
"00267ba0","FUN_00267ba0","00301540","FUN_00301540"
"00267ba0","FUN_00267ba0","00301560","FUN_00301560"
"00267ca0","FUN_00267ca0","00263080","FUN_00263080"
"00267ca0","FUN_00267ca0","00263e00","FUN_00263e00"
"00267ca0","FUN_00267ca0","00263e70","FUN_00263e70"
"00267ca0","FUN_00267ca0","002640d0","FUN_002640d0"
"00267ca0","FUN_00267ca0","00264470","FUN_00264470"
"00267ca0","FUN_00267ca0","0026afb0","FUN_0026afb0"
"00267ca0","FUN_00267ca0","0026f120","FUN_0026f120"
"00267ca0","FUN_00267ca0","002a1d00","FUN_002a1d00"
"00268040","FUN_00268040","0026afb0","FUN_0026afb0"
"00268040","FUN_00268040","002a5450","FUN_002a5450"
"00269a50","FUN_00269a50","0026cdd0","FUN_0026cdd0"
"00269a50","FUN_00269a50","002a5450","FUN_002a5450"
"0026a600","FUN_0026a600","00264470","FUN_00264470"
"0026a600","FUN_0026a600","00268040","FUN_00268040"
"0026a600","FUN_0026a600","0026ac30","FUN_0026ac30"
"0026a600","FUN_0026a600","0026af50","FUN_0026af50"
"0026b4c0","FUN_0026b4c0","0026b220","FUN_0026b220"
"0026ba30","FUN_0026ba30","0026b810","FUN_0026b810"
"0026bb60","FUN_0026bb60","00293810","FUN_00293810"
"0026bc10","FUN_0026bc10","002640d0","FUN_002640d0"
"0026d490","FUN_0026d490","00264620","FUN_00264620"
"0026d490","FUN_0026d490","0053aec8","FUN_0053aec8"
"0026d5e0","FUN_0026d5e0","002c14b0","FUN_002c14b0"
"0026d680","FUN_0026d680","002c18d0","FUN_002c18d0"
"0026d700","FUN_0026d700","002c18d0","FUN_002c18d0"
"0026e3e0","FUN_0026e3e0","00110800","FUN_00110800"
"0026e3e0","FUN_0026e3e0","002a5450","FUN_002a5450"
"0026e3e0","FUN_0026e3e0","002b1600","FUN_002b1600"
"0026f070","FUN_0026f070","0026d7a0","FUN_0026d7a0"
"0026f070","FUN_0026f070","0053adb0","FUN_0053adb0"
"0026f070","FUN_0026f070","0053afc8","FUN_0053afc8"
"0026f520","FUN_0026f520","0021c4b0","FUN_0021c4b0"
"0026f520","FUN_0026f520","002640d0","FUN_002640d0"
"0026f520","FUN_0026f520","002f9d50","FUN_002f9d50"
"0026f520","FUN_0026f520","00306d30","FUN_00306d30"
"0026f520","FUN_0026f520","003b15d0","FUN_003b15d0"
"0026f520","FUN_0026f520","0053c118","FUN_0053c118"
"0026f810","FUN_0026f810","0011c780","FUN_0011c780"
"0026f810","FUN_0026f810","002ff570","FUN_002ff570"
"0026f9e0","FUN_0026f9e0","00111a40","FUN_00111a40"
"0026fad0","FUN_0026fad0","00111a40","FUN_00111a40"
"0026fb50","FUN_0026fb50","00111a40","FUN_00111a40"
"0026ff60","FUN_0026ff60","00270080","FUN_00270080"
"00270010","FUN_00270010","00519cd0","FUN_00519cd0"
"00270010","FUN_00270010","00519d00","FUN_00519d00"
"00270010","FUN_00270010","00519d20","FUN_00519d20"
"00270080","FUN_00270080","00154700","FUN_00154700"
"00270080","FUN_00270080","00154750","FUN_00154750"
"00270080","FUN_00270080","00179040","FUN_00179040"
"00270080","FUN_00270080","00290c00","FUN_00290c00"
"00270080","FUN_00270080","00292120","FUN_00292120"
"00270080","FUN_00270080","00292320","FUN_00292320"
"00270080","FUN_00270080","005162f0","FUN_005162f0"
"00270080","FUN_00270080","00516ae0","FUN_00516ae0"
"00270080","FUN_00270080","00519cd0","FUN_00519cd0"
"00270080","FUN_00270080","00519d00","FUN_00519d00"
"00270080","FUN_00270080","00519d20","FUN_00519d20"
"002702b0","FUN_002702b0","00111a50","FUN_00111a50"
"002702b0","FUN_002702b0","00111a90","FUN_00111a90"
"002702b0","FUN_002702b0","002a3e10","FUN_002a3e10"
"002702b0","FUN_002702b0","003aae20","FUN_003aae20"
"00270330","FUN_00270330","00111a40","FUN_00111a40"
"00270330","FUN_00270330","00111a60","FUN_00111a60"
"00270330","FUN_00270330","003aae20","FUN_003aae20"
"00270370","FUN_00270370","00111760","FUN_00111760"
"00270370","FUN_00270370","00111a50","FUN_00111a50"
"00270370","FUN_00270370","00270470","FUN_00270470"
"00270370","FUN_00270370","003aae20","FUN_003aae20"
"00270410","FUN_00270410","00111a40","FUN_00111a40"
"00270410","FUN_00270410","00111a60","FUN_00111a60"
"00270410","FUN_00270410","002705a0","FUN_002705a0"
"00270410","FUN_00270410","003aae20","FUN_003aae20"
"00270470","FUN_00270470","00111760","FUN_00111760"
"00270470","FUN_00270470","0025f620","FUN_0025f620"
"00270470","FUN_00270470","002a3e10","FUN_002a3e10"
"002705a0","FUN_002705a0","002a4380","FUN_002a4380"
"002705e0","FUN_002705e0","00111760","FUN_00111760"
"002705e0","FUN_002705e0","00111a50","FUN_00111a50"
"002705e0","FUN_002705e0","0025f620","FUN_0025f620"
"002705e0","FUN_002705e0","002a3e10","FUN_002a3e10"
"002705e0","FUN_002705e0","003aae20","FUN_003aae20"
"00270720","FUN_00270720","00111a40","FUN_00111a40"
"00270720","FUN_00270720","00111a60","FUN_00111a60"
"00270720","FUN_00270720","002a4380","FUN_002a4380"
"00270720","FUN_00270720","003aae20","FUN_003aae20"
"00270770","FUN_00270770","00111760","FUN_00111760"
"00270770","FUN_00270770","00111a50","FUN_00111a50"
"00270770","FUN_00270770","0025f620","FUN_0025f620"
"00270770","FUN_00270770","002a3e10","FUN_002a3e10"
"00270770","FUN_00270770","003aae20","FUN_003aae20"
"002708b0","FUN_002708b0","00111a40","FUN_00111a40"
"002708b0","FUN_002708b0","00111a60","FUN_00111a60"
"002708b0","FUN_002708b0","002a4380","FUN_002a4380"
"002708b0","FUN_002708b0","003aae20","FUN_003aae20"
"00270900","FUN_00270900","00111760","FUN_00111760"
"00270900","FUN_00270900","00111a50","FUN_00111a50"
"00270900","FUN_00270900","0025f620","FUN_0025f620"
"00270900","FUN_00270900","002a3e10","FUN_002a3e10"
"00270900","FUN_00270900","003aae20","FUN_003aae20"
"00270a40","FUN_00270a40","00111a40","FUN_00111a40"
"00270a40","FUN_00270a40","00111a60","FUN_00111a60"
"00270a40","FUN_00270a40","002a4380","FUN_002a4380"
"00270a40","FUN_00270a40","003aae20","FUN_003aae20"
"00270a90","FUN_00270a90","00284370","FUN_00284370"
"00270a90","FUN_00270a90","00292130","FUN_00292130"
"002711c0","FUN_002711c0","00292200","FUN_00292200"
"00272dc0","FUN_00272dc0","00272ec0","FUN_00272ec0"
"00272f80","FUN_00272f80","002730a0","FUN_002730a0"
"00272f80","FUN_00272f80","00334ef0","FUN_00334ef0"
"00272f80","FUN_00272f80","00335448","FUN_00335448"
"002738e0","FUN_002738e0","00284370","FUN_00284370"
"00273da0","FUN_00273da0","002711c0","FUN_002711c0"
"00273da0","FUN_00273da0","002c14b0","FUN_002c14b0"
"00274060","FUN_00274060","002740a0","FUN_002740a0"
"00274060","FUN_00274060","00274260","FUN_00274260"
"00274060","FUN_00274060","00274b20","FUN_00274b20"
"00274260","FUN_00274260","00233210","FUN_00233210"
"00274260","FUN_00274260","00233370","FUN_00233370"
"00274260","FUN_00274260","00274d20","FUN_00274d20"
"00274260","FUN_00274260","003c7120","FUN_003c7120"
"00274260","FUN_00274260","00551028","FUN_00551028"
"00274260","FUN_00274260","005515d8","FUN_005515d8"
"00274d20","FUN_00274d20","005515d8","FUN_005515d8"
"00278210","FUN_00278210","00278270","FUN_00278270"
"0027ad50","FUN_0027ad50","00278270","FUN_00278270"
"0027b230","FUN_0027b230","00519d20","FUN_00519d20"
"0027b440","thunk_FUN_00546a88","00546a88","FUN_00546a88"
"0027b450","FUN_0027b450","0027b440","thunk_FUN_00546a88"
"0027b4e0","FUN_0027b4e0","0039bc60","FUN_0039bc60"
"0027b8e0","FUN_0027b8e0","00546a88","FUN_00546a88"
"0027b980","FUN_0027b980","0027c940","FUN_0027c940"
"0027bad0","FUN_0027bad0","0027b980","FUN_0027b980"
"0027bad0","FUN_0027bad0","0027c6a0","FUN_0027c6a0"
"0027bf30","FUN_0027bf30","002d2aa0","FUN_002d2aa0"
"0027c1e0","FUN_0027c1e0","0027c980","FUN_0027c980"
"0027c280","FUN_0027c280","0027bf30","FUN_0027bf30"
"0027c280","FUN_0027c280","0027c940","FUN_0027c940"
"0027c370","FUN_0027c370","0027bf30","FUN_0027bf30"
"0027c370","FUN_0027c370","0027c280","FUN_0027c280"
"0027c370","FUN_0027c370","0027c4a0","FUN_0027c4a0"
"0027c3d0","FUN_0027c3d0","0027c280","FUN_0027c280"
"0027c430","FUN_0027c430","002d2aa0","FUN_002d2aa0"
"0027d070","FUN_0027d070","0027d140","FUN_0027d140"
"0027dc50","FUN_0027dc50","0027d650","FUN_0027d650"
"0027dcf0","FUN_0027dcf0","00264110","FUN_00264110"
"0027df30","FUN_0027df30","0010ed80","FUN_0010ed80"
"0027df30","FUN_0027df30","0022f470","FUN_0022f470"
"0027df30","FUN_0027df30","0024c360","FUN_0024c360"
"0027df30","FUN_0027df30","0025fab0","FUN_0025fab0"
"0027dff0","FUN_0027dff0","0024c3e0","FUN_0024c3e0"
"00284310","FUN_00284310","004826d0","FUN_004826d0"
"00286a50","FUN_00286a50","0011ee10","FUN_0011ee10"
"00286a50","FUN_00286a50","002823d0","FUN_002823d0"
"00286a50","FUN_00286a50","00284370","FUN_00284370"
"00286a50","FUN_00286a50","0053afc8","FUN_0053afc8"
"00287ab0","FUN_00287ab0","00288610","FUN_00288610"
"00287ab0","FUN_00287ab0","0029d0e0","FUN_0029d0e0"
"00287ab0","FUN_00287ab0","0029f590","FUN_0029f590"
"00288ce0","FUN_00288ce0","001ac590","FUN_001ac590"
"00288ce0","FUN_00288ce0","0024c3e0","FUN_0024c3e0"
"00288ce0","FUN_00288ce0","002640d0","FUN_002640d0"
"0028a1f0","FUN_0028a1f0","002eb640","FUN_002eb640"
"0028a800","FUN_0028a800","001018e0","FUN_001018e0"
"0028a800","FUN_0028a800","00267750","FUN_00267750"
"0028a870","FUN_0028a870","001018e0","FUN_001018e0"
"0028a870","FUN_0028a870","00556370","FUN_00556370"
"0028a8d0","FUN_0028a8d0","001018e0","FUN_001018e0"
"0028a8d0","FUN_0028a8d0","002677f0","FUN_002677f0"
"0028a930","FUN_0028a930","005563e0","FUN_005563e0"
"0028a980","FUN_0028a980","001018e0","FUN_001018e0"
"0028a980","FUN_0028a980","00267750","FUN_00267750"
"0028a980","FUN_0028a980","002677f0","FUN_002677f0"
"0028aa00","FUN_0028aa00","001018e0","FUN_001018e0"
"0028aa00","FUN_0028aa00","0012bec0","FUN_0012bec0"
"0028aa00","FUN_0028aa00","00265c60","FUN_00265c60"
"0028aa70","FUN_0028aa70","00290340","FUN_00290340"
"0028aab0","FUN_0028aab0","0010a040","FUN_0010a040"
"0028aab0","FUN_0028aab0","00110740","FUN_00110740"
"0028aab0","FUN_0028aab0","00290460","FUN_00290460"
"0028aab0","FUN_0028aab0","00290570","FUN_00290570"
"0028aab0","FUN_0028aab0","00377c20","FUN_00377c20"
"0028ab90","FUN_0028ab90","00110d10","FUN_00110d10"
"0028ab90","FUN_0028ab90","00374718","FUN_00374718"
"0028abe0","FUN_0028abe0","003aae30","FUN_003aae30"
"0028abe0","FUN_0028abe0","003c8cb0","FUN_003c8cb0"
"0028abe0","FUN_0028abe0","003c8f30","FUN_003c8f30"
"0028abe0","FUN_0028abe0","004bfe80","FUN_004bfe80"
"0028abe0","FUN_0028abe0","004bff80","FUN_004bff80"
"0028abe0","FUN_0028abe0","0050e8e0","FUN_0050e8e0"
"0028abe0","FUN_0028abe0","0050e9d0","FUN_0050e9d0"
"0028ac70","FUN_0028ac70","0010a020","FUN_0010a020"
"0028ac70","FUN_0028ac70","00110740","FUN_00110740"
"0028ac70","FUN_0028ac70","00290450","FUN_00290450"
"0028ac70","FUN_0028ac70","00292030","FUN_00292030"
"0028ac70","FUN_0028ac70","00379158","FUN_00379158"
"0028b060","FUN_0028b060","00101a00","FUN_00101a00"
"0028b060","FUN_0028b060","00551240","FUN_00551240"
"0028b060","FUN_0028b060","00551720","FUN_00551720"
"0028b060","FUN_0028b060","00551838","FUN_00551838"
"0028b0d0","FUN_0028b0d0","001079d0","FUN_001079d0"
"0028b130","FUN_0028b130","00291de0","FUN_00291de0"
"0028b160","FUN_0028b160","00111f30","FUN_00111f30"
"0028b160","FUN_0028b160","0033f5b8","FUN_0033f5b8"
"0028b160","FUN_0028b160","00551240","FUN_00551240"
"0028b1e0","FUN_0028b1e0","00111f30","FUN_00111f30"
"0028b1e0","FUN_0028b1e0","00291ee0","FUN_00291ee0"
"0028b1e0","FUN_0028b1e0","0033f5b8","FUN_0033f5b8"
"0028b1e0","FUN_0028b1e0","00551240","FUN_00551240"
"0028b300","FUN_0028b300","00291ee0","FUN_00291ee0"
"0028b300","FUN_0028b300","0033f5b8","FUN_0033f5b8"
"0028b360","FUN_0028b360","0033f5b8","FUN_0033f5b8"
"0028b3a0","FUN_0028b3a0","0033f5b8","FUN_0033f5b8"
"0028b3e0","FUN_0028b3e0","0033f5b8","FUN_0033f5b8"
"0028b4a0","FUN_0028b4a0","001018e0","FUN_001018e0"
"0028b520","FUN_0028b520","0028ba50","FUN_0028ba50"
"0028b520","FUN_0028b520","002903e0","FUN_002903e0"
"0028b520","FUN_0028b520","002904b0","FUN_002904b0"
"0028b770","FUN_0028b770","004d6230","FUN_004d6230"
"0028b8d0","FUN_0028b8d0","0028b770","FUN_0028b770"
"0028b910","FUN_0028b910","004d6230","FUN_004d6230"
"0028bd60","FUN_0028bd60","0028aa70","FUN_0028aa70"
"0028c060","FUN_0028c060","001018e0","FUN_001018e0"
"0028c060","FUN_0028c060","0012bec0","FUN_0012bec0"
"0028c0f0","FUN_0028c0f0","00290320","FUN_00290320"
"0028c140","FUN_0028c140","001018e0","FUN_001018e0"
"0028c190","FUN_0028c190","001018e0","FUN_001018e0"
"0028c200","FUN_0028c200","00290320","FUN_00290320"
"0028c240","FUN_0028c240","001018e0","FUN_001018e0"
"0028c2b0","FUN_0028c2b0","00290320","FUN_00290320"
"0028c2f0","FUN_0028c2f0","001018e0","FUN_001018e0"
"0028c370","FUN_0028c370","00290320","FUN_00290320"
"0028c3d0","FUN_0028c3d0","001018e0","FUN_001018e0"
"0028c440","FUN_0028c440","00290320","FUN_00290320"
"0028c490","FUN_0028c490","001018e0","FUN_001018e0"
"0028c500","FUN_0028c500","00290320","FUN_00290320"
"0028c550","FUN_0028c550","001018e0","FUN_001018e0"
"0028c5c0","FUN_0028c5c0","00290320","FUN_00290320"
"0028c600","FUN_0028c600","001018e0","FUN_001018e0"
"0028c660","FUN_0028c660","00290320","FUN_00290320"
"0028c740","FUN_0028c740","0028ac70","FUN_0028ac70"
"0028c740","FUN_0028c740","0028b400","FUN_0028b400"
"0028c740","FUN_0028c740","0028c800","FUN_0028c800"
"0028c740","FUN_0028c740","00379158","FUN_00379158"
"0028c7c0","FUN_0028c7c0","0012bec0","FUN_0012bec0"
"0028c7c0","FUN_0028c7c0","0028aab0","FUN_0028aab0"
"0028d010","FUN_0028d010","005563e0","FUN_005563e0"
"0028d100","FUN_0028d100","001018e0","FUN_001018e0"
"0028d200","FUN_0028d200","003466a8","FUN_003466a8"
"0028d200","FUN_0028d200","00346798","FUN_00346798"
"0028d200","FUN_0028d200","00551720","FUN_00551720"
"0028d200","FUN_0028d200","00551c48","FUN_00551c48"
"0028d2a0","FUN_0028d2a0","003461a8","FUN_003461a8"
"0028d2a0","FUN_0028d2a0","003461c0","FUN_003461c0"
"0028d2d0","FUN_0028d2d0","003461c0","FUN_003461c0"
"0028d2f0","FUN_0028d2f0","00290320","FUN_00290320"
"0028d390","FUN_0028d390","00101a00","FUN_00101a00"
"0028d390","FUN_0028d390","00551240","FUN_00551240"
"0028d390","FUN_0028d390","00551720","FUN_00551720"
"0028d390","FUN_0028d390","00551838","FUN_00551838"
"0028d400","FUN_0028d400","001079d0","FUN_001079d0"
"0028d460","FUN_0028d460","0028ac70","FUN_0028ac70"
"0028d460","FUN_0028d460","0028b400","FUN_0028b400"
"0028d460","FUN_0028d460","0028d010","FUN_0028d010"
"0028d460","FUN_0028d460","0028df50","FUN_0028df50"
"0028d460","FUN_0028d460","0028e310","FUN_0028e310"
"0028d460","FUN_0028d460","0028f640","FUN_0028f640"
"0028d460","FUN_0028d460","0028fb50","FUN_0028fb50"
"0028d460","FUN_0028d460","0028fb60","FUN_0028fb60"
"0028d460","FUN_0028d460","002900b0","FUN_002900b0"
"0028d460","FUN_0028d460","00290260","FUN_00290260"
"0028d7e0","FUN_0028d7e0","0033f5b8","FUN_0033f5b8"
"0028d840","FUN_0028d840","003792d0","FUN_003792d0"
"0028d870","FUN_0028d870","00290bd0","FUN_00290bd0"
"0028dbf0","FUN_0028dbf0","00111f30","FUN_00111f30"
"0028dbf0","FUN_0028dbf0","00290b10","FUN_00290b10"
"0028dbf0","FUN_0028dbf0","00291de0","FUN_00291de0"
"0028dbf0","FUN_0028dbf0","0037c788","FUN_0037c788"
"0028dbf0","FUN_0028dbf0","00552010","FUN_00552010"
"0028de40","FUN_0028de40","00111f30","FUN_00111f30"
"0028de40","FUN_0028de40","00290b10","FUN_00290b10"
"0028de40","FUN_0028de40","00291de0","FUN_00291de0"
"0028de40","FUN_0028de40","0037c788","FUN_0037c788"
"0028de40","FUN_0028de40","00552010","FUN_00552010"
"0028df50","FUN_0028df50","00379158","FUN_00379158"
"0028e040","FUN_0028e040","00290b10","FUN_00290b10"
"0028e070","FUN_0028e070","00290b60","FUN_00290b60"
"0028e0a0","FUN_0028e0a0","00290bd0","FUN_00290bd0"
"0028ec20","FUN_0028ec20","0028b360","FUN_0028b360"
"0028ee70","FUN_0028ee70","005502c8","FUN_005502c8"
"0028f220","FUN_0028f220","005502c8","FUN_005502c8"
"0028fac0","FUN_0028fac0","00300ef0","FUN_00300ef0"
"0028fac0","FUN_0028fac0","003014f0","FUN_003014f0"
"0028fac0","FUN_0028fac0","00301540","FUN_00301540"
"0028fac0","FUN_0028fac0","00301560","FUN_00301560"
"0028fac0","FUN_0028fac0","00345b00","FUN_00345b00"
"0028fb60","FUN_0028fb60","0028fc00","FUN_0028fc00"
"0028fb60","FUN_0028fb60","004a4180","FUN_004a4180"
"0028fb60","FUN_0028fb60","004a44f0","FUN_004a44f0"
"0028fc00","FUN_0028fc00","00551e00","FUN_00551e00"
"00290380","FUN_00290380","00290570","FUN_00290570"
"002903e0","FUN_002903e0","00300de0","FUN_00300de0"
"002903e0","FUN_002903e0","00300ef0","FUN_00300ef0"
"00290450","FUN_00290450","00301580","FUN_00301580"
"00290460","FUN_00290460","003015d0","FUN_003015d0"
"00290470","FUN_00290470","00301580","FUN_00301580"
"00290490","FUN_00290490","003015d0","FUN_003015d0"
"00290570","FUN_00290570","0012bec0","FUN_0012bec0"
"00290710","FUN_00290710","0028be20","FUN_0028be20"
"002908b0","FUN_002908b0","0033fc90","FUN_0033fc90"
"002908b0","FUN_002908b0","00379c68","FUN_00379c68"
"002908b0","FUN_002908b0","00379cb0","FUN_00379cb0"
"00290970","FUN_00290970","00292a10","FUN_00292a10"
"00290a50","FUN_00290a50","00292ad0","FUN_00292ad0"
"00290b50","FUN_00290b50","00379158","FUN_00379158"
"00290c00","FUN_00290c00","002929b0","FUN_002929b0"
"00290c00","FUN_00290c00","0053b3b8","FUN_0053b3b8"
"00290c90","FUN_00290c90","00379108","FUN_00379108"
"00290da0","FUN_00290da0","00290cc0","FUN_00290cc0"
"00291c80","FUN_00291c80","002929b0","FUN_002929b0"
"00291d00","FUN_00291d00","00290cc0","FUN_00290cc0"
"00291d00","FUN_00291d00","00292110","FUN_00292110"
"00291d00","FUN_00291d00","00379108","FUN_00379108"
"00291f00","FUN_00291f00","002929b0","FUN_002929b0"
"00291fb0","FUN_00291fb0","003390a0","FUN_003390a0"
"00291fb0","FUN_00291fb0","0033ddd0","FUN_0033ddd0"
"00291fb0","FUN_00291fb0","0033f8c0","FUN_0033f8c0"
"00292120","FUN_00292120","00292b10","FUN_00292b10"
"00292130","FUN_00292130","00292b10","FUN_00292b10"
"00292180","FUN_00292180","00292ba0","FUN_00292ba0"
"002921c0","FUN_002921c0","00292ba0","FUN_00292ba0"
"00292200","FUN_00292200","002922e0","FUN_002922e0"
"00292200","FUN_00292200","00292ba0","FUN_00292ba0"
"002922a0","FUN_002922a0","00292ba0","FUN_00292ba0"
"002922e0","FUN_002922e0","00292ba0","FUN_00292ba0"
"00292320","FUN_00292320","00292720","FUN_00292720"
"002928b0","FUN_002928b0","00111a40","FUN_00111a40"
"002928b0","FUN_002928b0","00111a60","FUN_00111a60"
"002928b0","FUN_002928b0","003aae20","FUN_003aae20"
"002929b0","FUN_002929b0","0033f8c0","FUN_0033f8c0"
"00292ad0","FUN_00292ad0","00101be0","FUN_00101be0"
"00292b10","FUN_00292b10","00292b60","FUN_00292b60"
"00292b60","FUN_00292b60","00292c50","FUN_00292c50"
"00292b60","FUN_00292b60","00292c70","FUN_00292c70"
"00292ba0","FUN_00292ba0","00292c50","FUN_00292c50"
"00292ba0","FUN_00292ba0","00292c70","FUN_00292c70"
"00293080","FUN_00293080","00292c90","FUN_00292c90"
"002930b0","FUN_002930b0","00551e00","FUN_00551e00"
"00293130","FUN_00293130","00551e00","FUN_00551e00"
"002932d0","FUN_002932d0","0018ed90","FUN_0018ed90"
"002935c0","FUN_002935c0","002936a0","FUN_002936a0"
"002936a0","FUN_002936a0","00263d20","FUN_00263d20"
"002941c0","FUN_002941c0","00551720","FUN_00551720"
"002949f0","FUN_002949f0","002932d0","FUN_002932d0"
"002949f0","FUN_002949f0","002943b0","FUN_002943b0"
"002949f0","FUN_002949f0","004bc250","FUN_004bc250"
"00294b00","FUN_00294b00","002943b0","FUN_002943b0"
"00294b00","FUN_00294b00","00294c80","FUN_00294c80"
"00294b00","FUN_00294b00","004bc250","FUN_004bc250"
"00294c80","FUN_00294c80","002932d0","FUN_002932d0"
"00294c80","FUN_00294c80","002a91d0","FUN_002a91d0"
"00294cc0","FUN_00294cc0","00292dc0","FUN_00292dc0"
"00294cf0","FUN_00294cf0","0018ed90","FUN_0018ed90"
"00294cf0","FUN_00294cf0","00293080","FUN_00293080"
"00294cf0","FUN_00294cf0","00294b00","FUN_00294b00"
"00294cf0","FUN_00294cf0","002a9670","FUN_002a9670"
"00294dc0","FUN_00294dc0","00551720","FUN_00551720"
"00294e30","FUN_00294e30","00294e60","FUN_00294e60"
"00295bd0","FUN_00295bd0","001ffb70","FUN_001ffb70"
"00295bd0","FUN_00295bd0","00294e70","FUN_00294e70"
"00295bd0","FUN_00295bd0","00296110","FUN_00296110"
"00296780","FUN_00296780","00263f70","FUN_00263f70"
"00296780","FUN_00296780","00295bd0","FUN_00295bd0"
"00296a40","FUN_00296a40","0027e070","FUN_0027e070"
"00299410","FUN_00299410","00299480","FUN_00299480"
"00299cc0","FUN_00299cc0","00244ee0","FUN_00244ee0"
"0029b950","FUN_0029b950","0029b980","FUN_0029b980"
"0029ba40","FUN_0029ba40","001018e0","FUN_001018e0"
"0029bba0","FUN_0029bba0","0029e800","FUN_0029e800"
"0029bc00","FUN_0029bc00","0029e800","FUN_0029e800"
"0029e800","FUN_0029e800","002ebbe0","FUN_002ebbe0"
"0029e800","FUN_0029e800","003d5880","FUN_003d5880"
"0029f420","FUN_0029f420","0029e800","FUN_0029e800"
"002a0310","FUN_002a0310","0018bb40","FUN_0018bb40"
"002a0310","FUN_002a0310","001e0900","FUN_001e0900"
"002a0310","FUN_002a0310","00220670","FUN_00220670"
"002a0310","FUN_002a0310","00248f00","FUN_00248f00"
"002a0310","FUN_002a0310","00263c90","FUN_00263c90"
"002a0310","FUN_002a0310","00288e30","FUN_00288e30"
"002a0310","FUN_002a0310","002a1dd0","FUN_002a1dd0"
"002a0310","FUN_002a0310","002a1ea0","FUN_002a1ea0"
"002a0310","FUN_002a0310","002a22a0","FUN_002a22a0"
"002a0310","FUN_002a0310","0053b3b8","FUN_0053b3b8"
"002a1720","FUN_002a1720","0021a920","FUN_0021a920"
"002a1720","FUN_002a1720","00220630","FUN_00220630"
"002a17a0","FUN_002a17a0","00481720","FUN_00481720"
"002a1c80","FUN_002a1c80","002a1d00","FUN_002a1d00"
"002a1d40","FUN_002a1d40","0027dff0","FUN_0027dff0"
"002a1d40","FUN_002a1d40","004c0f20","FUN_004c0f20"
"002a2460","FUN_002a2460","0021a920","FUN_0021a920"
"002a2460","FUN_002a2460","00220630","FUN_00220630"
"002a2460","FUN_002a2460","00248f00","FUN_00248f00"
"002a24f0","FUN_002a24f0","00263e70","FUN_00263e70"
"002a24f0","FUN_002a24f0","002640d0","FUN_002640d0"
"002a24f0","FUN_002a24f0","00481600","FUN_00481600"
"002a2640","FUN_002a2640","00248f00","FUN_00248f00"
"002a2640","FUN_002a2640","00263d20","FUN_00263d20"
"002a2640","FUN_002a2640","0027b820","FUN_0027b820"
"002a2640","FUN_002a2640","002a24f0","FUN_002a24f0"
"002a2640","FUN_002a2640","002c4230","FUN_002c4230"
"002a2640","FUN_002a2640","002c4570","FUN_002c4570"
"002a35a0","FUN_002a35a0","00263d20","FUN_00263d20"
"002a4380","FUN_002a4380","00111940","FUN_00111940"
"002a58f0","FUN_002a58f0","002b07e0","FUN_002b07e0"
"002a58f0","FUN_002a58f0","00300de0","FUN_00300de0"
"002a58f0","FUN_002a58f0","00300e40","FUN_00300e40"
"002a58f0","FUN_002a58f0","00300ef0","FUN_00300ef0"
"002a5970","FUN_002a5970","002a8c20","FUN_002a8c20"
"002a5970","FUN_002a5970","003c4e30","FUN_003c4e30"
"002a6de0","FUN_002a6de0","002a7060","FUN_002a7060"
"002a7060","FUN_002a7060","002a7080","FUN_002a7080"
"002a77b0","FUN_002a77b0","002a7080","FUN_002a7080"
"002a8d60","FUN_002a8d60","002b07e0","FUN_002b07e0"
"002a8d60","FUN_002a8d60","00300e40","FUN_00300e40"
"002a8d60","FUN_002a8d60","00300ef0","FUN_00300ef0"
"002a9550","FUN_002a9550","0018af60","FUN_0018af60"
"002a9550","FUN_002a9550","0018afa0","FUN_0018afa0"
"002a9550","FUN_002a9550","0018c470","FUN_0018c470"
"002a9550","FUN_002a9550","0018cb90","FUN_0018cb90"
"002ac7f0","FUN_002ac7f0","00263e70","FUN_00263e70"
"002ac7f0","FUN_002ac7f0","002640d0","FUN_002640d0"
"002ac7f0","FUN_002ac7f0","00267ca0","FUN_00267ca0"
"002ac7f0","FUN_002ac7f0","00268110","FUN_00268110"
"002ac7f0","FUN_002ac7f0","002a5450","FUN_002a5450"
"002ac7f0","FUN_002ac7f0","002b09f0","FUN_002b09f0"
"002ac7f0","FUN_002ac7f0","002b2120","FUN_002b2120"
"002ac7f0","FUN_002ac7f0","0053b3b8","FUN_0053b3b8"
"002ace30","FUN_002ace30","0021af00","FUN_0021af00"
"002ace30","FUN_002ace30","0021af20","FUN_0021af20"
"002adef0","FUN_002adef0","0018afa0","FUN_0018afa0"
"002adef0","FUN_002adef0","0018b0f0","FUN_0018b0f0"
"002adef0","FUN_002adef0","002a7060","FUN_002a7060"
"002adef0","FUN_002adef0","002a8a80","FUN_002a8a80"
"002adef0","FUN_002adef0","002a8af0","FUN_002a8af0"
"002adef0","FUN_002adef0","002a8c20","FUN_002a8c20"
"002adef0","FUN_002adef0","002a8c70","FUN_002a8c70"
"002adef0","FUN_002adef0","002a8cd0","FUN_002a8cd0"
"002adef0","FUN_002adef0","002a8ce0","FUN_002a8ce0"
"002adef0","FUN_002adef0","00580df0","FUN_00580df0"
"002aee10","FUN_002aee10","002a1d00","FUN_002a1d00"
"002aee10","FUN_002aee10","002a5450","FUN_002a5450"
"002aee10","FUN_002aee10","002a6eb0","FUN_002a6eb0"
"002aee10","FUN_002aee10","002a8890","FUN_002a8890"
"002aee10","FUN_002aee10","002a88b0","FUN_002a88b0"
"002aee10","FUN_002aee10","002a8990","FUN_002a8990"
"002aee10","FUN_002aee10","002a8a80","FUN_002a8a80"
"002aee10","FUN_002aee10","002a8b00","FUN_002a8b00"
"002aee10","FUN_002aee10","002a8b30","FUN_002a8b30"
"002aee10","FUN_002aee10","002a8c20","FUN_002a8c20"
"002aee10","FUN_002aee10","002a8c60","FUN_002a8c60"
"002aee10","FUN_002aee10","002a8c70","FUN_002a8c70"
"002aee10","FUN_002aee10","002a8c90","FUN_002a8c90"
"002aee10","FUN_002aee10","002a8ce0","FUN_002a8ce0"
"002af720","FUN_002af720","002a5450","FUN_002a5450"
"002af720","FUN_002af720","002a6de0","FUN_002a6de0"
"002af720","FUN_002af720","002a6eb0","FUN_002a6eb0"
"002af720","FUN_002af720","002a88b0","FUN_002a88b0"
"002af720","FUN_002af720","002a8990","FUN_002a8990"
"002af720","FUN_002af720","002a8a80","FUN_002a8a80"
"002af720","FUN_002af720","002a8b00","FUN_002a8b00"
"002af720","FUN_002af720","002a8b30","FUN_002a8b30"
"002af720","FUN_002af720","002a8c40","FUN_002a8c40"
"002af720","FUN_002af720","002a8c60","FUN_002a8c60"
"002af720","FUN_002af720","002a8c70","FUN_002a8c70"
"002af720","FUN_002af720","002a8cd0","FUN_002a8cd0"
"002af720","FUN_002af720","002a8ce0","FUN_002a8ce0"
"002af720","FUN_002af720","00581a00","FUN_00581a00"
"002b0030","FUN_002b0030","00248f00","FUN_00248f00"
"002b0030","FUN_002b0030","0026a6e0","FUN_0026a6e0"
"002b0030","FUN_002b0030","002aa360","FUN_002aa360"
"002b0030","FUN_002b0030","002aa880","FUN_002aa880"
"002b0030","FUN_002b0030","002ab390","FUN_002ab390"
"002b0030","FUN_002b0030","002ace20","FUN_002ace20"
"002b0030","FUN_002b0030","002ad4f0","FUN_002ad4f0"
"002b0030","FUN_002b0030","002ad9f0","FUN_002ad9f0"
"002b0030","FUN_002b0030","002adef0","FUN_002adef0"
"002b0030","FUN_002b0030","002aebf0","FUN_002aebf0"
"002b0030","FUN_002b0030","002aee10","FUN_002aee10"
"002b0030","FUN_002b0030","002af0b0","FUN_002af0b0"
"002b0030","FUN_002b0030","002af4c0","FUN_002af4c0"
"002b0030","FUN_002b0030","002af720","FUN_002af720"
"002b0030","FUN_002b0030","0052c470","FUN_0052c470"
"002b02c0","FUN_002b02c0","00263e70","FUN_00263e70"
"002b02c0","FUN_002b02c0","002ace30","FUN_002ace30"
"002b02c0","FUN_002b02c0","002aebf0","FUN_002aebf0"
"002b02c0","FUN_002b02c0","002aee10","FUN_002aee10"
"002b02c0","FUN_002b02c0","002af720","FUN_002af720"
"002b02c0","FUN_002b02c0","002afca0","FUN_002afca0"
"002b0780","FUN_002b0780","001018e0","FUN_001018e0"
"002b0780","FUN_002b0780","002b07e0","FUN_002b07e0"
"002b07e0","FUN_002b07e0","00346520","FUN_00346520"
"002b0830","FUN_002b0830","00345b00","FUN_00345b00"
"002b0830","FUN_002b0830","00346520","FUN_00346520"
"002b0890","FUN_002b0890","00345b00","FUN_00345b00"
"002b0960","FUN_002b0960","002b1600","FUN_002b1600"
"002b0960","FUN_002b0960","002b20c0","FUN_002b20c0"
"002b09f0","FUN_002b09f0","002b1600","FUN_002b1600"
"002b09f0","FUN_002b09f0","002b20c0","FUN_002b20c0"
"002b0a60","FUN_002b0a60","002b1aa0","FUN_002b1aa0"
"002b0a60","FUN_002b0a60","002b20c0","FUN_002b20c0"
"002b0ad0","FUN_002b0ad0","002b1aa0","FUN_002b1aa0"
"002b29f0","FUN_002b29f0","001239e0","FUN_001239e0"
"002b29f0","FUN_002b29f0","00288610","FUN_00288610"
"002b3760","FUN_002b3760","0053b3b8","FUN_0053b3b8"
"002b44d0","FUN_002b44d0","00282030","FUN_00282030"
"002b49f0","FUN_002b49f0","001678b0","FUN_001678b0"
"002b49f0","FUN_002b49f0","00167b90","FUN_00167b90"
"002b49f0","FUN_002b49f0","0056f770","FUN_0056f770"
"002b4a60","FUN_002b4a60","00168c20","FUN_00168c20"
"002b4a60","FUN_002b4a60","0028b3e0","FUN_0028b3e0"
"002b4ab0","FUN_002b4ab0","00167e00","FUN_00167e00"
"002b4ab0","FUN_002b4ab0","0017d660","FUN_0017d660"
"002b4fe0","FUN_002b4fe0","002b4b60","FUN_002b4b60"
"002b4fe0","FUN_002b4fe0","002b90c0","FUN_002b90c0"
"002b8d10","FUN_002b8d10","0027dff0","FUN_0027dff0"
"002ba8e0","FUN_002ba8e0","002ba050","FUN_002ba050"
"002ba950","FUN_002ba950","0010f200","FUN_0010f200"
"002ba950","FUN_002ba950","0027df30","FUN_0027df30"
"002ba950","FUN_002ba950","0027dff0","FUN_0027dff0"
"002baaa0","FUN_002baaa0","00294280","FUN_00294280"
"002baaa0","FUN_002baaa0","002bad80","FUN_002bad80"
"002baaa0","FUN_002baaa0","002d2a10","FUN_002d2a10"
"002bab60","FUN_002bab60","00294280","FUN_00294280"
"002bab60","FUN_002bab60","002bad80","FUN_002bad80"
"002bab60","FUN_002bab60","002d2a10","FUN_002d2a10"
"002bb030","FUN_002bb030","002ebbe0","FUN_002ebbe0"
"002bb030","FUN_002bb030","003fca30","FUN_003fca30"
"002bb030","FUN_002bb030","003fcb10","FUN_003fcb10"
"002bb480","FUN_002bb480","002bbf20","FUN_002bbf20"
"002bb480","FUN_002bb480","002bc280","FUN_002bc280"
"002bc2e0","FUN_002bc2e0","002bae70","FUN_002bae70"
"002bc2e0","FUN_002bc2e0","003fca20","FUN_003fca20"
"002bc390","FUN_002bc390","003fca30","FUN_003fca30"
"002bc390","FUN_002bc390","0042ef70","FUN_0042ef70"
"002bc480","FUN_002bc480","0042f3d0","FUN_0042f3d0"
"002bdef0","FUN_002bdef0","00263d20","FUN_00263d20"
"002bf750","FUN_002bf750","00110390","FUN_00110390"
"002bf750","FUN_002bf750","0053aec8","FUN_0053aec8"
"002bfaf0","FUN_002bfaf0","002bfbb0","FUN_002bfbb0"
"002bfc90","FUN_002bfc90","002c18d0","FUN_002c18d0"
"002bfc90","FUN_002bfc90","002c40a0","FUN_002c40a0"
"002bfc90","FUN_002bfc90","002c45b0","FUN_002c45b0"
"002bfc90","FUN_002bfc90","002c5060","FUN_002c5060"
"002bfc90","FUN_002bfc90","002c7750","FUN_002c7750"
"002bfc90","FUN_002bfc90","00500e10","FUN_00500e10"
"002bfd60","FUN_002bfd60","00101650","FUN_00101650"
"002bfd60","FUN_002bfd60","0021c4b0","FUN_0021c4b0"
"002bfd60","FUN_002bfd60","00263d20","FUN_00263d20"
"002bfd60","FUN_002bfd60","002c3c60","FUN_002c3c60"
"002c00b0","FUN_002c00b0","002c18d0","FUN_002c18d0"
"002c1da0","FUN_002c1da0","002c14b0","FUN_002c14b0"
"002c3c60","FUN_002c3c60","002c2b40","FUN_002c2b40"
"002c3c60","FUN_002c3c60","002c34f0","FUN_002c34f0"
"002c3fc0","FUN_002c3fc0","002c2b40","FUN_002c2b40"
"002c3fc0","FUN_002c3fc0","00300200","FUN_00300200"
"002c40a0","FUN_002c40a0","002c18d0","FUN_002c18d0"
"002c40a0","FUN_002c40a0","002c2b40","FUN_002c2b40"
"002c40a0","FUN_002c40a0","00300200","FUN_00300200"
"002c4570","FUN_002c4570","002c3da0","FUN_002c3da0"
"002c4570","FUN_002c4570","0039f860","FUN_0039f860"
"002c4570","FUN_002c4570","004dc8d0","FUN_004dc8d0"
"002c5120","FUN_002c5120","002c18d0","FUN_002c18d0"
"002c5120","FUN_002c5120","002c7030","FUN_002c7030"
"002c5120","FUN_002c5120","002cfa20","FUN_002cfa20"
"002c5120","FUN_002c5120","00301690","FUN_00301690"
"002c5700","FUN_002c5700","002c52f0","FUN_002c52f0"
"002c5700","FUN_002c5700","002c5cb0","FUN_002c5cb0"
"002c5780","FUN_002c5780","002cfe30","FUN_002cfe30"
"002c5870","FUN_002c5870","002cfdf0","FUN_002cfdf0"
"002c5870","FUN_002c5870","002cfe10","FUN_002cfe10"
"002c58c0","FUN_002c58c0","002cfe90","FUN_002cfe90"
"002c7510","FUN_002c7510","002c18d0","FUN_002c18d0"
"002c7620","FUN_002c7620","002c18d0","FUN_002c18d0"
"002c7750","FUN_002c7750","00290550","FUN_00290550"
"002c7750","FUN_002c7750","002bf9f0","FUN_002bf9f0"
"002c7750","FUN_002c7750","002bfa60","FUN_002bfa60"
"002c7750","FUN_002c7750","002c18d0","FUN_002c18d0"
"002c7750","FUN_002c7750","002c7750","FUN_002c7750"
"002c7750","FUN_002c7750","002c7ef0","FUN_002c7ef0"
"002c7750","FUN_002c7750","002c7f00","FUN_002c7f00"
"002c7750","FUN_002c7750","002c7f10","FUN_002c7f10"
"002c7750","FUN_002c7750","002c7f20","FUN_002c7f20"
"002c8490","FUN_002c8490","002c14b0","FUN_002c14b0"
"002c84c0","FUN_002c84c0","002c14b0","FUN_002c14b0"
"002c8d80","FUN_002c8d80","005502c8","FUN_005502c8"
"002c8e80","FUN_002c8e80","002c14b0","FUN_002c14b0"
"002c8e80","FUN_002c8e80","002c18d0","FUN_002c18d0"
"002c9bf0","FUN_002c9bf0","002c14b0","FUN_002c14b0"
"002c9bf0","FUN_002c9bf0","002c18d0","FUN_002c18d0"
"002cc730","FUN_002cc730","002c18d0","FUN_002c18d0"
"002cc890","FUN_002cc890","002c18d0","FUN_002c18d0"
"002cc890","FUN_002cc890","004f4750","FUN_004f4750"
"002ccd60","FUN_002ccd60","00290550","FUN_00290550"
"002ccd60","FUN_002ccd60","002bf9f0","FUN_002bf9f0"
"002ccd60","FUN_002ccd60","002bfa60","FUN_002bfa60"
"002ccd60","FUN_002ccd60","002c18d0","FUN_002c18d0"
"002ccd60","FUN_002ccd60","002c7750","FUN_002c7750"
"002ccd60","FUN_002ccd60","002c7ef0","FUN_002c7ef0"
"002ccd60","FUN_002ccd60","002c7f00","FUN_002c7f00"
"002ccd60","FUN_002ccd60","002c7f10","FUN_002c7f10"
"002ccd60","FUN_002ccd60","002c7f20","FUN_002c7f20"
"002cd410","FUN_002cd410","001c56e0","FUN_001c56e0"
"002cd410","FUN_002cd410","00294540","FUN_00294540"
"002cd410","FUN_002cd410","002c14b0","FUN_002c14b0"
"002cd410","FUN_002cd410","004f4c00","FUN_004f4c00"
"002cd460","FUN_002cd460","001b0180","FUN_001b0180"
"002cd460","FUN_002cd460","001c56e0","FUN_001c56e0"
"002cd460","FUN_002cd460","002c14b0","FUN_002c14b0"
"002cd460","FUN_002cd460","002cbe70","FUN_002cbe70"
"002cd460","FUN_002cd460","004f4c00","FUN_004f4c00"
"002cd460","FUN_002cd460","005502c8","FUN_005502c8"
"002cd6a0","FUN_002cd6a0","001b0180","FUN_001b0180"
"002cd6a0","FUN_002cd6a0","00263e70","FUN_00263e70"
"002cd6a0","FUN_002cd6a0","002cb420","FUN_002cb420"
"002cd6a0","FUN_002cd6a0","002cbce0","FUN_002cbce0"
"002cd6a0","FUN_002cd6a0","002cd460","FUN_002cd460"
"002ce550","FUN_002ce550","005502c8","FUN_005502c8"
"002cf7a0","FUN_002cf7a0","002c18d0","FUN_002c18d0"
"002cfa20","FUN_002cfa20","001b0170","FUN_001b0170"
"002cfa20","FUN_002cfa20","001b0180","FUN_001b0180"
"002cfa20","FUN_002cfa20","002c18d0","FUN_002c18d0"
"002cfed0","FUN_002cfed0","00300ef0","FUN_00300ef0"
"002cfed0","FUN_002cfed0","003014f0","FUN_003014f0"
"002cfed0","FUN_002cfed0","00301540","FUN_00301540"
"002cfed0","FUN_002cfed0","00301560","FUN_00301560"
"002cfed0","FUN_002cfed0","00345b00","FUN_00345b00"
"002d1310","FUN_002d1310","001a5a00","FUN_001a5a00"
"002d1310","FUN_002d1310","002640d0","FUN_002640d0"
"002d1310","FUN_002d1310","002d2530","FUN_002d2530"
"002d1310","FUN_002d1310","002d2aa0","FUN_002d2aa0"
"002d1310","FUN_002d1310","00580df0","FUN_00580df0"
"002d14b0","FUN_002d14b0","0018bcd0","FUN_0018bcd0"
"002d14b0","FUN_002d14b0","0018ed90","FUN_0018ed90"
"002d14b0","FUN_002d14b0","002a5450","FUN_002a5450"
"002d14b0","FUN_002d14b0","002a5470","FUN_002a5470"
"002d14b0","FUN_002d14b0","002a6eb0","FUN_002a6eb0"
"002d14b0","FUN_002d14b0","002a8890","FUN_002a8890"
"002d14b0","FUN_002d14b0","002a8990","FUN_002a8990"
"002d14b0","FUN_002d14b0","002a8a80","FUN_002a8a80"
"002d14b0","FUN_002d14b0","002a8af0","FUN_002a8af0"
"002d14b0","FUN_002d14b0","002a8b10","FUN_002a8b10"
"002d14b0","FUN_002d14b0","002a8b30","FUN_002a8b30"
"002d14b0","FUN_002d14b0","002a8c40","FUN_002a8c40"
"002d14b0","FUN_002d14b0","002a8c60","FUN_002a8c60"
"002d14b0","FUN_002d14b0","002a8c70","FUN_002a8c70"
"002d14b0","FUN_002d14b0","002a8ce0","FUN_002a8ce0"
"002d14b0","FUN_002d14b0","002a9140","FUN_002a9140"
"002d14b0","FUN_002d14b0","00550f90","FUN_00550f90"
"002d14b0","FUN_002d14b0","00581a00","FUN_00581a00"
"002d1830","FUN_002d1830","002a9200","FUN_002a9200"
"002d1830","FUN_002d1830","002d2530","FUN_002d2530"
"002d18a0","FUN_002d18a0","002a9200","FUN_002a9200"
"002d18a0","FUN_002d18a0","002d2530","FUN_002d2530"
"002d1cc0","FUN_002d1cc0","002640d0","FUN_002640d0"
"002d1cc0","FUN_002d1cc0","002d2aa0","FUN_002d2aa0"
"002d1cc0","FUN_002d1cc0","002d2e50","FUN_002d2e50"
"002d1cc0","FUN_002d1cc0","0048e960","FUN_0048e960"
"002d1dd0","FUN_002d1dd0","00168ba0","FUN_00168ba0"
"002d1dd0","FUN_002d1dd0","0016c600","FUN_0016c600"
"002d1dd0","FUN_002d1dd0","002d1ff0","FUN_002d1ff0"
"002d1dd0","FUN_002d1dd0","002d2aa0","FUN_002d2aa0"
"002d1dd0","FUN_002d1dd0","00580df0","FUN_00580df0"
"002d28d0","FUN_002d28d0","002d2fa0","FUN_002d2fa0"
"002d28d0","FUN_002d28d0","002d3310","FUN_002d3310"
"002d28d0","FUN_002d28d0","002d6c40","FUN_002d6c40"
"002d28d0","FUN_002d28d0","002d6d60","FUN_002d6d60"
"002d2fa0","FUN_002d2fa0","002d6a60","FUN_002d6a60"
"002d3310","FUN_002d3310","00581050","FUN_00581050"
"002d33e0","FUN_002d33e0","0018ed90","FUN_0018ed90"
"002d33e0","FUN_002d33e0","002d3c40","FUN_002d3c40"
"002d6480","FUN_002d6480","0048dc80","FUN_0048dc80"
"002d6a60","FUN_002d6a60","00248f00","FUN_00248f00"
"002d6d60","FUN_002d6d60","002330b0","FUN_002330b0"
"002d6d60","FUN_002d6d60","00233210","FUN_00233210"
"002d6d60","FUN_002d6d60","00233370","FUN_00233370"
"002d6d60","FUN_002d6d60","003c7120","FUN_003c7120"
"002d6d60","FUN_002d6d60","00551028","FUN_00551028"
"002d7250","FUN_002d7250","00263d20","FUN_00263d20"
"002d7250","FUN_002d7250","00263e70","FUN_00263e70"
"002d7250","FUN_002d7250","002eb970","FUN_002eb970"
"002d93b0","FUN_002d93b0","002d9280","FUN_002d9280"
"002d93b0","FUN_002d93b0","002dc110","FUN_002dc110"
"002d9ce0","FUN_002d9ce0","001410b0","FUN_001410b0"
"002d9d60","FUN_002d9d60","002dc110","FUN_002dc110"
"002d9d60","FUN_002d9d60","002dff40","FUN_002dff40"
"002d9da0","FUN_002d9da0","002dff40","FUN_002dff40"
"002dc110","FUN_002dc110","0026b9a0","FUN_0026b9a0"
"002dc110","FUN_002dc110","002dc410","FUN_002dc410"
"002dc110","FUN_002dc110","002dff20","FUN_002dff20"
"002dc410","FUN_002dc410","0027dff0","FUN_0027dff0"
"002dc470","FUN_002dc470","0013d7d0","FUN_0013d7d0"
"002dc470","FUN_002dc470","001fa3e0","FUN_001fa3e0"
"002dc470","FUN_002dc470","002640d0","FUN_002640d0"
"002dc470","FUN_002dc470","002a1d00","FUN_002a1d00"
"002dc470","FUN_002dc470","002d1800","FUN_002d1800"
"002dc470","FUN_002dc470","0048dc80","FUN_0048dc80"
"002dc470","FUN_002dc470","0048dcd0","FUN_0048dcd0"
"002ddd00","FUN_002ddd00","0053aec8","FUN_0053aec8"
"002de820","FUN_002de820","002de8e0","FUN_002de8e0"
"002de820","FUN_002de820","0048dce0","FUN_0048dce0"
"002df4d0","FUN_002df4d0","001a5a00","FUN_001a5a00"
"002df4d0","FUN_002df4d0","001a7980","FUN_001a7980"
"002df4d0","FUN_002df4d0","002640d0","FUN_002640d0"
"002df4d0","FUN_002df4d0","002d2aa0","FUN_002d2aa0"
"002df4d0","FUN_002df4d0","002e0690","FUN_002e0690"
"002df4d0","FUN_002df4d0","002e0780","FUN_002e0780"
"002df4d0","FUN_002df4d0","003e9060","FUN_003e9060"
"002df4d0","FUN_002df4d0","003e90d0","FUN_003e90d0"
"002df4d0","FUN_002df4d0","003ed840","FUN_003ed840"
"002df4d0","FUN_002df4d0","003fca20","FUN_003fca20"
"002df4d0","FUN_002df4d0","004cb3a0","FUN_004cb3a0"
"002df4d0","FUN_002df4d0","00580df0","FUN_00580df0"
"002e0690","FUN_002e0690","002d2aa0","FUN_002d2aa0"
"002e0690","FUN_002e0690","00580df0","FUN_00580df0"
"002e0780","FUN_002e0780","002d2aa0","FUN_002d2aa0"
"002e0780","FUN_002e0780","00580df0","FUN_00580df0"
"002e08a0","FUN_002e08a0","0027dff0","FUN_0027dff0"
"002e0960","FUN_002e0960","001410b0","FUN_001410b0"
"002e09c0","FUN_002e09c0","00551240","FUN_00551240"
"002e0a70","FUN_002e0a70","00481320","FUN_00481320"
"002e0da0","FUN_002e0da0","002a3990","FUN_002a3990"
"002e0da0","FUN_002e0da0","002e1160","FUN_002e1160"
"002e0da0","FUN_002e0da0","002e18b0","FUN_002e18b0"
"002e0e30","FUN_002e0e30","00369c18","FUN_00369c18"
"002e0e30","FUN_002e0e30","0036a300","FUN_0036a300"
"002e0e30","FUN_002e0e30","0036a3a8","FUN_0036a3a8"
"002e18b0","FUN_002e18b0","002e19e0","FUN_002e19e0"
"002e18b0","FUN_002e18b0","002e29e0","FUN_002e29e0"
"002e1980","FUN_002e1980","002e1ed0","FUN_002e1ed0"
"002e19e0","FUN_002e19e0","002e29e0","FUN_002e29e0"
"002e2ab0","FUN_002e2ab0","00266560","FUN_00266560"
"002e2af0","FUN_002e2af0","0010eba0","FUN_0010eba0"
"002e2c50","FUN_002e2c50","002e3980","FUN_002e3980"
"002e2c50","FUN_002e2c50","0059c940","FUN_0059c940"
"002e2d10","FUN_002e2d10","002a1d00","FUN_002a1d00"
"002e2d10","FUN_002e2d10","002e3e50","FUN_002e3e50"
"002e6e30","FUN_002e6e30","00263e70","FUN_00263e70"
"002e6e30","FUN_002e6e30","002640d0","FUN_002640d0"
"002e6e30","FUN_002e6e30","0045fbc0","FUN_0045fbc0"
"002e75f0","FUN_002e75f0","00263e70","FUN_00263e70"
"002e75f0","FUN_002e75f0","002640d0","FUN_002640d0"
"002e75f0","FUN_002e75f0","002e7300","FUN_002e7300"
"002e8100","FUN_002e8100","0018c470","FUN_0018c470"
"002e8100","FUN_002e8100","0018ed90","FUN_0018ed90"
"002e8100","FUN_002e8100","002a5450","FUN_002a5450"
"002e8100","FUN_002e8100","002a6eb0","FUN_002a6eb0"
"002e8100","FUN_002e8100","002a8890","FUN_002a8890"
"002e8100","FUN_002e8100","002a8990","FUN_002a8990"
"002e8100","FUN_002e8100","002a8a80","FUN_002a8a80"
"002e8100","FUN_002e8100","002a8b00","FUN_002a8b00"
"002e8100","FUN_002e8100","002a8b30","FUN_002a8b30"
"002e8100","FUN_002e8100","002a8c40","FUN_002a8c40"
"002e8100","FUN_002e8100","002a8c60","FUN_002a8c60"
"002e8100","FUN_002e8100","002a8c70","FUN_002a8c70"
"002e8100","FUN_002e8100","002a8ce0","FUN_002a8ce0"
"002e8100","FUN_002e8100","00581a00","FUN_00581a00"
"002e82e0","FUN_002e82e0","0016c600","FUN_0016c600"
"002e8480","FUN_002e8480","002eb970","FUN_002eb970"
"002e8860","FUN_002e8860","00167be0","FUN_00167be0"
"002e9b80","FUN_002e9b80","002ea530","FUN_002ea530"
"002e9c90","FUN_002e9c90","001410b0","FUN_001410b0"
"002e9c90","FUN_002e9c90","002640d0","FUN_002640d0"
"002ea090","FUN_002ea090","002ea100","FUN_002ea100"
"002eac00","FUN_002eac00","002e8860","FUN_002e8860"
"002eac00","FUN_002eac00","002eaa80","FUN_002eaa80"
"002eb730","FUN_002eb730","001018e0","FUN_001018e0"
"002eb730","FUN_002eb730","00569e10","FUN_00569e10"
"002ebd40","FUN_002ebd40","00263e70","FUN_00263e70"
"002ebd40","FUN_002ebd40","002640d0","FUN_002640d0"
"002ebd40","FUN_002ebd40","002ebc40","FUN_002ebc40"
"002ebd40","FUN_002ebd40","0048e590","FUN_0048e590"
"002ebd40","FUN_002ebd40","00494d70","FUN_00494d70"
"002ec030","FUN_002ec030","00561660","FUN_00561660"
"002ec040","FUN_002ec040","00561680","FUN_00561680"
"002ec050","FUN_002ec050","005616c0","FUN_005616c0"
"002ec0c0","FUN_002ec0c0","0055f510","FUN_0055f510"
"002ec120","FUN_002ec120","00300ef0","FUN_00300ef0"
"002ec120","FUN_002ec120","003014f0","FUN_003014f0"
"002ec120","FUN_002ec120","00301540","FUN_00301540"
"002ec120","FUN_002ec120","00301560","FUN_00301560"
"002ec120","FUN_002ec120","00345b00","FUN_00345b00"
"002ec1c0","FUN_002ec1c0","0053b1f8","FUN_0053b1f8"
"002edcd0","FUN_002edcd0","00110390","FUN_00110390"
"002edcd0","FUN_002edcd0","0053aec8","FUN_0053aec8"
"002f2e00","FUN_002f2e00","002f37e0","FUN_002f37e0"
"002f2e00","FUN_002f2e00","002f4b50","FUN_002f4b50"
"002f2e00","FUN_002f2e00","002f52a0","FUN_002f52a0"
"002f2e00","FUN_002f2e00","002f5f50","FUN_002f5f50"
"002f2e00","FUN_002f2e00","002f70f0","FUN_002f70f0"
"002f2e00","FUN_002f2e00","002f9170","FUN_002f9170"
"002f2e00","FUN_002f2e00","00300ef0","FUN_00300ef0"
"002f2e00","FUN_002f2e00","003014f0","FUN_003014f0"
"002f2e00","FUN_002f2e00","00301540","FUN_00301540"
"002f2e00","FUN_002f2e00","00301560","FUN_00301560"
"002f2e00","FUN_002f2e00","00345b00","FUN_00345b00"
"002f2fa0","FUN_002f2fa0","002f72a0","FUN_002f72a0"
"002f2fa0","FUN_002f2fa0","002f9d00","FUN_002f9d00"
"002f2fa0","FUN_002f2fa0","00346520","FUN_00346520"
"002f2fe0","FUN_002f2fe0","002f4ac0","FUN_002f4ac0"
"002f2fe0","FUN_002f2fe0","002f4b80","FUN_002f4b80"
"002f2fe0","FUN_002f2fe0","002f73b0","FUN_002f73b0"
"002f2fe0","FUN_002f2fe0","002f93c0","FUN_002f93c0"
"002f3020","FUN_002f3020","002f4420","FUN_002f4420"
"002f3020","FUN_002f3020","002f4be0","FUN_002f4be0"
"002f3020","FUN_002f3020","002f52b0","FUN_002f52b0"
"002f3020","FUN_002f3020","002f5f60","FUN_002f5f60"
"002f3020","FUN_002f3020","002f74f0","FUN_002f74f0"
"002f3020","FUN_002f3020","002f9800","FUN_002f9800"
"002f4ac0","FUN_002f4ac0","002f4b20","FUN_002f4b20"
"002f4b80","FUN_002f4b80","002f4fb0","FUN_002f4fb0"
"002f5c50","FUN_002f5c50","0024b640","FUN_0024b640"
"002f5c50","FUN_002f5c50","00369c18","FUN_00369c18"
"002f5c50","FUN_002f5c50","0036a300","FUN_0036a300"
"002f5c50","FUN_002f5c50","0036a3a8","FUN_0036a3a8"
"002f6440","FUN_002f6440","0024b640","FUN_0024b640"
"002f6440","FUN_002f6440","00369c18","FUN_00369c18"
"002f6440","FUN_002f6440","0036a300","FUN_0036a300"
"002f6440","FUN_002f6440","0036a3a8","FUN_0036a3a8"
"002f70f0","FUN_002f70f0","00233010","FUN_00233010"
"002f70f0","FUN_002f70f0","002f7440","FUN_002f7440"
"002f70f0","FUN_002f70f0","00300ef0","FUN_00300ef0"
"002f70f0","FUN_002f70f0","003014f0","FUN_003014f0"
"002f70f0","FUN_002f70f0","00301540","FUN_00301540"
"002f70f0","FUN_002f70f0","00301560","FUN_00301560"
"002f7270","FUN_002f7270","00290490","FUN_00290490"
"002f7270","FUN_002f7270","00290ac0","FUN_00290ac0"
"002f73b0","FUN_002f73b0","0010ed50","FUN_0010ed50"
"002f73b0","FUN_002f73b0","0033f900","FUN_0033f900"
"002f92e0","FUN_002f92e0","00110390","FUN_00110390"
"002f92e0","FUN_002f92e0","005311c0","FUN_005311c0"
"002f92e0","FUN_002f92e0","00531df8","FUN_00531df8"
"002f92e0","FUN_002f92e0","0053a400","FUN_0053a400"
"002f92e0","FUN_002f92e0","0053a9e8","FUN_0053a9e8"
"002f9800","FUN_002f9800","002f8c10","FUN_002f8c10"
"002f9cb0","FUN_002f9cb0","00342f20","FUN_00342f20"
"002f9d00","FUN_002f9d00","00342f20","FUN_00342f20"
"002fa3f0","FUN_002fa3f0","001104b0","FUN_001104b0"
"002fa3f0","FUN_002fa3f0","0021ec50","FUN_0021ec50"
"002fa3f0","FUN_002fa3f0","0021ecc0","FUN_0021ecc0"
"002fa3f0","FUN_002fa3f0","00246c30","FUN_00246c30"
"002fa3f0","FUN_002fa3f0","0033d900","FUN_0033d900"
"002fa3f0","FUN_002fa3f0","0033d920","FUN_0033d920"
"002fa3f0","FUN_002fa3f0","0039b3c0","thunk_FUN_0039b300"
"002fa4c0","FUN_002fa4c0","00342e20","FUN_00342e20"
"002fa4c0","FUN_002fa4c0","00368f68","FUN_00368f68"
"002faf60","FUN_002faf60","0010f000","FUN_0010f000"
"002faf60","FUN_002faf60","00110390","FUN_00110390"
"002fb0c0","FUN_002fb0c0","0010eba0","FUN_0010eba0"
"002fb170","FUN_002fb170","001413f0","FUN_001413f0"
"002fb170","FUN_002fb170","001625a0","FUN_001625a0"
"002fb170","FUN_002fb170","005502c8","FUN_005502c8"
"002fd6c0","FUN_002fd6c0","001624c0","FUN_001624c0"
"002ffb10","FUN_002ffb10","0012e1e0","FUN_0012e1e0"
"002ffb10","FUN_002ffb10","00147e20","FUN_00147e20"
"002ffb10","FUN_002ffb10","00148210","FUN_00148210"
"002ffb10","FUN_002ffb10","00148c70","FUN_00148c70"
"002ffb10","FUN_002ffb10","00162c90","FUN_00162c90"
"002ffb10","FUN_002ffb10","0016ba90","FUN_0016ba90"
"002ffb10","FUN_002ffb10","0016c590","FUN_0016c590"
"002ffb10","FUN_002ffb10","0021a590","FUN_0021a590"
"002ffb10","FUN_002ffb10","00263e70","FUN_00263e70"
"002ffb10","FUN_002ffb10","002640d0","FUN_002640d0"
"002ffb10","FUN_002ffb10","00290b50","FUN_00290b50"
"002ffb10","FUN_002ffb10","0029d3a0","FUN_0029d3a0"
"002ffb10","FUN_002ffb10","002d1dd0","FUN_002d1dd0"
"002ffb10","FUN_002ffb10","0033f098","FUN_0033f098"
"002ffb10","FUN_002ffb10","005502c8","FUN_005502c8"
"00300040","FUN_00300040","0053ede0","FUN_0053ede0"
"00300040","FUN_00300040","0053f588","FUN_0053f588"
"003000e0","FUN_003000e0","0053f768","FUN_0053f768"
"00300150","FUN_00300150","0053f768","FUN_0053f768"
"003001b0","FUN_003001b0","0053f768","FUN_0053f768"
"00300200","FUN_00300200","0053f768","FUN_0053f768"
"00300280","FUN_00300280","001018e0","FUN_001018e0"
"003002d0","FUN_003002d0","00300370","FUN_00300370"
"003005c0","FUN_003005c0","0010f010","FUN_0010f010"
"003005c0","FUN_003005c0","001413f0","FUN_001413f0"
"003005c0","FUN_003005c0","00167b80","FUN_00167b80"
"003005c0","FUN_003005c0","001e0a00","FUN_001e0a00"
"003005c0","FUN_003005c0","002325c0","FUN_002325c0"
"003005c0","FUN_003005c0","00286c40","FUN_00286c40"
"003005c0","FUN_003005c0","0028bf40","FUN_0028bf40"
"003005c0","FUN_003005c0","0028bfd0","FUN_0028bfd0"
"003005c0","FUN_003005c0","002fb170","FUN_002fb170"
"003005c0","FUN_003005c0","003198d0","FUN_003198d0"
"003008b0","FUN_003008b0","0017ee90","FUN_0017ee90"
"003008b0","FUN_003008b0","0017ef20","FUN_0017ef20"
"003008b0","FUN_003008b0","001f5580","FUN_001f5580"
"00300ce0","FUN_00300ce0","00101700","FUN_00101700"
"00300ce0","FUN_00300ce0","00300de0","FUN_00300de0"
"00300ce0","FUN_00300ce0","003019c0","FUN_003019c0"
"00300ce0","FUN_00300ce0","00346188","FUN_00346188"
"00300ce0","FUN_00300ce0","003461c0","FUN_003461c0"
"00300d80","FUN_00300d80","00346900","FUN_00346900"
"00300dd0","FUN_00300dd0","003017b0","FUN_003017b0"
"00300de0","FUN_00300de0","00301900","FUN_00301900"
"00300de0","FUN_00300de0","004d6230","FUN_004d6230"
"00300e40","FUN_00300e40","003018a0","FUN_003018a0"
"00300e40","FUN_00300e40","003463e8","FUN_003463e8"
"00300ef0","FUN_00300ef0","004d6230","FUN_004d6230"
"003011f0","FUN_003011f0","00332a58","FUN_00332a58"
"003011f0","FUN_003011f0","0039b970","FUN_0039b970"
"00301290","FUN_00301290","00301580","FUN_00301580"
"00301290","FUN_00301290","00301700","FUN_00301700"
"00301290","FUN_00301290","0039bb20","FUN_0039bb20"
"003013a0","FUN_003013a0","00346330","FUN_00346330"
"00301400","FUN_00301400","00346520","FUN_00346520"
"00301450","FUN_00301450","003015d0","FUN_003015d0"
"00301450","FUN_00301450","003463e8","FUN_003463e8"
"00301450","FUN_00301450","003467d0","FUN_003467d0"
"003014f0","FUN_003014f0","003467b0","FUN_003467b0"
"00301540","FUN_00301540","00346798","FUN_00346798"
"00301560","FUN_00301560","003467b0","FUN_003467b0"
"003015d0","FUN_003015d0","002c18d0","FUN_002c18d0"
"00301720","FUN_00301720","003466a8","FUN_003466a8"
"00301720","FUN_00301720","00346798","FUN_00346798"
"003017b0","FUN_003017b0","001018e0","FUN_001018e0"
"003017b0","FUN_003017b0","00301810","FUN_00301810"
"00301810","FUN_00301810","00101be0","FUN_00101be0"
"003019c0","FUN_003019c0","00101a00","FUN_00101a00"
"00301be0","FUN_00301be0","0059fec0","FUN_0059fec0"
"00303190","FUN_00303190","00301be0","FUN_00301be0"
"00303420","FUN_00303420","00301d10","FUN_00301d10"
"00303420","FUN_00303420","005a0060","FUN_005a0060"
"00303490","FUN_00303490","00301ef0","FUN_00301ef0"
"00303f50","FUN_00303f50","001018e0","FUN_001018e0"
"00303f50","FUN_00303f50","00569e10","FUN_00569e10"
"00303f50","FUN_00303f50","0059fef0","FUN_0059fef0"
"00304010","FUN_00304010","00101700","FUN_00101700"
"00304010","FUN_00304010","00304060","FUN_00304060"
"00304060","FUN_00304060","005563e0","FUN_005563e0"
"00304120","FUN_00304120","001018e0","FUN_001018e0"
"00304190","FUN_00304190","002eb970","FUN_002eb970"
"00304480","FUN_00304480","00101700","FUN_00101700"
"00304480","FUN_00304480","00304a50","FUN_00304a50"
"003044e0","FUN_003044e0","00551720","FUN_00551720"
"00304540","FUN_00304540","003049d0","FUN_003049d0"
"00304540","FUN_00304540","00304b50","FUN_00304b50"
"00304540","FUN_00304540","003c6a10","FUN_003c6a10"
"003045a0","FUN_003045a0","00304760","FUN_00304760"
"003045a0","FUN_003045a0","00304a20","FUN_00304a20"
"003045a0","FUN_003045a0","003c6b20","FUN_003c6b20"
"003045f0","FUN_003045f0","00244420","FUN_00244420"
"003045f0","FUN_003045f0","00263d20","FUN_00263d20"
"003048f0","FUN_003048f0","00248f00","FUN_00248f00"
"00304930","FUN_00304930","00551720","FUN_00551720"
"003049d0","FUN_003049d0","002640d0","FUN_002640d0"
"003049d0","FUN_003049d0","002c14b0","FUN_002c14b0"
"003049d0","FUN_003049d0","004c10e0","FUN_004c10e0"
"00304a50","FUN_00304a50","00101a00","FUN_00101a00"
"00304ab0","FUN_00304ab0","0054f850","FUN_0054f850"
"00304e80","FUN_00304e80","0048dcb0","FUN_0048dcb0"
"00304e80","FUN_00304e80","0054f850","FUN_0054f850"
"003069a0","FUN_003069a0","0021af70","FUN_0021af70"
"003069a0","FUN_003069a0","00263d20","FUN_00263d20"
"003069a0","FUN_003069a0","00306b50","FUN_00306b50"
"003070f0","FUN_003070f0","00263d20","FUN_00263d20"
"0030a880","FUN_0030a880","0018bc40","FUN_0018bc40"
"0030a880","FUN_0030a880","002647e0","FUN_002647e0"
"0030a880","FUN_0030a880","002647f0","FUN_002647f0"
"0030a9a0","FUN_0030a9a0","00248f00","FUN_00248f00"
"0030b130","FUN_0030b130","001024d0","FUN_001024d0"
"0030b130","FUN_0030b130","0019cc40","FUN_0019cc40"
"0030b2b0","FUN_0030b2b0","0016b250","FUN_0016b250"
"0030b2b0","FUN_0030b2b0","0016b610","FUN_0016b610"
"0030b2b0","FUN_0030b2b0","0016c590","FUN_0016c590"
"0030b2b0","FUN_0030b2b0","0016c600","FUN_0016c600"
"0030b2b0","FUN_0030b2b0","002870d0","FUN_002870d0"
"0030b800","FUN_0030b800","0017ee90","FUN_0017ee90"
"0030b800","FUN_0030b800","001e08c0","FUN_001e08c0"
"0030b800","FUN_0030b800","001f0500","FUN_001f0500"
"00316c10","FUN_00316c10","00315760","FUN_00315760"
"00316d10","FUN_00316d10","003163d0","FUN_003163d0"
"00317000","FUN_00317000","00201730","FUN_00201730"
"00319d60","FUN_00319d60","0014a960","FUN_0014a960"
"00319d60","FUN_00319d60","00162580","FUN_00162580"
"00319d60","FUN_00319d60","00179170","FUN_00179170"
"00319d60","FUN_00319d60","00248f00","FUN_00248f00"
"0031d280","FUN_0031d280","001624c0","FUN_001624c0"
"0031efa0","FUN_0031efa0","0012e1e0","FUN_0012e1e0"
"0031efa0","FUN_0031efa0","00147e20","FUN_00147e20"
"0031efa0","FUN_0031efa0","00148210","FUN_00148210"
"0031efa0","FUN_0031efa0","00148c70","FUN_00148c70"
"0031efa0","FUN_0031efa0","00162c90","FUN_00162c90"
"0031efa0","FUN_0031efa0","0016ba90","FUN_0016ba90"
"0031efa0","FUN_0031efa0","0016c590","FUN_0016c590"
"0031efa0","FUN_0031efa0","0021a590","FUN_0021a590"
"0031efa0","FUN_0031efa0","00263e70","FUN_00263e70"
"0031efa0","FUN_0031efa0","002640d0","FUN_002640d0"
"0031efa0","FUN_0031efa0","00290b50","FUN_00290b50"
"0031efa0","FUN_0031efa0","0029d3a0","FUN_0029d3a0"
"0031efa0","FUN_0031efa0","002d1dd0","FUN_002d1dd0"
"0031efa0","FUN_0031efa0","0033f098","FUN_0033f098"
"0031efa0","FUN_0031efa0","005502c8","FUN_005502c8"
"0031f590","FUN_0031f590","0031f5f0","FUN_0031f5f0"
"0031f990","FUN_0031f990","0031fb50","FUN_0031fb50"
"0031f990","FUN_0031f990","00320df0","FUN_00320df0"
"0031f990","FUN_0031f990","00320e50","FUN_00320e50"
"0031f990","FUN_0031f990","003c4e20","FUN_003c4e20"
"0031f990","FUN_0031f990","003c4e30","FUN_003c4e30"
"003214f0","FUN_003214f0","005502c8","FUN_005502c8"
"00322780","FUN_00322780","0010eba0","FUN_0010eba0"
"00322830","FUN_00322830","0053b1f8","FUN_0053b1f8"
"00322e40","FUN_00322e40","00100780","FUN_00100780"
"00322e40","FUN_00322e40","0033b758","FUN_0033b758"
"00322e40","FUN_00322e40","0037c980","FUN_0037c980"
"00322ed0","FUN_00322ed0","003c6a10","FUN_003c6a10"
"00323430","FUN_00323430","0010eba0","FUN_0010eba0"
"00323430","FUN_00323430","00166ee0","FUN_00166ee0"
"00323430","FUN_00323430","0056f770","FUN_0056f770"
"003234c0","FUN_003234c0","00168c20","FUN_00168c20"
"003234c0","FUN_003234c0","003234f0","FUN_003234f0"
"003234f0","FUN_003234f0","0028b3e0","FUN_0028b3e0"
"00323de0","FUN_00323de0","0033f8c0","FUN_0033f8c0"
"00323de0","FUN_00323de0","0054f850","FUN_0054f850"
"00323e90","FUN_00323e90","0019a2d0","FUN_0019a2d0"
"0032a4e0","FUN_0032a4e0","0010eb40","FUN_0010eb40"
"0032a4e0","FUN_0032a4e0","0010eba0","FUN_0010eba0"
"0032a4e0","FUN_0032a4e0","0010edf0","FUN_0010edf0"
"0032a4e0","FUN_0032a4e0","0024cbd0","FUN_0024cbd0"
"0032a4e0","FUN_0032a4e0","0024cc70","FUN_0024cc70"
"0032a4e0","FUN_0032a4e0","0024e3b0","FUN_0024e3b0"
"0032a4e0","FUN_0032a4e0","0024f1a0","FUN_0024f1a0"
"0032a680","FUN_0032a680","0010f200","FUN_0010f200"
"0032a680","FUN_0032a680","0027df30","FUN_0027df30"
"0032a680","FUN_0032a680","0027dff0","FUN_0027dff0"
"0032a680","FUN_0032a680","0032a7d0","FUN_0032a7d0"
"0032ba10","FUN_0032ba10","00167f50","FUN_00167f50"
"0032ba10","FUN_0032ba10","0017c550","FUN_0017c550"
"0032ba10","FUN_0032ba10","0032e0e0","FUN_0032e0e0"
"0032da90","FUN_0032da90","005502c8","FUN_005502c8"
"0032dc40","FUN_0032dc40","00232b50","FUN_00232b50"
"0032dc40","FUN_0032dc40","00282030","FUN_00282030"
"0032dc40","FUN_0032dc40","0053ab20","FUN_0053ab20"
"0032dc40","FUN_0032dc40","0053aec8","FUN_0053aec8"
"0032e0e0","FUN_0032e0e0","0010edf0","FUN_0010edf0"
"0032e0e0","FUN_0032e0e0","0010f080","FUN_0010f080"
"0032e0e0","FUN_0032e0e0","0010f480","FUN_0010f480"
"0032e0e0","FUN_0032e0e0","0010fc70","FUN_0010fc70"
"0032e0e0","FUN_0032e0e0","0053aec8","FUN_0053aec8"
"0032e470","FUN_0032e470","0032e4d0","FUN_0032e4d0"
"00332de0","FUN_00332de0","00337c68","FUN_00337c68"
"00332ed0","FUN_00332ed0","00337c68","FUN_00337c68"
"00332ef8","FUN_00332ef8","00337c68","FUN_00337c68"
"003348b0","FUN_003348b0","00333168","FUN_00333168"
"003348b0","FUN_003348b0","00333230","FUN_00333230"
"003348b0","FUN_003348b0","003364a8","FUN_003364a8"
"003348b0","FUN_003348b0","003753e0","FUN_003753e0"
"003348b0","FUN_003348b0","003fca20","FUN_003fca20"
"003348b0","FUN_003348b0","004223f0","FUN_004223f0"
"003348b0","FUN_003348b0","0053b840","FUN_0053b840"
"003348b0","FUN_003348b0","0053b870","FUN_0053b870"
"003348b0","FUN_003348b0","0053ed30","FUN_0053ed30"
"003348b0","FUN_003348b0","0053f768","FUN_0053f768"
"003348b0","FUN_003348b0","0054e5e8","FUN_0054e5e8"
"003348b0","FUN_003348b0","00551e00","FUN_00551e00"
"003348b0","FUN_003348b0","00580f70","FUN_00580f70"
"00334b38","FUN_00334b38","00334010","FUN_00334010"
"00334cb0","FUN_00334cb0","00333168","FUN_00333168"
"00334cb0","FUN_00334cb0","00333230","FUN_00333230"
"00334ef0","FUN_00334ef0","00333168","FUN_00333168"
"00334ef0","FUN_00334ef0","00333230","FUN_00333230"
"00335268","FUN_00335268","00102570","FUN_00102570"
"00335268","FUN_00335268","0010ab40","FUN_0010ab40"
"00335268","FUN_00335268","001100d0","FUN_001100d0"
"00335268","FUN_00335268","00110310","FUN_00110310"
"00335268","FUN_00335268","0019cc40","FUN_0019cc40"
"00335268","FUN_00335268","001f7d20","FUN_001f7d20"
"00335268","FUN_00335268","001ffb30","FUN_001ffb30"
"00335268","FUN_00335268","0025fb50","FUN_0025fb50"
"00335268","FUN_00335268","00260120","FUN_00260120"
"00335268","FUN_00335268","00333168","FUN_00333168"
"00335268","FUN_00335268","00333230","FUN_00333230"
"00335268","FUN_00335268","003e3830","FUN_003e3830"
"00335268","FUN_00335268","003e38a0","FUN_003e38a0"
"00335268","FUN_00335268","003f5c90","FUN_003f5c90"
"00335268","FUN_00335268","003fca20","FUN_003fca20"
"00335268","FUN_00335268","00405b20","FUN_00405b20"
"00335268","FUN_00335268","0041a460","FUN_0041a460"
"00335268","FUN_00335268","00440b30","FUN_00440b30"
"00335268","FUN_00335268","00481220","FUN_00481220"
"00335268","FUN_00335268","00481440","FUN_00481440"
"00335268","FUN_00335268","004840a0","FUN_004840a0"
"00335268","FUN_00335268","004c5e60","FUN_004c5e60"
"00335268","FUN_00335268","004f55b0","FUN_004f55b0"
"00335268","FUN_00335268","004f5620","FUN_004f5620"
"00335428","FUN_00335428","00333b50","FUN_00333b50"
"00335540","FUN_00335540","003343b8","FUN_003343b8"
"00336b08","FUN_00336b08","003364a8","FUN_003364a8"
"00336b58","FUN_00336b58","00336d20","FUN_00336d20"
"00337090","FUN_00337090","0054d860","FUN_0054d860"
"003370b0","FUN_003370b0","00550390","FUN_00550390"
"003370d0","FUN_003370d0","0054a420","FUN_0054a420"
"00337410","FUN_00337410","00333168","FUN_00333168"
"00337410","FUN_00337410","00333230","FUN_00333230"
"00337410","FUN_00337410","00337518","FUN_00337518"
"00337410","FUN_00337410","00339c40","FUN_00339c40"
"00337410","FUN_00337410","00339c98","FUN_00339c98"
"00338188","FUN_00338188","00335cc8","FUN_00335cc8"
"00338200","FUN_00338200","003364a8","FUN_003364a8"
"00338bf8","FUN_00338bf8","00335cc8","FUN_00335cc8"
"00339e68","FUN_00339e68","00335cc8","FUN_00335cc8"
"00339ee0","FUN_00339ee0","003364a8","FUN_003364a8"
"00339f48","FUN_00339f48","0054e5e8","FUN_0054e5e8"
"0033a1a0","FUN_0033a1a0","0033a770","FUN_0033a770"
"0033adf8","FUN_0033adf8","00332de0","FUN_00332de0"
"0033adf8","FUN_0033adf8","00337c68","FUN_00337c68"
"0033adf8","FUN_0033adf8","00338680","FUN_00338680"
"0033b5c0","FUN_0033b5c0","003383e8","FUN_003383e8"
"0033c060","FUN_0033c060","003383e8","FUN_003383e8"
"0033c450","FUN_0033c450","00346520","FUN_00346520"
"0033d958","FUN_0033d958","00343308","FUN_00343308"
"0033d998","FUN_0033d998","00338d68","FUN_00338d68"
"0033d9f8","FUN_0033d9f8","0033f900","FUN_0033f900"
"0033da40","FUN_0033da40","0033f900","FUN_0033f900"
"0033daa8","FUN_0033daa8","00333168","FUN_00333168"
"0033daa8","FUN_0033daa8","00333230","FUN_00333230"
"0033daa8","FUN_0033daa8","0033f900","FUN_0033f900"
"0033dd58","FUN_0033dd58","00338898","FUN_00338898"
"0033dec0","FUN_0033dec0","00335cc8","FUN_00335cc8"
"0033df40","FUN_0033df40","0033aa08","FUN_0033aa08"
"0033df40","FUN_0033df40","0033c478","FUN_0033c478"
"0033df40","FUN_0033df40","0033cd40","FUN_0033cd40"
"0033df40","FUN_0033df40","0033cf18","FUN_0033cf18"
"0033df40","FUN_0033df40","0033d458","FUN_0033d458"
"0033e068","FUN_0033e068","0033ea80","FUN_0033ea80"
"0033e640","FUN_0033e640","00333168","FUN_00333168"
"0033e640","FUN_0033e640","00333230","FUN_00333230"
"0033e640","FUN_0033e640","00338cd0","FUN_00338cd0"
"0033ea80","FUN_0033ea80","00338898","FUN_00338898"
"0033eae8","FUN_0033eae8","00333330","FUN_00333330"
"0033eae8","FUN_0033eae8","00336b08","FUN_00336b08"
"0033eae8","FUN_0033eae8","00338768","FUN_00338768"
"0033efc0","FUN_0033efc0","00338cd0","FUN_00338cd0"
"0033f110","FUN_0033f110","00334ef0","FUN_00334ef0"
"0033f190","FUN_0033f190","00335448","FUN_00335448"
"0033f210","FUN_0033f210","00334cb0","FUN_00334cb0"
"0033f290","FUN_0033f290","00335268","FUN_00335268"
"0033f310","FUN_0033f310","00335428","FUN_00335428"
"0033f8c0","FUN_0033f8c0","00344178","FUN_00344178"
"0033f970","FUN_0033f970","0033efc0","FUN_0033efc0"
"0033f9c8","FUN_0033f9c8","0033efc0","FUN_0033efc0"
"0033fa00","FUN_0033fa00","00338d68","FUN_00338d68"
"0033faa0","FUN_0033faa0","00338d68","FUN_00338d68"
"0033fb60","FUN_0033fb60","00338d68","FUN_00338d68"
"0033fc90","FUN_0033fc90","00338898","FUN_00338898"
"0033fd08","FUN_0033fd08","0033ee70","FUN_0033ee70"
"0033fd08","FUN_0033fd08","0033f900","FUN_0033f900"
"0033fe48","FUN_0033fe48","00335cc8","FUN_00335cc8"
"003419f8","FUN_003419f8","00333168","FUN_00333168"
"003419f8","FUN_003419f8","00333230","FUN_00333230"
"00342500","FUN_00342500","00340c50","FUN_00340c50"
"00343470","FUN_00343470","00338898","FUN_00338898"
"00346520","FUN_00346520","00338d68","FUN_00338d68"
"003468b8","FUN_003468b8","00338898","FUN_00338898"
"00346900","FUN_00346900","00338898","FUN_00338898"
"00346a48","FUN_00346a48","00344be8","FUN_00344be8"
"00346a48","FUN_00346a48","00344e60","FUN_00344e60"
"00346b18","FUN_00346b18","0033f900","FUN_0033f900"
"0034b1e0","FUN_0034b1e0","0034a5f0","FUN_0034a5f0"
"0034b1e0","FUN_0034b1e0","0034af30","FUN_0034af30"
"0034c8d8","FUN_0034c8d8","00335960","FUN_00335960"
"0034cf40","FUN_0034cf40","0034cf40","FUN_0034cf40"
"0034e3f8","FUN_0034e3f8","0034d888","FUN_0034d888"
"0034e3f8","FUN_0034e3f8","0034dd00","FUN_0034dd00"
"0034fa98","FUN_0034fa98","0034d0a8","FUN_0034d0a8"
"0034fa98","FUN_0034fa98","0034dd00","FUN_0034dd00"
"0034fc60","FUN_0034fc60","0053b520","FUN_0053b520"
"0034fc60","FUN_0034fc60","0053b550","FUN_0053b550"
"0034fc60","FUN_0034fc60","0053c300","FUN_0053c300"
"0034fc60","FUN_0034fc60","0053c3d0","FUN_0053c3d0"
"0034fcf8","FUN_0034fcf8","0034f4a0","FUN_0034f4a0"
"0034fd80","FUN_0034fd80","00547cb0","FUN_00547cb0"
"0034fd80","FUN_0034fd80","00549cc8","FUN_00549cc8"
"00353568","FUN_00353568","00351ce8","FUN_00351ce8"
"00358088","FUN_00358088","00335810","FUN_00335810"
"00358088","FUN_00358088","00339250","FUN_00339250"
"00358088","FUN_00358088","0035a2d8","FUN_0035a2d8"
"00358088","FUN_00358088","00361498","FUN_00361498"
"00358088","FUN_00358088","00366958","FUN_00366958"
"00358088","FUN_00358088","003669a8","FUN_003669a8"
"00359ca0","FUN_00359ca0","00548998","FUN_00548998"
"00359f08","FUN_00359f08","00342e20","FUN_00342e20"
"0035a0e8","FUN_0035a0e8","00342e20","FUN_00342e20"
"0035a2d8","FUN_0035a2d8","00359dd8","FUN_00359dd8"
"0035a2d8","FUN_0035a2d8","00359f08","FUN_00359f08"
"0035a2d8","FUN_0035a2d8","0035a0e8","FUN_0035a0e8"
"0035abb8","FUN_0035abb8","0034f4a0","FUN_0034f4a0"
"0035afb8","FUN_0035afb8","0033c060","FUN_0033c060"
"0035afb8","FUN_0035afb8","0033dd58","FUN_0033dd58"
"0035afb8","FUN_0035afb8","00343470","FUN_00343470"
"0035afb8","FUN_0035afb8","003468b8","FUN_003468b8"
"0035b160","FUN_0035b160","0034e8f8","FUN_0034e8f8"
"0035b160","FUN_0035b160","0035a3b0","FUN_0035a3b0"
"0035b218","FUN_0035b218","0034e260","FUN_0034e260"
"0035b218","FUN_0035b218","00359dd8","FUN_00359dd8"
"0035b218","FUN_0035b218","00369a50","FUN_00369a50"
"0035b7c0","FUN_0035b7c0","0034e8f8","FUN_0034e8f8"
"0035bb90","FUN_0035bb90","0034e8f8","FUN_0034e8f8"
"00361498","FUN_00361498","00342e20","FUN_00342e20"
"00361498","FUN_00361498","00342f20","FUN_00342f20"
"00361508","FUN_00361508","00342f20","FUN_00342f20"
"00361548","FUN_00361548","0035bcd8","FUN_0035bcd8"
"00366958","FUN_00366958","00364120","FUN_00364120"
"003698c0","FUN_003698c0","003671e8","FUN_003671e8"
"00369c18","FUN_00369c18","00333168","FUN_00333168"
"00369c18","FUN_00369c18","00333230","FUN_00333230"
"00369f30","FUN_00369f30","00333168","FUN_00333168"
"00369f30","FUN_00369f30","00333230","FUN_00333230"
"0036a3a8","FUN_0036a3a8","0054e5e8","FUN_0054e5e8"
"0036a770","FUN_0036a770","0036af18","FUN_0036af18"
"0036a7a0","FUN_0036a7a0","0036b530","FUN_0036b530"
"0036af18","FUN_0036af18","00335cc8","FUN_00335cc8"
"0036af18","FUN_0036af18","00372160","FUN_00372160"
"0036b530","FUN_0036b530","003364a8","FUN_003364a8"
"0036ce30","FUN_0036ce30","00333168","FUN_00333168"
"0036ce30","FUN_0036ce30","00333230","FUN_00333230"
"0036ce30","FUN_0036ce30","0036ca58","FUN_0036ca58"
"0036ee50","FUN_0036ee50","0036c498","FUN_0036c498"
"0036f520","FUN_0036f520","0036afd0","FUN_0036afd0"
"00372448","FUN_00372448","003717e0","FUN_003717e0"
"00372468","FUN_00372468","00333168","FUN_00333168"
"00372468","FUN_00372468","00333230","FUN_00333230"
"003727b8","FUN_003727b8","00333168","FUN_00333168"
"003727b8","FUN_003727b8","00333230","FUN_00333230"
"00372818","FUN_00372818","00333168","FUN_00333168"
"00372818","FUN_00372818","00333230","FUN_00333230"
"00372958","FUN_00372958","00333168","FUN_00333168"
"00372958","FUN_00372958","00333230","FUN_00333230"
"00374610","FUN_00374610","0033ea80","FUN_0033ea80"
"00374d20","FUN_00374d20","00373660","FUN_00373660"
"00374d20","FUN_00374d20","00375388","FUN_00375388"
"00374dc0","FUN_00374dc0","003747d0","FUN_003747d0"
"0037527c","FUN_0037527c","00332f70","FUN_00332f70"
"0037527c","FUN_0037527c","00337ac8","FUN_00337ac8"
"0037527c","FUN_0037527c","003732c8","FUN_003732c8"
"0037527c","FUN_0037527c","00374748","FUN_00374748"
"00375388","FUN_00375388","00373660","FUN_00373660"
"003753e8","FUN_003753e8","003c1818","FUN_003c1818"
"00377b08","FUN_00377b08","00338cd0","FUN_00338cd0"
"00377b08","FUN_00377b08","003792d0","FUN_003792d0"
"00379078","FUN_00379078","0033dd58","FUN_0033dd58"
"00379078","FUN_00379078","0037d508","FUN_0037d508"
"00379108","FUN_00379108","0036b768","FUN_0036b768"
"003792d0","FUN_003792d0","00346b18","FUN_00346b18"
"003795c8","FUN_003795c8","00338cd0","FUN_00338cd0"
"00379a90","FUN_00379a90","00379158","FUN_00379158"
"00379ac0","FUN_00379ac0","003791d0","FUN_003791d0"
"00379af0","FUN_00379af0","00379250","FUN_00379250"
"00379b90","FUN_00379b90","003775b8","FUN_003775b8"
"00379bb8","FUN_00379bb8","003773a8","FUN_003773a8"
"00379c68","FUN_00379c68","00338898","FUN_00338898"
"00379cb0","FUN_00379cb0","00338898","FUN_00338898"
"00379d80","FUN_00379d80","003383e8","FUN_003383e8"
"00379ed8","FUN_00379ed8","00377c20","FUN_00377c20"
"00379ef8","FUN_00379ef8","00379770","FUN_00379770"
"0037a098","FUN_0037a098","003794e8","FUN_003794e8"
"0037a098","FUN_0037a098","0037d1e8","FUN_0037d1e8"
"0037a0d8","FUN_0037a0d8","0033d998","FUN_0033d998"
"0037a0d8","FUN_0037a0d8","00379558","FUN_00379558"
"0037a2f0","FUN_0037a2f0","00379770","FUN_00379770"
"0037c5f0","FUN_0037c5f0","0037acd8","FUN_0037acd8"
"0037c5f0","FUN_0037c5f0","0037afa8","FUN_0037afa8"
"0037c5f0","FUN_0037c5f0","0037c980","FUN_0037c980"
"0037c668","FUN_0037c668","0037a4d0","FUN_0037a4d0"
"0037c8e8","FUN_0037c8e8","0037fa68","FUN_0037fa68"
"0037ca58","FUN_0037ca58","00338898","FUN_00338898"
"0037caa0","FUN_0037caa0","003383e8","FUN_003383e8"
"0037cff8","FUN_0037cff8","00335cc8","FUN_00335cc8"
"0037d1e8","FUN_0037d1e8","00338d68","FUN_00338d68"
"0037d248","FUN_0037d248","0033f900","FUN_0033f900"
"0037d368","FUN_0037d368","00332de0","FUN_00332de0"
"0037d368","FUN_0037d368","00337c68","FUN_00337c68"
"0037d368","FUN_0037d368","00338680","FUN_00338680"
"0037d508","FUN_0037d508","00338898","FUN_00338898"
"0037d5e0","FUN_0037d5e0","0037d1e8","FUN_0037d1e8"
"0037dda0","FUN_0037dda0","00335cc8","FUN_00335cc8"
"0037e030","FUN_0037e030","00338d68","FUN_00338d68"
"0037e108","FUN_0037e108","00338898","FUN_00338898"
"0037e150","FUN_0037e150","003383e8","FUN_003383e8"
"0037e260","FUN_0037e260","00332a58","FUN_00332a58"
"0037e260","FUN_0037e260","0054e5e8","FUN_0054e5e8"
"0037f2d0","FUN_0037f2d0","00335960","FUN_00335960"
"0037f888","FUN_0037f888","003364a8","FUN_003364a8"
"00388548","FUN_00388548","003829c0","FUN_003829c0"
"00388568","FUN_00388568","003829c0","FUN_003829c0"
"00388588","FUN_00388588","003852d8","FUN_003852d8"
"003885a8","FUN_003885a8","003829c0","FUN_003829c0"
"003885c8","FUN_003885c8","003829c0","FUN_003829c0"
"003885e8","FUN_003885e8","003852d8","FUN_003852d8"
"00389420","FUN_00389420","0033ea80","FUN_0033ea80"
"00389978","FUN_00389978","0036b768","FUN_0036b768"
"00389fd0","FUN_00389fd0","0038b9c8","FUN_0038b9c8"
"0038a3d8","FUN_0038a3d8","00335cc8","FUN_00335cc8"
"0038a3d8","FUN_0038a3d8","0038d990","FUN_0038d990"
"0038a468","FUN_0038a468","00388738","FUN_00388738"
"0038a468","FUN_0038a468","00391068","FUN_00391068"
"0038ad68","FUN_0038ad68","0033ea80","FUN_0033ea80"
"0038c1a8","FUN_0038c1a8","0038b220","FUN_0038b220"
"0038c3a8","FUN_0038c3a8","0038b3b8","FUN_0038b3b8"
"0038c418","FUN_0038c418","0038b598","FUN_0038b598"
"0038c508","FUN_0038c508","0038b360","FUN_0038b360"
"0038c538","FUN_0038c538","0038b278","FUN_0038b278"
"0038c580","FUN_0038c580","0038b598","FUN_0038b598"
"0038c5b0","FUN_0038c5b0","0038b638","FUN_0038b638"
"0038c5f8","FUN_0038c5f8","0038b220","FUN_0038b220"
"0038c628","FUN_0038c628","0038b1f8","FUN_0038b1f8"
"0038c670","FUN_0038c670","0037f3b0","FUN_0037f3b0"
"0038c6e8","FUN_0038c6e8","0037fcb8","FUN_0037fcb8"
"0038c708","FUN_0038c708","0038ff08","FUN_0038ff08"
"0038c728","FUN_0038c728","003902c0","FUN_003902c0"
"0038c758","FUN_0038c758","00390c28","FUN_00390c28"
"0038c778","FUN_0038c778","00390590","FUN_00390590"
"0038c798","FUN_0038c798","00390950","FUN_00390950"
"0038c7c8","FUN_0038c7c8","00390ee8","FUN_00390ee8"
"0038c888","FUN_0038c888","0037fcb8","FUN_0037fcb8"
"0038c888","FUN_0038c888","0038a0b0","FUN_0038a0b0"
"0038d990","FUN_0038d990","0038db58","FUN_0038db58"
"0038d990","FUN_0038d990","0038dcc8","FUN_0038dcc8"
"0038d990","FUN_0038d990","00396f30","FUN_00396f30"
"0038d990","FUN_0038d990","00396fb0","FUN_00396fb0"
"0038d990","FUN_0038d990","00397030","FUN_00397030"
"0038d990","FUN_0038d990","003970b0","FUN_003970b0"
"0038d990","FUN_0038d990","003970d0","FUN_003970d0"
"0038d990","FUN_0038d990","003970f0","FUN_003970f0"
"0038da40","FUN_0038da40","0038dcc8","FUN_0038dcc8"
"0038da40","FUN_0038da40","003970b0","FUN_003970b0"
"0038da40","FUN_0038da40","003970d0","FUN_003970d0"
"0038da40","FUN_0038da40","003970f0","FUN_003970f0"
"0038dcc8","FUN_0038dcc8","00369f30","FUN_00369f30"
"0038dcc8","FUN_0038dcc8","0036a720","FUN_0036a720"
"0038dcc8","FUN_0038dcc8","0036b620","FUN_0036b620"
"0038e290","FUN_0038e290","00369540","FUN_00369540"
"0038e2b8","FUN_0038e2b8","0034e8f8","FUN_0034e8f8"
"0038fcf8","FUN_0038fcf8","0034dd00","FUN_0034dd00"
"00393e38","FUN_00393e38","00392d80","FUN_00392d80"
"00393e38","FUN_00393e38","00395fa8","FUN_00395fa8"
"00393e88","FUN_00393e88","00391a68","FUN_00391a68"
"00393f40","FUN_00393f40","0038fd28","FUN_0038fd28"
"003940b0","FUN_003940b0","003779d8","FUN_003779d8"
"003944c0","FUN_003944c0","0034e8f8","FUN_0034e8f8"
"00394e48","FUN_00394e48","00394900","FUN_00394900"
"00394f10","FUN_00394f10","003351e8","FUN_003351e8"
"00395000","FUN_00395000","0036f110","FUN_0036f110"
"00395bb0","FUN_00395bb0","00395000","FUN_00395000"
"00395c28","FUN_00395c28","0038fd28","FUN_0038fd28"
"003969c8","FUN_003969c8","00391a68","FUN_00391a68"
"00396f30","FUN_00396f30","003c1818","FUN_003c1818"
"00396fb0","FUN_00396fb0","003c1818","FUN_003c1818"
"00397030","FUN_00397030","003c1818","FUN_003c1818"
"003970b0","FUN_003970b0","0038dad8","FUN_0038dad8"
"003970d0","FUN_003970d0","0038daa8","FUN_0038daa8"
"003970f0","FUN_003970f0","0038da78","FUN_0038da78"
"00397120","FUN_00397120","0038fe48","FUN_0038fe48"
"00397440","FUN_00397440","00333168","FUN_00333168"
"00397440","FUN_00397440","00333230","FUN_00333230"
"00397440","FUN_00397440","0053b1f8","FUN_0053b1f8"
"00399a98","FUN_00399a98","0033ea80","FUN_0033ea80"
"0039a9e0","FUN_0039a9e0","00332a58","FUN_00332a58"
"0039a9e0","FUN_0039a9e0","00332f70","FUN_00332f70"
"0039a9e0","FUN_0039a9e0","003331f0","FUN_003331f0"
"0039a9e0","FUN_0039a9e0","00333230","FUN_00333230"
"0039a9e0","FUN_0039a9e0","0033b9d0","FUN_0033b9d0"
"0039aa90","FUN_0039aa90","0033c0c0","FUN_0033c0c0"
"0039aca0","FUN_0039aca0","00332ed0","FUN_00332ed0"
"0039ada0","FUN_0039ada0","00332ed0","FUN_00332ed0"
"0039b050","FUN_0039b050","003c1818","FUN_003c1818"
"0039b230","FUN_0039b230","003c1818","FUN_003c1818"
"0039b288","FUN_0039b288","0038a0b0","FUN_0038a0b0"
"0039b288","FUN_0039b288","003c1818","FUN_003c1818"
"0039b2e0","FUN_0039b2e0","00399628","FUN_00399628"
"0039b300","FUN_0039b300","0033d8e0","FUN_0033d8e0"
"0039b320","FUN_0039b320","0033d958","FUN_0033d958"
"0039b360","FUN_0039b360","00113080","FUN_00113080"
"0039b380","FUN_0039b380","00511b50","FUN_00511b50"
"0039b3d0","FUN_0039b3d0","00247350","FUN_00247350"
"0039b3d0","FUN_0039b3d0","0039b380","FUN_0039b380"
"0039b3d0","FUN_0039b3d0","0039b3d0","FUN_0039b3d0"
"0039b3d0","FUN_0039b3d0","0039b560","FUN_0039b560"
"0039b3d0","FUN_0039b3d0","0039b590","FUN_0039b590"
"0039b3d0","FUN_0039b3d0","0039b740","FUN_0039b740"
"0039b3d0","FUN_0039b3d0","0039b750","FUN_0039b750"
"0039b3d0","FUN_0039b3d0","005515d8","FUN_005515d8"
"0039b560","FUN_0039b560","0033e578","FUN_0033e578"
"0039b560","FUN_0039b560","0033e750","FUN_0033e750"
"0039b560","FUN_0039b560","0033eae8","FUN_0033eae8"
"0039b590","FUN_0039b590","0033e640","FUN_0033e640"
"0039b590","FUN_0039b590","0033e750","FUN_0033e750"
"0039b590","FUN_0039b590","0033e7d8","FUN_0033e7d8"
"0039b590","FUN_0039b590","0033e928","FUN_0033e928"
"0039b590","FUN_0039b590","0033eae8","FUN_0033eae8"
"0039b590","FUN_0039b590","00345fe0","FUN_00345fe0"
"0039b590","FUN_0039b590","00346018","FUN_00346018"
"0039b590","FUN_0039b590","0034f978","FUN_0034f978"
"0039b590","FUN_0039b590","0034fd40","FUN_0034fd40"
"0039b590","FUN_0039b590","0035ac70","FUN_0035ac70"
"0039b590","FUN_0039b590","0039b350","FUN_0039b350"
"0039b590","FUN_0039b590","0039b360","FUN_0039b360"
"0039b590","FUN_0039b590","0039b3a0","FUN_0039b3a0"
"0039b590","FUN_0039b590","0039b3d0","FUN_0039b3d0"
"0039b590","FUN_0039b590","00511bd0","FUN_00511bd0"
"0039bc60","FUN_0039bc60","00530cd8","FUN_00530cd8"
"0039e600","FUN_0039e600","0033ea80","FUN_0033ea80"
"0039e898","FUN_0039e898","00335cc8","FUN_00335cc8"
"0039e968","FUN_0039e968","003364a8","FUN_003364a8"
"0039ebf0","FUN_0039ebf0","0028aa70","FUN_0028aa70"
"0039ec20","FUN_0039ec20","0028ac70","FUN_0028ac70"
"0039ec20","FUN_0039ec20","00379158","FUN_00379158"
"0039f0e0","FUN_0039f0e0","00101700","FUN_00101700"
"0039f0e0","FUN_0039f0e0","0039f180","FUN_0039f180"
"0039f0e0","FUN_0039f0e0","003a0630","FUN_003a0630"
"0039f0e0","FUN_0039f0e0","004d9d80","FUN_004d9d80"
"0039f0e0","FUN_0039f0e0","004d9d90","FUN_004d9d90"
"0039f180","FUN_0039f180","003a0540","FUN_003a0540"
"0039f180","FUN_0039f180","003a0570","FUN_003a0570"
"0039f180","FUN_0039f180","00551240","FUN_00551240"
"0039f180","FUN_0039f180","005519c0","FUN_005519c0"
"0039f3b0","FUN_0039f3b0","003c7920","FUN_003c7920"
"003a0080","FUN_003a0080","002640d0","FUN_002640d0"
"003a0080","FUN_003a0080","004da6a0","FUN_004da6a0"
"003a0360","FUN_003a0360","003a03a0","FUN_003a03a0"
"003a0360","FUN_003a0360","0058c330","FUN_0058c330"
"003a0360","FUN_003a0360","0058c3c0","FUN_0058c3c0"
"003a03a0","FUN_003a03a0","002c14b0","FUN_002c14b0"
"003a0630","FUN_003a0630","00101a00","FUN_00101a00"
"003a0a10","FUN_003a0a10","003a5000","FUN_003a5000"
"003a0b30","FUN_003a0b30","003a5000","FUN_003a5000"
"003a0b30","FUN_003a0b30","003a5100","FUN_003a5100"
"003a0b30","FUN_003a0b30","003a5760","FUN_003a5760"
"003a0d10","FUN_003a0d10","003a0b30","FUN_003a0b30"
"003a0d10","FUN_003a0d10","003a0fe0","FUN_003a0fe0"
"003a0d10","FUN_003a0d10","003a5000","FUN_003a5000"
"003a0d10","FUN_003a0d10","003a5100","FUN_003a5100"
"003a0d10","FUN_003a0d10","003fca20","FUN_003fca20"
"003a0d10","FUN_003a0d10","0045a380","FUN_0045a380"
"003a0e90","FUN_003a0e90","003a1010","FUN_003a1010"
"003a1010","FUN_003a1010","005502c8","FUN_005502c8"
"003a1070","FUN_003a1070","005502c8","FUN_005502c8"
"003a17f0","FUN_003a17f0","003a5000","FUN_003a5000"
"003a17f0","FUN_003a17f0","003a5520","FUN_003a5520"
"003a1970","FUN_003a1970","003a19e0","FUN_003a19e0"
"003a1c10","FUN_003a1c10","005502c8","FUN_005502c8"
"003a2450","FUN_003a2450","003a10d0","FUN_003a10d0"
"003a27f0","FUN_003a27f0","0045fbc0","FUN_0045fbc0"
"003a2b90","FUN_003a2b90","003a5000","FUN_003a5000"
"003a2cf0","FUN_003a2cf0","001018e0","FUN_001018e0"
"003a2cf0","FUN_003a2cf0","002ebbe0","FUN_002ebbe0"
"003a2cf0","FUN_003a2cf0","003a6170","FUN_003a6170"
"003a2df0","FUN_003a2df0","003a17f0","FUN_003a17f0"
"003a2df0","FUN_003a2df0","003a5000","FUN_003a5000"
"003a2f40","FUN_003a2f40","003a3260","FUN_003a3260"
"003a3df0","FUN_003a3df0","001100d0","FUN_001100d0"
"003a6170","FUN_003a6170","001018e0","FUN_001018e0"
"003a6170","FUN_003a6170","003a61e0","FUN_003a61e0"
"003a61f0","FUN_003a61f0","001018e0","FUN_001018e0"
"003a61f0","FUN_003a61f0","003a6260","FUN_003a6260"
"003a9780","FUN_003a9780","0010fbf0","FUN_0010fbf0"
"003a9780","FUN_003a9780","003a95f0","FUN_003a95f0"
"003a9a20","FUN_003a9a20","003a9780","FUN_003a9780"
"003a9a60","FUN_003a9a60","0010fbf0","FUN_0010fbf0"
"003a9a60","FUN_003a9a60","003a9780","FUN_003a9780"
"003aae30","FUN_003aae30","003747d0","FUN_003747d0"
"003aae70","FUN_003aae70","004c0010","FUN_004c0010"
"003aaf00","FUN_003aaf00","003ac6d0","FUN_003ac6d0"
"003aaf60","FUN_003aaf60","003ae7e0","FUN_003ae7e0"
"003aafc0","FUN_003aafc0","003ae770","FUN_003ae770"
"003ae770","FUN_003ae770","0027dff0","FUN_0027dff0"
"003ae770","FUN_003ae770","003aee80","FUN_003aee80"
"003ae7e0","FUN_003ae7e0","0018f7e0","FUN_0018f7e0"
"003aeef0","FUN_003aeef0","003ab020","FUN_003ab020"
"003b08c0","FUN_003b08c0","003fca30","FUN_003fca30"
"003b08c0","FUN_003b08c0","00456010","FUN_00456010"
"003b0d00","FUN_003b0d00","003fca30","FUN_003fca30"
"003b0d00","FUN_003b0d00","00456010","FUN_00456010"
"003b68c0","FUN_003b68c0","003d3e30","FUN_003d3e30"
"003b68f0","FUN_003b68f0","001018e0","FUN_001018e0"
"003b68f0","FUN_003b68f0","003d3e40","FUN_003d3e40"
"003b6ed0","FUN_003b6ed0","00110400","FUN_00110400"
"003b6ed0","FUN_003b6ed0","005502c8","FUN_005502c8"
"003b85f0","FUN_003b85f0","005502c8","FUN_005502c8"
"003bb4e0","FUN_003bb4e0","003fca30","FUN_003fca30"
"003bb4e0","FUN_003bb4e0","003fcdc0","FUN_003fcdc0"
"003bb540","FUN_003bb540","003fca30","FUN_003fca30"
"003bb540","FUN_003bb540","003fcdc0","FUN_003fcdc0"
"003bda60","FUN_003bda60","002ebbe0","FUN_002ebbe0"
"003bda60","FUN_003bda60","003de260","FUN_003de260"
"003bda60","FUN_003bda60","003dee40","FUN_003dee40"
"003bdb20","FUN_003bdb20","003de250","FUN_003de250"
"003bdb20","FUN_003bdb20","003dedf0","FUN_003dedf0"
"003bdbb0","FUN_003bdbb0","003fca30","FUN_003fca30"
"003bdbb0","FUN_003bdbb0","003fcdc0","FUN_003fcdc0"
"003bdc20","FUN_003bdc20","003fca20","FUN_003fca20"
"003bdc20","FUN_003bdc20","003fdbf0","FUN_003fdbf0"
"003bdcc0","FUN_003bdcc0","003fca30","FUN_003fca30"
"003bdcc0","FUN_003bdcc0","003fcdc0","FUN_003fcdc0"
"003bdd30","FUN_003bdd30","003fca20","FUN_003fca20"
"003bdd30","FUN_003bdd30","003fd1a0","FUN_003fd1a0"
"003bddc0","FUN_003bddc0","003fca30","FUN_003fca30"
"003bddc0","FUN_003bddc0","003fcdc0","FUN_003fcdc0"
"003bde30","FUN_003bde30","003fca20","FUN_003fca20"
"003bde30","FUN_003bde30","003fd1a0","FUN_003fd1a0"
"003bdeb0","FUN_003bdeb0","003fca30","FUN_003fca30"
"003bdeb0","FUN_003bdeb0","003fcdc0","FUN_003fcdc0"
"003bdf20","FUN_003bdf20","003fca20","FUN_003fca20"
"003bdf20","FUN_003bdf20","003fdbf0","FUN_003fdbf0"
"003bdfb0","FUN_003bdfb0","003fca30","FUN_003fca30"
"003bdfb0","FUN_003bdfb0","003fcdc0","FUN_003fcdc0"
"003be020","FUN_003be020","003fca20","FUN_003fca20"
"003be020","FUN_003be020","003fd1a0","FUN_003fd1a0"
"003be0a0","FUN_003be0a0","003fca30","FUN_003fca30"
"003be0a0","FUN_003be0a0","003fca70","FUN_003fca70"
"003be1a0","FUN_003be1a0","002ec0c0","FUN_002ec0c0"
"003be260","FUN_003be260","003fca30","FUN_003fca30"
"003be260","FUN_003be260","003fca70","FUN_003fca70"
"003be2c0","FUN_003be2c0","003fca20","FUN_003fca20"
"003be2c0","FUN_003be2c0","003fca40","FUN_003fca40"
"003be590","FUN_003be590","002ebbe0","FUN_002ebbe0"
"003be590","FUN_003be590","003fca30","FUN_003fca30"
"003be590","FUN_003be590","003fcb10","FUN_003fcb10"
"003bea10","FUN_003bea10","003bf560","FUN_003bf560"
"003bea10","FUN_003bea10","003bf880","FUN_003bf880"
"003bf8e0","FUN_003bf8e0","003be3e0","FUN_003be3e0"
"003bf8e0","FUN_003bf8e0","003fca20","FUN_003fca20"
"003c0908","FUN_003c0908","0033ea80","FUN_0033ea80"
"003c0940","FUN_003c0940","00333168","FUN_00333168"
"003c0940","FUN_003c0940","00333230","FUN_00333230"
"003c0b78","FUN_003c0b78","00333168","FUN_00333168"
"003c0b78","FUN_003c0b78","00333230","FUN_00333230"
"003c12e8","FUN_003c12e8","0054e430","FUN_0054e430"
"003c1650","FUN_003c1650","00335cc8","FUN_00335cc8"
"003c16a8","FUN_003c16a8","003364a8","FUN_003364a8"
"003c17c8","FUN_003c17c8","003c1978","FUN_003c1978"
"003c17c8","FUN_003c17c8","003c1cd8","FUN_003c1cd8"
"003c1818","FUN_003c1818","003c1dd8","FUN_003c1dd8"
"003c18a0","FUN_003c18a0","003c1d40","FUN_003c1d40"
"003c18e8","FUN_003c18e8","003c1818","FUN_003c1818"
"003c1918","FUN_003c1918","003c1818","FUN_003c1818"
"003c1948","FUN_003c1948","003c1818","FUN_003c1818"
"003c1978","FUN_003c1978","00333168","FUN_00333168"
"003c1978","FUN_003c1978","00333230","FUN_00333230"
"003c3800","FUN_003c3800","0034e8f8","FUN_0034e8f8"
"003c4e20","FUN_003c4e20","003c4e50","FUN_003c4e50"
"003c4fd0","FUN_003c4fd0","003c4e50","FUN_003c4e50"
"003c5020","FUN_003c5020","003c4e50","FUN_003c4e50"
"003c5070","FUN_003c5070","003c4e50","FUN_003c4e50"
"003c50c0","FUN_003c50c0","003c4e50","FUN_003c4e50"
"003c5110","FUN_003c5110","003c4e50","FUN_003c4e50"
"003c5160","FUN_003c5160","003c4e50","FUN_003c4e50"
"003c5810","FUN_003c5810","003c66b0","FUN_003c66b0"
"003c5910","FUN_003c5910","003c66b0","FUN_003c66b0"
"003c59f0","FUN_003c59f0","003c66b0","FUN_003c66b0"
"003c5d00","FUN_003c5d00","0034e8f8","FUN_0034e8f8"
"003c5eb0","FUN_003c5eb0","0034e8f8","FUN_0034e8f8"
"003c5eb0","FUN_003c5eb0","0038e5d8","FUN_0038e5d8"
"003c5eb0","FUN_003c5eb0","0038e650","FUN_0038e650"
"003c5eb0","FUN_003c5eb0","003c5d00","FUN_003c5d00"
"003c6da0","FUN_003c6da0","0011eed0","FUN_0011eed0"
"003c6da0","FUN_003c6da0","0018df90","FUN_0018df90"
"003c6da0","FUN_003c6da0","002c3da0","FUN_002c3da0"
"003c6da0","FUN_003c6da0","002c4230","FUN_002c4230"
"003c6da0","FUN_003c6da0","002c4570","FUN_002c4570"
"003c6ec0","FUN_003c6ec0","002d2aa0","FUN_002d2aa0"
"003c6ec0","FUN_003c6ec0","002e08a0","FUN_002e08a0"
"003c6ec0","FUN_003c6ec0","003aafc0","FUN_003aafc0"
"003c6ec0","FUN_003c6ec0","0051f620","FUN_0051f620"
"003c6f90","FUN_003c6f90","001105d0","FUN_001105d0"
"003c6f90","FUN_003c6f90","00241290","FUN_00241290"
"003c6f90","FUN_003c6f90","00245f90","FUN_00245f90"
"003c6f90","FUN_003c6f90","002462d0","FUN_002462d0"
"003c6f90","FUN_003c6f90","002a5450","FUN_002a5450"
"003c6f90","FUN_003c6f90","002a5970","FUN_002a5970"
"003c6f90","FUN_003c6f90","002b0820","FUN_002b0820"
"003c6f90","FUN_003c6f90","002b0920","FUN_002b0920"
"003c6f90","FUN_003c6f90","002b2120","FUN_002b2120"
"003c7080","FUN_003c7080","0010efc0","FUN_0010efc0"
"003c7120","FUN_003c7120","00233310","FUN_00233310"
"003c84a0","FUN_003c84a0","003c85c0","FUN_003c85c0"
"003c84a0","FUN_003c84a0","00551028","FUN_00551028"
"003c8510","FUN_003c8510","00294e30","FUN_00294e30"
"003c8510","FUN_003c8510","00296850","FUN_00296850"
"003c8c80","FUN_003c8c80","005080b0","FUN_005080b0"
"003c8d20","FUN_003c8d20","00300ef0","FUN_00300ef0"
"003c8d20","FUN_003c8d20","003014f0","FUN_003014f0"
"003c8d20","FUN_003c8d20","00301540","FUN_00301540"
"003c8d20","FUN_003c8d20","00301560","FUN_00301560"
"003c8d20","FUN_003c8d20","00345b00","FUN_00345b00"
"003c8d70","FUN_003c8d70","0039a1d0","FUN_0039a1d0"
"003c8d70","FUN_003c8d70","003aae70","FUN_003aae70"
"003c8d70","FUN_003c8d70","003c8f80","thunk_FUN_00507c10"
"003c8d70","FUN_003c8d70","003c8f90","thunk_FUN_00507d80"
"003c8d70","FUN_003c8d70","00500660","FUN_00500660"
"003c8d70","FUN_003c8d70","00507ea0","FUN_00507ea0"
"003c8d70","FUN_003c8d70","00551c48","FUN_00551c48"
"003c8f30","FUN_003c8f30","001111a0","FUN_001111a0"
"003c8f30","FUN_003c8f30","0037c788","FUN_0037c788"
"003c8f30","FUN_003c8f30","005005b0","FUN_005005b0"
"003c8fa0","FUN_003c8fa0","001413f0","FUN_001413f0"
"003c8fa0","FUN_003c8fa0","003c9080","FUN_003c9080"
"003c9020","FUN_003c9020","00141fc0","FUN_00141fc0"
"003c9020","FUN_003c9020","00167b90","FUN_00167b90"
"003c9480","FUN_003c9480","001500f0","FUN_001500f0"
"003c9620","FUN_003c9620","0014ee60","FUN_0014ee60"
"003c9620","FUN_003c9620","003c96d0","FUN_003c96d0"
"003ca670","FUN_003ca670","001018e0","FUN_001018e0"
"003ca670","FUN_003ca670","003d4d60","FUN_003d4d60"
"003cd2d0","FUN_003cd2d0","003d3f40","FUN_003d3f40"
"003cd2d0","FUN_003cd2d0","003d4c00","FUN_003d4c00"
"003cd360","FUN_003cd360","003cd930","FUN_003cd930"
"003ce8a0","FUN_003ce8a0","001018e0","FUN_001018e0"
"003ce8a0","FUN_003ce8a0","003d5010","FUN_003d5010"
"003ce900","FUN_003ce900","001018e0","FUN_001018e0"
"003ce950","FUN_003ce950","004fb560","FUN_004fb560"
"003cf480","FUN_003cf480","003d2fa0","FUN_003d2fa0"
"003cf480","FUN_003cf480","004fb560","FUN_004fb560"
"003cf610","FUN_003cf610","003d3850","FUN_003d3850"
"003cf610","FUN_003cf610","004fb560","FUN_004fb560"
"003cf710","FUN_003cf710","003d3850","FUN_003d3850"
"003cf710","FUN_003cf710","004fb560","FUN_004fb560"
"003cf7e0","FUN_003cf7e0","003d3850","FUN_003d3850"
"003cf7e0","FUN_003cf7e0","004fb560","FUN_004fb560"
"003cf8c0","FUN_003cf8c0","003d2fa0","FUN_003d2fa0"
"003cf8c0","FUN_003cf8c0","004fb560","FUN_004fb560"
"003cf990","FUN_003cf990","003d3560","FUN_003d3560"
"003cf990","FUN_003cf990","004fb560","FUN_004fb560"
"003cfa60","FUN_003cfa60","003d2fa0","FUN_003d2fa0"
"003cfa60","FUN_003cfa60","004fb560","FUN_004fb560"
"003cfb40","FUN_003cfb40","003d2fa0","FUN_003d2fa0"
"003cfb40","FUN_003cfb40","004fb560","FUN_004fb560"
"003cfc20","FUN_003cfc20","003d2fa0","FUN_003d2fa0"
"003cfc20","FUN_003cfc20","004fb560","FUN_004fb560"
"003cfcf0","FUN_003cfcf0","003d3850","FUN_003d3850"
"003cfcf0","FUN_003cfcf0","004fb560","FUN_004fb560"
"003cffa0","FUN_003cffa0","003d3850","FUN_003d3850"
"003cffa0","FUN_003cffa0","004fb560","FUN_004fb560"
"003d00d0","FUN_003d00d0","003d3850","FUN_003d3850"
"003d00d0","FUN_003d00d0","004fb560","FUN_004fb560"
"003d01f0","FUN_003d01f0","003d3850","FUN_003d3850"
"003d01f0","FUN_003d01f0","004fb560","FUN_004fb560"
"003d03d0","FUN_003d03d0","003d3850","FUN_003d3850"
"003d03d0","FUN_003d03d0","004fb560","FUN_004fb560"
"003d0660","FUN_003d0660","003d3850","FUN_003d3850"
"003d0660","FUN_003d0660","004fb560","FUN_004fb560"
"003d0a90","FUN_003d0a90","003d3850","FUN_003d3850"
"003d0a90","FUN_003d0a90","004fb560","FUN_004fb560"
"003d0bf0","FUN_003d0bf0","003d3850","FUN_003d3850"
"003d0bf0","FUN_003d0bf0","004fb560","FUN_004fb560"
"003d0e10","FUN_003d0e10","003d2fa0","FUN_003d2fa0"
"003d0e10","FUN_003d0e10","004fb560","FUN_004fb560"
"003d0f10","FUN_003d0f10","003d2fa0","FUN_003d2fa0"
"003d0f90","FUN_003d0f90","003d3560","FUN_003d3560"
"003d1010","FUN_003d1010","003d3560","FUN_003d3560"
"003d1010","FUN_003d1010","004fb560","FUN_004fb560"
"003d1140","FUN_003d1140","003d3850","FUN_003d3850"
"003d1140","FUN_003d1140","004fb560","FUN_004fb560"
"003d1280","FUN_003d1280","003d3b40","FUN_003d3b40"
"003d1280","FUN_003d1280","004fb560","FUN_004fb560"
"003d1380","FUN_003d1380","003d3b40","FUN_003d3b40"
"003d1400","FUN_003d1400","003d3560","FUN_003d3560"
"003d1400","FUN_003d1400","004fb560","FUN_004fb560"
"003d1520","FUN_003d1520","003d2fa0","FUN_003d2fa0"
"003d1520","FUN_003d1520","004fb560","FUN_004fb560"
"003d1650","FUN_003d1650","003d2fa0","FUN_003d2fa0"
"003d1650","FUN_003d1650","004fb560","FUN_004fb560"
"003d1780","FUN_003d1780","003d3850","FUN_003d3850"
"003d1780","FUN_003d1780","004fb560","FUN_004fb560"
"003d1880","FUN_003d1880","003d3560","FUN_003d3560"
"003d1880","FUN_003d1880","004fb560","FUN_004fb560"
"003d1b60","FUN_003d1b60","003d3560","FUN_003d3560"
"003d1bd0","FUN_003d1bd0","003d3560","FUN_003d3560"
"003d1bd0","FUN_003d1bd0","004fb560","FUN_004fb560"
"003d1e20","FUN_003d1e20","003d3560","FUN_003d3560"
"003d1e20","FUN_003d1e20","004fb560","FUN_004fb560"
"003d1f50","FUN_003d1f50","001018e0","FUN_001018e0"
"003d1f50","FUN_003d1f50","003d3590","FUN_003d3590"
"003d1fd0","FUN_003d1fd0","001018e0","FUN_001018e0"
"003d1fd0","FUN_003d1fd0","003d3590","FUN_003d3590"
"003d2050","FUN_003d2050","001018e0","FUN_001018e0"
"003d2050","FUN_003d2050","003d3590","FUN_003d3590"
"003d20d0","FUN_003d20d0","001018e0","FUN_001018e0"
"003d20d0","FUN_003d20d0","003d3590","FUN_003d3590"
"003d2150","FUN_003d2150","001018e0","FUN_001018e0"
"003d2150","FUN_003d2150","003d3880","FUN_003d3880"
"003d21d0","FUN_003d21d0","001018e0","FUN_001018e0"
"003d21d0","FUN_003d21d0","003d2fd0","FUN_003d2fd0"
"003d2250","FUN_003d2250","001018e0","FUN_001018e0"
"003d2250","FUN_003d2250","003d2fd0","FUN_003d2fd0"
"003d22d0","FUN_003d22d0","001018e0","FUN_001018e0"
"003d22d0","FUN_003d22d0","003d3590","FUN_003d3590"
"003d2350","FUN_003d2350","001018e0","FUN_001018e0"
"003d2350","FUN_003d2350","003d3b70","FUN_003d3b70"
"003d23d0","FUN_003d23d0","001018e0","FUN_001018e0"
"003d23d0","FUN_003d23d0","003d3b70","FUN_003d3b70"
"003d2450","FUN_003d2450","001018e0","FUN_001018e0"
"003d2450","FUN_003d2450","003d3880","FUN_003d3880"
"003d24d0","FUN_003d24d0","001018e0","FUN_001018e0"
"003d24d0","FUN_003d24d0","003d3590","FUN_003d3590"
"003d2550","FUN_003d2550","001018e0","FUN_001018e0"
"003d2550","FUN_003d2550","003d3590","FUN_003d3590"
"003d25d0","FUN_003d25d0","001018e0","FUN_001018e0"
"003d25d0","FUN_003d25d0","003d2fd0","FUN_003d2fd0"
"003d2650","FUN_003d2650","001018e0","FUN_001018e0"
"003d2650","FUN_003d2650","003d2fd0","FUN_003d2fd0"
"003d26d0","FUN_003d26d0","001018e0","FUN_001018e0"
"003d26d0","FUN_003d26d0","003d3880","FUN_003d3880"
"003d2750","FUN_003d2750","001018e0","FUN_001018e0"
"003d2750","FUN_003d2750","003d3880","FUN_003d3880"
"003d27d0","FUN_003d27d0","001018e0","FUN_001018e0"
"003d27d0","FUN_003d27d0","003d3880","FUN_003d3880"
"003d2850","FUN_003d2850","001018e0","FUN_001018e0"
"003d2850","FUN_003d2850","003d3880","FUN_003d3880"
"003d28d0","FUN_003d28d0","001018e0","FUN_001018e0"
"003d28d0","FUN_003d28d0","003d3880","FUN_003d3880"
"003d2950","FUN_003d2950","001018e0","FUN_001018e0"
"003d2950","FUN_003d2950","003d3880","FUN_003d3880"
"003d29d0","FUN_003d29d0","001018e0","FUN_001018e0"
"003d29d0","FUN_003d29d0","003d3880","FUN_003d3880"
"003d2a50","FUN_003d2a50","001018e0","FUN_001018e0"
"003d2a50","FUN_003d2a50","003d3880","FUN_003d3880"
"003d2ad0","FUN_003d2ad0","001018e0","FUN_001018e0"
"003d2ad0","FUN_003d2ad0","003d2fd0","FUN_003d2fd0"
"003d2b50","FUN_003d2b50","001018e0","FUN_001018e0"
"003d2b50","FUN_003d2b50","003d2fd0","FUN_003d2fd0"
"003d2bd0","FUN_003d2bd0","001018e0","FUN_001018e0"
"003d2bd0","FUN_003d2bd0","003d2fd0","FUN_003d2fd0"
"003d2c50","FUN_003d2c50","001018e0","FUN_001018e0"
"003d2c50","FUN_003d2c50","003d3590","FUN_003d3590"
"003d2cd0","FUN_003d2cd0","001018e0","FUN_001018e0"
"003d2cd0","FUN_003d2cd0","003d2fd0","FUN_003d2fd0"
"003d2d50","FUN_003d2d50","001018e0","FUN_001018e0"
"003d2d50","FUN_003d2d50","003d3880","FUN_003d3880"
"003d2dd0","FUN_003d2dd0","001018e0","FUN_001018e0"
"003d2dd0","FUN_003d2dd0","003d3880","FUN_003d3880"
"003d2e50","FUN_003d2e50","001018e0","FUN_001018e0"
"003d2e50","FUN_003d2e50","003d3880","FUN_003d3880"
"003d2ed0","FUN_003d2ed0","001018e0","FUN_001018e0"
"003d2ed0","FUN_003d2ed0","003d2fd0","FUN_003d2fd0"
"003d2f50","FUN_003d2f50","001018e0","FUN_001018e0"
"003d2fd0","FUN_003d2fd0","001018e0","FUN_001018e0"
"003d3590","FUN_003d3590","001018e0","FUN_001018e0"
"003d3880","FUN_003d3880","001018e0","FUN_001018e0"
"003d3b70","FUN_003d3b70","001018e0","FUN_001018e0"
"003d3e40","FUN_003d3e40","001018e0","FUN_001018e0"
"003d3eb0","FUN_003d3eb0","001018e0","FUN_001018e0"
"003d4140","FUN_003d4140","001018e0","FUN_001018e0"
"003d4140","FUN_003d4140","003d3e40","FUN_003d3e40"
"003d41a0","FUN_003d41a0","003d3e30","FUN_003d3e30"
"003d4b10","FUN_003d4b10","003d4a10","FUN_003d4a10"
"003d4b70","FUN_003d4b70","004d6230","FUN_004d6230"
"003d4d10","FUN_003d4d10","003d3e90","FUN_003d3e90"
"003d4d60","FUN_003d4d60","001018e0","FUN_001018e0"
"003d4d60","FUN_003d4d60","00346520","FUN_00346520"
"003d4d60","FUN_003d4d60","003ce900","FUN_003ce900"
"003d4d60","FUN_003d4d60","003d3eb0","FUN_003d3eb0"
"003d5010","FUN_003d5010","001018e0","FUN_001018e0"
"003d5180","FUN_003d5180","003d3e30","FUN_003d3e30"
"003d5460","FUN_003d5460","003d3e30","FUN_003d3e30"
"003d54d0","FUN_003d54d0","00100780","FUN_00100780"
"003d54d0","FUN_003d54d0","001018e0","FUN_001018e0"
"003d54d0","FUN_003d54d0","00335120","FUN_00335120"
"003d54d0","FUN_003d54d0","003d3e40","FUN_003d3e40"
"003d54d0","FUN_003d54d0","00569e10","FUN_00569e10"
"003d5920","FUN_003d5920","00110c80","FUN_00110c80"
"003d5920","FUN_003d5920","0039e5a0","FUN_0039e5a0"
"003d5920","FUN_003d5920","0039e5a8","FUN_0039e5a8"
"003d66b0","FUN_003d66b0","00335158","FUN_00335158"
"003d6780","FUN_003d6780","003351e8","FUN_003351e8"
"003d6870","FUN_003d6870","003351e8","FUN_003351e8"
"003d6870","FUN_003d6870","003390a0","FUN_003390a0"
"003d6d40","FUN_003d6d40","0010a020","FUN_0010a020"
"003d6d40","FUN_003d6d40","00290450","FUN_00290450"
"003d6d40","FUN_003d6d40","003aae30","FUN_003aae30"
"003d6d40","FUN_003d6d40","003c8cb0","FUN_003c8cb0"
"003d6d40","FUN_003d6d40","003c8f30","FUN_003c8f30"
"003d6d40","FUN_003d6d40","004bfe80","FUN_004bfe80"
"003d6d40","FUN_003d6d40","004bff80","FUN_004bff80"
"003d6d40","FUN_003d6d40","004c1d10","FUN_004c1d10"
"003d6d40","FUN_003d6d40","0050e9d0","FUN_0050e9d0"
"003d7080","FUN_003d7080","00290470","FUN_00290470"
"003d7080","FUN_003d7080","00290490","FUN_00290490"
"003d7080","FUN_003d7080","0033f970","FUN_0033f970"
"003d7080","FUN_003d7080","003792d0","FUN_003792d0"
"003d7080","FUN_003d7080","00379820","FUN_00379820"
"003d73c0","FUN_003d73c0","00290340","FUN_00290340"
"003d73f0","FUN_003d73f0","003aae30","FUN_003aae30"
"003d73f0","FUN_003d73f0","003c8cb0","FUN_003c8cb0"
"003d73f0","FUN_003d73f0","003c8f30","FUN_003c8f30"
"003d73f0","FUN_003d73f0","004bfe80","FUN_004bfe80"
"003d73f0","FUN_003d73f0","004bff80","FUN_004bff80"
"003d73f0","FUN_003d73f0","0050e9d0","FUN_0050e9d0"
"003d7640","FUN_003d7640","00290470","FUN_00290470"
"003d7640","FUN_003d7640","00290490","FUN_00290490"
"003d7640","FUN_003d7640","0033f970","FUN_0033f970"
"003d7640","FUN_003d7640","003792d0","FUN_003792d0"
"003d7640","FUN_003d7640","00379820","FUN_00379820"
"003d7700","FUN_003d7700","0010a040","FUN_0010a040"
"003d7700","FUN_003d7700","00290460","FUN_00290460"
"003d7700","FUN_003d7700","0033faa0","FUN_0033faa0"
"003d7700","FUN_003d7700","00379770","FUN_00379770"
"003d7920","FUN_003d7920","003d7a50","FUN_003d7a50"
"003d7920","FUN_003d7920","00534130","FUN_00534130"
"003d7950","FUN_003d7950","003d7a50","FUN_003d7a50"
"003d7950","FUN_003d7950","00534008","FUN_00534008"
"003d7990","FUN_003d7990","003d7a50","FUN_003d7a50"
"003d7990","FUN_003d7990","005343b8","FUN_005343b8"
"003d79c0","FUN_003d79c0","003d7a50","FUN_003d7a50"
"003d79c0","FUN_003d79c0","005344d0","FUN_005344d0"
"003d79f0","FUN_003d79f0","003d7a50","FUN_003d7a50"
"003d79f0","FUN_003d79f0","00534228","FUN_00534228"
"003d7a20","FUN_003d7a20","003d7a50","FUN_003d7a50"
"003d7a20","FUN_003d7a20","00534168","FUN_00534168"
"003d7a50","FUN_003d7a50","00534648","FUN_00534648"
"003d7a80","FUN_003d7a80","001413f0","FUN_001413f0"
"003d7a80","FUN_003d7a80","00166eb0","FUN_00166eb0"
"003d7a80","FUN_003d7a80","003d7bc0","FUN_003d7bc0"
"003d7b50","FUN_003d7b50","00141fc0","FUN_00141fc0"
"003d7b50","FUN_003d7b50","00166ee0","FUN_00166ee0"
"003d7b50","FUN_003d7b50","00167b90","FUN_00167b90"
"003d7bc0","FUN_003d7bc0","001420c0","FUN_001420c0"
"003d8a80","FUN_003d8a80","0010eba0","FUN_0010eba0"
"003d8a80","FUN_003d8a80","0010ec10","FUN_0010ec10"
"003d8a80","FUN_003d8a80","0010ed50","FUN_0010ed50"
"003d8a80","FUN_003d8a80","0010f180","FUN_0010f180"
"003d8a80","FUN_003d8a80","00150dc0","FUN_00150dc0"
"003d8a80","FUN_003d8a80","001716f0","FUN_001716f0"
"003d8a80","FUN_003d8a80","0028eaa0","FUN_0028eaa0"
"003d8a80","FUN_003d8a80","0053b3b8","FUN_0053b3b8"
"003d8cc0","FUN_003d8cc0","001624c0","FUN_001624c0"
"003d8cc0","FUN_003d8cc0","001625a0","FUN_001625a0"
"003d8cc0","FUN_003d8cc0","00379158","FUN_00379158"
"003d8da0","FUN_003d8da0","00147e20","FUN_00147e20"
"003d8da0","FUN_003d8da0","00148210","FUN_00148210"
"003d8e00","FUN_003d8e00","001413f0","FUN_001413f0"
"003d8e00","FUN_003d8e00","003d8f00","FUN_003d8f00"
"003d8ea0","FUN_003d8ea0","00141fc0","FUN_00141fc0"
"003d8ea0","FUN_003d8ea0","00167b90","FUN_00167b90"
"003d94f0","FUN_003d94f0","0014a960","FUN_0014a960"
"003d9cf0","FUN_003d9cf0","0010eba0","FUN_0010eba0"
"003d9cf0","FUN_003d9cf0","00150dc0","FUN_00150dc0"
"003d9fa0","FUN_003d9fa0","001500f0","FUN_001500f0"
"003da160","FUN_003da160","00110310","FUN_00110310"
"003da500","FUN_003da500","002ebbe0","FUN_002ebbe0"
"003da500","FUN_003da500","0056d420","FUN_0056d420"
"003daf70","FUN_003daf70","00167b90","FUN_00167b90"
"003daf70","FUN_003daf70","00323430","FUN_00323430"
"003daf70","FUN_003daf70","0056f770","FUN_0056f770"
"003de200","FUN_003de200","003de260","FUN_003de260"
"003de250","FUN_003de250","003ed570","FUN_003ed570"
"003de260","FUN_003de260","003ed520","FUN_003ed520"
"003de5a0","FUN_003de5a0","001018e0","FUN_001018e0"
"003de5a0","FUN_003de5a0","003de600","FUN_003de600"
"003de600","FUN_003de600","002ebbe0","FUN_002ebbe0"
"003de6d0","FUN_003de6d0","003de600","FUN_003de600"
"003de6d0","FUN_003de6d0","003ed840","FUN_003ed840"
"003de890","FUN_003de890","003de600","FUN_003de600"
"003de8e0","FUN_003de8e0","003de6d0","FUN_003de6d0"
"003de950","FUN_003de950","001018e0","FUN_001018e0"
"003de950","FUN_003de950","003de9b0","FUN_003de9b0"
"003de9b0","FUN_003de9b0","002ebbe0","FUN_002ebbe0"
"003dea90","FUN_003dea90","003de9b0","FUN_003de9b0"
"003dea90","FUN_003dea90","003e5420","FUN_003e5420"
"003dea90","FUN_003dea90","003e5490","FUN_003e5490"
"003dea90","FUN_003dea90","0048fe80","FUN_0048fe80"
"003dea90","FUN_003dea90","00495ed0","FUN_00495ed0"
"003dea90","FUN_003dea90","00495fb0","FUN_00495fb0"
"003ded50","FUN_003ded50","003de9b0","FUN_003de9b0"
"003deda0","FUN_003deda0","003dea90","FUN_003dea90"
"003dedf0","FUN_003dedf0","003de1e0","FUN_003de1e0"
"003dee40","FUN_003dee40","003de200","FUN_003de200"
"003dee40","FUN_003dee40","003de260","FUN_003de260"
"003e0110","FUN_003e0110","002ebbe0","FUN_002ebbe0"
"003e0110","FUN_003e0110","003de260","FUN_003de260"
"003e0110","FUN_003e0110","003dee40","FUN_003dee40"
"003e0630","FUN_003e0630","0019cc40","FUN_0019cc40"
"003e0780","FUN_003e0780","002ebbe0","FUN_002ebbe0"
"003e0780","FUN_003e0780","003de200","FUN_003de200"
"003e0780","FUN_003e0780","003de260","FUN_003de260"
"003e0c30","FUN_003e0c30","002ebbe0","FUN_002ebbe0"
"003e0c30","FUN_003e0c30","003de200","FUN_003de200"
"003e0c30","FUN_003e0c30","003de260","FUN_003de260"
"003e0cb0","FUN_003e0cb0","003fc2e0","FUN_003fc2e0"
"003e10a0","FUN_003e10a0","002ebbe0","FUN_002ebbe0"
"003e10a0","FUN_003e10a0","003de200","FUN_003de200"
"003e10a0","FUN_003e10a0","003de260","FUN_003de260"
"003e1120","FUN_003e1120","0019cc40","FUN_0019cc40"
"003e1120","FUN_003e1120","0019de60","FUN_0019de60"
"003e11b0","FUN_003e11b0","00110390","FUN_00110390"
"003e1320","FUN_003e1320","002ebbe0","FUN_002ebbe0"
"003e1320","FUN_003e1320","003de200","FUN_003de200"
"003e1320","FUN_003e1320","003de260","FUN_003de260"
"003e1770","FUN_003e1770","00110390","FUN_00110390"
"003e1890","FUN_003e1890","002ebbe0","FUN_002ebbe0"
"003e1890","FUN_003e1890","003de260","FUN_003de260"
"003e1890","FUN_003e1890","003dee40","FUN_003dee40"
"003e1920","FUN_003e1920","0019de60","FUN_0019de60"
"003e1960","FUN_003e1960","002640d0","FUN_002640d0"
"003e1960","FUN_003e1960","0048e8d0","FUN_0048e8d0"
"003e19c0","FUN_003e19c0","001018e0","FUN_001018e0"
"003e1cd0","FUN_003e1cd0","0019cc40","FUN_0019cc40"
"003e1cd0","FUN_003e1cd0","00482b40","FUN_00482b40"
"003e1cd0","FUN_003e1cd0","004960b0","FUN_004960b0"
"003e24b0","FUN_003e24b0","0019cc40","FUN_0019cc40"
"003e26a0","FUN_003e26a0","002ebbe0","FUN_002ebbe0"
"003e26a0","FUN_003e26a0","003de260","FUN_003de260"
"003e26a0","FUN_003e26a0","003dee40","FUN_003dee40"
"003e2720","FUN_003e2720","003dedf0","FUN_003dedf0"
"003e2790","FUN_003e2790","003de250","FUN_003de250"
"003e2790","FUN_003e2790","003e2720","FUN_003e2720"
"003e2800","FUN_003e2800","002eb970","FUN_002eb970"
"003e29b0","FUN_003e29b0","0019cc40","FUN_0019cc40"
"003e29b0","FUN_003e29b0","002640d0","FUN_002640d0"
"003e3690","FUN_003e3690","00304e80","FUN_00304e80"
"003e3690","FUN_003e3690","003e36e0","FUN_003e36e0"
"003e5040","FUN_003e5040","003de1e0","FUN_003de1e0"
"003e5100","FUN_003e5100","003de200","FUN_003de200"
"003e5100","FUN_003e5100","003de260","FUN_003de260"
"003e51e0","FUN_003e51e0","002ebbe0","FUN_002ebbe0"
"003e51e0","FUN_003e51e0","003de260","FUN_003de260"
"003e51e0","FUN_003e51e0","003dee40","FUN_003dee40"
"003e5260","FUN_003e5260","0019de60","FUN_0019de60"
"003e5490","FUN_003e5490","002ebbe0","FUN_002ebbe0"
"003e5490","FUN_003e5490","003de200","FUN_003de200"
"003e5490","FUN_003e5490","003de260","FUN_003de260"
"003e5670","FUN_003e5670","003dedf0","FUN_003dedf0"
"003e56d0","FUN_003e56d0","002ebbe0","FUN_002ebbe0"
"003e56d0","FUN_003e56d0","003de260","FUN_003de260"
"003e56d0","FUN_003e56d0","003dee40","FUN_003dee40"
"003e5750","FUN_003e5750","0019de60","FUN_0019de60"
"003e5850","FUN_003e5850","002ebbe0","FUN_002ebbe0"
"003e5850","FUN_003e5850","003de260","FUN_003de260"
"003e5850","FUN_003e5850","003dee40","FUN_003dee40"
"003e5be0","FUN_003e5be0","002ebbe0","FUN_002ebbe0"
"003e5be0","FUN_003e5be0","003de260","FUN_003de260"
"003e5be0","FUN_003e5be0","003dee40","FUN_003dee40"
"003e5c60","FUN_003e5c60","0019cc40","FUN_0019cc40"
"003e5c60","FUN_003e5c60","0019de60","FUN_0019de60"
"003e5ed0","FUN_003e5ed0","002ebbe0","FUN_002ebbe0"
"003e5ed0","FUN_003e5ed0","003de260","FUN_003de260"
"003e5ed0","FUN_003e5ed0","003dee40","FUN_003dee40"
"003e6130","FUN_003e6130","003fc2e0","FUN_003fc2e0"
"003e6210","FUN_003e6210","002ebbe0","FUN_002ebbe0"
"003e6210","FUN_003e6210","003de200","FUN_003de200"
"003e6210","FUN_003e6210","003de260","FUN_003de260"
"003e6320","FUN_003e6320","002ebbe0","FUN_002ebbe0"
"003e6320","FUN_003e6320","003de260","FUN_003de260"
"003e6320","FUN_003e6320","003dee40","FUN_003dee40"
"003e63b0","FUN_003e63b0","0019de60","FUN_0019de60"
"003e6440","FUN_003e6440","003de1e0","FUN_003de1e0"
"003e6480","FUN_003e6480","003de200","FUN_003de200"
"003e6480","FUN_003e6480","003de260","FUN_003de260"
"003e64e0","FUN_003e64e0","0019de60","FUN_0019de60"
"003e6590","FUN_003e6590","002ebbe0","FUN_002ebbe0"
"003e6590","FUN_003e6590","003de200","FUN_003de200"
"003e6590","FUN_003e6590","003de260","FUN_003de260"
"003e6610","FUN_003e6610","0019de60","FUN_0019de60"
"003e6650","FUN_003e6650","003dedf0","FUN_003dedf0"
"003e66b0","FUN_003e66b0","002ebbe0","FUN_002ebbe0"
"003e66b0","FUN_003e66b0","003de260","FUN_003de260"
"003e66b0","FUN_003e66b0","003dee40","FUN_003dee40"
"003e68b0","FUN_003e68b0","003de1e0","FUN_003de1e0"
"003e6910","FUN_003e6910","002ebbe0","FUN_002ebbe0"
"003e6910","FUN_003e6910","003de200","FUN_003de200"
"003e6910","FUN_003e6910","003de260","FUN_003de260"
"003e6990","FUN_003e6990","0019de60","FUN_0019de60"
"003e69d0","FUN_003e69d0","003de1e0","FUN_003de1e0"
"003e6a30","FUN_003e6a30","002ebbe0","FUN_002ebbe0"
"003e6a30","FUN_003e6a30","003de200","FUN_003de200"
"003e6a30","FUN_003e6a30","003de260","FUN_003de260"
"003e6ac0","FUN_003e6ac0","003de1e0","FUN_003de1e0"
"003e6b20","FUN_003e6b20","002ebbe0","FUN_002ebbe0"
"003e6b20","FUN_003e6b20","003de200","FUN_003de200"
"003e6b20","FUN_003e6b20","003de260","FUN_003de260"
"003e6c30","FUN_003e6c30","002ebbe0","FUN_002ebbe0"
"003e6c30","FUN_003e6c30","003de260","FUN_003de260"
"003e6c30","FUN_003e6c30","003dee40","FUN_003dee40"
"003e70d0","FUN_003e70d0","003de1e0","FUN_003de1e0"
"003e7130","FUN_003e7130","002ebbe0","FUN_002ebbe0"
"003e7130","FUN_003e7130","003de200","FUN_003de200"
"003e7130","FUN_003e7130","003de260","FUN_003de260"
"003e72f0","FUN_003e72f0","003dedf0","FUN_003dedf0"
"003e7350","FUN_003e7350","002ebbe0","FUN_002ebbe0"
"003e7350","FUN_003e7350","003de260","FUN_003de260"
"003e7350","FUN_003e7350","003dee40","FUN_003dee40"
"003e74d0","FUN_003e74d0","0019cc40","FUN_0019cc40"
"003e74d0","FUN_003e74d0","002640d0","FUN_002640d0"
"003e74d0","FUN_003e74d0","0048e8d0","FUN_0048e8d0"
"003e74d0","FUN_003e74d0","0048e960","FUN_0048e960"
"003e7630","FUN_003e7630","0019de60","FUN_0019de60"
"003e79f0","FUN_003e79f0","003e7a20","FUN_003e7a20"
"003e7a20","FUN_003e7a20","002eb970","FUN_002eb970"
"003e7b00","FUN_003e7b00","002ebbe0","FUN_002ebbe0"
"003e7b00","FUN_003e7b00","003de200","FUN_003de200"
"003e7b00","FUN_003e7b00","003de260","FUN_003de260"
"003e7ba0","FUN_003e7ba0","0019de60","FUN_0019de60"
"003e7cb0","FUN_003e7cb0","0043a040","FUN_0043a040"
"003e8bd0","FUN_003e8bd0","0019cc40","FUN_0019cc40"
"003e8bd0","FUN_003e8bd0","00264110","FUN_00264110"
"003e8bd0","FUN_003e8bd0","0027c1e0","FUN_0027c1e0"
"003e8c70","FUN_003e8c70","003dedf0","FUN_003dedf0"
"003e8cd0","FUN_003e8cd0","002ebbe0","FUN_002ebbe0"
"003e8cd0","FUN_003e8cd0","003de260","FUN_003de260"
"003e8cd0","FUN_003e8cd0","003dee40","FUN_003dee40"
"003e8d50","FUN_003e8d50","0019cc40","FUN_0019cc40"
"003e8e80","FUN_003e8e80","0019cc40","FUN_0019cc40"
"003e8e80","FUN_003e8e80","0019de60","FUN_0019de60"
"003e8e80","FUN_003e8e80","0045fb10","FUN_0045fb10"
"003e8e80","FUN_003e8e80","00480e10","FUN_00480e10"
"003e8fe0","FUN_003e8fe0","0019cc40","FUN_0019cc40"
"003e9020","FUN_003e9020","001a0390","FUN_001a0390"
"003e90d0","FUN_003e90d0","003de200","FUN_003de200"
"003e90d0","FUN_003e90d0","003de260","FUN_003de260"
"003e9160","FUN_003e9160","003de250","FUN_003de250"
"003e9160","FUN_003e9160","003e9060","FUN_003e9060"
"003e91f0","FUN_003e91f0","0019de60","FUN_0019de60"
"003e91f0","FUN_003e91f0","003de270","FUN_003de270"
"003e9220","FUN_003e9220","0019de60","FUN_0019de60"
"003e9440","FUN_003e9440","0019de60","FUN_0019de60"
"003e9440","FUN_003e9440","0045fb10","FUN_0045fb10"
"003e9440","FUN_003e9440","0045fb60","FUN_0045fb60"
"003e9440","FUN_003e9440","005895f0","FUN_005895f0"
"003e9580","FUN_003e9580","003de1e0","FUN_003de1e0"
"003e95c0","FUN_003e95c0","003de200","FUN_003de200"
"003e95c0","FUN_003e95c0","003de260","FUN_003de260"
"003e9620","FUN_003e9620","003de1e0","FUN_003de1e0"
"003e9680","FUN_003e9680","002ebbe0","FUN_002ebbe0"
"003e9680","FUN_003e9680","003de200","FUN_003de200"
"003e9680","FUN_003e9680","003de260","FUN_003de260"
"003e9700","FUN_003e9700","0019de60","FUN_0019de60"
"003e9a00","FUN_003e9a00","0019de60","FUN_0019de60"
"003e9a00","FUN_003e9a00","0045fb10","FUN_0045fb10"
"003e9a00","FUN_003e9a00","0045fe90","FUN_0045fe90"
"003e9ae0","FUN_003e9ae0","003dedf0","FUN_003dedf0"
"003e9b40","FUN_003e9b40","002ebbe0","FUN_002ebbe0"
"003e9b40","FUN_003e9b40","003de260","FUN_003de260"
"003e9b40","FUN_003e9b40","003dee40","FUN_003dee40"
"003e9bc0","FUN_003e9bc0","0019cc40","FUN_0019cc40"
"003e9bc0","FUN_003e9bc0","0019de60","FUN_0019de60"
"003e9dc0","FUN_003e9dc0","003de200","FUN_003de200"
"003e9dc0","FUN_003e9dc0","003de260","FUN_003de260"
"003e9e20","FUN_003e9e20","0019de60","FUN_0019de60"
"003e9ea0","FUN_003e9ea0","003de1e0","FUN_003de1e0"
"003e9ef0","FUN_003e9ef0","003de200","FUN_003de200"
"003e9ef0","FUN_003e9ef0","003de260","FUN_003de260"
"003e9f50","FUN_003e9f50","0019cc40","FUN_0019cc40"
"003e9f50","FUN_003e9f50","0019de60","FUN_0019de60"
"003e9f50","FUN_003e9f50","0045fb10","FUN_0045fb10"
"003ea0b0","FUN_003ea0b0","003de1e0","FUN_003de1e0"
"003ea110","FUN_003ea110","002ebbe0","FUN_002ebbe0"
"003ea110","FUN_003ea110","003de200","FUN_003de200"
"003ea110","FUN_003ea110","003de260","FUN_003de260"
"003ea260","FUN_003ea260","003ee930","FUN_003ee930"
"003ea2d0","FUN_003ea2d0","0019de60","FUN_0019de60"
"003ea2d0","FUN_003ea2d0","003de270","FUN_003de270"
"003ea300","FUN_003ea300","0019de60","FUN_0019de60"
"003ea300","FUN_003ea300","003de270","FUN_003de270"
"003ea330","FUN_003ea330","0019de60","FUN_0019de60"
"003ea330","FUN_003ea330","003de270","FUN_003de270"
"003ea3e0","FUN_003ea3e0","002ebbe0","FUN_002ebbe0"
"003ea3e0","FUN_003ea3e0","003de200","FUN_003de200"
"003ea3e0","FUN_003ea3e0","003de260","FUN_003de260"
"003ea480","FUN_003ea480","0019de60","FUN_0019de60"
"003ea5c0","FUN_003ea5c0","002ebbe0","FUN_002ebbe0"
"003ea5c0","FUN_003ea5c0","003de260","FUN_003de260"
"003ea5c0","FUN_003ea5c0","003dee40","FUN_003dee40"
"003ea660","FUN_003ea660","0019de60","FUN_0019de60"
"003ea760","FUN_003ea760","003dedf0","FUN_003dedf0"
"003ea7c0","FUN_003ea7c0","002ebbe0","FUN_002ebbe0"
"003ea7c0","FUN_003ea7c0","003de260","FUN_003de260"
"003ea7c0","FUN_003ea7c0","003dee40","FUN_003dee40"
"003ea840","FUN_003ea840","0019cc40","FUN_0019cc40"
"003ea840","FUN_003ea840","0019de60","FUN_0019de60"
"003ea8b0","FUN_003ea8b0","003de1e0","FUN_003de1e0"
"003ea910","FUN_003ea910","002eb970","FUN_002eb970"
"003ea910","FUN_003ea910","003de200","FUN_003de200"
"003ea910","FUN_003ea910","003de260","FUN_003de260"
"003ea990","FUN_003ea990","0019cc40","FUN_0019cc40"
"003ea990","FUN_003ea990","0019de60","FUN_0019de60"
"003eab40","FUN_003eab40","003de260","FUN_003de260"
"003eab40","FUN_003eab40","003dee40","FUN_003dee40"
"003eac90","FUN_003eac90","003dedf0","FUN_003dedf0"
"003eacf0","FUN_003eacf0","003de260","FUN_003de260"
"003eacf0","FUN_003eacf0","003dee40","FUN_003dee40"
"003ead50","FUN_003ead50","0019de60","FUN_0019de60"
"003ead50","FUN_003ead50","0045fbc0","FUN_0045fbc0"
"003eadb0","FUN_003eadb0","003e0030","FUN_003e0030"
"003eadf0","FUN_003eadf0","003de260","FUN_003de260"
"003eadf0","FUN_003eadf0","003e0110","FUN_003e0110"
"003eae50","FUN_003eae50","0019cc40","FUN_0019cc40"
"003eae50","FUN_003eae50","0019de60","FUN_0019de60"
"003eb230","FUN_003eb230","003dedf0","FUN_003dedf0"
"003eb290","FUN_003eb290","002ebbe0","FUN_002ebbe0"
"003eb290","FUN_003eb290","003de260","FUN_003de260"
"003eb290","FUN_003eb290","003dee40","FUN_003dee40"
"003eb310","FUN_003eb310","0019cc40","FUN_0019cc40"
"003eb310","FUN_003eb310","003ee7d0","FUN_003ee7d0"
"003eb440","FUN_003eb440","003de1e0","FUN_003de1e0"
"003eb4a0","FUN_003eb4a0","002ebbe0","FUN_002ebbe0"
"003eb4a0","FUN_003eb4a0","003de200","FUN_003de200"
"003eb4a0","FUN_003eb4a0","003de260","FUN_003de260"
"003eb690","FUN_003eb690","003fc2e0","FUN_003fc2e0"
"003eb720","FUN_003eb720","0048e8d0","FUN_0048e8d0"
"003eb7d0","FUN_003eb7d0","002ebbe0","FUN_002ebbe0"
"003eb7d0","FUN_003eb7d0","003de260","FUN_003de260"
"003eb7d0","FUN_003eb7d0","003dee40","FUN_003dee40"
"003eb850","FUN_003eb850","0019cc40","FUN_0019cc40"
"003eb850","FUN_003eb850","0048e8d0","FUN_0048e8d0"
"003eb8a0","FUN_003eb8a0","003eb850","FUN_003eb850"
"003eb8a0","FUN_003eb8a0","0048e8e0","FUN_0048e8e0"
"003eb930","FUN_003eb930","0019de60","FUN_0019de60"
"003ebaa0","FUN_003ebaa0","002ebbe0","FUN_002ebbe0"
"003ebaa0","FUN_003ebaa0","003de260","FUN_003de260"
"003ebaa0","FUN_003ebaa0","003dee40","FUN_003dee40"
"003ebbf0","FUN_003ebbf0","0048e8d0","FUN_0048e8d0"
"003ebda0","FUN_003ebda0","003de250","FUN_003de250"
"003ebda0","FUN_003ebda0","003eba30","FUN_003eba30"
"003ebde0","FUN_003ebde0","003de260","FUN_003de260"
"003ebde0","FUN_003ebde0","003eb4a0","FUN_003eb4a0"
"003ebe60","FUN_003ebe60","003de250","FUN_003de250"
"003ebe60","FUN_003ebe60","003eb440","FUN_003eb440"
"003ebef0","FUN_003ebef0","003de250","FUN_003de250"
"003ebef0","FUN_003ebef0","003eb440","FUN_003eb440"
"003ebf60","FUN_003ebf60","003de250","FUN_003de250"
"003ebf60","FUN_003ebf60","003eb230","FUN_003eb230"
"003ebfe0","FUN_003ebfe0","003de250","FUN_003de250"
"003ebfe0","FUN_003ebfe0","003eadb0","FUN_003eadb0"
"003ec0b0","FUN_003ec0b0","003de250","FUN_003de250"
"003ec0b0","FUN_003ec0b0","003eac90","FUN_003eac90"
"003ec120","FUN_003ec120","003de250","FUN_003de250"
"003ec120","FUN_003ec120","003eaa70","FUN_003eaa70"
"003ec1a0","FUN_003ec1a0","003de250","FUN_003de250"
"003ec1a0","FUN_003ec1a0","003ea8b0","FUN_003ea8b0"
"003ec210","FUN_003ec210","003de250","FUN_003de250"
"003ec210","FUN_003ec210","003ea760","FUN_003ea760"
"003ec290","FUN_003ec290","003de250","FUN_003de250"
"003ec290","FUN_003ec290","003ea360","FUN_003ea360"
"003ec2f0","FUN_003ec2f0","003de250","FUN_003de250"
"003ec2f0","FUN_003ec2f0","003ea0b0","FUN_003ea0b0"
"003ec370","FUN_003ec370","003de250","FUN_003de250"
"003ec370","FUN_003ec370","003e9ea0","FUN_003e9ea0"
"003ec3e0","FUN_003ec3e0","003de250","FUN_003de250"
"003ec3e0","FUN_003ec3e0","003e9d40","FUN_003e9d40"
"003ec460","FUN_003ec460","003de250","FUN_003de250"
"003ec460","FUN_003ec460","003e9ae0","FUN_003e9ae0"
"003ec4e0","FUN_003ec4e0","003de250","FUN_003de250"
"003ec4e0","FUN_003ec4e0","003e9620","FUN_003e9620"
"003ec550","FUN_003ec550","003de250","FUN_003de250"
"003ec550","FUN_003ec550","003e9580","FUN_003e9580"
"003ec5d0","FUN_003ec5d0","003de250","FUN_003de250"
"003ec5d0","FUN_003ec5d0","003e8c70","FUN_003e8c70"
"003ec650","FUN_003ec650","003de250","FUN_003de250"
"003ec650","FUN_003ec650","003e7890","FUN_003e7890"
"003ec6f0","FUN_003ec6f0","003de260","FUN_003de260"
"003ec6f0","FUN_003ec6f0","003e7350","FUN_003e7350"
"003ec770","FUN_003ec770","003de250","FUN_003de250"
"003ec770","FUN_003ec770","003e72f0","FUN_003e72f0"
"003ec800","FUN_003ec800","003de250","FUN_003de250"
"003ec800","FUN_003ec800","003e70d0","FUN_003e70d0"
"003ec860","FUN_003ec860","003de250","FUN_003de250"
"003ec860","FUN_003ec860","003e6bb0","FUN_003e6bb0"
"003ec8e0","FUN_003ec8e0","003de250","FUN_003de250"
"003ec8e0","FUN_003ec8e0","003e6ac0","FUN_003e6ac0"
"003ec950","FUN_003ec950","003de250","FUN_003de250"
"003ec950","FUN_003ec950","003e69d0","FUN_003e69d0"
"003ec9c0","FUN_003ec9c0","003de250","FUN_003de250"
"003ec9c0","FUN_003ec9c0","003e68b0","FUN_003e68b0"
"003eca30","FUN_003eca30","003de250","FUN_003de250"
"003eca30","FUN_003eca30","003e6650","FUN_003e6650"
"003ecab0","FUN_003ecab0","003de250","FUN_003de250"
"003ecab0","FUN_003ecab0","003e6520","FUN_003e6520"
"003ecb20","FUN_003ecb20","003de250","FUN_003de250"
"003ecb20","FUN_003ecb20","003e6440","FUN_003e6440"
"003ecb80","FUN_003ecb80","003de250","FUN_003de250"
"003ecb80","FUN_003ecb80","003e62a0","FUN_003e62a0"
"003ecc20","FUN_003ecc20","003de250","FUN_003de250"
"003ecc20","FUN_003ecc20","003e61a0","FUN_003e61a0"
"003eccc0","FUN_003eccc0","00264110","FUN_00264110"
"003eccc0","FUN_003eccc0","0027c1e0","FUN_0027c1e0"
"003ecde0","FUN_003ecde0","003de250","FUN_003de250"
"003ecde0","FUN_003ecde0","003e5e40","FUN_003e5e40"
"003ece70","FUN_003ece70","003de250","FUN_003de250"
"003ece70","FUN_003ece70","003e5b70","FUN_003e5b70"
"003ecee0","FUN_003ecee0","003de250","FUN_003de250"
"003ecee0","FUN_003ecee0","003e57e0","FUN_003e57e0"
"003ecf50","FUN_003ecf50","003de250","FUN_003de250"
"003ecf50","FUN_003ecf50","003e5670","FUN_003e5670"
"003ecff0","FUN_003ecff0","003de250","FUN_003de250"
"003ecff0","FUN_003ecff0","003e5420","FUN_003e5420"
"003ed0a0","FUN_003ed0a0","003de250","FUN_003de250"
"003ed0a0","FUN_003ed0a0","003e5160","FUN_003e5160"
"003ed140","FUN_003ed140","003de250","FUN_003de250"
"003ed140","FUN_003ed140","003e5090","FUN_003e5090"
"003ed200","FUN_003ed200","003de250","FUN_003de250"
"003ed200","FUN_003ed200","003e1800","FUN_003e1800"
"003ed290","FUN_003ed290","003de250","FUN_003de250"
"003ed290","FUN_003ed290","003e1250","FUN_003e1250"
"003ed320","FUN_003ed320","003de250","FUN_003de250"
"003ed320","FUN_003ed320","003e0fd0","FUN_003e0fd0"
"003ed3a0","FUN_003ed3a0","003de250","FUN_003de250"
"003ed3a0","FUN_003ed3a0","003e0b50","FUN_003e0b50"
"003ed430","FUN_003ed430","003de250","FUN_003de250"
"003ed430","FUN_003ed430","003e0690","FUN_003e0690"
"003ed4b0","FUN_003ed4b0","003de250","FUN_003de250"
"003ed4b0","FUN_003ed4b0","003e0030","FUN_003e0030"
"003ed680","FUN_003ed680","001018e0","FUN_001018e0"
"003ed680","FUN_003ed680","003ed6e0","FUN_003ed6e0"
"003ee140","FUN_003ee140","00101700","FUN_00101700"
"003ee140","FUN_003ee140","003ee190","FUN_003ee190"
"003ee200","FUN_003ee200","001018e0","FUN_001018e0"
"003ee200","FUN_003ee200","003ed6e0","FUN_003ed6e0"
"003ee580","FUN_003ee580","003fc2e0","FUN_003fc2e0"
"003ee700","FUN_003ee700","003ee730","FUN_003ee730"
"003ee700","FUN_003ee700","003ee780","FUN_003ee780"
"003ee850","FUN_003ee850","001018e0","FUN_001018e0"
"003f7140","FUN_003f7140","00192ec0","FUN_00192ec0"
"003f7140","FUN_003f7140","003fca20","FUN_003fca20"
"003f7140","FUN_003f7140","003fca40","FUN_003fca40"
"003f7140","FUN_003f7140","00455c20","FUN_00455c20"
"003f7140","FUN_003f7140","0045fa00","FUN_0045fa00"
"003f7140","FUN_003f7140","004c2d90","FUN_004c2d90"
"003f7390","FUN_003f7390","003fca20","FUN_003fca20"
"003f7390","FUN_003f7390","004e3b10","FUN_004e3b10"
"003f74e0","FUN_003f74e0","003be3e0","FUN_003be3e0"
"003f74e0","FUN_003f74e0","003fca20","FUN_003fca20"
"003f7560","FUN_003f7560","002ec0c0","FUN_002ec0c0"
"003f8700","FUN_003f8700","003fca20","FUN_003fca20"
"003f8700","FUN_003f8700","004223f0","FUN_004223f0"
"003f8700","FUN_003f8700","00481320","FUN_00481320"
"003f8700","FUN_003f8700","004e6840","FUN_004e6840"
"003f8860","FUN_003f8860","003fca20","FUN_003fca20"
"003f8860","FUN_003f8860","0042bff0","FUN_0042bff0"
"003f9f60","FUN_003f9f60","003f8b30","FUN_003f8b30"
"003f9f60","FUN_003f9f60","003fca20","FUN_003fca20"
"003f9f60","FUN_003f9f60","0041a460","FUN_0041a460"
"003fa050","FUN_003fa050","003fca20","FUN_003fca20"
"003fa050","FUN_003fa050","00445a30","FUN_00445a30"
"003fa0f0","FUN_003fa0f0","003fca20","FUN_003fca20"
"003fa0f0","FUN_003fa0f0","00445a30","FUN_00445a30"
"003fa190","FUN_003fa190","002640d0","FUN_002640d0"
"003fa190","FUN_003fa190","003fca20","FUN_003fca20"
"003fa190","FUN_003fa190","0040a4a0","FUN_0040a4a0"
"003fa190","FUN_003fa190","00474ec0","FUN_00474ec0"
"003fa190","FUN_003fa190","004ef470","FUN_004ef470"
"003fa2c0","FUN_003fa2c0","002640d0","FUN_002640d0"
"003fa2c0","FUN_003fa2c0","003fca20","FUN_003fca20"
"003fa2c0","FUN_003fa2c0","0040a4a0","FUN_0040a4a0"
"003fa2c0","FUN_003fa2c0","00474ec0","FUN_00474ec0"
"003fa2c0","FUN_003fa2c0","004ef470","FUN_004ef470"
"003fa3f0","FUN_003fa3f0","0019cc40","FUN_0019cc40"
"003fa3f0","FUN_003fa3f0","003fca20","FUN_003fca20"
"003fa3f0","FUN_003fa3f0","004207d0","FUN_004207d0"
"003fa3f0","FUN_003fa3f0","00420c10","FUN_00420c10"
"003fa3f0","FUN_003fa3f0","0045fe90","FUN_0045fe90"
"003fa5f0","FUN_003fa5f0","003fca20","FUN_003fca20"
"003fa5f0","FUN_003fa5f0","00423390","FUN_00423390"
"003fa640","FUN_003fa640","003fca20","FUN_003fca20"
"003fa640","FUN_003fa640","004b2a10","FUN_004b2a10"
"003fa6a0","FUN_003fa6a0","003fca20","FUN_003fca20"
"003fa6a0","FUN_003fa6a0","004e4ad0","FUN_004e4ad0"
"003fa700","FUN_003fa700","003fca20","FUN_003fca20"
"003fa700","FUN_003fa700","004e5e70","FUN_004e5e70"
"003fa760","FUN_003fa760","003fca20","FUN_003fca20"
"003fa760","FUN_003fa760","004e9e80","FUN_004e9e80"
"003fa760","FUN_003fa760","004ea280","FUN_004ea280"
"003fa850","FUN_003fa850","003fca20","FUN_003fca20"
"003fa850","FUN_003fa850","0046c740","FUN_0046c740"
"003fb340","FUN_003fb340","002640d0","FUN_002640d0"
"003fb340","FUN_003fb340","003fca20","FUN_003fca20"
"003fb340","FUN_003fb340","0040a4a0","FUN_0040a4a0"
"003fb340","FUN_003fb340","004223f0","FUN_004223f0"
"003fb340","FUN_003fb340","0042c5f0","FUN_0042c5f0"
"003fb340","FUN_003fb340","0042e110","FUN_0042e110"
"003fb340","FUN_003fb340","0042e410","FUN_0042e410"
"003fb340","FUN_003fb340","00431b80","FUN_00431b80"
"003fb340","FUN_003fb340","0046b1b0","FUN_0046b1b0"
"003fb340","FUN_003fb340","004eeb40","FUN_004eeb40"
"003fb340","FUN_003fb340","004ef470","FUN_004ef470"
"003fb9b0","FUN_003fb9b0","003fca20","FUN_003fca20"
"003fb9b0","FUN_003fb9b0","005502c8","FUN_005502c8"
"003fbf10","FUN_003fbf10","003fca20","FUN_003fca20"
"003fbf10","FUN_003fbf10","00423a70","FUN_00423a70"
"003fbf70","FUN_003fbf70","003fca20","FUN_003fca20"
"003fbf70","FUN_003fbf70","004778f0","FUN_004778f0"
"003fbfe0","FUN_003fbfe0","003fca20","FUN_003fca20"
"003fbfe0","FUN_003fbfe0","0040a4a0","FUN_0040a4a0"
"003fbfe0","FUN_003fbfe0","004ef470","FUN_004ef470"
"003fc0c0","FUN_003fc0c0","003fca20","FUN_003fca20"
"003fc0c0","FUN_003fc0c0","00418b50","FUN_00418b50"
"003fc130","FUN_003fc130","003fca20","FUN_003fca20"
"003fc130","FUN_003fc130","004e6450","FUN_004e6450"
"003fc180","FUN_003fc180","0016ba60","FUN_0016ba60"
"003fc180","FUN_003fc180","003fca20","FUN_003fca20"
"003fc180","FUN_003fc180","00431b80","FUN_00431b80"
"003fc180","FUN_003fc180","004ef470","FUN_004ef470"
"003fc3d0","FUN_003fc3d0","0013d790","FUN_0013d790"
"003fc490","FUN_003fc490","003de260","FUN_003de260"
"003fc490","FUN_003fc490","003dee40","FUN_003dee40"
"003fc520","FUN_003fc520","003de250","FUN_003de250"
"003fc520","FUN_003fc520","003dedf0","FUN_003dedf0"
"003fc580","FUN_003fc580","003fca30","FUN_003fca30"
"003fc580","FUN_003fc580","00431bf0","FUN_00431bf0"
"003fc5e0","FUN_003fc5e0","003fca20","FUN_003fca20"
"003fc5e0","FUN_003fc5e0","00431b80","FUN_00431b80"
"003fc660","FUN_003fc660","003fca30","FUN_003fca30"
"003fc660","FUN_003fc660","00422430","FUN_00422430"
"003fc6c0","FUN_003fc6c0","003fca20","FUN_003fca20"
"003fc6c0","FUN_003fc6c0","004223f0","FUN_004223f0"
"003fc730","FUN_003fc730","003fca30","FUN_003fca30"
"003fc730","FUN_003fc730","00422430","FUN_00422430"
"003fc790","FUN_003fc790","003fca20","FUN_003fca20"
"003fc790","FUN_003fc790","004223f0","FUN_004223f0"
"003fc800","FUN_003fc800","003fca30","FUN_003fca30"
"003fc800","FUN_003fc800","00431bf0","FUN_00431bf0"
"003fc860","FUN_003fc860","003fca20","FUN_003fca20"
"003fc860","FUN_003fc860","00431b80","FUN_00431b80"
"003fc8e0","FUN_003fc8e0","003fca30","FUN_003fca30"
"003fca20","FUN_003fca20","003fcc80","FUN_003fcc80"
"003fca30","FUN_003fca30","003fcc30","FUN_003fcc30"
"003fca70","FUN_003fca70","003fcc30","FUN_003fcc30"
"003fcb10","FUN_003fcb10","003fcc30","FUN_003fcc30"
"003fcd30","FUN_003fcd30","003fca40","FUN_003fca40"
"003fcdc0","FUN_003fcdc0","0010ab40","FUN_0010ab40"
"003fcdc0","FUN_003fcdc0","003fca30","FUN_003fca30"
"003fcdc0","FUN_003fcdc0","003fca70","FUN_003fca70"
"003fd290","FUN_003fd290","001024d0","FUN_001024d0"
"003fd290","FUN_003fd290","003fd310","FUN_003fd310"
"003fd310","FUN_003fd310","00108020","FUN_00108020"
"003fd310","FUN_003fd310","0010ab40","FUN_0010ab40"
"003fd850","FUN_003fd850","00107dc0","FUN_00107dc0"
"003fd850","FUN_003fd850","0010ab20","FUN_0010ab20"
"003fd850","FUN_003fd850","0010ab40","FUN_0010ab40"
"003fd950","FUN_003fd950","001060e0","FUN_001060e0"
"003fd950","FUN_003fd950","0010aaf0","FUN_0010aaf0"
"003fd950","FUN_003fd950","0010ab20","FUN_0010ab20"
"003fda20","FUN_003fda20","001100d0","FUN_001100d0"
"003fda20","FUN_003fda20","0022f4a0","FUN_0022f4a0"
"003fdd10","FUN_003fdd10","001024d0","FUN_001024d0"
"003fdd10","FUN_003fdd10","003fde30","FUN_003fde30"
"003fde30","FUN_003fde30","00108020","FUN_00108020"
"003fde30","FUN_003fde30","0010ab20","FUN_0010ab20"
"003fde80","FUN_003fde80","0010ab40","FUN_0010ab40"
"003fde80","FUN_003fde80","0027dff0","FUN_0027dff0"
"003fde80","FUN_003fde80","003fca30","FUN_003fca30"
"003fde80","FUN_003fde80","003fca70","FUN_003fca70"
"003fdff0","FUN_003fdff0","001b0d20","FUN_001b0d20"
"003fdff0","FUN_003fdff0","001b0f60","FUN_001b0f60"
"003fe050","FUN_003fe050","003fe120","FUN_003fe120"
"003fe050","FUN_003fe050","004fb2c0","FUN_004fb2c0"
"003fe5c0","FUN_003fe5c0","0010a040","FUN_0010a040"
"003fe5c0","FUN_003fe5c0","00290490","FUN_00290490"
"003fe5c0","FUN_003fe5c0","002c18d0","FUN_002c18d0"
"003fe5c0","FUN_003fe5c0","003fca30","FUN_003fca30"
"003fe5c0","FUN_003fe5c0","003fcb10","FUN_003fcb10"
"003fe7a0","FUN_003fe7a0","003fca20","FUN_003fca20"
"003fe7a0","FUN_003fe7a0","00418b50","FUN_00418b50"
"003fe7a0","FUN_003fe7a0","004fb2c0","FUN_004fb2c0"
"003ff0b0","FUN_003ff0b0","0010ab40","FUN_0010ab40"
"003ff0b0","FUN_003ff0b0","003fca30","FUN_003fca30"
"003ff0b0","FUN_003ff0b0","003fca70","FUN_003fca70"
"003ff1a0","FUN_003ff1a0","003fca20","FUN_003fca20"
"003ff1a0","FUN_003ff1a0","003fd360","FUN_003fd360"
"003ff410","FUN_003ff410","0010a040","FUN_0010a040"
"003ff410","FUN_003ff410","0010ab20","FUN_0010ab20"
"003ff410","FUN_003ff410","002ebbe0","FUN_002ebbe0"
"003ff410","FUN_003ff410","003fca30","FUN_003fca30"
"003ff410","FUN_003ff410","003fca70","FUN_003fca70"
"00400270","FUN_00400270","0019cc40","FUN_0019cc40"
"00400270","FUN_00400270","002d8cb0","FUN_002d8cb0"
"004026a0","FUN_004026a0","0012c4e0","FUN_0012c4e0"
"00403530","FUN_00403530","005515d8","FUN_005515d8"
"004036b0","FUN_004036b0","002ebbe0","FUN_002ebbe0"
"004036b0","FUN_004036b0","003fca30","FUN_003fca30"
"004036b0","FUN_004036b0","003fca70","FUN_003fca70"
"00404480","FUN_00404480","0010ab20","FUN_0010ab20"
"00404480","FUN_00404480","002ebbe0","FUN_002ebbe0"
"00404480","FUN_00404480","003fca30","FUN_003fca30"
"00404480","FUN_00404480","003fca70","FUN_003fca70"
"00404510","FUN_00404510","002eb970","FUN_002eb970"
"00404510","FUN_00404510","002ebbe0","FUN_002ebbe0"
"00404510","FUN_00404510","004045d0","FUN_004045d0"
"004045d0","FUN_004045d0","004faec0","FUN_004faec0"
"004045d0","FUN_004045d0","004faf70","FUN_004faf70"
"004045d0","FUN_004045d0","004fb2c0","FUN_004fb2c0"
"004045d0","FUN_004045d0","004fb310","FUN_004fb310"
"00405b20","FUN_00405b20","0010ab20","FUN_0010ab20"
"00405b20","FUN_00405b20","004045d0","FUN_004045d0"
"00407d00","FUN_00407d00","002ebbe0","FUN_002ebbe0"
"00407d00","FUN_00407d00","003fca30","FUN_003fca30"
"00407d00","FUN_00407d00","003fca70","FUN_003fca70"
"00408af0","FUN_00408af0","003fca40","FUN_003fca40"
"00408ba0","FUN_00408ba0","0010ab40","FUN_0010ab40"
"00408ba0","FUN_00408ba0","002ebbe0","FUN_002ebbe0"
"00408ba0","FUN_00408ba0","003fca30","FUN_003fca30"
"00408ba0","FUN_00408ba0","003fca70","FUN_003fca70"
"00408c40","FUN_00408c40","0010ab40","FUN_0010ab40"
"004090f0","FUN_004090f0","001410b0","FUN_001410b0"
"00409440","FUN_00409440","002ebbe0","FUN_002ebbe0"
"00409440","FUN_00409440","003fca30","FUN_003fca30"
"00409440","FUN_00409440","003fca70","FUN_003fca70"
"00409870","FUN_00409870","0010ab40","FUN_0010ab40"
"00409870","FUN_00409870","002ebbe0","FUN_002ebbe0"
"00409870","FUN_00409870","003fca30","FUN_003fca30"
"00409870","FUN_00409870","003fca70","FUN_003fca70"
"00409910","FUN_00409910","0010ab40","FUN_0010ab40"
"00409a00","FUN_00409a00","0019cc40","FUN_0019cc40"
"00409fa0","FUN_00409fa0","0010ab40","FUN_0010ab40"
"00409fa0","FUN_00409fa0","002ebbe0","FUN_002ebbe0"
"00409fa0","FUN_00409fa0","003fca30","FUN_003fca30"
"00409fa0","FUN_00409fa0","003fca70","FUN_003fca70"
"0040a040","FUN_0040a040","0010ab40","FUN_0010ab40"
"0040a120","FUN_0040a120","001024d0","FUN_001024d0"
"0040a120","FUN_0040a120","00108020","FUN_00108020"
"0040a120","FUN_0040a120","0010a970","FUN_0010a970"
"0040a120","FUN_0040a120","0010ab40","FUN_0010ab40"
"0040a120","FUN_0040a120","004813d0","FUN_004813d0"
"0040a300","FUN_0040a300","0019cc40","FUN_0019cc40"
"0040a300","FUN_0040a300","002ec040","FUN_002ec040"
"0040a300","FUN_0040a300","002ec050","FUN_002ec050"
"0040a300","FUN_0040a300","002ec0c0","FUN_002ec0c0"
"0040a300","FUN_0040a300","0053b3b8","FUN_0053b3b8"
"0040a5e0","FUN_0040a5e0","002ebbe0","FUN_002ebbe0"
"0040a5e0","FUN_0040a5e0","003fca30","FUN_003fca30"
"0040a5e0","FUN_0040a5e0","003fcb10","FUN_003fcb10"
"0040c110","FUN_0040c110","0040a4a0","FUN_0040a4a0"
"0040c1b0","FUN_0040c1b0","003fca30","FUN_003fca30"
"0040c1b0","FUN_0040c1b0","0040a5e0","FUN_0040a5e0"
"0040c210","FUN_0040c210","0040abc0","FUN_0040abc0"
"0040c210","FUN_0040c210","0040b080","FUN_0040b080"
"0040c2b0","FUN_0040c2b0","002ec0c0","FUN_002ec0c0"
"0040c790","FUN_0040c790","003fcae0","FUN_003fcae0"
"0040c840","FUN_0040c840","002ebbe0","FUN_002ebbe0"
"0040c840","FUN_0040c840","003fca30","FUN_003fca30"
"0040c840","FUN_0040c840","003fcb10","FUN_003fcb10"
"0040cbb0","FUN_0040cbb0","00400090","FUN_00400090"
"0040cbb0","FUN_0040cbb0","0045fe90","FUN_0045fe90"
"0040cbb0","FUN_0040cbb0","004813d0","FUN_004813d0"
"0040cc60","FUN_0040cc60","001410b0","FUN_001410b0"
"0040cc60","FUN_0040cc60","004840a0","FUN_004840a0"
"0040cda0","FUN_0040cda0","003be3e0","FUN_003be3e0"
"0040cda0","FUN_0040cda0","003fca20","FUN_003fca20"
"0040cda0","FUN_0040cda0","00403620","FUN_00403620"
"0040cda0","FUN_0040cda0","00418b50","FUN_00418b50"
"0040cda0","FUN_0040cda0","0041f050","FUN_0041f050"
"0040cda0","FUN_0040cda0","0041f350","FUN_0041f350"
"0040cda0","FUN_0040cda0","0045af00","FUN_0045af00"
"0040cda0","FUN_0040cda0","00471900","FUN_00471900"
"0040d4a0","FUN_0040d4a0","002ebbe0","FUN_002ebbe0"
"0040d4a0","FUN_0040d4a0","003fca30","FUN_003fca30"
"0040d4a0","FUN_0040d4a0","003fcb10","FUN_003fcb10"
"00410200","FUN_00410200","0010a040","FUN_0010a040"
"00410200","FUN_00410200","0010ab20","FUN_0010ab20"
"00410200","FUN_00410200","002ebbe0","FUN_002ebbe0"
"00410200","FUN_00410200","003fca30","FUN_003fca30"
"00410200","FUN_00410200","003fca70","FUN_003fca70"
"00412aa0","FUN_00412aa0","0027e070","FUN_0027e070"
"00412aa0","FUN_00412aa0","005502c8","FUN_005502c8"
"00412cc0","FUN_00412cc0","002ebbe0","FUN_002ebbe0"
"00412cc0","FUN_00412cc0","003fca30","FUN_003fca30"
"00412cc0","FUN_00412cc0","003fcb10","FUN_003fcb10"
"00412f50","FUN_00412f50","004130a0","FUN_004130a0"
"004130a0","FUN_004130a0","003fca20","FUN_003fca20"
"004130a0","FUN_004130a0","00413360","FUN_00413360"
"004130a0","FUN_004130a0","00413f40","FUN_00413f40"
"004130a0","FUN_004130a0","0042c5f0","FUN_0042c5f0"
"00413360","FUN_00413360","003fcae0","FUN_003fcae0"
"00413400","FUN_00413400","002ebbe0","FUN_002ebbe0"
"00413400","FUN_00413400","003fca30","FUN_003fca30"
"00413400","FUN_00413400","003fcb10","FUN_003fcb10"
"004136b0","FUN_004136b0","001410b0","FUN_001410b0"
"00413c90","FUN_00413c90","0053b3b8","FUN_0053b3b8"
"00413d50","FUN_00413d50","003be3e0","FUN_003be3e0"
"00413d50","FUN_00413d50","003fca20","FUN_003fca20"
"00413d50","FUN_00413d50","00403620","FUN_00403620"
"00413d50","FUN_00413d50","00418b50","FUN_00418b50"
"00413d50","FUN_00413d50","00450740","FUN_00450740"
"00414060","FUN_00414060","002ebbe0","FUN_002ebbe0"
"00414060","FUN_00414060","003fca30","FUN_003fca30"
"00414060","FUN_00414060","003fcb10","FUN_003fcb10"
"004145f0","FUN_004145f0","001410b0","FUN_001410b0"
"004145f0","FUN_004145f0","0019a1a0","FUN_0019a1a0"
"004145f0","FUN_004145f0","003be3e0","FUN_003be3e0"
"004145f0","FUN_004145f0","003fca20","FUN_003fca20"
"004145f0","FUN_004145f0","003fca40","FUN_003fca40"
"004145f0","FUN_004145f0","00450740","FUN_00450740"
"00414990","FUN_00414990","003fcae0","FUN_003fcae0"
"004149f0","FUN_004149f0","002ebbe0","FUN_002ebbe0"
"004149f0","FUN_004149f0","003fca30","FUN_003fca30"
"004149f0","FUN_004149f0","003fcb10","FUN_003fcb10"
"004153c0","FUN_004153c0","002ebbe0","FUN_002ebbe0"
"004153c0","FUN_004153c0","003fca30","FUN_003fca30"
"004153c0","FUN_004153c0","003fcb10","FUN_003fcb10"
"00415550","FUN_00415550","002eb970","FUN_002eb970"
"00415550","FUN_00415550","00415620","FUN_00415620"
"00415550","FUN_00415550","00415770","FUN_00415770"
"00415550","FUN_00415550","004960b0","FUN_004960b0"
"00415620","FUN_00415620","003fca20","FUN_003fca20"
"00415620","FUN_00415620","003fca40","FUN_003fca40"
"00415620","FUN_00415620","0040a4a0","FUN_0040a4a0"
"00415620","FUN_00415620","005502c8","FUN_005502c8"
"00415a50","FUN_00415a50","0010ab20","FUN_0010ab20"
"00415a50","FUN_00415a50","002ebbe0","FUN_002ebbe0"
"00415a50","FUN_00415a50","003fca30","FUN_003fca30"
"00415a50","FUN_00415a50","003fca70","FUN_003fca70"
"00415ae0","FUN_00415ae0","0010ab20","FUN_0010ab20"
"00415be0","FUN_00415be0","0019f7e0","FUN_0019f7e0"
"00415be0","FUN_00415be0","00415dc0","FUN_00415dc0"
"00415be0","FUN_00415be0","0053b3b8","FUN_0053b3b8"
"00415dc0","FUN_00415dc0","00108020","FUN_00108020"
"00415dc0","FUN_00415dc0","0010ab40","FUN_0010ab40"
"00415dc0","FUN_00415dc0","003e19a0","FUN_003e19a0"
"00415dc0","FUN_00415dc0","003e19c0","FUN_003e19c0"
"00415dc0","FUN_00415dc0","003e1a10","FUN_003e1a10"
"00415dc0","FUN_00415dc0","003e2520","FUN_003e2520"
"00415dc0","FUN_00415dc0","003e26a0","FUN_003e26a0"
"00415dc0","FUN_00415dc0","003e2cf0","FUN_003e2cf0"
"00415dc0","FUN_00415dc0","003ed840","FUN_003ed840"
"00416060","FUN_00416060","003fcae0","FUN_003fcae0"
"004160c0","FUN_004160c0","002ebbe0","FUN_002ebbe0"
"004160c0","FUN_004160c0","003fca30","FUN_003fca30"
"004160c0","FUN_004160c0","003fcb10","FUN_003fcb10"
"00416140","FUN_00416140","003fca20","FUN_003fca20"
"00416140","FUN_00416140","00418b50","FUN_00418b50"
"00416180","FUN_00416180","003fca20","FUN_003fca20"
"00416180","FUN_00416180","00418b50","FUN_00418b50"
"00416480","FUN_00416480","003fcae0","FUN_003fcae0"
"004164d0","FUN_004164d0","003fcae0","FUN_003fcae0"
"00416540","FUN_00416540","002ebbe0","FUN_002ebbe0"
"00416540","FUN_00416540","003fca30","FUN_003fca30"
"00416540","FUN_00416540","003fcb10","FUN_003fcb10"
"00416650","FUN_00416650","002eb970","FUN_002eb970"
"00416650","FUN_00416650","002ebbe0","FUN_002ebbe0"
"00416650","FUN_00416650","00416830","FUN_00416830"
"00416650","FUN_00416650","00416940","FUN_00416940"
"00416a90","FUN_00416a90","0019de60","FUN_0019de60"
"00416a90","FUN_00416a90","002eb970","FUN_002eb970"
"00416a90","FUN_00416a90","002ebbe0","FUN_002ebbe0"
"00416a90","FUN_00416a90","003fca20","FUN_003fca20"
"00416a90","FUN_00416a90","00416830","FUN_00416830"
"00416a90","FUN_00416a90","00417670","FUN_00417670"
"00416a90","FUN_00416a90","00418b50","FUN_00418b50"
"00416a90","FUN_00416a90","0041f050","FUN_0041f050"
"00416a90","FUN_00416a90","0041f350","FUN_0041f350"
"00416a90","FUN_00416a90","0045af00","FUN_0045af00"
"00416d90","FUN_00416d90","003fca20","FUN_003fca20"
"00416d90","FUN_00416d90","00416480","FUN_00416480"
"00416d90","FUN_00416d90","004164d0","FUN_004164d0"
"00416e10","FUN_00416e10","003fca30","FUN_003fca30"
"00416e10","FUN_00416e10","003fca70","FUN_003fca70"
"00416e70","FUN_00416e70","003fca20","FUN_003fca20"
"00416e70","FUN_00416e70","003fca40","FUN_003fca40"
"00416ef0","FUN_00416ef0","003fca20","FUN_003fca20"
"00416ef0","FUN_00416ef0","00416060","FUN_00416060"
"00416f40","FUN_00416f40","003fca20","FUN_003fca20"
"00416f40","FUN_00416f40","004159c0","FUN_004159c0"
"00416fa0","FUN_00416fa0","003fca20","FUN_003fca20"
"00416fa0","FUN_00416fa0","00415350","FUN_00415350"
"00416ff0","FUN_00416ff0","003fca20","FUN_003fca20"
"00416ff0","FUN_00416ff0","00414990","FUN_00414990"
"00417040","FUN_00417040","003fca20","FUN_003fca20"
"00417040","FUN_00417040","00413f40","FUN_00413f40"
"004170a0","FUN_004170a0","003fca20","FUN_003fca20"
"004170a0","FUN_004170a0","00413360","FUN_00413360"
"004170f0","FUN_004170f0","003fca20","FUN_003fca20"
"004170f0","FUN_004170f0","00412bf0","FUN_00412bf0"
"00417150","FUN_00417150","003fca20","FUN_003fca20"
"00417150","FUN_00417150","004100e0","FUN_004100e0"
"004171c0","FUN_004171c0","003fca20","FUN_003fca20"
"004171c0","FUN_004171c0","0040d3b0","FUN_0040d3b0"
"00417230","FUN_00417230","003fca20","FUN_003fca20"
"00417230","FUN_00417230","0040c790","FUN_0040c790"
"00417280","FUN_00417280","003fca20","FUN_003fca20"
"00417280","FUN_00417280","0040c110","FUN_0040c110"
"004172d0","FUN_004172d0","003fca20","FUN_003fca20"
"004172d0","FUN_004172d0","0040a4a0","FUN_0040a4a0"
"00417380","FUN_00417380","003fca20","FUN_003fca20"
"00417380","FUN_00417380","00409f00","FUN_00409f00"
"004173f0","FUN_004173f0","003fca20","FUN_003fca20"
"004173f0","FUN_004173f0","004097b0","FUN_004097b0"
"00417440","FUN_00417440","003fca20","FUN_003fca20"
"00417440","FUN_00417440","004093a0","FUN_004093a0"
"00417490","FUN_00417490","003fca20","FUN_003fca20"
"00417490","FUN_00417490","00408af0","FUN_00408af0"
"004174e0","FUN_004174e0","003fca20","FUN_003fca20"
"004174e0","FUN_004174e0","00407be0","FUN_00407be0"
"00417550","FUN_00417550","003fca20","FUN_003fca20"
"00417550","FUN_00417550","00404370","FUN_00404370"
"004175b0","FUN_004175b0","003fca20","FUN_003fca20"
"004175b0","FUN_004175b0","00403620","FUN_00403620"
"00417610","FUN_00417610","003fca20","FUN_003fca20"
"00417610","FUN_00417610","003ff340","FUN_003ff340"
"004177f0","FUN_004177f0","002ebbe0","FUN_002ebbe0"
"004177f0","FUN_004177f0","003fca30","FUN_003fca30"
"004177f0","FUN_004177f0","003fcb10","FUN_003fcb10"
"00417c40","FUN_00417c40","004186e0","FUN_004186e0"
"00417c40","FUN_00417c40","00418a40","FUN_00418a40"
"00418aa0","FUN_00418aa0","003fca20","FUN_003fca20"
"00418aa0","FUN_00418aa0","00417670","FUN_00417670"
"00418be0","FUN_00418be0","003fca30","FUN_003fca30"
"00418be0","FUN_00418be0","003fca70","FUN_003fca70"
"00418c40","FUN_00418c40","001024d0","FUN_001024d0"
"00418c40","FUN_00418c40","00108020","FUN_00108020"
"00418c40","FUN_00418c40","001929d0","FUN_001929d0"
"00418c40","FUN_00418c40","00475950","FUN_00475950"
"00418c40","FUN_00418c40","00481660","FUN_00481660"
"00418e20","FUN_00418e20","00244f50","FUN_00244f50"
"00418e20","FUN_00418e20","00245140","FUN_00245140"
"00418e20","FUN_00418e20","00418c40","FUN_00418c40"
"00418ea0","FUN_00418ea0","003fca40","FUN_003fca40"
"00418ef0","FUN_00418ef0","003fca30","FUN_003fca30"
"00418ef0","FUN_00418ef0","003fca70","FUN_003fca70"
"00418f80","FUN_00418f80","003fca40","FUN_003fca40"
"00418fd0","FUN_00418fd0","003fca30","FUN_003fca30"
"00418fd0","FUN_00418fd0","003fca70","FUN_003fca70"
"00419060","FUN_00419060","003fca40","FUN_003fca40"
"004190b0","FUN_004190b0","003fca30","FUN_003fca30"
"004190b0","FUN_004190b0","003fca70","FUN_003fca70"
"00419110","FUN_00419110","003fca20","FUN_003fca20"
"00419110","FUN_00419110","00405b20","FUN_00405b20"
"00419110","FUN_00419110","0045fb60","FUN_0045fb60"
"00419110","FUN_00419110","0045fdc0","FUN_0045fdc0"
"00419110","FUN_00419110","00474ec0","FUN_00474ec0"
"00419110","FUN_00419110","004753b0","FUN_004753b0"
"00419110","FUN_00419110","00475cc0","FUN_00475cc0"
"00419110","FUN_00419110","00481440","FUN_00481440"
"00419110","FUN_00419110","00481660","FUN_00481660"
"004193e0","FUN_004193e0","003fca20","FUN_003fca20"
"004193e0","FUN_004193e0","00418b50","FUN_00418b50"
"004193e0","FUN_004193e0","0042edf0","FUN_0042edf0"
"004196d0","FUN_004196d0","0010ab40","FUN_0010ab40"
"004196d0","FUN_004196d0","003fca30","FUN_003fca30"
"004196d0","FUN_004196d0","003fca70","FUN_003fca70"
"00419750","FUN_00419750","0019f7e0","FUN_0019f7e0"
"00419820","FUN_00419820","0019cc40","FUN_0019cc40"
"00419820","FUN_00419820","0019f7e0","FUN_0019f7e0"
"00419820","FUN_00419820","003e5040","FUN_003e5040"
"00419820","FUN_00419820","003e5100","FUN_003e5100"
"00419820","FUN_00419820","003ed840","FUN_003ed840"
"00419820","FUN_00419820","004199b0","FUN_004199b0"
"004199b0","FUN_004199b0","00107dc0","FUN_00107dc0"
"004199b0","FUN_004199b0","00108020","FUN_00108020"
"004199b0","FUN_004199b0","0010ab40","FUN_0010ab40"
"00419a90","FUN_00419a90","00419480","FUN_00419480"
"00419ad0","FUN_00419ad0","003fca30","FUN_003fca30"
"00419ad0","FUN_00419ad0","004196d0","FUN_004196d0"
"00419b40","FUN_00419b40","003fcae0","FUN_003fcae0"
"00419ba0","FUN_00419ba0","003fca30","FUN_003fca30"
"00419ba0","FUN_00419ba0","003fcb10","FUN_003fcb10"
"00419c00","FUN_00419c00","001e09c0","FUN_001e09c0"
"0041a070","FUN_0041a070","0016ba60","FUN_0016ba60"
"0041a070","FUN_0041a070","003fca20","FUN_003fca20"
"0041a070","FUN_0041a070","00419a90","FUN_00419a90"
"0041a070","FUN_0041a070","0042c5f0","FUN_0042c5f0"
"0041a070","FUN_0041a070","0042edf0","FUN_0042edf0"
"0041a1b0","FUN_0041a1b0","00419480","FUN_00419480"
"0041a200","FUN_0041a200","003fca30","FUN_003fca30"
"0041a200","FUN_0041a200","004196d0","FUN_004196d0"
"0041a260","FUN_0041a260","0019f7e0","FUN_0019f7e0"
"0041a260","FUN_0041a260","00419820","FUN_00419820"
"0041a2f0","FUN_0041a2f0","003fca40","FUN_003fca40"
"0041a330","FUN_0041a330","003fca30","FUN_003fca30"
"0041a330","FUN_0041a330","003fca70","FUN_003fca70"
"0041a390","FUN_0041a390","0019f7e0","FUN_0019f7e0"
"0041a570","FUN_0041a570","003fca30","FUN_003fca30"
"0041a570","FUN_0041a570","003fcb10","FUN_003fcb10"
"0041a610","FUN_0041a610","002ec0c0","FUN_002ec0c0"
"0041a850","FUN_0041a850","0019f7e0","FUN_0019f7e0"
"0041a850","FUN_0041a850","003fca20","FUN_003fca20"
"0041a850","FUN_0041a850","0041a610","FUN_0041a610"
"0041a850","FUN_0041a850","0042c5f0","FUN_0042c5f0"
"0041ab90","FUN_0041ab90","003fca30","FUN_003fca30"
"0041ab90","FUN_0041ab90","003fca70","FUN_003fca70"
"0041b4b0","FUN_0041b4b0","003fca40","FUN_003fca40"
"0041b510","FUN_0041b510","003fca30","FUN_003fca30"
"0041b510","FUN_0041b510","003fca70","FUN_003fca70"
"0041b570","FUN_0041b570","0041b620","FUN_0041b620"
"0041b620","FUN_0041b620","00108020","FUN_00108020"
"0041b620","FUN_0041b620","001929d0","FUN_001929d0"
"0041b620","FUN_0041b620","002640d0","FUN_002640d0"
"0041b620","FUN_0041b620","004c1440","FUN_004c1440"
"0041b6e0","FUN_0041b6e0","001024d0","FUN_001024d0"
"0041b730","FUN_0041b730","003fca40","FUN_003fca40"
"0041b780","FUN_0041b780","0010ab40","FUN_0010ab40"
"0041b780","FUN_0041b780","003fca30","FUN_003fca30"
"0041b780","FUN_0041b780","003fca70","FUN_003fca70"
"0041b800","FUN_0041b800","0010ab40","FUN_0010ab40"
"0041b8c0","FUN_0041b8c0","0041b900","FUN_0041b900"
"0041b900","FUN_0041b900","00108020","FUN_00108020"
"0041b900","FUN_0041b900","0010ab40","FUN_0010ab40"
"0041ba00","FUN_0041ba00","003fca30","FUN_003fca30"
"0041ba00","FUN_0041ba00","003fca70","FUN_003fca70"
"0041ba80","FUN_0041ba80","0010ab40","FUN_0010ab40"
"0041ba80","FUN_0041ba80","0041ba60","FUN_0041ba60"
"0041ba80","FUN_0041ba80","004faec0","FUN_004faec0"
"0041ba80","FUN_0041ba80","004faf70","FUN_004faf70"
"0041c040","FUN_0041c040","00108020","FUN_00108020"
"0041c040","FUN_0041c040","005502c8","FUN_005502c8"
"0041c100","FUN_0041c100","003fca40","FUN_003fca40"
"0041c150","FUN_0041c150","0010ab40","FUN_0010ab40"
"0041c150","FUN_0041c150","003fca30","FUN_003fca30"
"0041c150","FUN_0041c150","003fca70","FUN_003fca70"
"0041c1d0","FUN_0041c1d0","0010ab40","FUN_0010ab40"
"0041c290","FUN_0041c290","0041c2e0","FUN_0041c2e0"
"0041c2e0","FUN_0041c2e0","00108020","FUN_00108020"
"0041c2e0","FUN_0041c2e0","0010ab40","FUN_0010ab40"
"0041c3d0","FUN_0041c3d0","001079d0","FUN_001079d0"
"0041c3d0","FUN_0041c3d0","003fca30","FUN_003fca30"
"0041c3d0","FUN_0041c3d0","003fcb10","FUN_003fcb10"
"0041c4c0","FUN_0041c4c0","003fca20","FUN_003fca20"
"0041c4c0","FUN_0041c4c0","00418b50","FUN_00418b50"
"0041c4c0","FUN_0041c4c0","0041c620","FUN_0041c620"
"0041c620","FUN_0041c620","003fca20","FUN_003fca20"
"0041c620","FUN_0041c620","0041b730","FUN_0041b730"
"0041c620","FUN_0041c620","0041b990","FUN_0041b990"
"0041c620","FUN_0041c620","0041c100","FUN_0041c100"
"0041c6f0","FUN_0041c6f0","003fca20","FUN_003fca20"
"0041c6f0","FUN_0041c6f0","00418b50","FUN_00418b50"
"0041c730","FUN_0041c730","001079d0","FUN_001079d0"
"0041c7c0","FUN_0041c7c0","003fcae0","FUN_003fcae0"
"0041c810","FUN_0041c810","003fca30","FUN_003fca30"
"0041c810","FUN_0041c810","003fcb10","FUN_003fcb10"
"0041c880","FUN_0041c880","003fca20","FUN_003fca20"
"0041c880","FUN_0041c880","003fd0c0","FUN_003fd0c0"
"0041c880","FUN_0041c880","005502c8","FUN_005502c8"
"0041ca80","FUN_0041ca80","003fca30","FUN_003fca30"
"0041ca80","FUN_0041ca80","003fcb10","FUN_003fcb10"
"0041cae0","FUN_0041cae0","003fca20","FUN_003fca20"
"0041cae0","FUN_0041cae0","0041c7c0","FUN_0041c7c0"
"0041cae0","FUN_0041cae0","00450290","FUN_00450290"
"0041cb80","FUN_0041cb80","0041cae0","FUN_0041cae0"
"0041cc80","FUN_0041cc80","003fca30","FUN_003fca30"
"0041cc80","FUN_0041cc80","003fcb10","FUN_003fcb10"
"0041cce0","FUN_0041cce0","003fca20","FUN_003fca20"
"0041cce0","FUN_0041cce0","003fd0c0","FUN_003fd0c0"
"0041cce0","FUN_0041cce0","00450290","FUN_00450290"
"0041ce50","FUN_0041ce50","003fcae0","FUN_003fcae0"
"0041cea0","FUN_0041cea0","003fca30","FUN_003fca30"
"0041cea0","FUN_0041cea0","003fcb10","FUN_003fcb10"
"0041cf10","FUN_0041cf10","003fca20","FUN_003fca20"
"0041cf10","FUN_0041cf10","003fd1a0","FUN_003fd1a0"
"0041d180","FUN_0041d180","0010a040","FUN_0010a040"
"0041d180","FUN_0041d180","002ebbe0","FUN_002ebbe0"
"0041d180","FUN_0041d180","003fca30","FUN_003fca30"
"0041d180","FUN_0041d180","003fcb10","FUN_003fcb10"
"0041d600","FUN_0041d600","005502c8","FUN_005502c8"
"0041d830","FUN_0041d830","0010a020","FUN_0010a020"
"0041d830","FUN_0041d830","002c14b0","FUN_002c14b0"
"0041d830","FUN_0041d830","0041de40","FUN_0041de40"
"0041d830","FUN_0041d830","0041def0","FUN_0041def0"
"0041e270","FUN_0041e270","003a0a10","FUN_003a0a10"
"0041e3c0","FUN_0041e3c0","00264110","FUN_00264110"
"0041e3c0","FUN_0041e3c0","0027d070","FUN_0027d070"
"0041e3c0","FUN_0041e3c0","003a0a10","FUN_003a0a10"
"0041e3c0","FUN_0041e3c0","003a1e90","FUN_003a1e90"
"0041e3c0","FUN_0041e3c0","003a24e0","FUN_003a24e0"
"0041e500","FUN_0041e500","003fca30","FUN_003fca30"
"0041e500","FUN_0041e500","003fcb10","FUN_003fcb10"
"0041e570","FUN_0041e570","003fca20","FUN_003fca20"
"0041e570","FUN_0041e570","00418b50","FUN_00418b50"
"0041e5c0","FUN_0041e5c0","003fcae0","FUN_003fcae0"
"0041e610","FUN_0041e610","003fca30","FUN_003fca30"
"0041e610","FUN_0041e610","003fcb10","FUN_003fcb10"
"0041e670","FUN_0041e670","003a1e90","FUN_003a1e90"
"0041e670","FUN_0041e670","003a29b0","FUN_003a29b0"
"0041e670","FUN_0041e670","005502c8","FUN_005502c8"
"0041ebd0","FUN_0041ebd0","003fcae0","FUN_003fcae0"
"0041ec10","FUN_0041ec10","003fca30","FUN_003fca30"
"0041ec10","FUN_0041ec10","003fcb10","FUN_003fcb10"
"0041ecb0","FUN_0041ecb0","003fca20","FUN_003fca20"
"0041ecb0","FUN_0041ecb0","00418b50","FUN_00418b50"
"0041ed00","FUN_0041ed00","003fcae0","FUN_003fcae0"
"0041ed40","FUN_0041ed40","003fca30","FUN_003fca30"
"0041ed40","FUN_0041ed40","003fcb10","FUN_003fcb10"
"0041eda0","FUN_0041eda0","003fca20","FUN_003fca20"
"0041eda0","FUN_0041eda0","0041ef10","FUN_0041ef10"
"0041ef10","FUN_0041ef10","003fca40","FUN_003fca40"
"0041ef50","FUN_0041ef50","003fca30","FUN_003fca30"
"0041ef50","FUN_0041ef50","003fca70","FUN_003fca70"
"0041f050","FUN_0041f050","003fcae0","FUN_003fcae0"
"0041f0c0","FUN_0041f0c0","003fca30","FUN_003fca30"
"0041f0c0","FUN_0041f0c0","003fcb10","FUN_003fcb10"
"0041f0c0","FUN_0041f0c0","0041f130","FUN_0041f130"
"0041f440","FUN_0041f440","0041f130","FUN_0041f130"
"0041f590","FUN_0041f590","003fca30","FUN_003fca30"
"0041f590","FUN_0041f590","003fcb10","FUN_003fcb10"
"0041f7a0","FUN_0041f7a0","002eb970","FUN_002eb970"
"0041f850","FUN_0041f850","0041f890","FUN_0041f890"
"0041f850","FUN_0041f850","0041f9c0","FUN_0041f9c0"
"0041fb30","FUN_0041fb30","003fcae0","FUN_003fcae0"
"0041fb90","FUN_0041fb90","003fca30","FUN_003fca30"
"0041fb90","FUN_0041fb90","003fcb10","FUN_003fcb10"
"0041fdb0","FUN_0041fdb0","002ebbe0","FUN_002ebbe0"
"00420260","FUN_00420260","003a1e90","FUN_003a1e90"
"00420260","FUN_00420260","003a29b0","FUN_003a29b0"
"00420260","FUN_00420260","003fca20","FUN_003fca20"
"00420260","FUN_00420260","0041fdb0","FUN_0041fdb0"
"00420260","FUN_00420260","004203f0","FUN_004203f0"
"00420260","FUN_00420260","00420530","FUN_00420530"
"00420260","FUN_00420260","00420670","FUN_00420670"
"00420260","FUN_00420260","0045fbc0","FUN_0045fbc0"
"00420450","FUN_00420450","003fca30","FUN_003fca30"
"00420450","FUN_00420450","003fcb10","FUN_003fcb10"
"004204c0","FUN_004204c0","003fca20","FUN_003fca20"
"004204c0","FUN_004204c0","00423750","FUN_00423750"
"00420590","FUN_00420590","003fca30","FUN_003fca30"
"00420590","FUN_00420590","003fcb10","FUN_003fcb10"
"00420600","FUN_00420600","003fca20","FUN_003fca20"
"00420600","FUN_00420600","00423750","FUN_00423750"
"00420670","FUN_00420670","003fcae0","FUN_003fcae0"
"004206c0","FUN_004206c0","003fca30","FUN_003fca30"
"004206c0","FUN_004206c0","003fcb10","FUN_003fcb10"
"00420730","FUN_00420730","003fca20","FUN_003fca20"
"00420730","FUN_00420730","00423750","FUN_00423750"
"004207d0","FUN_004207d0","003fcae0","FUN_003fcae0"
"00420810","FUN_00420810","003fca30","FUN_003fca30"
"00420810","FUN_00420810","003fcb10","FUN_003fcb10"
"00420870","FUN_00420870","00420b20","FUN_00420b20"
"00420a70","FUN_00420a70","003e19a0","FUN_003e19a0"
"00420a70","FUN_00420a70","003e19c0","FUN_003e19c0"
"00420a70","FUN_00420a70","003e1a10","FUN_003e1a10"
"00420b20","FUN_00420b20","002640d0","FUN_002640d0"
"00420b20","FUN_00420b20","003fca20","FUN_003fca20"
"00420b20","FUN_00420b20","0041a460","FUN_0041a460"
"00420b20","FUN_00420b20","004ef470","FUN_004ef470"
"00420c10","FUN_00420c10","003fca40","FUN_003fca40"
"00420c60","FUN_00420c60","003fca30","FUN_003fca30"
"00420c60","FUN_00420c60","003fca70","FUN_003fca70"
"00420f20","FUN_00420f20","003fca40","FUN_003fca40"
"004213d0","FUN_004213d0","002ebbe0","FUN_002ebbe0"
"004213d0","FUN_004213d0","003fca30","FUN_003fca30"
"004213d0","FUN_004213d0","003fca70","FUN_003fca70"
"004213d0","FUN_004213d0","004fa940","FUN_004fa940"
"00421470","FUN_00421470","003fca20","FUN_003fca20"
"00421470","FUN_00421470","004212a0","FUN_004212a0"
"00421510","FUN_00421510","004215b0","FUN_004215b0"
"00421960","FUN_00421960","003fca30","FUN_003fca30"
"00421960","FUN_00421960","004213d0","FUN_004213d0"
"004219c0","FUN_004219c0","003fca20","FUN_003fca20"
"004219c0","FUN_004219c0","00421810","FUN_00421810"
"00421da0","FUN_00421da0","003fca30","FUN_003fca30"
"00421da0","FUN_00421da0","004213d0","FUN_004213d0"
"00421e00","FUN_00421e00","003fca20","FUN_003fca20"
"00421e00","FUN_00421e00","00421c50","FUN_00421c50"
"00422150","FUN_00422150","002ebbe0","FUN_002ebbe0"
"00422150","FUN_00422150","003fca30","FUN_003fca30"
"00422150","FUN_00422150","003fca70","FUN_003fca70"
"00422270","FUN_00422270","004fac50","FUN_004fac50"
"004222f0","FUN_004222f0","003fca40","FUN_003fca40"
"00422330","FUN_00422330","003fca30","FUN_003fca30"
"00422330","FUN_00422330","003fca70","FUN_003fca70"
"004223a0","FUN_004223a0","004faec0","FUN_004faec0"
"004223a0","FUN_004223a0","004faf70","FUN_004faf70"
"004223f0","FUN_004223f0","003fcae0","FUN_003fcae0"
"00422430","FUN_00422430","003fca30","FUN_003fca30"
"00422430","FUN_00422430","003fcb10","FUN_003fcb10"
"00422870","FUN_00422870","003fcae0","FUN_003fcae0"
"004228d0","FUN_004228d0","003fca30","FUN_003fca30"
"004228d0","FUN_004228d0","003fcb10","FUN_003fcb10"
"00422930","FUN_00422930","00198910","FUN_00198910"
"00422930","FUN_00422930","001993b0","FUN_001993b0"
"00422df0","FUN_00422df0","001993b0","FUN_001993b0"
"00422df0","FUN_00422df0","0019cc40","FUN_0019cc40"
"00422df0","FUN_00422df0","001a3f00","FUN_001a3f00"
"00422df0","FUN_00422df0","0021a740","FUN_0021a740"
"00422df0","FUN_00422df0","00418b50","FUN_00418b50"
"00423110","FUN_00423110","003fcae0","FUN_003fcae0"
"00423150","FUN_00423150","003fca30","FUN_003fca30"
"00423150","FUN_00423150","003fcb10","FUN_003fcb10"
"00423250","FUN_00423250","003fca20","FUN_003fca20"
"00423250","FUN_00423250","003fd1a0","FUN_003fd1a0"
"00423390","FUN_00423390","003fcae0","FUN_003fcae0"
"004233d0","FUN_004233d0","003fca30","FUN_003fca30"
"004233d0","FUN_004233d0","003fcb10","FUN_003fcb10"
"00423520","FUN_00423520","0019cc40","FUN_0019cc40"
"00423520","FUN_00423520","001ae230","FUN_001ae230"
"00423520","FUN_00423520","003fca20","FUN_003fca20"
"00423520","FUN_00423520","003fd0c0","FUN_003fd0c0"
"00423520","FUN_00423520","0041a460","FUN_0041a460"
"00423520","FUN_00423520","00467780","FUN_00467780"
"00423520","FUN_00423520","00481320","FUN_00481320"
"00423520","FUN_00423520","0048e8d0","FUN_0048e8d0"
"00423520","FUN_00423520","00495ed0","FUN_00495ed0"
"00423720","FUN_00423720","00480d70","FUN_00480d70"
"00423750","FUN_00423750","003fcae0","FUN_003fcae0"
"004237d0","FUN_004237d0","003fca30","FUN_003fca30"
"004237d0","FUN_004237d0","003fcb10","FUN_003fcb10"
"004237d0","FUN_004237d0","0041f130","FUN_0041f130"
"00423960","FUN_00423960","0041f1d0","FUN_0041f1d0"
"004239b0","FUN_004239b0","0041f2f0","FUN_0041f2f0"
"00423a70","FUN_00423a70","00418b50","FUN_00418b50"
"00423ae0","FUN_00423ae0","002ebbe0","FUN_002ebbe0"
"00423ae0","FUN_00423ae0","003fca30","FUN_003fca30"
"00423ae0","FUN_00423ae0","00418be0","FUN_00418be0"
"00423b60","FUN_00423b60","00418c40","FUN_00418c40"
"00424010","FUN_00424010","003fcae0","FUN_003fcae0"
"00424070","FUN_00424070","003fca30","FUN_003fca30"
"00424070","FUN_00424070","003fcb10","FUN_003fcb10"
"00424070","FUN_00424070","00423ea0","FUN_00423ea0"
"004241b0","FUN_004241b0","003fca20","FUN_003fca20"
"004241b0","FUN_004241b0","003fca40","FUN_003fca40"
"004241b0","FUN_004241b0","00423e50","FUN_00423e50"
"004241b0","FUN_004241b0","00423ea0","FUN_00423ea0"
"00424280","FUN_00424280","003fca20","FUN_003fca20"
"00424280","FUN_00424280","003fca40","FUN_003fca40"
"00424280","FUN_00424280","00423e50","FUN_00423e50"
"004243c0","FUN_004243c0","003fca20","FUN_003fca20"
"004243c0","FUN_004243c0","00424010","FUN_00424010"
"00424410","FUN_00424410","003fca30","FUN_003fca30"
"00424410","FUN_00424410","00423ae0","FUN_00423ae0"
"00424470","FUN_00424470","003fca20","FUN_003fca20"
"00424470","FUN_00424470","00423a70","FUN_00423a70"
"004244d0","FUN_004244d0","003fca20","FUN_003fca20"
"004244d0","FUN_004244d0","00423a70","FUN_00423a70"
"00424530","FUN_00424530","003fca20","FUN_003fca20"
"00424530","FUN_00424530","00423750","FUN_00423750"
"00424590","FUN_00424590","003fca30","FUN_003fca30"
"00424590","FUN_00424590","003fca70","FUN_003fca70"
"004245f0","FUN_004245f0","003fca20","FUN_003fca20"
"004245f0","FUN_004245f0","003fca40","FUN_003fca40"
"00424670","FUN_00424670","003fca20","FUN_003fca20"
"00424670","FUN_00424670","00423390","FUN_00423390"
"004246b0","FUN_004246b0","003fca20","FUN_003fca20"
"004246b0","FUN_004246b0","00423110","FUN_00423110"
"004246f0","FUN_004246f0","003fca20","FUN_003fca20"
"004246f0","FUN_004246f0","00422870","FUN_00422870"
"00424740","FUN_00424740","003fca30","FUN_003fca30"
"00424740","FUN_00424740","0041dfe0","FUN_0041dfe0"
"004247a0","FUN_004247a0","003fca20","FUN_003fca20"
"004247a0","FUN_004247a0","0041df70","FUN_0041df70"
"00424810","FUN_00424810","003fca30","FUN_003fca30"
"00424810","FUN_00424810","0041dfe0","FUN_0041dfe0"
"00424870","FUN_00424870","003fca20","FUN_003fca20"
"00424870","FUN_00424870","0041df70","FUN_0041df70"
"004248e0","FUN_004248e0","003fca20","FUN_003fca20"
"004248e0","FUN_004248e0","004223f0","FUN_004223f0"
"00424920","FUN_00424920","003fca20","FUN_003fca20"
"00424920","FUN_00424920","004222f0","FUN_004222f0"
"004249b0","FUN_004249b0","003fca30","FUN_003fca30"
"004249b0","FUN_004249b0","003fca70","FUN_003fca70"
"00424ab0","FUN_00424ab0","003fca20","FUN_003fca20"
"00424ab0","FUN_00424ab0","00420c10","FUN_00420c10"
"00424b00","FUN_00424b00","003fca20","FUN_003fca20"
"00424b00","FUN_00424b00","004207d0","FUN_004207d0"
"00424b40","FUN_00424b40","003fca20","FUN_003fca20"
"00424b40","FUN_00424b40","00420670","FUN_00420670"
"00424b90","FUN_00424b90","003fca20","FUN_003fca20"
"00424b90","FUN_00424b90","00420530","FUN_00420530"
"00424be0","FUN_00424be0","003fca20","FUN_003fca20"
"00424be0","FUN_00424be0","004203f0","FUN_004203f0"
"00424c30","FUN_00424c30","003fca20","FUN_003fca20"
"00424c30","FUN_00424c30","0041fb30","FUN_0041fb30"
"00424c80","FUN_00424c80","003fca20","FUN_003fca20"
"00424c80","FUN_00424c80","0041f520","FUN_0041f520"
"00424e10","FUN_00424e10","003fca20","FUN_003fca20"
"00424e10","FUN_00424e10","0041ed00","FUN_0041ed00"
"00424e50","FUN_00424e50","003fca20","FUN_003fca20"
"00424e50","FUN_00424e50","0041ebd0","FUN_0041ebd0"
"00424e90","FUN_00424e90","003fca20","FUN_003fca20"
"00424e90","FUN_00424e90","0041e5c0","FUN_0041e5c0"
"00424ee0","FUN_00424ee0","003fca20","FUN_003fca20"
"00424ee0","FUN_00424ee0","0041e4a0","FUN_0041e4a0"
"00424f30","FUN_00424f30","003fca20","FUN_003fca20"
"00424f30","FUN_00424f30","0041df70","FUN_0041df70"
"00424f80","FUN_00424f80","003fca20","FUN_003fca20"
"00424f80","FUN_00424f80","0041d0b0","FUN_0041d0b0"
"00424fd0","FUN_00424fd0","003fca30","FUN_003fca30"
"00424fd0","FUN_00424fd0","003fcdc0","FUN_003fcdc0"
"00425040","FUN_00425040","003fca20","FUN_003fca20"
"00425040","FUN_00425040","003fd1a0","FUN_003fd1a0"
"004250c0","FUN_004250c0","003fca30","FUN_003fca30"
"004250c0","FUN_004250c0","003fcdc0","FUN_003fcdc0"
"00425130","FUN_00425130","003fca20","FUN_003fca20"
"00425130","FUN_00425130","003fd1a0","FUN_003fd1a0"
"004251b0","FUN_004251b0","003fca30","FUN_003fca30"
"004251b0","FUN_004251b0","003fcdc0","FUN_003fcdc0"
"00425220","FUN_00425220","003fca20","FUN_003fca20"
"00425220","FUN_00425220","003fd1a0","FUN_003fd1a0"
"004252a0","FUN_004252a0","003fca30","FUN_003fca30"
"004252a0","FUN_004252a0","003fcdc0","FUN_003fcdc0"
"00425310","FUN_00425310","003fca20","FUN_003fca20"
"00425310","FUN_00425310","003fd1a0","FUN_003fd1a0"
"00425390","FUN_00425390","003fca20","FUN_003fca20"
"00425390","FUN_00425390","0041ce50","FUN_0041ce50"
"004253e0","FUN_004253e0","003fca20","FUN_003fca20"
"004253e0","FUN_004253e0","0041cc20","FUN_0041cc20"
"00425490","FUN_00425490","003fca20","FUN_003fca20"
"00425490","FUN_00425490","0041ca20","FUN_0041ca20"
"00425540","FUN_00425540","003fca20","FUN_003fca20"
"00425540","FUN_00425540","0041c7c0","FUN_0041c7c0"
"00425580","FUN_00425580","003fca20","FUN_003fca20"
"00425580","FUN_00425580","0041c360","FUN_0041c360"
"004255e0","FUN_004255e0","003fca20","FUN_003fca20"
"004255e0","FUN_004255e0","0041c100","FUN_0041c100"
"00425630","FUN_00425630","003fca20","FUN_003fca20"
"00425630","FUN_00425630","0041b990","FUN_0041b990"
"00425680","FUN_00425680","003fca20","FUN_003fca20"
"00425680","FUN_00425680","0041b730","FUN_0041b730"
"004256d0","FUN_004256d0","003fca20","FUN_003fca20"
"004256d0","FUN_004256d0","0041b4b0","FUN_0041b4b0"
"00425720","FUN_00425720","003fca20","FUN_003fca20"
"00425720","FUN_00425720","0041aaf0","FUN_0041aaf0"
"00425790","FUN_00425790","003fca20","FUN_003fca20"
"00425790","FUN_00425790","0041a460","FUN_0041a460"
"00425820","FUN_00425820","003fca20","FUN_003fca20"
"00425820","FUN_00425820","0041a2f0","FUN_0041a2f0"
"00425870","FUN_00425870","003fca20","FUN_003fca20"
"00425870","FUN_00425870","0041a1b0","FUN_0041a1b0"
"004258b0","FUN_004258b0","003fca20","FUN_003fca20"
"004258b0","FUN_004258b0","00419b40","FUN_00419b40"
"00425960","FUN_00425960","003fca20","FUN_003fca20"
"00425960","FUN_00425960","00419a90","FUN_00419a90"
"004259b0","FUN_004259b0","003fca20","FUN_003fca20"
"004259b0","FUN_004259b0","00419480","FUN_00419480"
"004259b0","FUN_004259b0","00419610","FUN_00419610"
"00425a40","FUN_00425a40","003fca30","FUN_003fca30"
"00425a40","FUN_00425a40","003fcb10","FUN_003fcb10"
"00425aa0","FUN_00425aa0","003fca20","FUN_003fca20"
"00425aa0","FUN_00425aa0","003fcae0","FUN_003fcae0"
"00425b00","FUN_00425b00","003fca20","FUN_003fca20"
"00425b00","FUN_00425b00","00419060","FUN_00419060"
"00425b60","FUN_00425b60","003fca20","FUN_003fca20"
"00425b60","FUN_00425b60","00418f80","FUN_00418f80"
"00425bc0","FUN_00425bc0","003fca20","FUN_003fca20"
"00425bc0","FUN_00425bc0","00418ea0","FUN_00418ea0"
"00425c20","FUN_00425c20","003fca30","FUN_003fca30"
"00425c20","FUN_00425c20","00418be0","FUN_00418be0"
"00425c80","FUN_00425c80","003fca20","FUN_003fca20"
"00425c80","FUN_00425c80","00418b50","FUN_00418b50"
"00425d20","FUN_00425d20","003fca20","FUN_003fca20"
"00425d20","FUN_00425d20","00418b50","FUN_00418b50"
"00425d80","FUN_00425d80","001018e0","FUN_001018e0"
"00425f10","FUN_00425f10","00176d80","FUN_00176d80"
"00425f10","FUN_00425f10","002ebbe0","FUN_002ebbe0"
"00425f10","FUN_00425f10","003fca30","FUN_003fca30"
"00425f10","FUN_00425f10","003fcb10","FUN_003fcb10"
"00425f10","FUN_00425f10","00442b30","FUN_00442b30"
"00429bc0","FUN_00429bc0","0019cc40","FUN_0019cc40"
"00429bc0","FUN_00429bc0","004413a0","FUN_004413a0"
"00429bc0","FUN_00429bc0","004414a0","FUN_004414a0"
"00429c70","FUN_00429c70","00481660","FUN_00481660"
"00429cf0","FUN_00429cf0","00101700","FUN_00101700"
"00429cf0","FUN_00429cf0","00440b30","FUN_00440b30"
"00429cf0","FUN_00429cf0","00442af0","FUN_00442af0"
"00429da0","FUN_00429da0","00425de0","FUN_00425de0"
"00429df0","FUN_00429df0","003fca30","FUN_003fca30"
"00429df0","FUN_00429df0","00425f10","FUN_00425f10"
"00429e50","FUN_00429e50","00425de0","FUN_00425de0"
"00429eb0","FUN_00429eb0","003fca30","FUN_003fca30"
"00429eb0","FUN_00429eb0","00425f10","FUN_00425f10"
"00429f10","FUN_00429f10","00425de0","FUN_00425de0"
"00429f60","FUN_00429f60","003fca30","FUN_003fca30"
"00429f60","FUN_00429f60","00425f10","FUN_00425f10"
"00429fc0","FUN_00429fc0","00425de0","FUN_00425de0"
"0042a020","FUN_0042a020","003fca30","FUN_003fca30"
"0042a020","FUN_0042a020","00425f10","FUN_00425f10"
"0042a100","FUN_0042a100","002ebbe0","FUN_002ebbe0"
"0042a100","FUN_0042a100","003fca30","FUN_003fca30"
"0042a100","FUN_0042a100","00425f10","FUN_00425f10"
"0042a180","FUN_0042a180","0016ba10","FUN_0016ba10"
"0042a180","FUN_0042a180","0016ba60","FUN_0016ba60"
"0042a180","FUN_0042a180","002eb970","FUN_002eb970"
"0042a180","FUN_0042a180","002ebbe0","FUN_002ebbe0"
"0042a180","FUN_0042a180","00426b40","FUN_00426b40"
"0042a330","FUN_0042a330","00426b40","FUN_00426b40"
"0042a330","FUN_0042a330","004289b0","FUN_004289b0"
"0042a440","FUN_0042a440","002ebbe0","FUN_002ebbe0"
"0042a440","FUN_0042a440","003fca30","FUN_003fca30"
"0042a440","FUN_0042a440","003fcb10","FUN_003fcb10"
"0042a5a0","FUN_0042a5a0","003fca20","FUN_003fca20"
"0042a5a0","FUN_0042a5a0","00429da0","FUN_00429da0"
"0042a610","FUN_0042a610","003fca20","FUN_003fca20"
"0042a610","FUN_0042a610","00438990","FUN_00438990"
"0042a710","FUN_0042a710","003fc2e0","FUN_003fc2e0"
"0042a820","FUN_0042a820","002ebbe0","FUN_002ebbe0"
"0042a820","FUN_0042a820","003fca30","FUN_003fca30"
"0042a820","FUN_0042a820","003fcb10","FUN_003fcb10"
"0042a980","FUN_0042a980","003fca20","FUN_003fca20"
"0042a980","FUN_0042a980","00429e50","FUN_00429e50"
"0042aa00","FUN_0042aa00","003fca20","FUN_003fca20"
"0042aa00","FUN_0042aa00","00438420","FUN_00438420"
"0042aa00","FUN_0042aa00","00441cc0","FUN_00441cc0"
"0042ab30","FUN_0042ab30","003fc2e0","FUN_003fc2e0"
"0042ac50","FUN_0042ac50","002ebbe0","FUN_002ebbe0"
"0042ac50","FUN_0042ac50","003fca30","FUN_003fca30"
"0042ac50","FUN_0042ac50","003fcb10","FUN_003fcb10"
"0042aea0","FUN_0042aea0","0016ba10","FUN_0016ba10"
"0042aea0","FUN_0042aea0","0042b380","FUN_0042b380"
"0042af70","FUN_0042af70","0019cc40","FUN_0019cc40"
"0042af70","FUN_0042af70","002ec0c0","FUN_002ec0c0"
"0042af70","FUN_0042af70","0045fbc0","FUN_0045fbc0"
"0042af70","FUN_0042af70","0048e8d0","FUN_0048e8d0"
"0042af70","FUN_0042af70","00495ed0","FUN_00495ed0"
"0042af70","FUN_0042af70","005880c0","FUN_005880c0"
"0042b680","FUN_0042b680","003fcae0","FUN_003fcae0"
"0042b6e0","FUN_0042b6e0","002ebbe0","FUN_002ebbe0"
"0042b6e0","FUN_0042b6e0","003fca30","FUN_003fca30"
"0042b6e0","FUN_0042b6e0","003fcb10","FUN_003fcb10"
"0042b830","FUN_0042b830","0042b960","FUN_0042b960"
"0042b830","FUN_0042b830","0042bc30","FUN_0042bc30"
"0042bc80","FUN_0042bc80","0043a040","FUN_0043a040"
"0042bd20","FUN_0042bd20","003fcae0","FUN_003fcae0"
"0042bd80","FUN_0042bd80","002ebbe0","FUN_002ebbe0"
"0042bd80","FUN_0042bd80","003fca30","FUN_003fca30"
"0042bd80","FUN_0042bd80","003fcb10","FUN_003fcb10"
"0042be00","FUN_0042be00","0042bf20","FUN_0042bf20"
"0042bec0","FUN_0042bec0","0042bf20","FUN_0042bf20"
"0042bf20","FUN_0042bf20","003fca20","FUN_003fca20"
"0042bf20","FUN_0042bf20","00438990","FUN_00438990"
"0042bf20","FUN_0042bf20","0043d2a0","FUN_0043d2a0"
"0042bf20","FUN_0042bf20","0043d800","FUN_0043d800"
"0042bff0","FUN_0042bff0","003fcae0","FUN_003fcae0"
"0042c060","FUN_0042c060","002ebbe0","FUN_002ebbe0"
"0042c060","FUN_0042c060","003fca30","FUN_003fca30"
"0042c060","FUN_0042c060","003fcb10","FUN_003fcb10"
"0042c300","FUN_0042c300","0042c430","FUN_0042c430"
"0042c430","FUN_0042c430","002eb970","FUN_002eb970"
"0042c430","FUN_0042c430","002ebbe0","FUN_002ebbe0"
"0042c430","FUN_0042c430","003fca20","FUN_003fca20"
"0042c430","FUN_0042c430","003fca40","FUN_003fca40"
"0042c430","FUN_0042c430","00429da0","FUN_00429da0"
"0042c430","FUN_0042c430","00431b80","FUN_00431b80"
"0042c430","FUN_0042c430","0043d110","FUN_0043d110"
"0042c6c0","FUN_0042c6c0","00176da0","FUN_00176da0"
"0042c6c0","FUN_0042c6c0","002ebbe0","FUN_002ebbe0"
"0042c6c0","FUN_0042c6c0","003fca30","FUN_003fca30"
"0042c6c0","FUN_0042c6c0","003fcb10","FUN_003fcb10"
"0042c6c0","FUN_0042c6c0","00442b30","FUN_00442b30"
"0042dbe0","FUN_0042dbe0","0042cd80","FUN_0042cd80"
"0042dd10","FUN_0042dd10","00176d70","FUN_00176d70"
"0042dd10","FUN_0042dd10","0019cc40","FUN_0019cc40"
"0042dd10","FUN_0042dd10","00440290","FUN_00440290"
"0042de50","FUN_0042de50","00101700","FUN_00101700"
"0042de50","FUN_0042de50","00442af0","FUN_00442af0"
"0042df20","FUN_0042df20","002ebbe0","FUN_002ebbe0"
"0042df20","FUN_0042df20","003fca30","FUN_003fca30"
"0042df20","FUN_0042df20","003fcb10","FUN_003fcb10"
"0042dfd0","FUN_0042dfd0","003fca20","FUN_003fca20"
"0042dfd0","FUN_0042dfd0","0043a040","FUN_0043a040"
"0042e050","FUN_0042e050","003fca20","FUN_003fca20"
"0042e050","FUN_0042e050","003fca40","FUN_003fca40"
"0042e050","FUN_0042e050","0042c5f0","FUN_0042c5f0"
"0042e1a0","FUN_0042e1a0","002ebbe0","FUN_002ebbe0"
"0042e1a0","FUN_0042e1a0","003fca30","FUN_003fca30"
"0042e1a0","FUN_0042e1a0","003fcb10","FUN_003fcb10"
"0042e310","FUN_0042e310","0042e360","FUN_0042e360"
"0042e360","FUN_0042e360","003fca20","FUN_003fca20"
"0042e360","FUN_0042e360","003fca40","FUN_003fca40"
"0042e360","FUN_0042e360","0042c5f0","FUN_0042c5f0"
"0042e4c0","FUN_0042e4c0","002ebbe0","FUN_002ebbe0"
"0042e4c0","FUN_0042e4c0","003fca30","FUN_003fca30"
"0042e4c0","FUN_0042e4c0","003fcb10","FUN_003fcb10"
"0042e6f0","FUN_0042e6f0","0042e740","FUN_0042e740"
"0042e740","FUN_0042e740","003fca20","FUN_003fca20"
"0042e740","FUN_0042e740","0042c5f0","FUN_0042c5f0"
"0042e740","FUN_0042e740","0044f9c0","FUN_0044f9c0"
"0042e740","FUN_0042e740","004eeb40","FUN_004eeb40"
"0042e920","FUN_0042e920","002ebbe0","FUN_002ebbe0"
"0042e920","FUN_0042e920","003fca30","FUN_003fca30"
"0042e920","FUN_0042e920","003fcb10","FUN_003fcb10"
"0042ea70","FUN_0042ea70","001fa3e0","FUN_001fa3e0"
"0042ea70","FUN_0042ea70","0042ec20","FUN_0042ec20"
"0042ead0","FUN_0042ead0","002ec0c0","FUN_002ec0c0"
"0042ead0","FUN_0042ead0","0042ec20","FUN_0042ec20"
"0042ec20","FUN_0042ec20","001fa3e0","FUN_001fa3e0"
"0042ec20","FUN_0042ec20","003fca20","FUN_003fca20"
"0042ec20","FUN_0042ec20","0042e410","FUN_0042e410"
"0042ec20","FUN_0042ec20","0042edf0","FUN_0042edf0"
"0042ec20","FUN_0042ec20","00455c20","FUN_00455c20"
"0042ec20","FUN_0042ec20","0045fa00","FUN_0045fa00"
"0042ec20","FUN_0042ec20","005502c8","FUN_005502c8"
"0042ef70","FUN_0042ef70","0010ab40","FUN_0010ab40"
"0042ef70","FUN_0042ef70","002ebbe0","FUN_002ebbe0"
"0042ef70","FUN_0042ef70","003fca30","FUN_003fca30"
"0042ef70","FUN_0042ef70","003fca70","FUN_003fca70"
"0042ef70","FUN_0042ef70","00442b30","FUN_00442b30"
"0042f290","FUN_0042f290","004faec0","FUN_004faec0"
"0042f290","FUN_0042f290","004faf70","FUN_004faf70"
"004301a0","FUN_004301a0","005230c0","FUN_005230c0"
"00430230","FUN_00430230","00176da0","FUN_00176da0"
"00430230","FUN_00430230","005230c0","FUN_005230c0"
"004302f0","FUN_004302f0","0045fbc0","FUN_0045fbc0"
"004310b0","FUN_004310b0","003fcae0","FUN_003fcae0"
"00431130","FUN_00431130","002ebbe0","FUN_002ebbe0"
"00431130","FUN_00431130","003fca30","FUN_003fca30"
"00431130","FUN_00431130","003fcb10","FUN_003fcb10"
"00431770","FUN_00431770","003fca20","FUN_003fca20"
"00431770","FUN_00431770","003fcae0","FUN_003fcae0"
"00431770","FUN_00431770","00429da0","FUN_00429da0"
"00431770","FUN_00431770","00429e50","FUN_00429e50"
"00431770","FUN_00431770","0042edf0","FUN_0042edf0"
"00431770","FUN_00431770","00432760","FUN_00432760"
"00431770","FUN_00431770","0043d9d0","FUN_0043d9d0"
"00431770","FUN_00431770","00455c20","FUN_00455c20"
"00431980","FUN_00431980","00431010","FUN_00431010"
"004319c0","FUN_004319c0","003fca30","FUN_003fca30"
"004319c0","FUN_004319c0","00431130","FUN_00431130"
"00431a20","FUN_00431a20","001e0a00","FUN_001e0a00"
"00431a20","FUN_00431a20","00431950","FUN_00431950"
"00431bf0","FUN_00431bf0","002ebbe0","FUN_002ebbe0"
"00431bf0","FUN_00431bf0","003fca30","FUN_003fca30"
"00431bf0","FUN_00431bf0","00431130","FUN_00431130"
"00431c70","FUN_00431c70","001e0a00","FUN_001e0a00"
"00431c70","FUN_00431c70","00431950","FUN_00431950"
"00431e70","FUN_00431e70","003fca30","FUN_003fca30"
"00431e70","FUN_00431e70","00431130","FUN_00431130"
"00431ed0","FUN_00431ed0","003fca20","FUN_003fca20"
"00431ed0","FUN_00431ed0","0045a700","FUN_0045a700"
"00431f20","FUN_00431f20","00431950","FUN_00431950"
"004325d0","FUN_004325d0","003fca30","FUN_003fca30"
"004325d0","FUN_004325d0","003fcb10","FUN_003fcb10"
"004325d0","FUN_004325d0","004d6480","FUN_004d6480"
"00432650","FUN_00432650","003fca20","FUN_003fca20"
"00432650","FUN_00432650","00431de0","FUN_00431de0"
"004326e0","FUN_004326e0","003fca20","FUN_003fca20"
"004326e0","FUN_004326e0","00431de0","FUN_00431de0"
"00432760","FUN_00432760","003fcae0","FUN_003fcae0"
"004327a0","FUN_004327a0","003fca30","FUN_003fca30"
"004327a0","FUN_004327a0","003fcb10","FUN_003fcb10"
"00432a10","FUN_00432a10","003fcae0","FUN_003fcae0"
"00432a70","FUN_00432a70","002ebbe0","FUN_002ebbe0"
"00432a70","FUN_00432a70","003fca30","FUN_003fca30"
"00432a70","FUN_00432a70","003fcb10","FUN_003fcb10"
"00432a70","FUN_00432a70","00442b30","FUN_00442b30"
"00432b50","FUN_00432b50","0016b250","FUN_0016b250"
"00432b50","FUN_00432b50","0016b610","FUN_0016b610"
"00432b50","FUN_00432b50","003fca20","FUN_003fca20"
"00432b50","FUN_00432b50","004377f0","FUN_004377f0"
"00432b50","FUN_00432b50","00438420","FUN_00438420"
"00432b50","FUN_00432b50","00438990","FUN_00438990"
"00432b50","FUN_00432b50","0043a040","FUN_0043a040"
"00432b50","FUN_00432b50","00441b80","FUN_00441b80"
"00432f80","FUN_00432f80","00432b50","FUN_00432b50"
"00432f80","FUN_00432f80","004330b0","FUN_004330b0"
"00432f80","FUN_00432f80","00441580","FUN_00441580"
"00432f80","FUN_00432f80","004415a0","FUN_004415a0"
"004330b0","FUN_004330b0","00101700","FUN_00101700"
"004330b0","FUN_004330b0","00440b30","FUN_00440b30"
"004330b0","FUN_004330b0","00442af0","FUN_00442af0"
"00433200","FUN_00433200","003fca30","FUN_003fca30"
"00433200","FUN_00433200","0042ef70","FUN_0042ef70"
"00433260","FUN_00433260","0042f2e0","FUN_0042f2e0"
"004332b0","FUN_004332b0","002eb970","FUN_002eb970"
"004332b0","FUN_004332b0","0042f3d0","FUN_0042f3d0"
"004333a0","FUN_004333a0","003fca20","FUN_003fca20"
"004333a0","FUN_004333a0","004331a0","FUN_004331a0"
"00433400","FUN_00433400","003fca20","FUN_003fca20"
"00433400","FUN_00433400","00432a10","FUN_00432a10"
"00433450","FUN_00433450","003fca20","FUN_003fca20"
"00433450","FUN_00433450","00432760","FUN_00432760"
"00433490","FUN_00433490","003fca20","FUN_003fca20"
"00433490","FUN_00433490","004324c0","FUN_004324c0"
"00433500","FUN_00433500","003fca20","FUN_003fca20"
"00433500","FUN_00433500","00431de0","FUN_00431de0"
"00433570","FUN_00433570","003fca20","FUN_003fca20"
"00433570","FUN_00433570","00431b80","FUN_00431b80"
"004335d0","FUN_004335d0","003fca20","FUN_003fca20"
"004335d0","FUN_004335d0","00431980","FUN_00431980"
"00433630","FUN_00433630","003fca20","FUN_003fca20"
"00433630","FUN_00433630","00431010","FUN_00431010"
"00433690","FUN_00433690","003fca20","FUN_003fca20"
"00433690","FUN_00433690","0042edf0","FUN_0042edf0"
"00433710","FUN_00433710","003fca20","FUN_003fca20"
"00433710","FUN_00433710","0042e8a0","FUN_0042e8a0"
"00433760","FUN_00433760","003fca20","FUN_003fca20"
"00433760","FUN_00433760","0042e410","FUN_0042e410"
"004337c0","FUN_004337c0","003fca20","FUN_003fca20"
"004337c0","FUN_004337c0","0042e110","FUN_0042e110"
"00433820","FUN_00433820","003fca30","FUN_003fca30"
"00433820","FUN_00433820","003fcb10","FUN_003fcb10"
"00433910","FUN_00433910","003fca30","FUN_003fca30"
"00433910","FUN_00433910","0042c6c0","FUN_0042c6c0"
"00433970","FUN_00433970","003fca20","FUN_003fca20"
"00433970","FUN_00433970","0042c5f0","FUN_0042c5f0"
"004339f0","FUN_004339f0","003fca20","FUN_003fca20"
"004339f0","FUN_004339f0","0042deb0","FUN_0042deb0"
"00433a40","FUN_00433a40","003fca20","FUN_003fca20"
"00433a40","FUN_00433a40","0042c5f0","FUN_0042c5f0"
"00433aa0","FUN_00433aa0","003fca20","FUN_003fca20"
"00433aa0","FUN_00433aa0","0042bff0","FUN_0042bff0"
"00433af0","FUN_00433af0","003fca20","FUN_003fca20"
"00433af0","FUN_00433af0","0042bd20","FUN_0042bd20"
"00433b40","FUN_00433b40","003fca20","FUN_003fca20"
"00433b40","FUN_00433b40","0042b680","FUN_0042b680"
"00433b90","FUN_00433b90","003fca20","FUN_003fca20"
"00433b90","FUN_00433b90","0042aba0","FUN_0042aba0"
"00433bf0","FUN_00433bf0","003fca20","FUN_003fca20"
"00433bf0","FUN_00433bf0","0042a780","FUN_0042a780"
"00433c50","FUN_00433c50","003fca20","FUN_003fca20"
"00433c50","FUN_00433c50","0042a3c0","FUN_0042a3c0"
"00433cb0","FUN_00433cb0","003fca20","FUN_003fca20"
"00433cb0","FUN_00433cb0","0042a080","FUN_0042a080"
"00433d00","FUN_00433d00","003fca20","FUN_003fca20"
"00433d00","FUN_00433d00","00429fc0","FUN_00429fc0"
"00433d60","FUN_00433d60","003fca20","FUN_003fca20"
"00433d60","FUN_00433d60","00429f10","FUN_00429f10"
"00433dc0","FUN_00433dc0","003fca20","FUN_003fca20"
"00433dc0","FUN_00433dc0","00429e50","FUN_00429e50"
"00433e30","FUN_00433e30","003fca20","FUN_003fca20"
"00433e30","FUN_00433e30","00429da0","FUN_00429da0"
"00433e90","FUN_00433e90","003de200","FUN_003de200"
"00433e90","FUN_00433e90","003de260","FUN_003de260"
"00433f20","FUN_00433f20","003de1e0","FUN_003de1e0"
"00433f20","FUN_00433f20","003de250","FUN_003de250"
"00434090","FUN_00434090","002ebbe0","FUN_002ebbe0"
"00434090","FUN_00434090","003fca30","FUN_003fca30"
"00434090","FUN_00434090","003fcb10","FUN_003fcb10"
"00434090","FUN_00434090","004d6480","FUN_004d6480"
"004344e0","FUN_004344e0","00434440","FUN_00434440"
"004344e0","FUN_004344e0","00434890","FUN_00434890"
"004344e0","FUN_004344e0","00434ba0","FUN_00434ba0"
"004344e0","FUN_004344e0","0043f440","FUN_0043f440"
"004344e0","FUN_004344e0","0043fab0","FUN_0043fab0"
"004344e0","FUN_004344e0","00440b30","FUN_00440b30"
"004344e0","FUN_004344e0","00441cc0","FUN_00441cc0"
"004344e0","FUN_004344e0","004421a0","FUN_004421a0"
"00434ba0","FUN_00434ba0","003fca20","FUN_003fca20"
"00434ba0","FUN_00434ba0","003fca40","FUN_003fca40"
"00434ba0","FUN_00434ba0","00418b50","FUN_00418b50"
"00434ba0","FUN_00434ba0","00437da0","FUN_00437da0"
"00434ba0","FUN_00434ba0","00438020","FUN_00438020"
"00434ba0","FUN_00434ba0","0044f9c0","FUN_0044f9c0"
"00434ba0","FUN_00434ba0","00451da0","FUN_00451da0"
"00435520","FUN_00435520","0010ab40","FUN_0010ab40"
"00435520","FUN_00435520","002ebbe0","FUN_002ebbe0"
"00435520","FUN_00435520","003fca30","FUN_003fca30"
"00435520","FUN_00435520","003fca70","FUN_003fca70"
"004355f0","FUN_004355f0","004356d0","FUN_004356d0"
"004355f0","FUN_004355f0","00435950","FUN_00435950"
"00435670","FUN_00435670","00440b30","FUN_00440b30"
"00435670","FUN_00435670","00442b80","FUN_00442b80"
"004356d0","FUN_004356d0","0053aec8","FUN_0053aec8"
"00435c10","FUN_00435c10","002640d0","FUN_002640d0"
"00435c10","FUN_00435c10","00435fc0","FUN_00435fc0"
"00435f90","FUN_00435f90","00442b80","FUN_00442b80"
"00435fc0","FUN_00435fc0","005230c0","FUN_005230c0"
"00436070","FUN_00436070","00108020","FUN_00108020"
"00436070","FUN_00436070","0010ab40","FUN_0010ab40"
"00436070","FUN_00436070","00435fc0","FUN_00435fc0"
"004360e0","FUN_004360e0","00435fc0","FUN_00435fc0"
"004361d0","FUN_004361d0","0010ab40","FUN_0010ab40"
"004361d0","FUN_004361d0","002ebbe0","FUN_002ebbe0"
"004361d0","FUN_004361d0","003fca30","FUN_003fca30"
"004361d0","FUN_004361d0","003fca70","FUN_003fca70"
"004362a0","FUN_004362a0","00436330","FUN_00436330"
"00436300","FUN_00436300","00442b80","FUN_00442b80"
"00436480","FUN_00436480","0010ab40","FUN_0010ab40"
"00436480","FUN_00436480","002ebbe0","FUN_002ebbe0"
"00436480","FUN_00436480","003fca30","FUN_003fca30"
"00436480","FUN_00436480","003fca70","FUN_003fca70"
"00436570","FUN_00436570","004366b0","FUN_004366b0"
"00436680","FUN_00436680","00442b80","FUN_00442b80"
"00436840","FUN_00436840","0010ab40","FUN_0010ab40"
"00436840","FUN_00436840","002ebbe0","FUN_002ebbe0"
"00436840","FUN_00436840","003fca30","FUN_003fca30"
"00436840","FUN_00436840","003fca70","FUN_003fca70"
"004368e0","FUN_004368e0","00436b00","FUN_00436b00"
"00436970","FUN_00436970","00436b00","FUN_00436b00"
"00436970","FUN_00436970","00436bb0","FUN_00436bb0"
"00436970","FUN_00436970","005230c0","FUN_005230c0"
"00436ad0","FUN_00436ad0","00442b80","FUN_00442b80"
"00436b00","FUN_00436b00","005230c0","FUN_005230c0"
"00436bb0","FUN_00436bb0","00108020","FUN_00108020"
"00436bb0","FUN_00436bb0","0010ab40","FUN_0010ab40"
"00436bb0","FUN_00436bb0","00436b00","FUN_00436b00"
"00436c20","FUN_00436c20","00436b00","FUN_00436b00"
"00436d20","FUN_00436d20","0010ab40","FUN_0010ab40"
"00436d20","FUN_00436d20","002ebbe0","FUN_002ebbe0"
"00436d20","FUN_00436d20","003fca30","FUN_003fca30"
"00436d20","FUN_00436d20","003fca70","FUN_003fca70"
"00436dc0","FUN_00436dc0","00437270","FUN_00437270"
"00436e60","FUN_00436e60","00436f90","FUN_00436f90"
"00436e60","FUN_00436e60","00437270","FUN_00437270"
"00436f60","FUN_00436f60","00442b80","FUN_00442b80"
"00437270","FUN_00437270","005230c0","FUN_005230c0"
"004373b0","FUN_004373b0","0010ab40","FUN_0010ab40"
"004373b0","FUN_004373b0","002ebbe0","FUN_002ebbe0"
"004373b0","FUN_004373b0","003fca30","FUN_003fca30"
"004373b0","FUN_004373b0","003fca70","FUN_003fca70"
"00437480","FUN_00437480","00199a00","FUN_00199a00"
"00437480","FUN_00437480","0019cc40","FUN_0019cc40"
"00437480","FUN_00437480","00437670","FUN_00437670"
"00437640","FUN_00437640","00442b80","FUN_00442b80"
"00437870","FUN_00437870","0010ab40","FUN_0010ab40"
"00437870","FUN_00437870","002ebbe0","FUN_002ebbe0"
"00437870","FUN_00437870","003fca30","FUN_003fca30"
"00437870","FUN_00437870","003fca70","FUN_003fca70"
"00437940","FUN_00437940","00437a20","FUN_00437a20"
"004379a0","FUN_004379a0","0019cd80","FUN_0019cd80"
"004379a0","FUN_004379a0","00442b80","FUN_00442b80"
"00437a20","FUN_00437a20","005230c0","FUN_005230c0"
"00437b40","FUN_00437b40","002ebbe0","FUN_002ebbe0"
"00437b40","FUN_00437b40","003fca30","FUN_003fca30"
"00437b40","FUN_00437b40","003fca70","FUN_003fca70"
"00437c60","FUN_00437c60","0019cd80","FUN_0019cd80"
"00437c90","FUN_00437c90","0019cc40","FUN_0019cc40"
"00437e20","FUN_00437e20","002ebbe0","FUN_002ebbe0"
"00437e20","FUN_00437e20","003fca30","FUN_003fca30"
"00437e20","FUN_00437e20","003fca70","FUN_003fca70"
"00437ea0","FUN_00437ea0","00441270","FUN_00441270"
"00437ee0","FUN_00437ee0","0019cd80","FUN_0019cd80"
"004380e0","FUN_004380e0","003fca30","FUN_003fca30"
"004380e0","FUN_004380e0","003fca70","FUN_003fca70"
"00438190","FUN_00438190","003fca20","FUN_003fca20"
"00438190","FUN_00438190","00438020","FUN_00438020"
"004381e0","FUN_004381e0","00438350","FUN_00438350"
"00438350","FUN_00438350","00440b30","FUN_00440b30"
"004384b0","FUN_004384b0","002ebbe0","FUN_002ebbe0"
"004384b0","FUN_004384b0","003fca30","FUN_003fca30"
"004384b0","FUN_004384b0","003fca70","FUN_003fca70"
"00438a10","FUN_00438a10","002ebbe0","FUN_002ebbe0"
"00438a10","FUN_00438a10","003fca30","FUN_003fca30"
"00438a10","FUN_00438a10","003fca70","FUN_003fca70"
"00439110","FUN_00439110","0010ab40","FUN_0010ab40"
"00439110","FUN_00439110","002ebbe0","FUN_002ebbe0"
"00439110","FUN_00439110","003fca30","FUN_003fca30"
"00439110","FUN_00439110","003fca70","FUN_003fca70"
"004391e0","FUN_004391e0","0019cc40","FUN_0019cc40"
"004391e0","FUN_004391e0","0019cd80","FUN_0019cd80"
"004391e0","FUN_004391e0","004393e0","FUN_004393e0"
"004391e0","FUN_004391e0","00439460","FUN_00439460"
"00439380","FUN_00439380","0019cd80","FUN_0019cd80"
"004393e0","FUN_004393e0","00108020","FUN_00108020"
"004393e0","FUN_004393e0","0010ab40","FUN_0010ab40"
"004393e0","FUN_004393e0","00439460","FUN_00439460"
"004393e0","FUN_004393e0","00442400","FUN_00442400"
"004396f0","FUN_004396f0","0010ab40","FUN_0010ab40"
"004396f0","FUN_004396f0","002ebbe0","FUN_002ebbe0"
"004396f0","FUN_004396f0","003fca30","FUN_003fca30"
"004396f0","FUN_004396f0","003fca70","FUN_003fca70"
"00439870","FUN_00439870","00439dc0","FUN_00439dc0"
"00439870","FUN_00439870","0053b3e8","FUN_0053b3e8"
"00439be0","FUN_00439be0","0019cd80","FUN_0019cd80"
"00439d10","FUN_00439d10","005230c0","FUN_005230c0"
"00439dc0","FUN_00439dc0","00108020","FUN_00108020"
"00439dc0","FUN_00439dc0","0010ab40","FUN_0010ab40"
"00439dc0","FUN_00439dc0","00439d10","FUN_00439d10"
"00439eb0","FUN_00439eb0","002ebbe0","FUN_002ebbe0"
"00439eb0","FUN_00439eb0","003fca30","FUN_003fca30"
"00439eb0","FUN_00439eb0","003fca70","FUN_003fca70"
"0043a0d0","FUN_0043a0d0","002ebbe0","FUN_002ebbe0"
"0043a0d0","FUN_0043a0d0","003fca30","FUN_003fca30"
"0043a0d0","FUN_0043a0d0","003fca70","FUN_003fca70"
"0043a5b0","FUN_0043a5b0","0016b250","FUN_0016b250"
"0043a5b0","FUN_0043a5b0","0016b610","FUN_0016b610"
"0043a5b0","FUN_0043a5b0","0016c590","FUN_0016c590"
"0043a5b0","FUN_0043a5b0","0016c600","FUN_0016c600"
"0043a5b0","FUN_0043a5b0","00176da0","FUN_00176da0"
"0043a5b0","FUN_0043a5b0","00192ec0","FUN_00192ec0"
"0043a5b0","FUN_0043a5b0","00199c50","FUN_00199c50"
"0043a5b0","FUN_0043a5b0","0019cc40","FUN_0019cc40"
"0043a5b0","FUN_0043a5b0","0019dea0","FUN_0019dea0"
"0043a5b0","FUN_0043a5b0","002ea9f0","FUN_002ea9f0"
"0043a5b0","FUN_0043a5b0","003fca20","FUN_003fca20"
"0043a5b0","FUN_0043a5b0","00418b50","FUN_00418b50"
"0043a5b0","FUN_0043a5b0","0043a150","FUN_0043a150"
"0043a5b0","FUN_0043a5b0","00442400","FUN_00442400"
"0043a5b0","FUN_0043a5b0","00455c20","FUN_00455c20"
"0043a5b0","FUN_0043a5b0","0045fa00","FUN_0045fa00"
"0043a5b0","FUN_0043a5b0","00463880","FUN_00463880"
"0043aa30","FUN_0043aa30","0010ab40","FUN_0010ab40"
"0043aa30","FUN_0043aa30","002ebbe0","FUN_002ebbe0"
"0043aa30","FUN_0043aa30","003fca30","FUN_003fca30"
"0043aa30","FUN_0043aa30","003fca70","FUN_003fca70"
"0043aad0","FUN_0043aad0","0043ad60","FUN_0043ad60"
"0043ad30","FUN_0043ad30","00442b80","FUN_00442b80"
"0043ad60","FUN_0043ad60","005230c0","FUN_005230c0"
"0043ae20","FUN_0043ae20","00108020","FUN_00108020"
"0043ae20","FUN_0043ae20","0010ab40","FUN_0010ab40"
"0043ae20","FUN_0043ae20","0043ad60","FUN_0043ad60"
"0043ae90","FUN_0043ae90","001625c0","FUN_001625c0"
"0043ae90","FUN_0043ae90","00162650","FUN_00162650"
"0043ae90","FUN_0043ae90","0043ad60","FUN_0043ad60"
"0043b000","FUN_0043b000","0010ab40","FUN_0010ab40"
"0043b000","FUN_0043b000","002ebbe0","FUN_002ebbe0"
"0043b000","FUN_0043b000","003fca30","FUN_003fca30"
"0043b000","FUN_0043b000","003fca70","FUN_003fca70"
"0043b0a0","FUN_0043b0a0","0043b380","FUN_0043b380"
"0043b140","FUN_0043b140","001024d0","FUN_001024d0"
"0043b140","FUN_0043b140","00108020","FUN_00108020"
"0043b140","FUN_0043b140","0043b430","FUN_0043b430"
"0043b2b0","FUN_0043b2b0","001024d0","FUN_001024d0"
"0043b2b0","FUN_0043b2b0","0019cd80","FUN_0019cd80"
"0043b2b0","FUN_0043b2b0","0043b380","FUN_0043b380"
"0043b2b0","FUN_0043b2b0","00442b80","FUN_00442b80"
"0043b380","FUN_0043b380","005230c0","FUN_005230c0"
"0043b430","FUN_0043b430","00108020","FUN_00108020"
"0043b430","FUN_0043b430","0010ab40","FUN_0010ab40"
"0043b430","FUN_0043b430","0043b380","FUN_0043b380"
"0043b430","FUN_0043b430","00442400","FUN_00442400"
"0043b540","FUN_0043b540","002ebbe0","FUN_002ebbe0"
"0043b540","FUN_0043b540","003fca30","FUN_003fca30"
"0043b540","FUN_0043b540","003fca70","FUN_003fca70"
"0043bac0","FUN_0043bac0","002ebbe0","FUN_002ebbe0"
"0043bac0","FUN_0043bac0","003fca30","FUN_003fca30"
"0043bac0","FUN_0043bac0","003fcb10","FUN_003fcb10"
"0043bac0","FUN_0043bac0","00442b30","FUN_00442b30"
"0043bb60","FUN_0043bb60","0043b4d0","FUN_0043b4d0"
"0043bb60","FUN_0043bb60","0043b540","FUN_0043b540"
"0043bb60","FUN_0043bb60","0043b5c0","FUN_0043b5c0"
"0043bbe0","FUN_0043bbe0","003fca20","FUN_003fca20"
"0043bbe0","FUN_0043bbe0","0043a040","FUN_0043a040"
"0043bbe0","FUN_0043bbe0","0043af60","FUN_0043af60"
"0043bbe0","FUN_0043bbe0","0043b4d0","FUN_0043b4d0"
"0043bbe0","FUN_0043bbe0","0043cc80","FUN_0043cc80"
"0043bd10","FUN_0043bd10","0043bbe0","FUN_0043bbe0"
"0043bdd0","FUN_0043bdd0","0043bbe0","FUN_0043bbe0"
"0043bdd0","FUN_0043bdd0","0043be80","FUN_0043be80"
"0043bdd0","FUN_0043bdd0","0043bee0","FUN_0043bee0"
"0043bdd0","FUN_0043bdd0","0043bf70","FUN_0043bf70"
"0043be80","FUN_0043be80","00101700","FUN_00101700"
"0043be80","FUN_0043be80","00442af0","FUN_00442af0"
"0043bee0","FUN_0043bee0","0019cc40","FUN_0019cc40"
"0043bf70","FUN_0043bf70","0010f200","FUN_0010f200"
"0043bf70","FUN_0043bf70","0019f7e0","FUN_0019f7e0"
"0043c0a0","FUN_0043c0a0","002ebbe0","FUN_002ebbe0"
"0043c0a0","FUN_0043c0a0","003fca30","FUN_003fca30"
"0043c0a0","FUN_0043c0a0","003fcb10","FUN_003fcb10"
"0043c160","FUN_0043c160","003fca20","FUN_003fca20"
"0043c160","FUN_0043c160","0042c5f0","FUN_0042c5f0"
"0043c160","FUN_0043c160","0043a040","FUN_0043a040"
"0043c160","FUN_0043c160","0043ba40","FUN_0043ba40"
"0043c160","FUN_0043c160","004c2d90","FUN_004c2d90"
"0043c480","FUN_0043c480","0019d410","FUN_0019d410"
"0043c480","FUN_0043c480","002640d0","FUN_002640d0"
"0043c480","FUN_0043c480","0043c160","FUN_0043c160"
"0043c480","FUN_0043c480","0055c0e0","FUN_0055c0e0"
"0043c480","FUN_0043c480","00574930","FUN_00574930"
"0043c7d0","FUN_0043c7d0","0010ab40","FUN_0010ab40"
"0043c7d0","FUN_0043c7d0","002ebbe0","FUN_002ebbe0"
"0043c7d0","FUN_0043c7d0","003fca30","FUN_003fca30"
"0043c7d0","FUN_0043c7d0","003fca70","FUN_003fca70"
"0043c7d0","FUN_0043c7d0","00442b30","FUN_00442b30"
"0043cc00","FUN_0043cc00","0019cd80","FUN_0019cd80"
"0043cd00","FUN_0043cd00","002ebbe0","FUN_002ebbe0"
"0043cd00","FUN_0043cd00","003fca30","FUN_003fca30"
"0043cd00","FUN_0043cd00","003fca70","FUN_003fca70"
"0043cd80","FUN_0043cd80","0010ab40","FUN_0010ab40"
"0043cd80","FUN_0043cd80","0043cff0","FUN_0043cff0"
"0043ce30","FUN_0043ce30","0043cf70","FUN_0043cf70"
"0043ce30","FUN_0043ce30","0043cff0","FUN_0043cff0"
"0043cf00","FUN_0043cf00","0019cd80","FUN_0019cd80"
"0043cf00","FUN_0043cf00","00442b80","FUN_00442b80"
"0043cf70","FUN_0043cf70","00108020","FUN_00108020"
"0043cf70","FUN_0043cf70","0010ab40","FUN_0010ab40"
"0043cf70","FUN_0043cf70","0043cff0","FUN_0043cff0"
"0043cf70","FUN_0043cf70","00442400","FUN_00442400"
"0043cff0","FUN_0043cff0","005230c0","FUN_005230c0"
"0043d070","FUN_0043d070","001625c0","FUN_001625c0"
"0043d070","FUN_0043d070","00162650","FUN_00162650"
"0043d110","FUN_0043d110","003fca40","FUN_003fca40"
"0043d170","FUN_0043d170","002ebbe0","FUN_002ebbe0"
"0043d170","FUN_0043d170","003fca30","FUN_003fca30"
"0043d170","FUN_0043d170","003fca70","FUN_003fca70"
"0043d1f0","FUN_0043d1f0","001e0a00","FUN_001e0a00"
"0043d2a0","FUN_0043d2a0","003fcae0","FUN_003fcae0"
"0043d300","FUN_0043d300","002ebbe0","FUN_002ebbe0"
"0043d300","FUN_0043d300","003fca30","FUN_003fca30"
"0043d300","FUN_0043d300","003fcb10","FUN_003fcb10"
"0043d380","FUN_0043d380","0043d610","FUN_0043d610"
"0043d610","FUN_0043d610","003fca20","FUN_003fca20"
"0043d610","FUN_0043d610","00418b50","FUN_00418b50"
"0043d610","FUN_0043d610","0043d6e0","FUN_0043d6e0"
"0043d610","FUN_0043d610","00450740","FUN_00450740"
"0043d800","FUN_0043d800","003fcae0","FUN_003fcae0"
"0043d860","FUN_0043d860","002ebbe0","FUN_002ebbe0"
"0043d860","FUN_0043d860","003fca30","FUN_003fca30"
"0043d860","FUN_0043d860","003fcb10","FUN_003fcb10"
"0043d930","FUN_0043d930","003fca20","FUN_003fca20"
"0043d930","FUN_0043d930","003fd0c0","FUN_003fd0c0"
"0043da50","FUN_0043da50","0017ef20","FUN_0017ef20"
"0043da50","FUN_0043da50","001f5580","FUN_001f5580"
"0043da50","FUN_0043da50","0030b800","FUN_0030b800"
"0043da50","FUN_0043da50","003fca30","FUN_003fca30"
"0043da50","FUN_0043da50","003fca70","FUN_003fca70"
"0043e380","FUN_0043e380","002ebbe0","FUN_002ebbe0"
"0043e380","FUN_0043e380","003fca30","FUN_003fca30"
"0043e380","FUN_0043e380","003fca70","FUN_003fca70"
"0043e400","FUN_0043e400","00418b50","FUN_00418b50"
"0043e4c0","FUN_0043e4c0","003fca40","FUN_003fca40"
"0043e520","FUN_0043e520","002ebbe0","FUN_002ebbe0"
"0043e520","FUN_0043e520","003fca30","FUN_003fca30"
"0043e520","FUN_0043e520","003fca70","FUN_003fca70"
"0043e5a0","FUN_0043e5a0","001929d0","FUN_001929d0"
"0043e5a0","FUN_0043e5a0","0019cc40","FUN_0019cc40"
"0043e5a0","FUN_0043e5a0","0045fbc0","FUN_0045fbc0"
"0043e680","FUN_0043e680","002ec0c0","FUN_002ec0c0"
"0043e680","FUN_0043e680","0056fc00","FUN_0056fc00"
"0043e890","FUN_0043e890","003fca20","FUN_003fca20"
"0043e890","FUN_0043e890","0043e4c0","FUN_0043e4c0"
"0043e8f0","FUN_0043e8f0","003fca20","FUN_003fca20"
"0043e8f0","FUN_0043e8f0","0043e2f0","FUN_0043e2f0"
"0043e950","FUN_0043e950","003fca20","FUN_003fca20"
"0043e950","FUN_0043e950","0043d9d0","FUN_0043d9d0"
"0043e9b0","FUN_0043e9b0","003fca20","FUN_003fca20"
"0043e9b0","FUN_0043e9b0","0043d800","FUN_0043d800"
"0043ea00","FUN_0043ea00","003fca20","FUN_003fca20"
"0043ea00","FUN_0043ea00","0043d2a0","FUN_0043d2a0"
"0043ea50","FUN_0043ea50","003fca20","FUN_003fca20"
"0043ea50","FUN_0043ea50","0043d110","FUN_0043d110"
"0043eab0","FUN_0043eab0","003fca20","FUN_003fca20"
"0043eab0","FUN_0043eab0","0043cc80","FUN_0043cc80"
"0043eb10","FUN_0043eb10","003fca20","FUN_003fca20"
"0043eb10","FUN_0043eb10","0043c710","FUN_0043c710"
"0043eb70","FUN_0043eb70","003fca20","FUN_003fca20"
"0043eb70","FUN_0043eb70","0043c030","FUN_0043c030"
"0043ebc0","FUN_0043ebc0","003fca20","FUN_003fca20"
"0043ebc0","FUN_0043ebc0","0043ba40","FUN_0043ba40"
"0043ec20","FUN_0043ec20","003fca20","FUN_003fca20"
"0043ec20","FUN_0043ec20","0043b4d0","FUN_0043b4d0"
"0043ec80","FUN_0043ec80","003fca20","FUN_003fca20"
"0043ec80","FUN_0043ec80","0043af60","FUN_0043af60"
"0043ece0","FUN_0043ece0","003fca20","FUN_003fca20"
"0043ece0","FUN_0043ece0","0043a9a0","FUN_0043a9a0"
"0043ed40","FUN_0043ed40","003fca20","FUN_003fca20"
"0043ed40","FUN_0043ed40","0043a040","FUN_0043a040"
"0043edd0","FUN_0043edd0","003fca20","FUN_003fca20"
"0043edd0","FUN_0043edd0","00439e40","FUN_00439e40"
"0043ee30","FUN_0043ee30","003fca20","FUN_003fca20"
"0043ee30","FUN_0043ee30","00439630","FUN_00439630"
"0043ee90","FUN_0043ee90","003fca20","FUN_003fca20"
"0043ee90","FUN_0043ee90","00439080","FUN_00439080"
"0043eef0","FUN_0043eef0","003fca20","FUN_003fca20"
"0043eef0","FUN_0043eef0","00438990","FUN_00438990"
"0043ef70","FUN_0043ef70","003fca20","FUN_003fca20"
"0043ef70","FUN_0043ef70","00438420","FUN_00438420"
"0043f010","FUN_0043f010","003fca20","FUN_003fca20"
"0043f010","FUN_0043f010","00437da0","FUN_00437da0"
"0043f080","FUN_0043f080","003fca20","FUN_003fca20"
"0043f080","FUN_0043f080","00437ad0","FUN_00437ad0"
"0043f0d0","FUN_0043f0d0","003fca20","FUN_003fca20"
"0043f0d0","FUN_0043f0d0","004377f0","FUN_004377f0"
"0043f130","FUN_0043f130","003fca20","FUN_003fca20"
"0043f130","FUN_0043f130","00437330","FUN_00437330"
"0043f190","FUN_0043f190","003fca20","FUN_003fca20"
"0043f190","FUN_0043f190","00436ca0","FUN_00436ca0"
"0043f1f0","FUN_0043f1f0","003fca20","FUN_003fca20"
"0043f1f0","FUN_0043f1f0","004367c0","FUN_004367c0"
"0043f250","FUN_0043f250","003fca20","FUN_003fca20"
"0043f250","FUN_0043f250","00436400","FUN_00436400"
"0043f2b0","FUN_0043f2b0","003fca20","FUN_003fca20"
"0043f2b0","FUN_0043f2b0","00436150","FUN_00436150"
"0043f310","FUN_0043f310","003fca20","FUN_003fca20"
"0043f310","FUN_0043f310","00435a90","FUN_00435a90"
"0043f370","FUN_0043f370","003fca20","FUN_003fca20"
"0043f370","FUN_0043f370","00435470","FUN_00435470"
"0043f3d0","FUN_0043f3d0","003fca20","FUN_003fca20"
"0043f3d0","FUN_0043f3d0","00433f80","FUN_00433f80"
"004414a0","FUN_004414a0","0016bc80","FUN_0016bc80"
"004418b0","FUN_004418b0","0016c600","FUN_0016c600"
"004418b0","FUN_004418b0","0017b910","FUN_0017b910"
"004418b0","FUN_004418b0","0019cc40","FUN_0019cc40"
"004418b0","FUN_004418b0","001f60d0","FUN_001f60d0"
"004418b0","FUN_004418b0","004829c0","FUN_004829c0"
"004418b0","FUN_004418b0","00495250","FUN_00495250"
"004418b0","FUN_004418b0","00495ed0","FUN_00495ed0"
"004418b0","FUN_004418b0","004960b0","FUN_004960b0"
"00442400","FUN_00442400","00102570","FUN_00102570"
"00442400","FUN_00442400","001025f0","FUN_001025f0"
"00442400","FUN_00442400","00108020","FUN_00108020"
"00442480","FUN_00442480","00102570","FUN_00102570"
"00442480","FUN_00442480","001025f0","FUN_001025f0"
"004424d0","FUN_004424d0","00108020","FUN_00108020"
"004424d0","FUN_004424d0","00192e70","FUN_00192e70"
"00442b30","FUN_00442b30","001018e0","FUN_001018e0"
"004450b0","FUN_004450b0","003fca40","FUN_003fca40"
"004450f0","FUN_004450f0","0010ab40","FUN_0010ab40"
"004450f0","FUN_004450f0","003fca30","FUN_003fca30"
"004450f0","FUN_004450f0","003fca70","FUN_003fca70"
"00445170","FUN_00445170","0010ab40","FUN_0010ab40"
"00445200","FUN_00445200","00445250","FUN_00445250"
"00445250","FUN_00445250","00108020","FUN_00108020"
"00445250","FUN_00445250","0010ab40","FUN_0010ab40"
"004452b0","FUN_004452b0","0010ab40","FUN_0010ab40"
"004452b0","FUN_004452b0","002ebbe0","FUN_002ebbe0"
"004452b0","FUN_004452b0","003fca30","FUN_003fca30"
"004452b0","FUN_004452b0","003fca70","FUN_003fca70"
"00445350","FUN_00445350","0010ab40","FUN_0010ab40"
"004453c0","FUN_004453c0","002ec0c0","FUN_002ec0c0"
"004453c0","FUN_004453c0","00445470","FUN_00445470"
"00445470","FUN_00445470","00108020","FUN_00108020"
"00445470","FUN_00445470","0010ab40","FUN_0010ab40"
"00445590","FUN_00445590","002ebbe0","FUN_002ebbe0"
"00445590","FUN_00445590","003fca30","FUN_003fca30"
"00445590","FUN_00445590","003fcb10","FUN_003fcb10"
"00445620","FUN_00445620","003fca20","FUN_003fca20"
"00445620","FUN_00445620","003fca40","FUN_003fca40"
"004456d0","FUN_004456d0","00244f50","FUN_00244f50"
"004456d0","FUN_004456d0","003fca20","FUN_003fca20"
"004456d0","FUN_004456d0","00450290","FUN_00450290"
"00445760","FUN_00445760","0010ab40","FUN_0010ab40"
"00445760","FUN_00445760","002ebbe0","FUN_002ebbe0"
"00445760","FUN_00445760","003fca30","FUN_003fca30"
"00445760","FUN_00445760","003fca70","FUN_003fca70"
"004458b0","FUN_004458b0","00445900","FUN_00445900"
"00445900","FUN_00445900","002ec0c0","FUN_002ec0c0"
"00445ad0","FUN_00445ad0","002ebbe0","FUN_002ebbe0"
"00445ad0","FUN_00445ad0","003fca30","FUN_003fca30"
"00445ad0","FUN_00445ad0","003fcb10","FUN_003fcb10"
"00445ce0","FUN_00445ce0","00445d30","FUN_00445d30"
"00445d30","FUN_00445d30","00244f50","FUN_00244f50"
"00445d30","FUN_00445d30","003fca20","FUN_003fca20"
"00445d30","FUN_00445d30","003fca40","FUN_003fca40"
"00445d30","FUN_00445d30","00450290","FUN_00450290"
"00445d30","FUN_00445d30","004c25f0","FUN_004c25f0"
"00445f30","FUN_00445f30","002ebbe0","FUN_002ebbe0"
"00445f30","FUN_00445f30","003fca30","FUN_003fca30"
"00445f30","FUN_00445f30","003fcb10","FUN_003fcb10"
"00445fc0","FUN_00445fc0","004460e0","FUN_004460e0"
"00446330","FUN_00446330","004460e0","FUN_004460e0"
"00446330","FUN_00446330","00446400","FUN_00446400"
"00446330","FUN_00446330","00446460","FUN_00446460"
"00446330","FUN_00446330","00446520","FUN_00446520"
"00446330","FUN_00446330","00584d50","FUN_00584d50"
"00446400","FUN_00446400","0019cc40","FUN_0019cc40"
"00446460","FUN_00446460","0019cc40","FUN_0019cc40"
"00446520","FUN_00446520","00584e50","FUN_00584e50"
"00446700","FUN_00446700","002ebbe0","FUN_002ebbe0"
"00446700","FUN_00446700","003fca30","FUN_003fca30"
"00446700","FUN_00446700","003fca70","FUN_003fca70"
"00447430","FUN_00447430","002ebbe0","FUN_002ebbe0"
"00447430","FUN_00447430","003fca30","FUN_003fca30"
"00447430","FUN_00447430","003fca70","FUN_003fca70"
"00447840","FUN_00447840","002ebbe0","FUN_002ebbe0"
"00447840","FUN_00447840","003fca30","FUN_003fca30"
"00447840","FUN_00447840","003fcb10","FUN_003fcb10"
"00447840","FUN_00447840","004d6480","FUN_004d6480"
"00447a10","FUN_00447a10","003fca20","FUN_003fca20"
"00447a10","FUN_00447a10","00451da0","FUN_00451da0"
"00448140","FUN_00448140","00448190","FUN_00448190"
"00448140","FUN_00448140","004485a0","FUN_004485a0"
"00448b80","FUN_00448b80","002ebbe0","FUN_002ebbe0"
"00448b80","FUN_00448b80","003fca30","FUN_003fca30"
"00448b80","FUN_00448b80","003fcb10","FUN_003fcb10"
"00448b80","FUN_00448b80","004d6480","FUN_004d6480"
"00449ef0","FUN_00449ef0","00110390","FUN_00110390"
"00449ef0","FUN_00449ef0","003fca20","FUN_003fca20"
"00449ef0","FUN_00449ef0","003fd1a0","FUN_003fd1a0"
"00449ef0","FUN_00449ef0","003fdbf0","FUN_003fdbf0"
"00449ef0","FUN_00449ef0","00418b50","FUN_00418b50"
"00449ef0","FUN_00449ef0","0044f9c0","FUN_0044f9c0"
"00449ef0","FUN_00449ef0","00451da0","FUN_00451da0"
"0044a280","FUN_0044a280","002ebbe0","FUN_002ebbe0"
"0044a280","FUN_0044a280","003fca30","FUN_003fca30"
"0044a280","FUN_0044a280","003fcb10","FUN_003fcb10"
"0044a280","FUN_0044a280","004d6480","FUN_004d6480"
"0044a840","FUN_0044a840","003fca20","FUN_003fca20"
"0044a840","FUN_0044a840","00451da0","FUN_00451da0"
"0044ac50","FUN_0044ac50","003fca20","FUN_003fca20"
"0044ac50","FUN_0044ac50","00418b50","FUN_00418b50"
"0044ac50","FUN_0044ac50","00451da0","FUN_00451da0"
"0044ad20","FUN_0044ad20","003fcae0","FUN_003fcae0"
"0044ad60","FUN_0044ad60","003fca30","FUN_003fca30"
"0044ad60","FUN_0044ad60","003fcb10","FUN_003fcb10"
"0044adc0","FUN_0044adc0","0044ae60","FUN_0044ae60"
"0044ae60","FUN_0044ae60","003fca20","FUN_003fca20"
"0044ae60","FUN_0044ae60","003fd1a0","FUN_003fd1a0"
"0044ae60","FUN_0044ae60","004c7070","FUN_004c7070"
"0044b460","FUN_0044b460","003fca30","FUN_003fca30"
"0044b460","FUN_0044b460","003fcb10","FUN_003fcb10"
"0044b4d0","FUN_0044b4d0","003fca20","FUN_003fca20"
"0044b4d0","FUN_0044b4d0","0044b660","FUN_0044b660"
"0044b4d0","FUN_0044b4d0","0044f9c0","FUN_0044f9c0"
"0044b560","FUN_0044b560","0044b660","FUN_0044b660"
"0044b780","FUN_0044b780","002ebbe0","FUN_002ebbe0"
"0044b780","FUN_0044b780","003fca30","FUN_003fca30"
"0044b780","FUN_0044b780","003fcb10","FUN_003fcb10"
"0044b820","FUN_0044b820","003fca20","FUN_003fca20"
"0044b820","FUN_0044b820","003fcae0","FUN_003fcae0"
"0044b8e0","FUN_0044b8e0","003fca20","FUN_003fca20"
"0044b8e0","FUN_0044b8e0","003fcae0","FUN_003fcae0"
"0044ba20","FUN_0044ba20","003fca30","FUN_003fca30"
"0044ba20","FUN_0044ba20","003fcdc0","FUN_003fcdc0"
"0044ba90","FUN_0044ba90","003fca20","FUN_003fca20"
"0044ba90","FUN_0044ba90","003fd1a0","FUN_003fd1a0"
"0044bb10","FUN_0044bb10","003fca20","FUN_003fca20"
"0044bb10","FUN_0044bb10","00448830","FUN_00448830"
"0044bb70","FUN_0044bb70","003fca20","FUN_003fca20"
"0044bb70","FUN_0044bb70","00447710","FUN_00447710"
"0044bd30","FUN_0044bd30","003fca30","FUN_003fca30"
"0044bd30","FUN_0044bd30","003fcdc0","FUN_003fcdc0"
"0044bda0","FUN_0044bda0","003fca20","FUN_003fca20"
"0044bda0","FUN_0044bda0","003fd1a0","FUN_003fd1a0"
"0044bf90","FUN_0044bf90","003fca20","FUN_003fca20"
"0044bf90","FUN_0044bf90","003fca40","FUN_003fca40"
"0044c0c0","FUN_0044c0c0","003fca20","FUN_003fca20"
"0044c0c0","FUN_0044c0c0","003fca40","FUN_003fca40"
"0044c150","FUN_0044c150","003fca20","FUN_003fca20"
"0044c150","FUN_0044c150","003fca40","FUN_003fca40"
"0044c1b0","FUN_0044c1b0","0010ab40","FUN_0010ab40"
"0044c1b0","FUN_0044c1b0","003fca30","FUN_003fca30"
"0044c1b0","FUN_0044c1b0","003fca70","FUN_003fca70"
"0044c230","FUN_0044c230","0044c2c0","FUN_0044c2c0"
"0044c230","FUN_0044c230","0044c340","FUN_0044c340"
"0044c2c0","FUN_0044c2c0","003e6440","FUN_003e6440"
"0044c2c0","FUN_0044c2c0","003e6480","FUN_003e6480"
"0044c2c0","FUN_0044c2c0","003ed840","FUN_003ed840"
"0044c2c0","FUN_0044c2c0","004840a0","FUN_004840a0"
"0044c340","FUN_0044c340","00108020","FUN_00108020"
"0044c340","FUN_0044c340","0010ab40","FUN_0010ab40"
"0044c580","FUN_0044c580","003fca30","FUN_003fca30"
"0044c580","FUN_0044c580","003fcb10","FUN_003fcb10"
"0044c940","FUN_0044c940","0019deb0","FUN_0019deb0"
"0044c940","FUN_0044c940","00244f50","FUN_00244f50"
"0044c940","FUN_0044c940","00245140","FUN_00245140"
"0044cab0","FUN_0044cab0","002ebbe0","FUN_002ebbe0"
"0044cab0","FUN_0044cab0","003fca30","FUN_003fca30"
"0044cab0","FUN_0044cab0","003fcb10","FUN_003fcb10"
"0044cf70","FUN_0044cf70","0044da00","FUN_0044da00"
"0044cfd0","FUN_0044cfd0","00304010","FUN_00304010"
"0044cfd0","FUN_0044cfd0","003042f0","FUN_003042f0"
"0044d020","FUN_0044d020","0019deb0","FUN_0019deb0"
"0044da00","FUN_0044da00","003fca20","FUN_003fca20"
"0044da00","FUN_0044da00","003fcae0","FUN_003fcae0"
"0044da00","FUN_0044da00","00418b50","FUN_00418b50"
"0044da00","FUN_0044da00","00429da0","FUN_00429da0"
"0044da00","FUN_0044da00","00429e50","FUN_00429e50"
"0044da00","FUN_0044da00","0042c5f0","FUN_0042c5f0"
"0044da00","FUN_0044da00","0042edf0","FUN_0042edf0"
"0044da00","FUN_0044da00","00431980","FUN_00431980"
"0044da00","FUN_0044da00","00431de0","FUN_00431de0"
"0044da00","FUN_0044da00","00450740","FUN_00450740"
"0044da00","FUN_0044da00","005502c8","FUN_005502c8"
"0044dda0","FUN_0044dda0","002ebbe0","FUN_002ebbe0"
"0044dda0","FUN_0044dda0","003fca30","FUN_003fca30"
"0044dda0","FUN_0044dda0","003fcb10","FUN_003fcb10"
"0044df80","FUN_0044df80","0029cfd0","FUN_0029cfd0"
"0044df80","FUN_0044df80","0044e1d0","FUN_0044e1d0"
"0044e1d0","FUN_0044e1d0","003fca20","FUN_003fca20"
"0044e1d0","FUN_0044e1d0","0042edf0","FUN_0042edf0"
"0044e1d0","FUN_0044e1d0","00431980","FUN_00431980"
"0044e1d0","FUN_0044e1d0","00431de0","FUN_00431de0"
"0044e1d0","FUN_0044e1d0","0044eb30","FUN_0044eb30"
"0044e300","FUN_0044e300","003fcae0","FUN_003fcae0"
"0044e3f0","FUN_0044e3f0","002ebbe0","FUN_002ebbe0"
"0044e3f0","FUN_0044e3f0","003fca30","FUN_003fca30"
"0044e3f0","FUN_0044e3f0","003fcb10","FUN_003fcb10"
"0044e9e0","FUN_0044e9e0","003fca20","FUN_003fca20"
"0044e9e0","FUN_0044e9e0","003fca40","FUN_003fca40"
"0044e9e0","FUN_0044e9e0","003fd1a0","FUN_003fd1a0"
"0044eb30","FUN_0044eb30","003fcae0","FUN_003fcae0"
"0044eb80","FUN_0044eb80","003fca30","FUN_003fca30"
"0044eb80","FUN_0044eb80","003fcb10","FUN_003fcb10"
"0044ec40","FUN_0044ec40","003fca20","FUN_003fca20"
"0044ec40","FUN_0044ec40","0042edf0","FUN_0042edf0"
"0044ed40","FUN_0044ed40","00303500","FUN_00303500"
"0044edb0","FUN_0044edb0","003fca20","FUN_003fca20"
"0044edb0","FUN_0044edb0","003fcae0","FUN_003fcae0"
"0044ee20","FUN_0044ee20","003fca30","FUN_003fca30"
"0044ee20","FUN_0044ee20","003fcdc0","FUN_003fcdc0"
"0044ee90","FUN_0044ee90","003fca20","FUN_003fca20"
"0044ee90","FUN_0044ee90","003fd1a0","FUN_003fd1a0"
"0044f100","FUN_0044f100","003fca30","FUN_003fca30"
"0044f100","FUN_0044f100","00456010","FUN_00456010"
"0044f160","FUN_0044f160","003fca20","FUN_003fca20"
"0044f160","FUN_0044f160","00455f20","FUN_00455f20"
"0044f2c0","FUN_0044f2c0","003fca20","FUN_003fca20"
"0044f2c0","FUN_0044f2c0","003fcae0","FUN_003fcae0"
"0044f330","FUN_0044f330","003fca20","FUN_003fca20"
"0044f330","FUN_0044f330","003fca40","FUN_003fca40"
"0044f4a0","FUN_0044f4a0","003fca30","FUN_003fca30"
"0044f4a0","FUN_0044f4a0","003fca70","FUN_003fca70"
"0044f670","FUN_0044f670","00248f00","FUN_00248f00"
"0044f960","FUN_0044f960","004faec0","FUN_004faec0"
"0044f960","FUN_0044f960","004faf70","FUN_004faf70"
"0044fa90","FUN_0044fa90","003fca30","FUN_003fca30"
"0044fa90","FUN_0044fa90","0044f4a0","FUN_0044f4a0"
"00450290","FUN_00450290","003fca40","FUN_003fca40"
"00450310","FUN_00450310","003fca30","FUN_003fca30"
"00450310","FUN_00450310","003fca70","FUN_003fca70"
"00450370","FUN_00450370","004faec0","FUN_004faec0"
"00450370","FUN_00450370","004faf70","FUN_004faf70"
"00450660","FUN_00450660","001929d0","FUN_001929d0"
"00450660","FUN_00450660","0019d2a0","FUN_0019d2a0"
"00450660","FUN_00450660","00245140","FUN_00245140"
"00450970","FUN_00450970","003fca30","FUN_003fca30"
"00450970","FUN_00450970","003fcb10","FUN_003fcb10"
"00450b80","FUN_00450b80","00450be0","FUN_00450be0"
"00450f60","FUN_00450f60","00450ae0","FUN_00450ae0"
"00451090","FUN_00451090","00450740","FUN_00450740"
"004510f0","FUN_004510f0","003fca30","FUN_003fca30"
"004510f0","FUN_004510f0","00450970","FUN_00450970"
"00451330","FUN_00451330","003fc2e0","FUN_003fc2e0"
"00451520","FUN_00451520","002ebbe0","FUN_002ebbe0"
"00451520","FUN_00451520","003fca30","FUN_003fca30"
"00451520","FUN_00451520","003fcb10","FUN_003fcb10"
"004515a0","FUN_004515a0","004517f0","FUN_004517f0"
"004517f0","FUN_004517f0","003fca20","FUN_003fca20"
"004517f0","FUN_004517f0","00407be0","FUN_00407be0"
"004517f0","FUN_004517f0","00450740","FUN_00450740"
"00451d40","FUN_00451d40","004513a0","FUN_004513a0"
"00451f20","FUN_00451f20","003fca30","FUN_003fca30"
"00451f20","FUN_00451f20","003fcb10","FUN_003fcb10"
"00451f20","FUN_00451f20","004d6480","FUN_004d6480"
"00452360","FUN_00452360","00452360","FUN_00452360"
"00452930","FUN_00452930","00452360","FUN_00452360"
"00452930","FUN_00452930","004525e0","FUN_004525e0"
"00452930","FUN_00452930","00452af0","FUN_00452af0"
"00453b80","FUN_00453b80","003fca30","FUN_003fca30"
"00453b80","FUN_00453b80","003fcb10","FUN_003fcb10"
"00453b80","FUN_00453b80","004d6480","FUN_004d6480"
"00453b80","FUN_00453b80","004d64c0","FUN_004d64c0"
"00453c20","FUN_00453c20","003fc2e0","FUN_003fc2e0"
"00453e60","FUN_00453e60","00455130","FUN_00455130"
"00453e60","FUN_00453e60","00455a90","FUN_00455a90"
"00454520","FUN_00454520","00453e60","FUN_00453e60"
"00454520","FUN_00454520","00453fc0","FUN_00453fc0"
"00454520","FUN_00454520","004542c0","FUN_004542c0"
"00454520","FUN_00454520","00454300","FUN_00454300"
"00455c20","FUN_00455c20","003fca20","FUN_003fca20"
"00455c20","FUN_00455c20","005502c8","FUN_005502c8"
"00456010","FUN_00456010","003fca30","FUN_003fca30"
"00456010","FUN_00456010","003fcb10","FUN_003fcb10"
"00456140","FUN_00456140","00456610","FUN_00456610"
"00456b30","FUN_00456b30","00456c80","FUN_00456c80"
"00456c80","FUN_00456c80","00457180","FUN_00457180"
"00456e30","FUN_00456e30","00244f50","FUN_00244f50"
"00456e30","FUN_00456e30","00245140","FUN_00245140"
"00456e30","FUN_00456e30","00457180","FUN_00457180"
"004571f0","FUN_004571f0","00455f20","FUN_00455f20"
"004576a0","FUN_004576a0","002ebbe0","FUN_002ebbe0"
"004576a0","FUN_004576a0","003fca30","FUN_003fca30"
"004576a0","FUN_004576a0","003fcb10","FUN_003fcb10"
"00457720","FUN_00457720","004faec0","FUN_004faec0"
"00457720","FUN_00457720","004faf70","FUN_004faf70"
"00457770","FUN_00457770","00457720","FUN_00457720"
"004577f0","FUN_004577f0","00457720","FUN_00457720"
"00457880","FUN_00457880","003fca20","FUN_003fca20"
"00457880","FUN_00457880","0044f9c0","FUN_0044f9c0"
"00457880","FUN_00457880","00457720","FUN_00457720"
"00457880","FUN_00457880","00457e40","FUN_00457e40"
"00457d70","FUN_00457d70","00587d00","FUN_00587d00"
"00457e40","FUN_00457e40","00457c40","FUN_00457c40"
"00457e40","FUN_00457e40","00457d70","FUN_00457d70"
"004588a0","FUN_004588a0","00458980","FUN_00458980"
"004588a0","FUN_004588a0","00458d70","FUN_00458d70"
"004588a0","FUN_004588a0","004591c0","FUN_004591c0"
"00458fa0","FUN_00458fa0","003de260","FUN_003de260"
"00458fa0","FUN_00458fa0","003e7350","FUN_003e7350"
"00459000","FUN_00459000","0019cc40","FUN_0019cc40"
"00459000","FUN_00459000","00482b40","FUN_00482b40"
"00459490","FUN_00459490","003fca20","FUN_003fca20"
"00459490","FUN_00459490","00418b50","FUN_00418b50"
"00459490","FUN_00459490","00456140","FUN_00456140"
"00459490","FUN_00459490","004593d0","FUN_004593d0"
"00459490","FUN_00459490","0046c740","FUN_0046c740"
"00459820","FUN_00459820","00459930","FUN_00459930"
"00459820","FUN_00459820","00459a80","FUN_00459a80"
"00459820","FUN_00459820","00459b10","FUN_00459b10"
"00459930","FUN_00459930","00263e70","FUN_00263e70"
"00459a80","FUN_00459a80","001a5a20","FUN_001a5a20"
"00459a80","FUN_00459a80","002640d0","FUN_002640d0"
"00459d90","FUN_00459d90","00459ea0","FUN_00459ea0"
"00459d90","FUN_00459d90","005502c8","FUN_005502c8"
"0045a050","FUN_0045a050","00455f20","FUN_00455f20"
"0045a0b0","FUN_0045a0b0","003fca30","FUN_003fca30"
"0045a0b0","FUN_0045a0b0","00456010","FUN_00456010"
"0045a320","FUN_0045a320","003de260","FUN_003de260"
"0045a320","FUN_0045a320","003e7350","FUN_003e7350"
"0045a430","FUN_0045a430","003fca30","FUN_003fca30"
"0045a430","FUN_0045a430","003fcb10","FUN_003fcb10"
"0045a4c0","FUN_0045a4c0","003a1460","FUN_003a1460"
"0045a4c0","FUN_0045a4c0","003a1e90","FUN_003a1e90"
"0045a4c0","FUN_0045a4c0","003a2270","FUN_003a2270"
"0045a860","FUN_0045a860","002ebbe0","FUN_002ebbe0"
"0045a860","FUN_0045a860","003fca30","FUN_003fca30"
"0045a860","FUN_0045a860","003fcb10","FUN_003fcb10"
"0045aa50","FUN_0045aa50","0016ba60","FUN_0016ba60"
"0045aa50","FUN_0045aa50","0045ad10","FUN_0045ad10"
"0045ad10","FUN_0045ad10","003fca20","FUN_003fca20"
"0045ad10","FUN_0045ad10","00429da0","FUN_00429da0"
"0045ad10","FUN_0045ad10","0042c5f0","FUN_0042c5f0"
"0045ad10","FUN_0045ad10","00431de0","FUN_00431de0"
"0045ad10","FUN_0045ad10","0043d9d0","FUN_0043d9d0"
"0045ad10","FUN_0045ad10","00450740","FUN_00450740"
"0045ad10","FUN_0045ad10","004539a0","FUN_004539a0"
"0045b000","FUN_0045b000","002ebbe0","FUN_002ebbe0"
"0045b000","FUN_0045b000","003fca30","FUN_003fca30"
"0045b000","FUN_0045b000","003fcb10","FUN_003fcb10"
"0045b090","FUN_0045b090","003fca20","FUN_003fca20"
"0045b090","FUN_0045b090","00450290","FUN_00450290"
"0045b090","FUN_0045b090","0045b1e0","FUN_0045b1e0"
"0045b110","FUN_0045b110","0045b1e0","FUN_0045b1e0"
"0045b1e0","FUN_0045b1e0","00110390","FUN_00110390"
"0045b400","FUN_0045b400","001018e0","FUN_001018e0"
"0045b450","FUN_0045b450","00551720","FUN_00551720"
"0045be10","FUN_0045be10","0045b830","FUN_0045b830"
"0045be10","FUN_0045be10","0045bb50","FUN_0045bb50"
"0045be10","FUN_0045be10","005515d8","FUN_005515d8"
"0045c320","FUN_0045c320","003fcae0","FUN_003fcae0"
"0045c4d0","FUN_0045c4d0","00248f00","FUN_00248f00"
"0045c4d0","FUN_0045c4d0","002ebbe0","FUN_002ebbe0"
"0045c4d0","FUN_0045c4d0","003fca30","FUN_003fca30"
"0045c4d0","FUN_0045c4d0","003fcb10","FUN_003fcb10"
"0045c5c0","FUN_0045c5c0","003fca20","FUN_003fca20"
"0045c5c0","FUN_0045c5c0","0045c320","FUN_0045c320"
"0045c5c0","FUN_0045c5c0","0045c3f0","FUN_0045c3f0"
"0045c630","FUN_0045c630","0019cc40","FUN_0019cc40"
"0045c630","FUN_0045c630","00248f00","FUN_00248f00"
"0045c630","FUN_0045c630","003eb440","FUN_003eb440"
"0045c630","FUN_0045c630","003eb4a0","FUN_003eb4a0"
"0045c630","FUN_0045c630","003ed840","FUN_003ed840"
"0045c630","FUN_0045c630","003ee140","FUN_003ee140"
"0045c630","FUN_0045c630","003fca20","FUN_003fca20"
"0045c630","FUN_0045c630","0044f9c0","FUN_0044f9c0"
"0045cb90","FUN_0045cb90","0019cc40","FUN_0019cc40"
"0045cb90","FUN_0045cb90","00248f00","FUN_00248f00"
"0045ce30","FUN_0045ce30","003fca30","FUN_003fca30"
"0045ce30","FUN_0045ce30","003fcdc0","FUN_003fcdc0"
"0045cea0","FUN_0045cea0","003fcea0","FUN_003fcea0"
"0045d230","FUN_0045d230","002ebbe0","FUN_002ebbe0"
"0045d230","FUN_0045d230","003fca30","FUN_003fca30"
"0045d230","FUN_0045d230","003fcb10","FUN_003fcb10"
"0045d2e0","FUN_0045d2e0","002ec0c0","FUN_002ec0c0"
"0045d2e0","FUN_0045d2e0","003fca20","FUN_003fca20"
"0045d2e0","FUN_0045d2e0","003fd0c0","FUN_003fd0c0"
"0045d2e0","FUN_0045d2e0","00450740","FUN_00450740"
"0045d2e0","FUN_0045d2e0","0045e3d0","FUN_0045e3d0"
"0045d800","FUN_0045d800","003fca20","FUN_003fca20"
"0045d800","FUN_0045d800","0045d1b0","FUN_0045d1b0"
"0045d850","FUN_0045d850","003fca20","FUN_003fca20"
"0045d850","FUN_0045d850","0045cc80","FUN_0045cc80"
"0045d850","FUN_0045d850","0045cd50","FUN_0045cd50"
"0045d920","FUN_0045d920","003fca20","FUN_003fca20"
"0045d920","FUN_0045d920","0045b2a0","FUN_0045b2a0"
"0045d980","FUN_0045d980","003fca20","FUN_003fca20"
"0045d980","FUN_0045d980","0045af00","FUN_0045af00"
"0045d980","FUN_0045d980","0045af80","FUN_0045af80"
"0045da10","FUN_0045da10","003fca20","FUN_003fca20"
"0045da10","FUN_0045da10","0045a7a0","FUN_0045a7a0"
"0045da70","FUN_0045da70","003fca20","FUN_003fca20"
"0045da70","FUN_0045da70","0045a380","FUN_0045a380"
"0045daf0","FUN_0045daf0","003de250","FUN_003de250"
"0045daf0","FUN_0045daf0","003e72f0","FUN_003e72f0"
"0045db50","FUN_0045db50","003fca30","FUN_003fca30"
"0045db50","FUN_0045db50","00456010","FUN_00456010"
"0045dbc0","FUN_0045dbc0","003fca20","FUN_003fca20"
"0045dbc0","FUN_0045dbc0","0045a050","FUN_0045a050"
"0045dc20","FUN_0045dc20","003fca30","FUN_003fca30"
"0045dc20","FUN_0045dc20","00456010","FUN_00456010"
"0045dc80","FUN_0045dc80","003fca20","FUN_003fca20"
"0045dc80","FUN_0045dc80","00455f20","FUN_00455f20"
"0045dd10","FUN_0045dd10","003fca20","FUN_003fca20"
"0045dd10","FUN_0045dd10","00455f20","FUN_00455f20"
"0045ddd0","FUN_0045ddd0","003de250","FUN_003de250"
"0045ddd0","FUN_0045ddd0","003e72f0","FUN_003e72f0"
"0045de30","FUN_0045de30","003fca20","FUN_003fca20"
"0045de30","FUN_0045de30","00455f20","FUN_00455f20"
"0045deb0","FUN_0045deb0","003fca20","FUN_003fca20"
"0045deb0","FUN_0045deb0","00457590","FUN_00457590"
"0045df40","FUN_0045df40","003fca30","FUN_003fca30"
"0045df40","FUN_0045df40","00456010","FUN_00456010"
"0045dfa0","FUN_0045dfa0","003fca20","FUN_003fca20"
"0045dfa0","FUN_0045dfa0","004571f0","FUN_004571f0"
"0045e020","FUN_0045e020","003fca20","FUN_003fca20"
"0045e020","FUN_0045e020","004539a0","FUN_004539a0"
"0045e0b0","FUN_0045e0b0","003fca20","FUN_003fca20"
"0045e0b0","FUN_0045e0b0","00451da0","FUN_00451da0"
"0045e130","FUN_0045e130","003fca30","FUN_003fca30"
"0045e130","FUN_0045e130","00451520","FUN_00451520"
"0045e190","FUN_0045e190","003fca20","FUN_003fca20"
"0045e190","FUN_0045e190","00451d40","FUN_00451d40"
"0045e1f0","FUN_0045e1f0","003fca20","FUN_003fca20"
"0045e1f0","FUN_0045e1f0","004513a0","FUN_004513a0"
"0045e250","FUN_0045e250","003fca20","FUN_003fca20"
"0045e250","FUN_0045e250","00451090","FUN_00451090"
"0045e2a0","FUN_0045e2a0","003fca20","FUN_003fca20"
"0045e2a0","FUN_0045e2a0","00450740","FUN_00450740"
"0045e300","FUN_0045e300","003fca20","FUN_003fca20"
"0045e300","FUN_0045e300","00450290","FUN_00450290"
"0045e360","FUN_0045e360","003fca20","FUN_003fca20"
"0045e360","FUN_0045e360","0044f9c0","FUN_0044f9c0"
"0045e570","FUN_0045e570","002ebbe0","FUN_002ebbe0"
"0045e570","FUN_0045e570","003fca30","FUN_003fca30"
"0045e570","FUN_0045e570","003fcb10","FUN_003fcb10"
"0045e9c0","FUN_0045e9c0","0045f460","FUN_0045f460"
"0045e9c0","FUN_0045e9c0","0045f7c0","FUN_0045f7c0"
"0045f820","FUN_0045f820","003fca20","FUN_003fca20"
"0045f820","FUN_0045f820","0045e3d0","FUN_0045e3d0"
"0045fb60","FUN_0045fb60","00461d70","FUN_00461d70"
"0045fee0","FUN_0045fee0","0045fa00","FUN_0045fa00"
"00463880","FUN_00463880","003fca40","FUN_003fca40"
"004638e0","FUN_004638e0","003fca30","FUN_003fca30"
"004638e0","FUN_004638e0","003fca70","FUN_003fca70"
"00467860","FUN_00467860","0010a040","FUN_0010a040"
"00467860","FUN_00467860","002ebbe0","FUN_002ebbe0"
"00467860","FUN_00467860","003fca30","FUN_003fca30"
"00467860","FUN_00467860","003fca70","FUN_003fca70"
"0046a360","FUN_0046a360","0010eb70","FUN_0010eb70"
"0046a360","FUN_0046a360","0010eba0","FUN_0010eba0"
"0046a360","FUN_0046a360","0010ed50","FUN_0010ed50"
"0046a360","FUN_0046a360","0010efc0","FUN_0010efc0"
"0046a360","FUN_0046a360","0010f3c0","FUN_0010f3c0"
"0046a360","FUN_0046a360","0010f480","FUN_0010f480"
"0046a360","FUN_0046a360","0010fc70","FUN_0010fc70"
"0046a360","FUN_0046a360","0022f470","FUN_0022f470"
"0046a360","FUN_0046a360","002b3630","FUN_002b3630"
"0046a460","FUN_0046a460","003d5880","FUN_003d5880"
"0046ac10","FUN_0046ac10","003fca20","FUN_003fca20"
"0046ac10","FUN_0046ac10","00467780","FUN_00467780"
"0046ac60","FUN_0046ac60","003fca20","FUN_003fca20"
"0046ac60","FUN_0046ac60","003fca40","FUN_003fca40"
"0046ace0","FUN_0046ace0","0010ab40","FUN_0010ab40"
"0046ace0","FUN_0046ace0","0019cc40","FUN_0019cc40"
"0046ace0","FUN_0046ace0","0019f7e0","FUN_0019f7e0"
"0046ace0","FUN_0046ace0","002ebbe0","FUN_002ebbe0"
"0046ace0","FUN_0046ace0","003fca30","FUN_003fca30"
"0046ace0","FUN_0046ace0","003fca70","FUN_003fca70"
"0046add0","FUN_0046add0","0010ab40","FUN_0010ab40"
"0046add0","FUN_0046add0","0019f7e0","FUN_0019f7e0"
"0046aef0","FUN_0046aef0","00108020","FUN_00108020"
"0046aef0","FUN_0046aef0","0010ab20","FUN_0010ab20"
"0046b020","FUN_0046b020","0010f200","FUN_0010f200"
"0046b020","FUN_0046b020","0013d790","FUN_0013d790"
"0046b020","FUN_0046b020","00199050","FUN_00199050"
"0046b020","FUN_0046b020","001993b0","FUN_001993b0"
"0046b020","FUN_0046b020","0019deb0","FUN_0019deb0"
"0046b020","FUN_0046b020","00244f50","FUN_00244f50"
"0046b020","FUN_0046b020","002b3070","FUN_002b3070"
"0046b020","FUN_0046b020","0046aef0","FUN_0046aef0"
"0046b1b0","FUN_0046b1b0","003fcae0","FUN_003fcae0"
"0046b210","FUN_0046b210","002ebbe0","FUN_002ebbe0"
"0046b210","FUN_0046b210","003fca30","FUN_003fca30"
"0046b210","FUN_0046b210","003fcb10","FUN_003fcb10"
"0046bac0","FUN_0046bac0","0013d790","FUN_0013d790"
"0046bac0","FUN_0046bac0","0016bc10","FUN_0016bc10"
"0046bac0","FUN_0046bac0","0016bc40","FUN_0016bc40"
"0046bac0","FUN_0046bac0","00199050","FUN_00199050"
"0046bac0","FUN_0046bac0","001993b0","FUN_001993b0"
"0046bac0","FUN_0046bac0","00199990","FUN_00199990"
"0046bac0","FUN_0046bac0","0046bc50","FUN_0046bc50"
"0046c740","FUN_0046c740","003fcae0","FUN_003fcae0"
"0046c7d0","FUN_0046c7d0","002ebbe0","FUN_002ebbe0"
"0046c7d0","FUN_0046c7d0","003fca30","FUN_003fca30"
"0046c7d0","FUN_0046c7d0","003fcb10","FUN_003fcb10"
"0046c7d0","FUN_0046c7d0","0046cf50","FUN_0046cf50"
"0046c8a0","FUN_0046c8a0","0046cd40","FUN_0046cd40"
"0046c8a0","FUN_0046c8a0","0046d1c0","FUN_0046d1c0"
"0046cbc0","FUN_0046cbc0","001410b0","FUN_001410b0"
"0046cbc0","FUN_0046cbc0","001993b0","FUN_001993b0"
"0046cbc0","FUN_0046cbc0","00199990","FUN_00199990"
"0046cbc0","FUN_0046cbc0","002640d0","FUN_002640d0"
"0046cbc0","FUN_0046cbc0","00264110","FUN_00264110"
"0046cf50","FUN_0046cf50","002640d0","FUN_002640d0"
"0046cf50","FUN_0046cf50","00264110","FUN_00264110"
"0046cf50","FUN_0046cf50","0027dba0","FUN_0027dba0"
"0046d470","FUN_0046d470","001e0a00","FUN_001e0a00"
"0046d470","FUN_0046d470","002ebbe0","FUN_002ebbe0"
"0046d470","FUN_0046d470","003fca30","FUN_003fca30"
"0046d470","FUN_0046d470","003fcb10","FUN_003fcb10"
"00470390","FUN_00470390","002ebbe0","FUN_002ebbe0"
"00470390","FUN_00470390","003fca30","FUN_003fca30"
"00470390","FUN_00470390","003fcb10","FUN_003fcb10"
"00470570","FUN_00470570","00471290","FUN_00471290"
"00470570","FUN_00470570","00480d70","FUN_00480d70"
"00471690","FUN_00471690","003fca20","FUN_003fca20"
"00471690","FUN_00471690","00470290","FUN_00470290"
"004716f0","FUN_004716f0","003fca20","FUN_003fca20"
"004716f0","FUN_004716f0","0046d3a0","FUN_0046d3a0"
"00471740","FUN_00471740","003fca20","FUN_003fca20"
"00471740","FUN_00471740","003fcae0","FUN_003fcae0"
"004717f0","FUN_004717f0","003fca20","FUN_003fca20"
"004717f0","FUN_004717f0","003fcae0","FUN_003fcae0"
"00471870","FUN_00471870","003fca20","FUN_003fca20"
"00471870","FUN_00471870","003fca40","FUN_003fca40"
"00471900","FUN_00471900","003fca40","FUN_003fca40"
"00471940","FUN_00471940","0010ab40","FUN_0010ab40"
"00471940","FUN_00471940","003fca30","FUN_003fca30"
"00471940","FUN_00471940","003fca70","FUN_003fca70"
"004719c0","FUN_004719c0","0010ab40","FUN_0010ab40"
"00471a50","FUN_00471a50","00471a90","FUN_00471a90"
"00471a90","FUN_00471a90","00108020","FUN_00108020"
"00471a90","FUN_00471a90","0010ab20","FUN_0010ab20"
"00471b80","FUN_00471b80","003fca30","FUN_003fca30"
"00471b80","FUN_00471b80","003fca70","FUN_003fca70"
"00471be0","FUN_00471be0","001024d0","FUN_001024d0"
"00471be0","FUN_00471be0","00471e20","FUN_00471e20"
"00471ea0","FUN_00471ea0","003fcae0","FUN_003fcae0"
"00471f40","FUN_00471f40","003fca30","FUN_003fca30"
"00471f40","FUN_00471f40","003fcb10","FUN_003fcb10"
"00471fe0","FUN_00471fe0","0019de60","FUN_0019de60"
"004721a0","FUN_004721a0","0019cc40","FUN_0019cc40"
"004721a0","FUN_004721a0","003fca20","FUN_003fca20"
"004721a0","FUN_004721a0","003fca40","FUN_003fca40"
"004725a0","FUN_004725a0","003fca30","FUN_003fca30"
"004725a0","FUN_004725a0","003fca70","FUN_003fca70"
"00472ad0","FUN_00472ad0","0010a040","FUN_0010a040"
"00472ad0","FUN_00472ad0","0010ab40","FUN_0010ab40"
"00472ad0","FUN_00472ad0","002ebbe0","FUN_002ebbe0"
"00472ad0","FUN_00472ad0","003fca30","FUN_003fca30"
"00472ad0","FUN_00472ad0","003fca70","FUN_003fca70"
"00472bf0","FUN_00472bf0","0010ab40","FUN_0010ab40"
"00472bf0","FUN_00472bf0","004738e0","FUN_004738e0"
"004738a0","FUN_004738a0","002ebbe0","FUN_002ebbe0"
"00474090","FUN_00474090","00472710","FUN_00472710"
"004740f0","FUN_004740f0","00472980","FUN_00472980"
"00474140","FUN_00474140","00472710","FUN_00472710"
"00474190","FUN_00474190","00472980","FUN_00472980"
"004741e0","FUN_004741e0","00472710","FUN_00472710"
"004742e0","FUN_004742e0","0010a040","FUN_0010a040"
"004742e0","FUN_004742e0","002ebbe0","FUN_002ebbe0"
"004742e0","FUN_004742e0","003fca30","FUN_003fca30"
"004742e0","FUN_004742e0","003fcb10","FUN_003fcb10"
"00474f60","FUN_00474f60","0010ab40","FUN_0010ab40"
"00474f60","FUN_00474f60","003fca30","FUN_003fca30"
"00474f60","FUN_00474f60","003fca70","FUN_003fca70"
"004753b0","FUN_004753b0","0010ab40","FUN_0010ab40"
"00475430","FUN_00475430","005502c8","FUN_005502c8"
"00475e00","FUN_00475e00","001410b0","FUN_001410b0"
"00475e00","FUN_00475e00","0019a1a0","FUN_0019a1a0"
"00475e00","FUN_00475e00","0019cc40","FUN_0019cc40"
"00475ed0","FUN_00475ed0","003fca20","FUN_003fca20"
"00475ed0","FUN_00475ed0","00474ec0","FUN_00474ec0"
"00475f20","FUN_00475f20","003fca20","FUN_003fca20"
"00475f20","FUN_00475f20","00474240","FUN_00474240"
"00475f70","FUN_00475f70","003fca30","FUN_003fca30"
"00475f70","FUN_00475f70","00472ad0","FUN_00472ad0"
"00475fd0","FUN_00475fd0","003fca20","FUN_003fca20"
"00475fd0","FUN_00475fd0","00474140","FUN_00474140"
"00475fd0","FUN_00475fd0","00474190","FUN_00474190"
"00476080","FUN_00476080","003fca30","FUN_003fca30"
"00476080","FUN_00476080","00472ad0","FUN_00472ad0"
"004760e0","FUN_004760e0","003fca20","FUN_003fca20"
"004760e0","FUN_004760e0","00474090","FUN_00474090"
"004760e0","FUN_004760e0","004740f0","FUN_004740f0"
"00476190","FUN_00476190","003fca20","FUN_003fca20"
"00476190","FUN_00476190","00472710","FUN_00472710"
"00476190","FUN_00476190","00472980","FUN_00472980"
"00476230","FUN_00476230","003fca20","FUN_003fca20"
"00476230","FUN_00476230","00472530","FUN_00472530"
"004762d0","FUN_004762d0","003fca20","FUN_003fca20"
"004762d0","FUN_004762d0","00471ea0","FUN_00471ea0"
"00476310","FUN_00476310","003fca20","FUN_003fca20"
"00476310","FUN_00476310","00471b10","FUN_00471b10"
"00476360","FUN_00476360","003fca20","FUN_003fca20"
"00476360","FUN_00476360","00471900","FUN_00471900"
"004763a0","FUN_004763a0","00101700","FUN_00101700"
"004763a0","FUN_004763a0","004763f0","FUN_004763f0"
"004763f0","FUN_004763f0","00476420","FUN_00476420"
"00476690","FUN_00476690","003fcae0","FUN_003fcae0"
"00476740","FUN_00476740","002ebbe0","FUN_002ebbe0"
"00476740","FUN_00476740","003fca30","FUN_003fca30"
"00476740","FUN_00476740","003fcb10","FUN_003fcb10"
"004769a0","FUN_004769a0","005502c8","FUN_005502c8"
"004770e0","FUN_004770e0","003fcae0","FUN_003fcae0"
"00477150","FUN_00477150","002ebbe0","FUN_002ebbe0"
"00477150","FUN_00477150","003fca30","FUN_003fca30"
"00477150","FUN_00477150","003fcb10","FUN_003fcb10"
"004778f0","FUN_004778f0","003fcae0","FUN_003fcae0"
"00477930","FUN_00477930","003fca30","FUN_003fca30"
"00477930","FUN_00477930","003fcb10","FUN_003fcb10"
"00477b20","FUN_00477b20","003fca20","FUN_003fca20"
"00477b20","FUN_00477b20","00450740","FUN_00450740"
"00477b20","FUN_00477b20","00477d90","FUN_00477d90"
"00477ba0","FUN_00477ba0","00477d90","FUN_00477d90"
"00477d90","FUN_00477d90","0029cfd0","FUN_0029cfd0"
"00477e70","FUN_00477e70","003fca20","FUN_003fca20"
"00477e70","FUN_00477e70","003fcae0","FUN_003fcae0"
"00477ed0","FUN_00477ed0","003fca20","FUN_003fca20"
"00477ed0","FUN_00477ed0","003fcae0","FUN_003fcae0"
"00477f60","FUN_00477f60","003fca20","FUN_003fca20"
"00477f60","FUN_00477f60","003fcae0","FUN_003fcae0"
"00478030","FUN_00478030","00478130","FUN_00478130"
"00479f40","FUN_00479f40","003de260","FUN_003de260"
"00479f40","FUN_00479f40","003e6c30","FUN_003e6c30"
"0047c330","FUN_0047c330","003de260","FUN_003de260"
"0047c330","FUN_0047c330","003e7350","FUN_003e7350"
"0047c390","FUN_0047c390","003de260","FUN_003de260"
"0047c390","FUN_0047c390","003e7350","FUN_003e7350"
"0047cd00","FUN_0047cd00","0047cd30","FUN_0047cd30"
"0047d140","FUN_0047d140","0047d2b0","FUN_0047d2b0"
"0047d140","FUN_0047d140","0047d380","FUN_0047d380"
"0047dc00","FUN_0047dc00","0047d980","FUN_0047d980"
"0047dd40","FUN_0047dd40","0047e6d0","FUN_0047e6d0"
"0047edd0","FUN_0047edd0","003de260","FUN_003de260"
"0047edd0","FUN_0047edd0","003dee40","FUN_003dee40"
"0047ee30","FUN_0047ee30","003de260","FUN_003de260"
"0047ee30","FUN_0047ee30","003dee40","FUN_003dee40"
"0047ee90","FUN_0047ee90","003de260","FUN_003de260"
"0047ee90","FUN_0047ee90","003dee40","FUN_003dee40"
"0047eef0","FUN_0047eef0","003de260","FUN_003de260"
"0047eef0","FUN_0047eef0","003dee40","FUN_003dee40"
"004801b0","FUN_004801b0","003de260","FUN_003de260"
"004801b0","FUN_004801b0","003e0c30","FUN_003e0c30"
"00480210","FUN_00480210","003de260","FUN_003de260"
"00480210","FUN_00480210","003e0c30","FUN_003e0c30"
"00480270","FUN_00480270","0047ae60","FUN_0047ae60"
"00480830","FUN_00480830","003de200","FUN_003de200"
"00480830","FUN_00480830","003de260","FUN_003de260"
"00480890","FUN_00480890","003de200","FUN_003de200"
"00480890","FUN_00480890","003de260","FUN_003de260"
"00481080","FUN_00481080","0019cc40","FUN_0019cc40"
"00481080","FUN_00481080","0025f710","FUN_0025f710"
"00481220","FUN_00481220","0045fa00","FUN_0045fa00"
"00481320","FUN_00481320","0045fd20","FUN_0045fd20"
"004813d0","FUN_004813d0","0045fe90","FUN_0045fe90"
"00481440","FUN_00481440","0045fe90","FUN_0045fe90"
"004814b0","FUN_004814b0","0045fe90","FUN_0045fe90"
"00481520","FUN_00481520","0045fb60","FUN_0045fb60"
"00481520","FUN_00481520","0045fe90","FUN_0045fe90"
"00481600","FUN_00481600","0045fb60","FUN_0045fb60"
"00481660","FUN_00481660","0045fb60","FUN_0045fb60"
"00481660","FUN_00481660","0045fe90","FUN_0045fe90"
"00481720","FUN_00481720","0019cc40","FUN_0019cc40"
"00481720","FUN_00481720","0045fb60","FUN_0045fb60"
"00481790","FUN_00481790","0045fb60","FUN_0045fb60"
"004817f0","FUN_004817f0","0045fb60","FUN_0045fb60"
"00481850","FUN_00481850","00102570","FUN_00102570"
"00481850","FUN_00481850","001025d0","FUN_001025d0"
"00481850","FUN_00481850","00551240","FUN_00551240"
"00481930","FUN_00481930","003fca20","FUN_003fca20"
"00481930","FUN_00481930","00405b20","FUN_00405b20"
"00481930","FUN_00481930","0045fdc0","FUN_0045fdc0"
"00481930","FUN_00481930","0045fe90","FUN_0045fe90"
"00481930","FUN_00481930","00474ec0","FUN_00474ec0"
"00481b20","FUN_00481b20","001929d0","FUN_001929d0"
"00481b20","FUN_00481b20","00405b20","FUN_00405b20"
"00481b20","FUN_00481b20","0045fe90","FUN_0045fe90"
"004822b0","FUN_004822b0","004781b0","FUN_004781b0"
"004822b0","FUN_004822b0","0047ef50","FUN_0047ef50"
"004822b0","FUN_004822b0","00482c80","FUN_00482c80"
"004822b0","FUN_004822b0","00595460","FUN_00595460"
"00482410","FUN_00482410","0019de60","FUN_0019de60"
"00482410","FUN_00482410","00595460","FUN_00595460"
"00482a70","FUN_00482a70","001a00c0","FUN_001a00c0"
"00482a70","FUN_00482a70","001a0180","FUN_001a0180"
"00482af0","FUN_00482af0","001a00c0","FUN_001a00c0"
"00482af0","FUN_00482af0","001a0180","FUN_001a0180"
"00482c80","FUN_00482c80","003fc9b0","FUN_003fc9b0"
"00482c80","FUN_00482c80","0045fb60","FUN_0045fb60"
"00482c80","FUN_00482c80","00482ec0","FUN_00482ec0"
"00482ec0","FUN_00482ec0","003fc9b0","FUN_003fc9b0"
"00482ec0","FUN_00482ec0","0045fb60","FUN_0045fb60"
"004836e0","FUN_004836e0","0045fb60","FUN_0045fb60"
"004847b0","FUN_004847b0","003de1e0","FUN_003de1e0"
"004847b0","FUN_004847b0","003de250","FUN_003de250"
"00484830","FUN_00484830","003de1e0","FUN_003de1e0"
"00484830","FUN_00484830","003de250","FUN_003de250"
"004848a0","FUN_004848a0","003de250","FUN_003de250"
"004848a0","FUN_004848a0","003e0b50","FUN_003e0b50"
"00484920","FUN_00484920","003de250","FUN_003de250"
"00484920","FUN_00484920","003e0b50","FUN_003e0b50"
"004849c0","FUN_004849c0","003de250","FUN_003de250"
"004849c0","FUN_004849c0","003dedf0","FUN_003dedf0"
"00484a40","FUN_00484a40","003de250","FUN_003de250"
"00484a40","FUN_00484a40","003dedf0","FUN_003dedf0"
"00484ac0","FUN_00484ac0","003de250","FUN_003de250"
"00484ac0","FUN_00484ac0","003dedf0","FUN_003dedf0"
"00484b40","FUN_00484b40","003de250","FUN_003de250"
"00484b40","FUN_00484b40","003dedf0","FUN_003dedf0"
"00484cb0","FUN_00484cb0","003de250","FUN_003de250"
"00484cb0","FUN_00484cb0","003e72f0","FUN_003e72f0"
"00484d20","FUN_00484d20","003de250","FUN_003de250"
"00484d20","FUN_00484d20","003e6bb0","FUN_003e6bb0"
"00484d80","FUN_00484d80","003d40a0","FUN_003d40a0"
"00484d80","FUN_00484d80","003d4c60","FUN_003d4c60"
"00484d80","FUN_00484d80","00484e50","FUN_00484e50"
"00484d80","FUN_00484d80","00488f80","FUN_00488f80"
"00484e00","FUN_00484e00","003d4460","FUN_003d4460"
"00484e10","FUN_00484e10","003d4b10","FUN_003d4b10"
"00484e10","FUN_00484e10","00484e50","FUN_00484e50"
"00484e50","FUN_00484e50","003d45b0","FUN_003d45b0"
"00488e20","FUN_00488e20","00338e98","FUN_00338e98"
"004890c0","FUN_004890c0","00489130","FUN_00489130"
"00489130","FUN_00489130","004891e0","FUN_004891e0"
"00489130","FUN_00489130","00489370","FUN_00489370"
"00489130","FUN_00489130","00489b70","FUN_00489b70"
"00489130","FUN_00489130","0048ad90","FUN_0048ad90"
"00489130","FUN_00489130","0048c800","FUN_0048c800"
"00489130","FUN_00489130","0048c970","thunk_FUN_0048c7a0"
"00489130","FUN_00489130","0048c990","FUN_0048c990"
"004891e0","FUN_004891e0","0027b390","FUN_0027b390"
"004891e0","FUN_004891e0","0027b3b0","FUN_0027b3b0"
"004891e0","FUN_004891e0","0027b3d0","FUN_0027b3d0"
"00489370","FUN_00489370","0053b1f8","FUN_0053b1f8"
"0048a320","FUN_0048a320","0048b6a0","FUN_0048b6a0"
"0048b5a0","FUN_0048b5a0","0048ae00","FUN_0048ae00"
"0048b5a0","FUN_0048b5a0","0048dbc0","FUN_0048dbc0"
"0048b5a0","FUN_0048b5a0","005117f0","FUN_005117f0"
"0048b8e0","FUN_0048b8e0","001018e0","FUN_001018e0"
"0048b940","FUN_0048b940","001018e0","FUN_001018e0"
"0048bb30","FUN_0048bb30","0034e8f8","FUN_0034e8f8"
"0048c810","FUN_0048c810","0048caa0","FUN_0048caa0"
"0048c810","FUN_0048c810","0048cb00","FUN_0048cb00"
"0048c810","FUN_0048c810","0048cb50","FUN_0048cb50"
"0048c9a0","FUN_0048c9a0","0048c620","FUN_0048c620"
"0048caa0","FUN_0048caa0","0048c9a0","FUN_0048c9a0"
"0048cb00","FUN_0048cb00","0048c9a0","FUN_0048c9a0"
"0048cb50","FUN_0048cb50","0048c9a0","FUN_0048c9a0"
"0048d268","FUN_0048d268","0033ea80","FUN_0033ea80"
"0048e410","FUN_0048e410","001018e0","FUN_001018e0"
"0048e590","FUN_0048e590","0048e860","FUN_0048e860"
"0048e590","FUN_0048e590","0048e910","FUN_0048e910"
"0048e590","FUN_0048e590","0048ecb0","FUN_0048ecb0"
"0048e590","FUN_0048e590","0048eda0","FUN_0048eda0"
"0048e590","FUN_0048e590","005502c8","FUN_005502c8"
"0048e6c0","FUN_0048e6c0","0048e8d0","FUN_0048e8d0"
"0048e6c0","FUN_0048e6c0","0048e960","FUN_0048e960"
"0048e6c0","FUN_0048e6c0","0048eda0","FUN_0048eda0"
"0048e6c0","FUN_0048e6c0","005502c8","FUN_005502c8"
"0048e860","FUN_0048e860","0048ecb0","FUN_0048ecb0"
"0048ea40","FUN_0048ea40","0019de60","FUN_0019de60"
"0048ea40","FUN_0048ea40","0048ec10","FUN_0048ec10"
"0048ec10","FUN_0048ec10","0048ecb0","FUN_0048ecb0"
"0048ec10","FUN_0048ec10","0048eda0","FUN_0048eda0"
"0048ecb0","FUN_0048ecb0","0019cc40","FUN_0019cc40"
"0048ecb0","FUN_0048ecb0","0019fa20","FUN_0019fa20"
"0048ecb0","FUN_0048ecb0","0026b9a0","FUN_0026b9a0"
"0048ecb0","FUN_0048ecb0","002ebbe0","FUN_002ebbe0"
"0048ecb0","FUN_0048ecb0","00480dd0","FUN_00480dd0"
"0048fb50","FUN_0048fb50","0048faf0","FUN_0048faf0"
"0048fde0","FUN_0048fde0","004f65d0","FUN_004f65d0"
"0048fe30","FUN_0048fe30","0048faf0","FUN_0048faf0"
"0048fe30","FUN_0048fe30","0048fe70","FUN_0048fe70"
"0048fe70","FUN_0048fe70","00490f30","FUN_00490f30"
"004902a0","FUN_004902a0","00490350","FUN_00490350"
"004905a0","FUN_004905a0","004905e0","FUN_004905e0"
"00490f30","FUN_00490f30","00490fd0","FUN_00490fd0"
"00490f80","FUN_00490f80","00490fd0","FUN_00490fd0"
"00490f80","FUN_00490f80","00491060","FUN_00491060"
"00492330","FUN_00492330","00493500","FUN_00493500"
"00492330","FUN_00492330","004935c0","FUN_004935c0"
"00492330","FUN_00492330","00493730","FUN_00493730"
"00492330","FUN_00492330","00493950","FUN_00493950"
"00492330","FUN_00492330","00493de0","FUN_00493de0"
"00492330","FUN_00492330","00494940","FUN_00494940"
"00492710","FUN_00492710","00493500","FUN_00493500"
"00492710","FUN_00492710","00493de0","FUN_00493de0"
"00492710","FUN_00492710","00494840","FUN_00494840"
"00492b80","FUN_00492b80","00493500","FUN_00493500"
"00492b80","FUN_00492b80","00493de0","FUN_00493de0"
"00492b80","FUN_00492b80","00494940","FUN_00494940"
"00492f10","FUN_00492f10","00493500","FUN_00493500"
"00492f10","FUN_00492f10","004935c0","FUN_004935c0"
"00492f10","FUN_00492f10","00493600","FUN_00493600"
"00492f10","FUN_00492f10","00493de0","FUN_00493de0"
"00492f10","FUN_00492f10","00494940","FUN_00494940"
"00493200","FUN_00493200","004932c0","FUN_004932c0"
"00493200","FUN_00493200","00495ed0","FUN_00495ed0"
"00493200","FUN_00493200","00495fb0","FUN_00495fb0"
"00493200","FUN_00493200","004f65c0","FUN_004f65c0"
"00493200","FUN_00493200","004f6e90","FUN_004f6e90"
"00493460","FUN_00493460","003fca40","FUN_003fca40"
"00493460","FUN_00493460","004e4f80","FUN_004e4f80"
"004935c0","FUN_004935c0","004f65c0","FUN_004f65c0"
"004935c0","FUN_004935c0","004f8110","FUN_004f8110"
"00494390","FUN_00494390","002ebbe0","FUN_002ebbe0"
"00494390","FUN_00494390","003de200","FUN_003de200"
"00494390","FUN_00494390","003de260","FUN_003de260"
"00494ac0","FUN_00494ac0","0013d790","FUN_0013d790"
"00494b90","FUN_00494b90","0048fb50","FUN_0048fb50"
"00494d70","FUN_00494d70","0048ea40","FUN_0048ea40"
"00494d70","FUN_00494d70","00490af0","FUN_00490af0"
"00496220","FUN_00496220","004962a0","FUN_004962a0"
"00496220","FUN_00496220","00497210","FUN_00497210"
"00496220","FUN_00496220","004981b0","FUN_004981b0"
"004992a0","FUN_004992a0","003fca30","FUN_003fca30"
"004992a0","FUN_004992a0","003fcdc0","FUN_003fcdc0"
"00499310","FUN_00499310","003fca20","FUN_003fca20"
"00499310","FUN_00499310","003fdbf0","FUN_003fdbf0"
"004993e0","FUN_004993e0","002330b0","FUN_002330b0"
"004993e0","FUN_004993e0","00233210","FUN_00233210"
"004993e0","FUN_004993e0","00233370","FUN_00233370"
"004993e0","FUN_004993e0","003c7120","FUN_003c7120"
"004993e0","FUN_004993e0","00551028","FUN_00551028"
"004993e0","FUN_004993e0","00551720","FUN_00551720"
"004993e0","FUN_004993e0","00551970","FUN_00551970"
"004994c0","FUN_004994c0","003163d0","FUN_003163d0"
"0049aa20","FUN_0049aa20","002f9c50","FUN_002f9c50"
"0049aa20","FUN_0049aa20","003163d0","FUN_003163d0"
"004a0370","FUN_004a0370","00337c68","FUN_00337c68"
"004a0800","FUN_004a0800","0037ca58","FUN_0037ca58"
"004a0800","FUN_004a0800","0037caa0","FUN_0037caa0"
"004a08b0","FUN_004a08b0","001018e0","FUN_001018e0"
"004a2f10","FUN_004a2f10","004a2f90","FUN_004a2f90"
"004a2f40","FUN_004a2f40","001018e0","FUN_001018e0"
"004a2fc0","FUN_004a2fc0","005563e0","FUN_005563e0"
"004a3010","FUN_004a3010","001018e0","FUN_001018e0"
"004a3010","FUN_004a3010","00556370","FUN_00556370"
"004a3200","FUN_004a3200","004a3240","FUN_004a3240"
"004a3be0","FUN_004a3be0","0037ca58","FUN_0037ca58"
"004a3be0","FUN_004a3be0","0037caa0","FUN_0037caa0"
"004a3db0","FUN_004a3db0","001018e0","FUN_001018e0"
"004a3e30","FUN_004a3e30","00300ef0","FUN_00300ef0"
"004a3e30","FUN_004a3e30","003014f0","FUN_003014f0"
"004a3e30","FUN_004a3e30","00301540","FUN_00301540"
"004a3e30","FUN_004a3e30","00301560","FUN_00301560"
"004a3e30","FUN_004a3e30","00345b00","FUN_00345b00"
"004a44b0","FUN_004a44b0","0037c788","FUN_0037c788"
"004a44f0","FUN_004a44f0","00379158","FUN_00379158"
"004a45d0","FUN_004a45d0","0037c788","FUN_0037c788"
"004a4690","FUN_004a4690","0037e0b0","FUN_0037e0b0"
"004a4690","FUN_004a4690","004a4760","FUN_004a4760"
"004a46f0","FUN_004a46f0","00346520","FUN_00346520"
"004a46f0","FUN_004a46f0","0037e0b0","FUN_0037e0b0"
"004a46f0","FUN_004a46f0","004a47c0","FUN_004a47c0"
"004a51f0","FUN_004a51f0","003d3e30","FUN_003d3e30"
"004a5230","FUN_004a5230","001018e0","FUN_001018e0"
"004a5230","FUN_004a5230","003d3e40","FUN_003d3e40"
"004a5230","FUN_004a5230","003d3eb0","FUN_003d3eb0"
"004a52a0","FUN_004a52a0","0010eb40","FUN_0010eb40"
"004a52a0","FUN_004a52a0","0010eba0","FUN_0010eba0"
"004a52a0","FUN_004a52a0","0025fb50","FUN_0025fb50"
"004a52a0","FUN_004a52a0","00260120","FUN_00260120"
"004a52a0","FUN_004a52a0","004a5c20","FUN_004a5c20"
"004a52a0","FUN_004a52a0","004a5d00","FUN_004a5d00"
"004a52a0","FUN_004a52a0","004a6610","FUN_004a6610"
"004a52a0","FUN_004a52a0","004a7a40","FUN_004a7a40"
"004a52a0","FUN_004a52a0","004a89d0","FUN_004a89d0"
"004a52a0","FUN_004a52a0","004aa6f0","FUN_004aa6f0"
"004a52a0","FUN_004a52a0","00509650","FUN_00509650"
"004a54e0","FUN_004a54e0","002e0ac0","FUN_002e0ac0"
"004a54e0","FUN_004a54e0","004a66c0","FUN_004a66c0"
"004a5c20","FUN_004a5c20","00334ef0","FUN_00334ef0"
"004a5c20","FUN_004a5c20","003351e8","FUN_003351e8"
"004a5c20","FUN_004a5c20","00335448","FUN_00335448"
"004a5c20","FUN_004a5c20","00509650","FUN_00509650"
"004a5d00","FUN_004a5d00","004a83d0","FUN_004a83d0"
"004a6610","FUN_004a6610","004a8db0","FUN_004a8db0"
"004a6610","FUN_004a6610","004b5080","FUN_004b5080"
"004a6610","FUN_004a6610","004b6050","FUN_004b6050"
"004a6610","FUN_004a6610","004b76a0","FUN_004b76a0"
"004a6610","FUN_004a6610","004b84e0","FUN_004b84e0"
"004a7a40","FUN_004a7a40","004a7d60","FUN_004a7d60"
"004a83d0","FUN_004a83d0","003390a0","FUN_003390a0"
"004a8db0","FUN_004a8db0","004a7d60","FUN_004a7d60"
"004a8db0","FUN_004a8db0","004a95c0","FUN_004a95c0"
"004a8db0","FUN_004a8db0","004a96f0","FUN_004a96f0"
"004a8db0","FUN_004a8db0","004a9c10","FUN_004a9c10"
"004a8db0","FUN_004a8db0","004a9f20","FUN_004a9f20"
"004a95c0","FUN_004a95c0","004a7d60","FUN_004a7d60"
"004a95c0","FUN_004a95c0","004a87b0","FUN_004a87b0"
"004a95c0","FUN_004a95c0","004a93c0","FUN_004a93c0"
"004a95c0","FUN_004a95c0","005502c8","FUN_005502c8"
"004aa000","FUN_004aa000","003d3ff0","FUN_003d3ff0"
"004aa000","FUN_004aa000","004abc80","FUN_004abc80"
"004aa000","FUN_004aa000","00509100","FUN_00509100"
"004aa4d0","FUN_004aa4d0","001079d0","FUN_001079d0"
"004ab7c0","FUN_004ab7c0","003d3f00","FUN_003d3f00"
"004ab7c0","FUN_004ab7c0","003d3ff0","FUN_003d3ff0"
"004ab7c0","FUN_004ab7c0","003d4010","FUN_003d4010"
"004ab7c0","FUN_004ab7c0","005562d0","FUN_005562d0"
"004ab820","FUN_004ab820","001018e0","FUN_001018e0"
"004ab820","FUN_004ab820","003d3e40","FUN_003d3e40"
"004ab880","FUN_004ab880","003d3e30","FUN_003d3e30"
"004abc10","FUN_004abc10","003d3f00","FUN_003d3f00"
"004abd80","FUN_004abd80","004aba80","FUN_004aba80"
"004abdf0","FUN_004abdf0","001018e0","FUN_001018e0"
"004abdf0","FUN_004abdf0","003d3e40","FUN_003d3e40"
"004abe50","FUN_004abe50","003d3e30","FUN_003d3e30"
"004abe80","FUN_004abe80","001018e0","FUN_001018e0"
"004abe80","FUN_004abe80","003d3e40","FUN_003d3e40"
"004abe80","FUN_004abe80","003d3eb0","FUN_003d3eb0"
"004abef0","FUN_004abef0","003d3e30","FUN_003d3e30"
"004abf20","FUN_004abf20","001018e0","FUN_001018e0"
"004abf20","FUN_004abf20","003d3e40","FUN_003d3e40"
"004abf80","FUN_004abf80","003d3e30","FUN_003d3e30"
"004abfb0","FUN_004abfb0","001018e0","FUN_001018e0"
"004abfb0","FUN_004abfb0","003d3eb0","FUN_003d3eb0"
"004ac010","FUN_004ac010","003d3e90","FUN_003d3e90"
"004ac1a0","FUN_004ac1a0","0034e8f8","FUN_0034e8f8"
"004acd50","FUN_004acd50","0034e8f8","FUN_0034e8f8"
"004ad850","FUN_004ad850","005897c0","FUN_005897c0"
"004adc10","FUN_004adc10","002ebbe0","FUN_002ebbe0"
"004adc10","FUN_004adc10","003fca30","FUN_003fca30"
"004adc10","FUN_004adc10","003fcb10","FUN_003fcb10"
"004ade10","FUN_004ade10","004ae3c0","FUN_004ae3c0"
"004ae870","FUN_004ae870","002ebbe0","FUN_002ebbe0"
"004ae870","FUN_004ae870","003fca30","FUN_003fca30"
"004ae870","FUN_004ae870","003fcb10","FUN_003fcb10"
"004aed40","FUN_004aed40","002ebbe0","FUN_002ebbe0"
"004aed40","FUN_004aed40","003fca30","FUN_003fca30"
"004aed40","FUN_004aed40","003fcb10","FUN_003fcb10"
"004aedd0","FUN_004aedd0","003be3e0","FUN_003be3e0"
"004aedd0","FUN_004aedd0","003fca20","FUN_003fca20"
"004aedd0","FUN_004aedd0","00418b50","FUN_00418b50"
"004aeee0","FUN_004aeee0","003be3e0","FUN_003be3e0"
"004aeee0","FUN_004aeee0","003fca20","FUN_003fca20"
"004af1c0","FUN_004af1c0","003fcae0","FUN_003fcae0"
"004af280","FUN_004af280","002ebbe0","FUN_002ebbe0"
"004af280","FUN_004af280","003fca30","FUN_003fca30"
"004af280","FUN_004af280","003fcb10","FUN_003fcb10"
"004af280","FUN_004af280","004d6480","FUN_004d6480"
"004b0290","FUN_004b0290","003fca20","FUN_003fca20"
"004b0290","FUN_004b0290","003fcae0","FUN_003fcae0"
"004b0660","FUN_004b0660","002ebbe0","FUN_002ebbe0"
"004b0660","FUN_004b0660","003fca30","FUN_003fca30"
"004b0660","FUN_004b0660","003fcb10","FUN_003fcb10"
"004b0830","FUN_004b0830","003fca20","FUN_003fca20"
"004b0830","FUN_004b0830","00431de0","FUN_00431de0"
"004b0830","FUN_004b0830","004b09d0","FUN_004b09d0"
"004b08c0","FUN_004b08c0","003fca20","FUN_003fca20"
"004b08c0","FUN_004b08c0","003fcae0","FUN_003fcae0"
"004b08c0","FUN_004b08c0","004b09d0","FUN_004b09d0"
"004b0b30","FUN_004b0b30","0034e8f8","FUN_0034e8f8"
"004b16b0","FUN_004b16b0","003fcae0","FUN_003fcae0"
"004b1700","FUN_004b1700","003fca30","FUN_003fca30"
"004b1700","FUN_004b1700","003fcb10","FUN_003fcb10"
"004b1760","FUN_004b1760","003fca20","FUN_003fca20"
"004b1760","FUN_004b1760","004b16b0","FUN_004b16b0"
"004b17a0","FUN_004b17a0","003fca20","FUN_003fca20"
"004b17a0","FUN_004b17a0","004b1870","FUN_004b1870"
"004b17a0","FUN_004b17a0","004b2a10","FUN_004b2a10"
"004b1810","FUN_004b1810","003fca20","FUN_003fca20"
"004b1810","FUN_004b1810","004b1870","FUN_004b1870"
"004b1810","FUN_004b1810","004b2a10","FUN_004b2a10"
"004b1ad0","FUN_004b1ad0","003fcae0","FUN_003fcae0"
"004b1b20","FUN_004b1b20","003fca30","FUN_003fca30"
"004b1b20","FUN_004b1b20","003fcb10","FUN_003fcb10"
"004b1b80","FUN_004b1b80","003fca20","FUN_003fca20"
"004b1b80","FUN_004b1b80","004b1ad0","FUN_004b1ad0"
"004b1bc0","FUN_004b1bc0","003fca20","FUN_003fca20"
"004b1bc0","FUN_004b1bc0","004b1c90","FUN_004b1c90"
"004b1bc0","FUN_004b1bc0","004b2a10","FUN_004b2a10"
"004b1c30","FUN_004b1c30","003fca20","FUN_003fca20"
"004b1c30","FUN_004b1c30","004b1c90","FUN_004b1c90"
"004b1c30","FUN_004b1c30","004b2a10","FUN_004b2a10"
"004b1e10","FUN_004b1e10","005502c8","FUN_005502c8"
"004b1eb0","FUN_004b1eb0","003fca30","FUN_003fca30"
"004b1eb0","FUN_004b1eb0","00456010","FUN_00456010"
"004b1f10","FUN_004b1f10","003fca20","FUN_003fca20"
"004b1f10","FUN_004b1f10","004b1e10","FUN_004b1e10"
"004b21b0","FUN_004b21b0","003de200","FUN_003de200"
"004b21b0","FUN_004b21b0","003de260","FUN_003de260"
"004b2270","FUN_004b2270","003fca30","FUN_003fca30"
"004b2270","FUN_004b2270","003fcb10","FUN_003fcb10"
"004b22e0","FUN_004b22e0","003fca20","FUN_003fca20"
"004b22e0","FUN_004b22e0","004b2210","FUN_004b2210"
"004b2330","FUN_004b2330","003fca20","FUN_003fca20"
"004b2330","FUN_004b2330","004b2a10","FUN_004b2a10"
"004b2380","FUN_004b2380","003fca20","FUN_003fca20"
"004b2380","FUN_004b2380","004b2a10","FUN_004b2a10"
"004b2380","FUN_004b2380","005092e0","FUN_005092e0"
"004b2430","FUN_004b2430","003fca20","FUN_003fca20"
"004b2430","FUN_004b2430","003fd0c0","FUN_003fd0c0"
"004b2500","FUN_004b2500","003fca30","FUN_003fca30"
"004b2500","FUN_004b2500","003fcb10","FUN_003fcb10"
"004b2560","FUN_004b2560","003fca20","FUN_003fca20"
"004b2560","FUN_004b2560","004b2490","FUN_004b2490"
"004b27a0","FUN_004b27a0","00244f50","FUN_00244f50"
"004b27a0","FUN_004b27a0","00245140","FUN_00245140"
"004b27a0","FUN_004b27a0","003fca20","FUN_003fca20"
"004b27a0","FUN_004b27a0","0044f9c0","FUN_0044f9c0"
"004b27a0","FUN_004b27a0","004539a0","FUN_004539a0"
"004b27a0","FUN_004b27a0","004aa890","FUN_004aa890"
"004b2a90","FUN_004b2a90","003fca30","FUN_003fca30"
"004b2a90","FUN_004b2a90","003fcb10","FUN_003fcb10"
"004b2b00","FUN_004b2b00","003fca20","FUN_003fca20"
"004b2b00","FUN_004b2b00","004b2a10","FUN_004b2a10"
"004b2fb0","FUN_004b2fb0","003fca20","FUN_003fca20"
"004b2fb0","FUN_004b2fb0","004b2490","FUN_004b2490"
"004b30d0","FUN_004b30d0","0010ab20","FUN_0010ab20"
"004b30d0","FUN_004b30d0","003fca30","FUN_003fca30"
"004b30d0","FUN_004b30d0","003fca70","FUN_003fca70"
"004b3150","FUN_004b3150","003fca20","FUN_003fca20"
"004b3150","FUN_004b3150","004b3040","FUN_004b3040"
"004b31a0","FUN_004b31a0","0010ab20","FUN_0010ab20"
"004b31a0","FUN_004b31a0","004faec0","FUN_004faec0"
"004b31a0","FUN_004b31a0","004faf70","FUN_004faf70"
"004b3240","FUN_004b3240","001024d0","FUN_001024d0"
"004b3240","FUN_004b3240","00108020","FUN_00108020"
"004b3240","FUN_004b3240","0010ab20","FUN_0010ab20"
"004b3240","FUN_004b3240","0010ab40","FUN_0010ab40"
"004b3240","FUN_004b3240","00110310","FUN_00110310"
"004b3240","FUN_004b3240","001929d0","FUN_001929d0"
"004b3240","FUN_004b3240","00245140","FUN_00245140"
"004b3240","FUN_004b3240","004aa4d0","FUN_004aa4d0"
"004b3240","FUN_004b3240","004faec0","FUN_004faec0"
"004b3240","FUN_004b3240","004faf70","FUN_004faf70"
"004b3240","FUN_004b3240","005502c8","FUN_005502c8"
"004b3af0","FUN_004b3af0","0010ab20","FUN_0010ab20"
"004b3af0","FUN_004b3af0","003fca30","FUN_003fca30"
"004b3af0","FUN_004b3af0","003fca70","FUN_003fca70"
"004b3b70","FUN_004b3b70","003fca20","FUN_003fca20"
"004b3b70","FUN_004b3b70","004b3a40","FUN_004b3a40"
"004b3bc0","FUN_004b3bc0","0010ab20","FUN_0010ab20"
"004b43c0","FUN_004b43c0","0010ab20","FUN_0010ab20"
"004b43c0","FUN_004b43c0","003fca30","FUN_003fca30"
"004b43c0","FUN_004b43c0","003fca70","FUN_003fca70"
"004b4440","FUN_004b4440","003fca20","FUN_003fca20"
"004b4440","FUN_004b4440","004b4320","FUN_004b4320"
"004b4490","FUN_004b4490","0010ab20","FUN_0010ab20"
"004b4dc0","FUN_004b4dc0","0010ab20","FUN_0010ab20"
"004b4dc0","FUN_004b4dc0","005502c8","FUN_005502c8"
"004b5080","FUN_004b5080","004a7d60","FUN_004a7d60"
"004b5080","FUN_004b5080","004a9f20","FUN_004a9f20"
"004b5080","FUN_004b5080","004abd80","FUN_004abd80"
"004b5080","FUN_004b5080","004b5780","FUN_004b5780"
"004b5080","FUN_004b5080","004b5b40","FUN_004b5b40"
"004b52a0","FUN_004b52a0","005502c8","FUN_005502c8"
"004b52f8","FUN_004b52f8","004b5460","FUN_004b5460"
"004b52f8","FUN_004b52f8","004b5e00","FUN_004b5e00"
"004b7330","FUN_004b7330","004a87b0","FUN_004a87b0"
"004bb000","FUN_004bb000","00101700","FUN_00101700"
"004bb000","FUN_004bb000","004be6b0","FUN_004be6b0"
"004bb000","FUN_004bb000","004d9d80","FUN_004d9d80"
"004bb000","FUN_004bb000","004d9d90","FUN_004d9d90"
"004bb0a0","FUN_004bb0a0","004bbe50","FUN_004bbe50"
"004bb0a0","FUN_004bb0a0","004bc2c0","FUN_004bc2c0"
"004bb0a0","FUN_004bb0a0","004be430","FUN_004be430"
"004bbe50","FUN_004bbe50","004be590","FUN_004be590"
"004bbe50","FUN_004bbe50","004dad90","FUN_004dad90"
"004bd580","FUN_004bd580","00272f80","FUN_00272f80"
"004bd5d0","FUN_004bd5d0","002cf7a0","FUN_002cf7a0"
"004bd5d0","FUN_004bd5d0","00551240","FUN_00551240"
"004bd720","FUN_004bd720","001ad3f0","FUN_001ad3f0"
"004bd720","FUN_004bd720","001af070","FUN_001af070"
"004bd720","FUN_004bd720","00551240","FUN_00551240"
"004bd820","FUN_004bd820","0019e110","FUN_0019e110"
"004bd820","FUN_004bd820","004aa7f0","FUN_004aa7f0"
"004bd820","FUN_004bd820","004aa840","FUN_004aa840"
"004be360","FUN_004be360","002640d0","FUN_002640d0"
"004be360","FUN_004be360","002738e0","FUN_002738e0"
"004be480","FUN_004be480","003fca30","FUN_003fca30"
"004be480","FUN_004be480","003fca70","FUN_003fca70"
"004be4e0","FUN_004be4e0","003fca20","FUN_003fca20"
"004be4e0","FUN_004be4e0","003fca40","FUN_003fca40"
"004be6b0","FUN_004be6b0","00101a00","FUN_00101a00"
"004bfbb0","FUN_004bfbb0","0048d4b0","FUN_0048d4b0"
"004bfbb0","FUN_004bfbb0","0048d630","FUN_0048d630"
"004bfc90","FUN_004bfc90","004cf800","FUN_004cf800"
"004bfcb0","FUN_004bfcb0","004c00b0","FUN_004c00b0"
"004bfcb0","FUN_004bfcb0","004c01e0","FUN_004c01e0"
"004bfce0","FUN_004bfce0","0039a1d0","FUN_0039a1d0"
"004bfd40","FUN_004bfd40","0039a1d0","FUN_0039a1d0"
"004bfd40","FUN_004bfd40","004bfc60","FUN_004bfc60"
"004bfd40","FUN_004bfd40","004cf7d0","FUN_004cf7d0"
"004bfd40","FUN_004bfd40","0052ac20","FUN_0052ac20"
"004bfd40","FUN_004bfd40","0052acd0","FUN_0052acd0"
"004bfd40","FUN_004bfd40","0052ad00","FUN_0052ad00"
"004bfd40","FUN_004bfd40","0052be90","FUN_0052be90"
"004bfd40","FUN_004bfd40","0052bf40","FUN_0052bf40"
"004bfd40","FUN_004bfd40","0052bf70","FUN_0052bf70"
"004bfd40","FUN_004bfd40","0058ae10","FUN_0058ae10"
"004bfd40","FUN_004bfd40","0058bc00","FUN_0058bc00"
"004c01e0","FUN_004c01e0","0027b390","FUN_0027b390"
"004c01e0","FUN_004c01e0","0027b3b0","FUN_0027b3b0"
"004c01e0","FUN_004c01e0","0027b3d0","FUN_0027b3d0"
"004c0380","FUN_004c0380","004c03b0","FUN_004c03b0"
"004c0540","FUN_004c0540","004d6230","FUN_004d6230"
"004c0590","FUN_004c0590","004d6230","FUN_004d6230"
"004c0770","FUN_004c0770","005515d8","FUN_005515d8"
"004c08d0","FUN_004c08d0","002bfbb0","FUN_002bfbb0"
"004c08d0","FUN_004c08d0","004c0960","FUN_004c0960"
"004c08d0","FUN_004c08d0","004c1320","FUN_004c1320"
"004c0e80","FUN_004c0e80","00101670","FUN_00101670"
"004c0e80","FUN_004c0e80","002d2a10","FUN_002d2a10"
"004c0e80","FUN_004c0e80","003c6a10","FUN_003c6a10"
"004c0f20","FUN_004c0f20","00101670","FUN_00101670"
"004c0f20","FUN_004c0f20","00102640","FUN_00102640"
"004c0f20","FUN_004c0f20","0027dff0","FUN_0027dff0"
"004c0f20","FUN_004c0f20","002d2a10","FUN_002d2a10"
"004c0f20","FUN_004c0f20","003c6a10","FUN_003c6a10"
"004c0f20","FUN_004c0f20","0045fe90","FUN_0045fe90"
"004c10e0","FUN_004c10e0","002d2a10","FUN_002d2a10"
"004c1440","FUN_004c1440","004c14c0","FUN_004c14c0"
"004c14c0","FUN_004c14c0","002d2a10","FUN_002d2a10"
"004c1890","FUN_004c1890","00290bf0","FUN_00290bf0"
"004c18b0","FUN_004c18b0","00290be0","FUN_00290be0"
"004c1d10","FUN_004c1d10","00290be0","FUN_00290be0"
"004c1d10","FUN_004c1d10","004c2590","FUN_004c2590"
"004c25f0","FUN_004c25f0","003fca40","FUN_003fca40"
"004c2630","FUN_004c2630","0010ab40","FUN_0010ab40"
"004c2630","FUN_004c2630","003fca30","FUN_003fca30"
"004c2630","FUN_004c2630","003fca70","FUN_003fca70"
"004c2950","FUN_004c2950","004c2a20","FUN_004c2a20"
"004c2d90","FUN_004c2d90","003fcae0","FUN_003fcae0"
"004c2dd0","FUN_004c2dd0","003fca30","FUN_003fca30"
"004c2dd0","FUN_004c2dd0","003fcb10","FUN_003fcb10"
"004c2e30","FUN_004c2e30","003fca20","FUN_003fca20"
"004c2e30","FUN_004c2e30","00418b50","FUN_00418b50"
"004c2e30","FUN_004c2e30","004c25f0","FUN_004c25f0"
"004c2ed0","FUN_004c2ed0","004c2e30","FUN_004c2e30"
"004c3000","FUN_004c3000","0010ab40","FUN_0010ab40"
"004c3000","FUN_004c3000","003fca30","FUN_003fca30"
"004c3000","FUN_004c3000","003fca70","FUN_003fca70"
"004c3270","FUN_004c3270","004c3480","FUN_004c3480"
"004c3270","FUN_004c3270","004c3730","FUN_004c3730"
"004c3730","FUN_004c3730","001024d0","FUN_001024d0"
"004c3730","FUN_004c3730","00108020","FUN_00108020"
"004c3730","FUN_004c3730","0010a970","FUN_0010a970"
"004c3730","FUN_004c3730","0010ab40","FUN_0010ab40"
"004c39f0","FUN_004c39f0","003fca30","FUN_003fca30"
"004c39f0","FUN_004c39f0","003fcb10","FUN_003fcb10"
"004c3c00","FUN_004c3c00","004c3ce0","FUN_004c3ce0"
"004c3c80","FUN_004c3c80","003fca20","FUN_003fca20"
"004c3c80","FUN_004c3c80","004c2f90","FUN_004c2f90"
"004c3ce0","FUN_004c3ce0","003fca20","FUN_003fca20"
"004c3ce0","FUN_004c3ce0","004c25f0","FUN_004c25f0"
"004c3ce0","FUN_004c3ce0","004c2f90","FUN_004c2f90"
"004c3de0","FUN_004c3de0","003fca30","FUN_003fca30"
"004c3de0","FUN_004c3de0","003fcb10","FUN_003fcb10"
"004c3e40","FUN_004c3e40","003fca20","FUN_003fca20"
"004c3e40","FUN_004c3e40","004c45a0","FUN_004c45a0"
"004c4680","FUN_004c4680","0010ab20","FUN_0010ab20"
"004c4680","FUN_004c4680","002ebbe0","FUN_002ebbe0"
"004c4680","FUN_004c4680","003fca30","FUN_003fca30"
"004c4680","FUN_004c4680","003fca70","FUN_003fca70"
"004c5180","FUN_004c5180","003fca40","FUN_003fca40"
"004c5220","FUN_004c5220","0010ab40","FUN_0010ab40"
"004c5220","FUN_004c5220","003fca30","FUN_003fca30"
"004c5220","FUN_004c5220","003fca70","FUN_003fca70"
"004c52a0","FUN_004c52a0","0010ab40","FUN_0010ab40"
"004c57f0","FUN_004c57f0","003fca30","FUN_003fca30"
"004c57f0","FUN_004c57f0","003fcb10","FUN_003fcb10"
"004c5850","FUN_004c5850","001024d0","FUN_001024d0"
"004c58e0","FUN_004c58e0","00108020","FUN_00108020"
"004c58e0","FUN_004c58e0","0024c610","FUN_0024c610"
"004c58e0","FUN_004c58e0","003fca20","FUN_003fca20"
"004c58e0","FUN_004c58e0","004c45a0","FUN_004c45a0"
"004c62a0","FUN_004c62a0","003fca40","FUN_003fca40"
"004c6300","FUN_004c6300","0010ab40","FUN_0010ab40"
"004c6300","FUN_004c6300","002ebbe0","FUN_002ebbe0"
"004c6300","FUN_004c6300","003fca30","FUN_003fca30"
"004c6300","FUN_004c6300","003fca70","FUN_003fca70"
"004c68a0","FUN_004c68a0","001024d0","FUN_001024d0"
"004c68a0","FUN_004c68a0","0019cc40","FUN_0019cc40"
"004c68a0","FUN_004c68a0","00276550","FUN_00276550"
"004c68a0","FUN_004c68a0","002a18c0","FUN_002a18c0"
"004c7070","FUN_004c7070","003fcae0","FUN_003fcae0"
"004c70c0","FUN_004c70c0","003fca30","FUN_003fca30"
"004c70c0","FUN_004c70c0","003fcb10","FUN_003fcb10"
"004c7800","FUN_004c7800","0010ab20","FUN_0010ab20"
"004c7800","FUN_004c7800","002ebbe0","FUN_002ebbe0"
"004c7800","FUN_004c7800","003fca30","FUN_003fca30"
"004c7800","FUN_004c7800","003fca70","FUN_003fca70"
"004c78a0","FUN_004c78a0","0010ab20","FUN_0010ab20"
"004c7950","FUN_004c7950","0019cc40","FUN_0019cc40"
"004c7950","FUN_004c7950","002ec0c0","FUN_002ec0c0"
"004c8960","FUN_004c8960","0010ab20","FUN_0010ab20"
"004c95f0","FUN_004c95f0","0053b1f8","FUN_0053b1f8"
"004ca6f0","FUN_004ca6f0","0011ecd0","FUN_0011ecd0"
"004ca6f0","FUN_004ca6f0","0012c0a0","FUN_0012c0a0"
"004ca6f0","FUN_004ca6f0","0012c4c0","FUN_0012c4c0"
"004ca6f0","FUN_004ca6f0","0012c4e0","FUN_0012c4e0"
"004cb4b0","FUN_004cb4b0","00290490","FUN_00290490"
"004cb4b0","FUN_004cb4b0","002920e0","FUN_002920e0"
"004cb4b0","FUN_004cb4b0","002ebbe0","FUN_002ebbe0"
"004cb4b0","FUN_004cb4b0","003fca30","FUN_003fca30"
"004cb4b0","FUN_004cb4b0","003fca70","FUN_003fca70"
"004cb4b0","FUN_004cb4b0","004cd480","FUN_004cd480"
"004cc180","FUN_004cc180","002d97d0","FUN_002d97d0"
"004cc180","FUN_004cc180","002def30","FUN_002def30"
"004cd210","FUN_004cd210","0028b3a0","FUN_0028b3a0"
"004cd210","FUN_004cd210","0033f8c0","FUN_0033f8c0"
"004cd210","FUN_004cd210","003d45b0","FUN_003d45b0"
"004cd210","FUN_004cd210","003d5590","FUN_003d5590"
"004cd210","FUN_004cd210","003d5ab0","FUN_003d5ab0"
"004cd210","FUN_004cd210","003d5b60","FUN_003d5b60"
"004cd210","FUN_004cd210","003d66b0","FUN_003d66b0"
"004cd210","FUN_004cd210","003d6850","FUN_003d6850"
"004cd480","FUN_004cd480","003d5880","FUN_003d5880"
"004cd4d0","FUN_004cd4d0","003fcae0","FUN_003fcae0"
"004cd510","FUN_004cd510","003fca30","FUN_003fca30"
"004cd510","FUN_004cd510","003fcb10","FUN_003fcb10"
"004cd9a0","FUN_004cd9a0","004cd570","FUN_004cd570"
"004cdd90","FUN_004cdd90","003fca20","FUN_003fca20"
"004cdd90","FUN_004cdd90","004cd4d0","FUN_004cd4d0"
"004cddd0","FUN_004cddd0","003fca20","FUN_003fca20"
"004cddd0","FUN_004cddd0","004cb3a0","FUN_004cb3a0"
"004cde30","FUN_004cde30","003fca20","FUN_003fca20"
"004cde30","FUN_004cde30","004c7720","FUN_004c7720"
"004cde90","FUN_004cde90","003fca20","FUN_003fca20"
"004cde90","FUN_004cde90","004c7070","FUN_004c7070"
"004cdef0","FUN_004cdef0","003fca20","FUN_003fca20"
"004cdef0","FUN_004cdef0","004c62a0","FUN_004c62a0"
"004cdf50","FUN_004cdf50","003fca20","FUN_003fca20"
"004cdf50","FUN_004cdf50","004c56e0","FUN_004c56e0"
"004cdfc0","FUN_004cdfc0","003fca20","FUN_003fca20"
"004cdfc0","FUN_004cdfc0","004c5180","FUN_004c5180"
"004ce010","FUN_004ce010","003fca20","FUN_003fca20"
"004ce010","FUN_004ce010","004c45a0","FUN_004c45a0"
"004ce080","FUN_004ce080","003fca20","FUN_003fca20"
"004ce080","FUN_004ce080","004c3d80","FUN_004c3d80"
"004ce0e0","FUN_004ce0e0","003fca20","FUN_003fca20"
"004ce0e0","FUN_004ce0e0","004c38d0","FUN_004c38d0"
"004ce140","FUN_004ce140","003fca20","FUN_003fca20"
"004ce140","FUN_004ce140","004c2f90","FUN_004c2f90"
"004ce1a0","FUN_004ce1a0","003fca20","FUN_003fca20"
"004ce1a0","FUN_004ce1a0","004c2d90","FUN_004c2d90"
"004ce1e0","FUN_004ce1e0","003fca20","FUN_003fca20"
"004ce1e0","FUN_004ce1e0","004c25f0","FUN_004c25f0"
"004cf720","FUN_004cf720","0048d4b0","FUN_0048d4b0"
"004cf720","FUN_004cf720","0048d630","FUN_0048d630"
"004cf800","FUN_004cf800","0037ca58","FUN_0037ca58"
"004cf800","FUN_004cf800","0037caa0","FUN_0037caa0"
"004cf890","FUN_004cf890","0054e5e8","FUN_0054e5e8"
"004cf8d0","FUN_004cf8d0","00100780","FUN_00100780"
"004cfa80","FUN_004cfa80","001005e0","FUN_001005e0"
"004cfec0","FUN_004cfec0","004cfef0","FUN_004cfef0"
"004d0c00","FUN_004d0c00","002eb970","FUN_002eb970"
"004d0d60","FUN_004d0d60","00264150","FUN_00264150"
"004d0d60","FUN_004d0d60","004d02b0","FUN_004d02b0"
"004d6120","FUN_004d6120","003fca30","FUN_003fca30"
"004d6120","FUN_004d6120","004c70c0","FUN_004c70c0"
"004d6180","FUN_004d6180","003fca20","FUN_003fca20"
"004d6180","FUN_004d6180","004c7070","FUN_004c7070"
"004d6230","FUN_004d6230","00553600","FUN_00553600"
"004d6330","FUN_004d6330","00100d20","FUN_00100d20"
"004d6330","FUN_004d6330","00100d30","FUN_00100d30"
"004d6330","FUN_004d6330","0012be60","FUN_0012be60"
"004d6330","FUN_004d6330","0012bf50","FUN_0012bf50"
"004d6330","FUN_004d6330","002904b0","FUN_002904b0"
"004d6330","FUN_004d6330","00337ac8","FUN_00337ac8"
"004d6330","FUN_004d6330","003c7df0","FUN_003c7df0"
"004d63f0","FUN_004d63f0","00379cb0","FUN_00379cb0"
"004d63f0","FUN_004d63f0","00379d80","FUN_00379d80"
"004d6480","FUN_004d6480","004d64d0","FUN_004d64d0"
"004d64c0","FUN_004d64c0","004d6710","FUN_004d6710"
"004d6850","FUN_004d6850","004d6830","FUN_004d6830"
"004d6850","FUN_004d6850","004d6850","FUN_004d6850"
"004d6af0","FUN_004d6af0","004d6be0","FUN_004d6be0"
"004d6af0","FUN_004d6af0","00581690","FUN_00581690"
"004d6af0","FUN_004d6af0","005816a0","FUN_005816a0"
"004d6af0","FUN_004d6af0","005816b0","FUN_005816b0"
"004d6be0","FUN_004d6be0","0018b8b0","FUN_0018b8b0"
"004d6be0","FUN_004d6be0","0018bc40","FUN_0018bc40"
"004d6be0","FUN_004d6be0","0018ed90","FUN_0018ed90"
"004d6be0","FUN_004d6be0","00248f00","FUN_00248f00"
"004d6be0","FUN_004d6be0","002ec0c0","FUN_002ec0c0"
"004d6be0","FUN_004d6be0","004d7200","FUN_004d7200"
"004d6be0","FUN_004d6be0","004d7250","FUN_004d7250"
"004d7200","FUN_004d7200","00581680","FUN_00581680"
"004d7200","FUN_004d7200","00581700","FUN_00581700"
"004d74a0","FUN_004d74a0","002eb970","FUN_002eb970"
"004d79e0","FUN_004d79e0","002a55a0","FUN_002a55a0"
"004d79e0","FUN_004d79e0","004d7b80","FUN_004d7b80"
"004d79e0","FUN_004d79e0","005515d8","FUN_005515d8"
"004d7d10","FUN_004d7d10","00560460","FUN_00560460"
"004d96d0","FUN_004d96d0","002640d0","FUN_002640d0"
"004d96d0","FUN_004d96d0","002ec050","FUN_002ec050"
"004d96d0","FUN_004d96d0","004faec0","FUN_004faec0"
"004d96d0","FUN_004d96d0","004faf70","FUN_004faf70"
"004d96d0","FUN_004d96d0","00560460","FUN_00560460"
"004d9770","FUN_004d9770","002640d0","FUN_002640d0"
"004d9770","FUN_004d9770","003edc40","FUN_003edc40"
"004d9770","FUN_004d9770","00481320","FUN_00481320"
"004d9770","FUN_004d9770","004813d0","FUN_004813d0"
"004d9a80","FUN_004d9a80","0010eb70","FUN_0010eb70"
"004d9a80","FUN_004d9a80","0010eba0","FUN_0010eba0"
"004d9a80","FUN_004d9a80","0010edf0","FUN_0010edf0"
"004d9a80","FUN_004d9a80","00110c80","FUN_00110c80"
"004d9a80","FUN_004d9a80","0039e5a0","FUN_0039e5a0"
"004d9ce0","FUN_004d9ce0","001106c0","FUN_001106c0"
"004d9ce0","FUN_004d9ce0","001b2d90","FUN_001b2d90"
"004d9ce0","FUN_004d9ce0","0037e0b0","FUN_0037e0b0"
"004d9d30","FUN_004d9d30","00101700","FUN_00101700"
"004d9d30","FUN_004d9d30","004daf60","FUN_004daf60"
"004d9de0","FUN_004d9de0","00267710","FUN_00267710"
"004daf60","FUN_004daf60","00101a00","FUN_00101a00"
"004db180","FUN_004db180","00101700","FUN_00101700"
"004db180","FUN_004db180","004d9d80","FUN_004d9d80"
"004db180","FUN_004db180","004d9d90","FUN_004d9d90"
"004db180","FUN_004db180","004db220","FUN_004db220"
"004db180","FUN_004db180","004dd4c0","FUN_004dd4c0"
"004db220","FUN_004db220","004dd400","FUN_004dd400"
"004db220","FUN_004db220","00551720","FUN_00551720"
"004dbed0","FUN_004dbed0","0022d660","FUN_0022d660"
"004dbed0","FUN_004dbed0","004dd3a0","FUN_004dd3a0"
"004dc7b0","FUN_004dc7b0","002640d0","FUN_002640d0"
"004dc7b0","FUN_004dc7b0","004da6a0","FUN_004da6a0"
"004dce40","FUN_004dce40","004dc7b0","FUN_004dc7b0"
"004dd1f0","FUN_004dd1f0","002c14b0","FUN_002c14b0"
"004dd270","FUN_004dd270","002c18d0","FUN_002c18d0"
"004dd330","FUN_004dd330","00101a00","FUN_00101a00"
"004dd4c0","FUN_004dd4c0","00101a00","FUN_00101a00"
"004dd6e0","FUN_004dd6e0","003fcae0","FUN_003fcae0"
"004dd760","FUN_004dd760","001079d0","FUN_001079d0"
"004dd760","FUN_004dd760","003fca30","FUN_003fca30"
"004dd760","FUN_004dd760","003fcb10","FUN_003fcb10"
"004de460","FUN_004de460","002ebbe0","FUN_002ebbe0"
"004de460","FUN_004de460","003de200","FUN_003de200"
"004de460","FUN_004de460","003de260","FUN_003de260"
"004dec60","FUN_004dec60","005502c8","FUN_005502c8"
"004dedd0","FUN_004dedd0","002c0190","FUN_002c0190"
"004dee70","FUN_004dee70","0019cc40","FUN_0019cc40"
"004dee70","FUN_004dee70","002ec0c0","FUN_002ec0c0"
"004df070","FUN_004df070","002640d0","FUN_002640d0"
"004df070","FUN_004df070","002ec0c0","FUN_002ec0c0"
"004df1a0","FUN_004df1a0","00495140","FUN_00495140"
"004df3e0","FUN_004df3e0","001079d0","FUN_001079d0"
"004df3e0","FUN_004df3e0","002ebbe0","FUN_002ebbe0"
"004df3e0","FUN_004df3e0","003fca30","FUN_003fca30"
"004df3e0","FUN_004df3e0","003fcb10","FUN_003fcb10"
"004df560","FUN_004df560","003fca20","FUN_003fca20"
"004df560","FUN_004df560","004df220","FUN_004df220"
"004dfb00","FUN_004dfb00","002bae70","FUN_002bae70"
"004dfb00","FUN_004dfb00","003fca20","FUN_003fca20"
"004dfb00","FUN_004dfb00","00418b50","FUN_00418b50"
"004dfb00","FUN_004dfb00","0042c5f0","FUN_0042c5f0"
"004dfb00","FUN_004dfb00","0042edf0","FUN_0042edf0"
"004dfd20","FUN_004dfd20","00110280","FUN_00110280"
"004e1100","FUN_004e1100","0044f3d0","FUN_0044f3d0"
"004e1170","FUN_004e1170","003fca30","FUN_003fca30"
"004e1170","FUN_004e1170","0044f4a0","FUN_0044f4a0"
"004e11d0","FUN_004e11d0","0044f960","FUN_0044f960"
"004e11d0","FUN_004e11d0","004e1210","FUN_004e1210"
"004e1210","FUN_004e1210","001929d0","FUN_001929d0"
"004e1bb0","FUN_004e1bb0","002ebbe0","FUN_002ebbe0"
"004e1bb0","FUN_004e1bb0","003fca30","FUN_003fca30"
"004e1bb0","FUN_004e1bb0","003fcb10","FUN_003fcb10"
"004e1cf0","FUN_004e1cf0","003fca20","FUN_003fca20"
"004e1cf0","FUN_004e1cf0","00418b50","FUN_00418b50"
"004e25b0","FUN_004e25b0","001079d0","FUN_001079d0"
"004e25b0","FUN_004e25b0","00178320","FUN_00178320"
"004e25b0","FUN_004e25b0","002ebbe0","FUN_002ebbe0"
"004e25b0","FUN_004e25b0","003fca30","FUN_003fca30"
"004e25b0","FUN_004e25b0","003fcb10","FUN_003fcb10"
"004e2690","FUN_004e2690","003fca20","FUN_003fca20"
"004e2690","FUN_004e2690","004e2500","FUN_004e2500"
"004e2850","FUN_004e2850","002eb970","FUN_002eb970"
"004e2a70","FUN_004e2a70","001079d0","FUN_001079d0"
"004e2a70","FUN_004e2a70","002314b0","FUN_002314b0"
"004e2a70","FUN_004e2a70","003fca20","FUN_003fca20"
"004e2a70","FUN_004e2a70","0040a4a0","FUN_0040a4a0"
"004e2a70","FUN_004e2a70","004dedd0","FUN_004dedd0"
"004e2a70","FUN_004e2a70","004e24f0","FUN_004e24f0"
"004e2a70","FUN_004e2a70","004e3b10","FUN_004e3b10"
"004e3870","FUN_004e3870","00244f50","FUN_00244f50"
"004e3870","FUN_004e3870","00245140","FUN_00245140"
"004e3bb0","FUN_004e3bb0","001079d0","FUN_001079d0"
"004e3bb0","FUN_004e3bb0","002ebbe0","FUN_002ebbe0"
"004e3bb0","FUN_004e3bb0","003fca30","FUN_003fca30"
"004e3bb0","FUN_004e3bb0","003fcb10","FUN_003fcb10"
"004e3c50","FUN_004e3c50","005502c8","FUN_005502c8"
"004e4230","FUN_004e4230","001079d0","FUN_001079d0"
"004e4230","FUN_004e4230","002ebbe0","FUN_002ebbe0"
"004e4230","FUN_004e4230","003fca30","FUN_003fca30"
"004e4230","FUN_004e4230","003fcb10","FUN_003fcb10"
"004e42d0","FUN_004e42d0","003fca20","FUN_003fca20"
"004e42d0","FUN_004e42d0","004e4180","FUN_004e4180"
"004e4350","FUN_004e4350","003fca20","FUN_003fca20"
"004e4350","FUN_004e4350","0045af00","FUN_0045af00"
"004e4350","FUN_004e4350","005502c8","FUN_005502c8"
"004e4440","FUN_004e4440","005502c8","FUN_005502c8"
"004e48a0","FUN_004e48a0","003fca40","FUN_003fca40"
"004e48e0","FUN_004e48e0","003fca30","FUN_003fca30"
"004e48e0","FUN_004e48e0","003fca70","FUN_003fca70"
"004e4940","FUN_004e4940","003fca20","FUN_003fca20"
"004e4940","FUN_004e4940","004e48a0","FUN_004e48a0"
"004e4b40","FUN_004e4b40","001079d0","FUN_001079d0"
"004e4b40","FUN_004e4b40","002ebbe0","FUN_002ebbe0"
"004e4b40","FUN_004e4b40","003fca30","FUN_003fca30"
"004e4b40","FUN_004e4b40","003fcb10","FUN_003fcb10"
"004e4be0","FUN_004e4be0","003fca20","FUN_003fca20"
"004e4be0","FUN_004e4be0","003fd0c0","FUN_003fd0c0"
"004e4be0","FUN_004e4be0","00418b50","FUN_00418b50"
"004e4be0","FUN_004e4be0","004dec60","FUN_004dec60"
"004e4be0","FUN_004e4be0","004e48a0","FUN_004e48a0"
"004e4be0","FUN_004e4be0","005502c8","FUN_005502c8"
"004e4e50","FUN_004e4e50","001079d0","FUN_001079d0"
"004e4e50","FUN_004e4e50","00244f50","FUN_00244f50"
"004e4e50","FUN_004e4e50","00245140","FUN_00245140"
"004e4e50","FUN_004e4e50","004dedd0","FUN_004dedd0"
"004e4ff0","FUN_004e4ff0","001079d0","FUN_001079d0"
"004e4ff0","FUN_004e4ff0","002ebbe0","FUN_002ebbe0"
"004e4ff0","FUN_004e4ff0","003fca30","FUN_003fca30"
"004e4ff0","FUN_004e4ff0","003fcb10","FUN_003fcb10"
"004e5090","FUN_004e5090","004e5120","FUN_004e5120"
"004e5360","FUN_004e5360","004e5120","FUN_004e5120"
"004e5360","FUN_004e5360","004e5730","FUN_004e5730"
"004e54a0","FUN_004e54a0","0024caa0","FUN_0024caa0"
"004e54a0","FUN_004e54a0","004e5120","FUN_004e5120"
"004e59a0","FUN_004e59a0","0010ab20","FUN_0010ab20"
"004e59a0","FUN_004e59a0","002ebbe0","FUN_002ebbe0"
"004e59a0","FUN_004e59a0","003fca30","FUN_003fca30"
"004e59a0","FUN_004e59a0","003fca70","FUN_003fca70"
"004e5a40","FUN_004e5a40","003fca20","FUN_003fca20"
"004e5a40","FUN_004e5a40","004e5900","FUN_004e5900"
"004e5a90","FUN_004e5a90","0010ab20","FUN_0010ab20"
"004e5ef0","FUN_004e5ef0","002ebbe0","FUN_002ebbe0"
"004e5ef0","FUN_004e5ef0","003fca30","FUN_003fca30"
"004e5ef0","FUN_004e5ef0","003fcb10","FUN_003fcb10"
"004e5f70","FUN_004e5f70","004e5f90","FUN_004e5f90"
"004e5f90","FUN_004e5f90","004fb2c0","FUN_004fb2c0"
"004e5f90","FUN_004e5f90","004fb310","FUN_004fb310"
"004e5fe0","FUN_004e5fe0","003fca20","FUN_003fca20"
"004e5fe0","FUN_004e5fe0","00418b50","FUN_00418b50"
"004e5fe0","FUN_004e5fe0","004e5f90","FUN_004e5f90"
"004e5fe0","FUN_004e5fe0","004fafc0","FUN_004fafc0"
"004e60c0","FUN_004e60c0","0019cc40","FUN_0019cc40"
"004e60c0","FUN_004e60c0","0019e110","FUN_0019e110"
"004e60c0","FUN_004e60c0","002eb970","FUN_002eb970"
"004e60c0","FUN_004e60c0","004e5f90","FUN_004e5f90"
"004e6450","FUN_004e6450","003fcae0","FUN_003fcae0"
"004e64a0","FUN_004e64a0","001079d0","FUN_001079d0"
"004e64a0","FUN_004e64a0","003fca30","FUN_003fca30"
"004e64a0","FUN_004e64a0","003fcb10","FUN_003fcb10"
"004e6540","FUN_004e6540","003fca20","FUN_003fca20"
"004e6540","FUN_004e6540","003fd0c0","FUN_003fd0c0"
"004e6540","FUN_004e6540","00418b50","FUN_00418b50"
"004e6670","FUN_004e6670","002640d0","FUN_002640d0"
"004e6670","FUN_004e6670","003fca20","FUN_003fca20"
"004e6670","FUN_004e6670","0045af00","FUN_0045af00"
"004e6b40","FUN_004e6b40","00168ba0","FUN_00168ba0"
"004e6b40","FUN_004e6b40","0016bc10","FUN_0016bc10"
"004e6b40","FUN_004e6b40","0016bc40","FUN_0016bc40"
"004e6b40","FUN_004e6b40","002640d0","FUN_002640d0"
"004e6b40","FUN_004e6b40","0045fb60","FUN_0045fb60"
"004e6dc0","FUN_004e6dc0","002640d0","FUN_002640d0"
"004e6dc0","FUN_004e6dc0","00481320","FUN_00481320"
"004e6e20","FUN_004e6e20","002640d0","FUN_002640d0"
"004e6e20","FUN_004e6e20","002eb970","FUN_002eb970"
"004e6e20","FUN_004e6e20","004e6b40","FUN_004e6b40"
"004e8550","FUN_004e8550","003fca20","FUN_003fca20"
"004e8550","FUN_004e8550","004e6840","FUN_004e6840"
"004e85a0","FUN_004e85a0","003fca20","FUN_003fca20"
"004e85a0","FUN_004e85a0","004e6450","FUN_004e6450"
"004e85f0","FUN_004e85f0","003fca20","FUN_003fca20"
"004e85f0","FUN_004e85f0","004e5e70","FUN_004e5e70"
"004e8650","FUN_004e8650","003fca20","FUN_003fca20"
"004e8650","FUN_004e8650","004e4f80","FUN_004e4f80"
"004e86a0","FUN_004e86a0","003fca20","FUN_003fca20"
"004e86a0","FUN_004e86a0","004e4ad0","FUN_004e4ad0"
"004e8720","FUN_004e8720","003fca20","FUN_003fca20"
"004e8720","FUN_004e8720","004e3b10","FUN_004e3b10"
"004e87a0","FUN_004e87a0","003fca20","FUN_003fca20"
"004e87a0","FUN_004e87a0","004e1100","FUN_004e1100"
"004e8810","FUN_004e8810","002ebbe0","FUN_002ebbe0"
"004e8810","FUN_004e8810","003de200","FUN_003de200"
"004e8810","FUN_004e8810","003de260","FUN_003de260"
"004e8a30","FUN_004e8a30","003fca20","FUN_003fca20"
"004e8a30","FUN_004e8a30","004dd6e0","FUN_004dd6e0"
"004e8b70","FUN_004e8b70","002ebbe0","FUN_002ebbe0"
"004e8b70","FUN_004e8b70","003fca30","FUN_003fca30"
"004e8b70","FUN_004e8b70","003fcb10","FUN_003fcb10"
"004e8b70","FUN_004e8b70","004e9e20","FUN_004e9e20"
"004e9670","FUN_004e9670","0019f760","FUN_0019f760"
"004e9670","FUN_004e9670","003fca20","FUN_003fca20"
"004e9670","FUN_004e9670","00418b50","FUN_00418b50"
"004e9670","FUN_004e9670","00560520","FUN_00560520"
"004e9730","FUN_004e9730","0019e1b0","FUN_0019e1b0"
"004e9730","FUN_004e9730","004e9cb0","FUN_004e9cb0"
"004e9730","FUN_004e9730","004faec0","FUN_004faec0"
"004e9730","FUN_004e9730","004faf70","FUN_004faf70"
"004e9cb0","FUN_004e9cb0","0045fbc0","FUN_0045fbc0"
"004e9d10","FUN_004e9d10","0045fbc0","FUN_0045fbc0"
"004e9d90","FUN_004e9d90","005515d8","FUN_005515d8"
"004e9e20","FUN_004e9e20","005515d8","FUN_005515d8"
"004e9e80","FUN_004e9e80","004e8a80","FUN_004e8a80"
"004e9e80","FUN_004e9e80","004e9f00","FUN_004e9f00"
"004e9e80","FUN_004e9e80","00551720","FUN_00551720"
"004e9f10","FUN_004e9f10","002ebbe0","FUN_002ebbe0"
"004e9f10","FUN_004e9f10","003fca30","FUN_003fca30"
"004e9f10","FUN_004e9f10","003fcb10","FUN_003fcb10"
"004e9f10","FUN_004e9f10","004e9e20","FUN_004e9e20"
"004e9fc0","FUN_004e9fc0","0019f760","FUN_0019f760"
"004e9fc0","FUN_004e9fc0","003fca20","FUN_003fca20"
"004e9fc0","FUN_004e9fc0","00418b50","FUN_00418b50"
"004e9fc0","FUN_004e9fc0","00560520","FUN_00560520"
"004ea080","FUN_004ea080","001079d0","FUN_001079d0"
"004ea080","FUN_004ea080","004dedd0","FUN_004dedd0"
"004ea130","FUN_004ea130","003fca20","FUN_003fca20"
"004ea130","FUN_004ea130","003fd0c0","FUN_003fd0c0"
"004ea130","FUN_004ea130","0041f050","FUN_0041f050"
"004ea130","FUN_004ea130","0041f350","FUN_0041f350"
"004ea130","FUN_004ea130","0045af00","FUN_0045af00"
"004ea280","FUN_004ea280","004e8a80","FUN_004e8a80"
"004ea280","FUN_004ea280","004ea310","FUN_004ea310"
"004ea280","FUN_004ea280","00551720","FUN_00551720"
"004ea320","FUN_004ea320","002ebbe0","FUN_002ebbe0"
"004ea320","FUN_004ea320","003fca30","FUN_003fca30"
"004ea320","FUN_004ea320","003fcb10","FUN_003fcb10"
"004ea320","FUN_004ea320","004e9e20","FUN_004e9e20"
"004ea3d0","FUN_004ea3d0","0019f760","FUN_0019f760"
"004ea3d0","FUN_004ea3d0","003fca20","FUN_003fca20"
"004ea3d0","FUN_004ea3d0","00418b50","FUN_00418b50"
"004ea3d0","FUN_004ea3d0","00560520","FUN_00560520"
"004ea490","FUN_004ea490","001079d0","FUN_001079d0"
"004ea490","FUN_004ea490","004dedd0","FUN_004dedd0"
"004ead30","FUN_004ead30","002ebbe0","FUN_002ebbe0"
"004ead30","FUN_004ead30","003fca30","FUN_003fca30"
"004ead30","FUN_004ead30","003fcb10","FUN_003fcb10"
"004ead30","FUN_004ead30","004e9e20","FUN_004e9e20"
"004ead30","FUN_004ead30","00560890","FUN_00560890"
"004eae00","FUN_004eae00","00560890","FUN_00560890"
"004eb2f0","FUN_004eb2f0","002ebbe0","FUN_002ebbe0"
"004eb2f0","FUN_004eb2f0","003fca30","FUN_003fca30"
"004eb2f0","FUN_004eb2f0","003fcb10","FUN_003fcb10"
"004eb450","FUN_004eb450","002ec0c0","FUN_002ec0c0"
"004eb450","FUN_004eb450","003fca20","FUN_003fca20"
"004eb450","FUN_004eb450","003fdbf0","FUN_003fdbf0"
"004eb450","FUN_004eb450","00418b50","FUN_00418b50"
"004eb450","FUN_004eb450","004840a0","FUN_004840a0"
"004eb450","FUN_004eb450","005502c8","FUN_005502c8"
"004eb860","FUN_004eb860","004e8a80","FUN_004e8a80"
"004eb860","FUN_004eb860","004eb8e0","FUN_004eb8e0"
"004eb8f0","FUN_004eb8f0","002ebbe0","FUN_002ebbe0"
"004eb8f0","FUN_004eb8f0","003fca30","FUN_003fca30"
"004eb8f0","FUN_004eb8f0","003fcb10","FUN_003fcb10"
"004eb8f0","FUN_004eb8f0","004e9e20","FUN_004e9e20"
"004eb9a0","FUN_004eb9a0","003fca20","FUN_003fca20"
"004eb9a0","FUN_004eb9a0","003fd0c0","FUN_003fd0c0"
"004eb9a0","FUN_004eb9a0","0041f050","FUN_0041f050"
"004eb9a0","FUN_004eb9a0","0041f350","FUN_0041f350"
"004eb9a0","FUN_004eb9a0","0045af00","FUN_0045af00"
"004ebb40","FUN_004ebb40","002ebbe0","FUN_002ebbe0"
"004ebb40","FUN_004ebb40","003fca30","FUN_003fca30"
"004ebb40","FUN_004ebb40","003fcb10","FUN_003fcb10"
"004ebd40","FUN_004ebd40","002bae70","FUN_002bae70"
"004ebd40","FUN_004ebd40","003fca20","FUN_003fca20"
"004ebd40","FUN_004ebd40","00418b50","FUN_00418b50"
"004ebd40","FUN_004ebd40","0042c5f0","FUN_0042c5f0"
"004ec630","FUN_004ec630","002ebbe0","FUN_002ebbe0"
"004ec630","FUN_004ec630","003fca30","FUN_003fca30"
"004ec630","FUN_004ec630","003fcb10","FUN_003fcb10"
"004ec6e0","FUN_004ec6e0","003fca20","FUN_003fca20"
"004ec6e0","FUN_004ec6e0","00418b50","FUN_00418b50"
"004ec760","FUN_004ec760","0019de60","FUN_0019de60"
"004ecb30","FUN_004ecb30","002ebbe0","FUN_002ebbe0"
"004ecb30","FUN_004ecb30","003fca30","FUN_003fca30"
"004ecb30","FUN_004ecb30","003fcb10","FUN_003fcb10"
"004ed530","FUN_004ed530","004fb2c0","FUN_004fb2c0"
"004ed530","FUN_004ed530","004fb310","FUN_004fb310"
"004edb20","FUN_004edb20","003fca20","FUN_003fca20"
"004edb20","FUN_004edb20","004e8a80","FUN_004e8a80"
"004edb20","FUN_004edb20","004e9f00","FUN_004e9f00"
"004edb20","FUN_004edb20","00551720","FUN_00551720"
"004edbd0","FUN_004edbd0","003fca30","FUN_003fca30"
"004edbd0","FUN_004edbd0","00456010","FUN_00456010"
"004edd10","FUN_004edd10","003fca30","FUN_003fca30"
"004edd10","FUN_004edd10","003fcb10","FUN_003fcb10"
"004edf80","FUN_004edf80","003fca20","FUN_003fca20"
"004edf80","FUN_004edf80","003fcae0","FUN_003fcae0"
"004edf80","FUN_004edf80","003fd0c0","FUN_003fd0c0"
"004edf80","FUN_004edf80","0041b4b0","FUN_0041b4b0"
"004edf80","FUN_004edf80","0041f050","FUN_0041f050"
"004edf80","FUN_004edf80","0041f350","FUN_0041f350"
"004edf80","FUN_004edf80","0044f9c0","FUN_0044f9c0"
"004edf80","FUN_004edf80","00450740","FUN_00450740"
"004ee5d0","FUN_004ee5d0","002ebbe0","FUN_002ebbe0"
"004ee5d0","FUN_004ee5d0","003fca30","FUN_003fca30"
"004ee5d0","FUN_004ee5d0","003fcb10","FUN_003fcb10"
"004eec10","FUN_004eec10","003fca30","FUN_003fca30"
"004eec10","FUN_004eec10","003fcb10","FUN_003fcb10"
"004eecb0","FUN_004eecb0","003fca20","FUN_003fca20"
"004eecb0","FUN_004eecb0","003fcae0","FUN_003fcae0"
"004eecb0","FUN_004eecb0","003fd0c0","FUN_003fd0c0"
"004eecb0","FUN_004eecb0","00418b50","FUN_00418b50"
"004eecb0","FUN_004eecb0","0041b4b0","FUN_0041b4b0"
"004eecb0","FUN_004eecb0","0041f050","FUN_0041f050"
"004eecb0","FUN_004eecb0","0041f350","FUN_0041f350"
"004eecb0","FUN_004eecb0","00455f20","FUN_00455f20"
"004eecb0","FUN_004eecb0","004560a0","FUN_004560a0"
"004eefa0","FUN_004eefa0","00245460","FUN_00245460"
"004eefa0","FUN_004eefa0","004eecb0","FUN_004eecb0"
"004ef540","FUN_004ef540","002ebbe0","FUN_002ebbe0"
"004ef540","FUN_004ef540","003fca30","FUN_003fca30"
"004ef540","FUN_004ef540","003fcb10","FUN_003fcb10"
"004efd60","FUN_004efd60","002ebbe0","FUN_002ebbe0"
"004efd60","FUN_004efd60","003fca30","FUN_003fca30"
"004efd60","FUN_004efd60","003fcb10","FUN_003fcb10"
"004f0580","FUN_004f0580","002ebbe0","FUN_002ebbe0"
"004f0580","FUN_004f0580","003fca30","FUN_003fca30"
"004f0580","FUN_004f0580","003fcb10","FUN_003fcb10"
"004f0a90","FUN_004f0a90","004f0630","FUN_004f0630"
"004f1580","FUN_004f1580","003fca20","FUN_003fca20"
"004f1580","FUN_004f1580","00455f20","FUN_00455f20"
"004f1610","FUN_004f1610","00551240","FUN_00551240"
"004f16d0","FUN_004f16d0","004f2490","FUN_004f2490"
"004f1770","FUN_004f1770","001411b0","FUN_001411b0"
"004f1770","FUN_004f1770","0028b770","FUN_0028b770"
"004f1770","FUN_004f1770","004d6230","FUN_004d6230"
"004f1830","FUN_004f1830","005515d8","FUN_005515d8"
"004f1f30","FUN_004f1f30","00551240","FUN_00551240"
"004f1f30","FUN_004f1f30","00551720","FUN_00551720"
"004f2170","FUN_004f2170","001079d0","FUN_001079d0"
"004f21c0","FUN_004f21c0","004f2320","FUN_004f2320"
"004f2370","FUN_004f2370","004f2320","FUN_004f2320"
"004f23d0","FUN_004f23d0","004f2320","FUN_004f2320"
"004f2410","FUN_004f2410","004f2320","FUN_004f2320"
"004f2490","FUN_004f2490","004f2170","FUN_004f2170"
"004f2680","FUN_004f2680","004f24a0","FUN_004f24a0"
"004f26e0","FUN_004f26e0","004f17f0","FUN_004f17f0"
"004f26e0","FUN_004f26e0","004f2720","FUN_004f2720"
"004f2720","FUN_004f2720","002d2a60","FUN_002d2a60"
"004f2780","FUN_004f2780","004f26e0","FUN_004f26e0"
"004f30a0","FUN_004f30a0","00162560","FUN_00162560"
"004f30a0","FUN_004f30a0","00162590","FUN_00162590"
"004f30a0","FUN_004f30a0","00162620","FUN_00162620"
"004f30a0","FUN_004f30a0","00263e70","FUN_00263e70"
"004f3540","FUN_004f3540","004f1720","FUN_004f1720"
"004f3570","FUN_004f3570","004f1720","FUN_004f1720"
"004f35a0","FUN_004f35a0","00264150","FUN_00264150"
"004f36f0","FUN_004f36f0","005502c8","FUN_005502c8"
"004f4aa0","FUN_004f4aa0","001fa3e0","FUN_001fa3e0"
"004f4aa0","FUN_004f4aa0","002640d0","FUN_002640d0"
"004f4aa0","FUN_004f4aa0","002d1800","FUN_002d1800"
"004f4c00","FUN_004f4c00","005502c8","FUN_005502c8"
"004f65c0","FUN_004f65c0","004f89a0","FUN_004f89a0"
"004f65d0","FUN_004f65d0","004f8950","FUN_004f8950"
"004f6c40","FUN_004f6c40","002ebbe0","FUN_002ebbe0"
"004f6c40","FUN_004f6c40","004f8950","FUN_004f8950"
"004f6cf0","FUN_004f6cf0","004f6dd0","FUN_004f6dd0"
"004f6dd0","FUN_004f6dd0","002eb970","FUN_002eb970"
"004f6dd0","FUN_004f6dd0","002ebbe0","FUN_002ebbe0"
"004f6dd0","FUN_004f6dd0","004f6670","FUN_004f6670"
"004f7370","FUN_004f7370","002eb970","FUN_002eb970"
"004f73e0","FUN_004f73e0","002ebbe0","FUN_002ebbe0"
"004f73e0","FUN_004f73e0","004f8950","FUN_004f8950"
"004f8110","FUN_004f8110","002eb970","FUN_002eb970"
"004f8180","FUN_004f8180","002ebbe0","FUN_002ebbe0"
"004f8180","FUN_004f8180","004f8950","FUN_004f8950"
"004f87a0","FUN_004f87a0","002ebbe0","FUN_002ebbe0"
"004f87a0","FUN_004f87a0","004f8950","FUN_004f8950"
"004f8860","FUN_004f8860","002ebbe0","FUN_002ebbe0"
"004f8860","FUN_004f8860","004f8950","FUN_004f8950"
"004f8a50","FUN_004f8a50","003d3e30","FUN_003d3e30"
"004f8a80","FUN_004f8a80","001018e0","FUN_001018e0"
"004f8a80","FUN_004f8a80","003d3e40","FUN_003d3e40"
"004f8a80","FUN_004f8a80","003d3eb0","FUN_003d3eb0"
"004f8af0","FUN_004f8af0","003d3ff0","FUN_003d3ff0"
"004f8af0","FUN_004f8af0","004f8b80","FUN_004f8b80"
"004f8b80","FUN_004f8b80","004f9410","FUN_004f9410"
"004f8e20","FUN_004f8e20","004f9460","FUN_004f9460"
"004f9a30","FUN_004f9a30","001018e0","FUN_001018e0"
"004f9a30","FUN_004f9a30","003d3e40","FUN_003d3e40"
"004fa4a0","FUN_004fa4a0","002eb970","FUN_002eb970"
"004fa9f0","FUN_004fa9f0","001024d0","FUN_001024d0"
"004fa9f0","FUN_004fa9f0","0019de60","FUN_0019de60"
"004fa9f0","FUN_004fa9f0","004faec0","FUN_004faec0"
"004fa9f0","FUN_004fa9f0","004faf70","FUN_004faf70"
"004faec0","FUN_004faec0","00421290","FUN_00421290"
"004faec0","FUN_004faec0","0045fe90","FUN_0045fe90"
"004faf10","FUN_004faf10","00421290","FUN_00421290"
"004faf10","FUN_004faf10","00421c40","FUN_00421c40"
"004faf10","FUN_004faf10","0045fe90","FUN_0045fe90"
"004faf70","FUN_004faf70","00421290","FUN_00421290"
"004faf70","FUN_004faf70","004215b0","FUN_004215b0"
"004faf70","FUN_004faf70","0045fe90","FUN_0045fe90"
"004fb2c0","FUN_004fb2c0","00421290","FUN_00421290"
"004fb2c0","FUN_004fb2c0","0045fe90","FUN_0045fe90"
"004fb310","FUN_004fb310","00421290","FUN_00421290"
"004fb310","FUN_004fb310","004215b0","FUN_004215b0"
"004fb310","FUN_004fb310","0045fe90","FUN_0045fe90"
"004fb500","FUN_004fb500","001005e0","FUN_001005e0"
"004fb500","FUN_004fb500","0054e5e8","FUN_0054e5e8"
"004fb5a0","FUN_004fb5a0","00100850","FUN_00100850"
"004fb5e0","FUN_004fb5e0","00300ef0","FUN_00300ef0"
"004fb5e0","FUN_004fb5e0","003014f0","FUN_003014f0"
"004fb5e0","FUN_004fb5e0","00301540","FUN_00301540"
"004fb5e0","FUN_004fb5e0","00301560","FUN_00301560"
"004fb5e0","FUN_004fb5e0","00345b00","FUN_00345b00"
"004fd268","FUN_004fd268","003333a0","FUN_003333a0"
"004fd2b8","FUN_004fd2b8","003334a8","FUN_003334a8"
"004fdeb8","FUN_004fdeb8","004ff108","FUN_004ff108"
"004fe088","FUN_004fe088","00335560","FUN_00335560"
"004ff120","FUN_004ff120","0033ea80","FUN_0033ea80"
"004ff688","FUN_004ff688","0054e5e8","FUN_0054e5e8"
"004ffaf0","FUN_004ffaf0","004ff610","FUN_004ff610"
"004ffb98","FUN_004ffb98","00335cc8","FUN_00335cc8"
"004ffc18","FUN_004ffc18","003364a8","FUN_003364a8"
"004ffc18","FUN_004ffc18","004fd2b8","FUN_004fd2b8"
"004ffc90","FUN_004ffc90","00509050","FUN_00509050"
"005005b0","FUN_005005b0","0048d4b0","FUN_0048d4b0"
"005005b0","FUN_005005b0","0048d630","FUN_0048d630"
"00500e60","FUN_00500e60","00551720","FUN_00551720"
"005014d0","FUN_005014d0","00101be0","FUN_00101be0"
"00501690","FUN_00501690","001ffb30","FUN_001ffb30"
"00501690","FUN_00501690","002325f0","FUN_002325f0"
"00501690","FUN_00501690","0027df30","FUN_0027df30"
"00501690","FUN_00501690","0027dff0","FUN_0027dff0"
"00506420","FUN_00506420","00334b38","FUN_00334b38"
"00506420","FUN_00506420","00338e98","FUN_00338e98"
"00506420","FUN_00506420","003390e0","FUN_003390e0"
"00506420","FUN_00506420","0033f8c0","FUN_0033f8c0"
"00506b60","FUN_00506b60","003351e8","FUN_003351e8"
"00506b60","FUN_00506b60","0033f8c0","FUN_0033f8c0"
"00506d10","FUN_00506d10","00509050","FUN_00509050"
"00506d40","FUN_00506d40","00509050","FUN_00509050"
"00507c10","FUN_00507c10","00508030","FUN_00508030"
"00507c10","FUN_00507c10","005089f0","FUN_005089f0"
"00507d80","FUN_00507d80","00346520","FUN_00346520"
"00508030","FUN_00508030","00508a50","FUN_00508a50"
"00508030","FUN_00508030","0054e430","FUN_0054e430"
"005080b0","FUN_005080b0","00379c68","FUN_00379c68"
"005080b0","FUN_005080b0","0037e108","FUN_0037e108"
"005080b0","FUN_005080b0","0037e150","FUN_0037e150"
"00508260","FUN_00508260","005089f0","FUN_005089f0"
"005084e0","FUN_005084e0","00337c68","FUN_00337c68"
"005085e0","FUN_005085e0","00508b70","FUN_00508b70"
"00508650","FUN_00508650","00508b10","FUN_00508b10"
"00508d30","FUN_00508d30","003390e0","FUN_003390e0"
"00508d30","FUN_00508d30","0033f8c0","FUN_0033f8c0"
"00508d30","FUN_00508d30","00374730","FUN_00374730"
"00508d30","FUN_00508d30","0039e5a0","FUN_0039e5a0"
"00508e90","FUN_00508e90","0034e8f8","FUN_0034e8f8"
"00508f30","FUN_00508f30","0038e580","FUN_0038e580"
"00509210","FUN_00509210","00509980","FUN_00509980"
"00509210","FUN_00509210","0050ad50","FUN_0050ad50"
"00509210","FUN_00509210","0050b510","FUN_0050b510"
"00509210","FUN_00509210","0050ba40","FUN_0050ba40"
"00509210","FUN_00509210","0050bb90","FUN_0050bb90"
"00509660","FUN_00509660","0050ba40","FUN_0050ba40"
"00509660","FUN_00509660","0050bc20","FUN_0050bc20"
"0050ad50","FUN_0050ad50","0050adf0","FUN_0050adf0"
"0050ad50","FUN_0050ad50","0050b140","FUN_0050b140"
"0050ad50","FUN_0050ad50","0050b180","FUN_0050b180"
"0050b140","FUN_0050b140","002c3da0","FUN_002c3da0"
"0050b140","FUN_0050b140","002ce720","FUN_002ce720"
"0050b490","FUN_0050b490","001ac590","FUN_001ac590"
"0050ba40","FUN_0050ba40","001079d0","FUN_001079d0"
"0050ba40","FUN_0050ba40","0010a020","FUN_0010a020"
"0050ba40","FUN_0050ba40","002c14b0","FUN_002c14b0"
"0050bb00","FUN_0050bb00","001079d0","FUN_001079d0"
"0050bb00","FUN_0050bb00","0010a040","FUN_0010a040"
"0050bc70","FUN_0050bc70","002677f0","FUN_002677f0"
"0050cd40","FUN_0050cd40","00263d20","FUN_00263d20"
"0050d720","FUN_0050d720","0053b3b8","FUN_0053b3b8"
"0050d7b0","FUN_0050d7b0","0053b1f8","FUN_0053b1f8"
"0050d8b0","FUN_0050d8b0","0053b1f8","FUN_0053b1f8"
"0050dad0","FUN_0050dad0","002eb970","FUN_002eb970"
"0050dc40","FUN_0050dc40","00101700","FUN_00101700"
"0050dc40","FUN_0050dc40","0050e4e0","FUN_0050e4e0"
"0050dc90","FUN_0050dc90","0050e490","FUN_0050e490"
"0050e4e0","FUN_0050e4e0","00101a00","FUN_00101a00"
"0050e590","FUN_0050e590","0050e810","FUN_0050e810"
"0050e5b0","FUN_0050e5b0","0054e430","FUN_0054e430"
"0050e810","FUN_0050e810","003c17c8","FUN_003c17c8"
"0050e810","FUN_0050e810","003c1818","FUN_003c1818"
"0050e810","FUN_0050e810","0050e5b0","FUN_0050e5b0"
"0050e8e0","FUN_0050e8e0","0037c788","FUN_0037c788"
"0050e930","FUN_0050e930","0037c788","FUN_0037c788"
"0050e980","FUN_0050e980","00379158","FUN_00379158"
"005101e0","FUN_005101e0","0048d4b0","FUN_0048d4b0"
"005101e0","FUN_005101e0","0048d630","FUN_0048d630"
"005102c0","FUN_005102c0","003d3e90","FUN_003d3e90"
"005102f0","FUN_005102f0","001018e0","FUN_001018e0"
"005102f0","FUN_005102f0","003d3eb0","FUN_003d3eb0"
"00511550","FUN_00511550","001018e0","FUN_001018e0"
"00511550","FUN_00511550","003d3e40","FUN_003d3e40"
"005115b0","FUN_005115b0","003d3e30","FUN_003d3e30"
"00511ab0","FUN_00511ab0","00342e20","FUN_00342e20"
"00511ab0","FUN_00511ab0","00343370","FUN_00343370"
"00511ab0","FUN_00511ab0","00512760","FUN_00512760"
"00511ab0","FUN_00511ab0","00516b20","FUN_00516b20"
"00511ab0","FUN_00511ab0","005502c8","FUN_005502c8"
"00511b50","FUN_00511b50","0033e3c8","FUN_0033e3c8"
"00511b50","FUN_00511b50","0035ab28","FUN_0035ab28"
"00512760","FUN_00512760","0035afb0","FUN_0035afb0"
"00512760","FUN_00512760","00513140","FUN_00513140"
"00513270","FUN_00513270","002640d0","FUN_002640d0"
"00513270","FUN_00513270","00512cd0","FUN_00512cd0"
"00513b90","FUN_00513b90","0033d900","FUN_0033d900"
"00513b90","FUN_00513b90","00518b50","FUN_00518b50"
"00515ed0","FUN_00515ed0","0034e8f8","FUN_0034e8f8"
"005162f0","FUN_005162f0","00111d30","FUN_00111d30"
"00516aa0","FUN_00516aa0","00111cb0","FUN_00111cb0"
"00516ae0","FUN_00516ae0","00111cf0","FUN_00111cf0"
"00518630","FUN_00518630","0033d8e0","FUN_0033d8e0"
"00518630","FUN_00518630","0033d900","FUN_0033d900"
"00518630","FUN_00518630","00512cd0","FUN_00512cd0"
"005188e0","FUN_005188e0","0034e8f8","FUN_0034e8f8"
"005188e0","FUN_005188e0","0035afb0","FUN_0035afb0"
"005188e0","FUN_005188e0","0051c350","FUN_0051c350"
"005188e0","FUN_005188e0","0051c3b0","FUN_0051c3b0"
"0051c350","FUN_0051c350","00369770","FUN_00369770"
"0051c3e8","FUN_0051c3e8","0051cf00","FUN_0051cf00"
"0051c3e8","FUN_0051c3e8","005458e0","FUN_005458e0"
"0051c3e8","FUN_0051c3e8","00545930","FUN_00545930"
"0051c450","FUN_0051c450","0053b850","FUN_0053b850"
"0051c4f0","FUN_0051c4f0","0053b660","FUN_0053b660"
"0051c4f0","FUN_0051c4f0","0053b860","FUN_0053b860"
"0051c4f0","FUN_0051c4f0","0053e508","FUN_0053e508"
"0051c718","FUN_0051c718","0053b820","FUN_0053b820"
"0051c800","FUN_0051c800","0053b830","FUN_0053b830"
"0051c800","FUN_0051c800","0053b840","FUN_0053b840"
"0051c8a0","FUN_0051c8a0","0051c978","FUN_0051c978"
"0051c8a0","FUN_0051c8a0","005458e0","FUN_005458e0"
"0051c8a0","FUN_0051c8a0","00545930","FUN_00545930"
"0051c978","FUN_0051c978","0053e968","FUN_0053e968"
"0051c978","FUN_0051c978","005458e0","FUN_005458e0"
"0051c978","FUN_0051c978","00545930","FUN_00545930"
"0051c9f0","FUN_0051c9f0","0051c718","FUN_0051c718"
"0051c9f0","FUN_0051c9f0","0051cf00","FUN_0051cf00"
"0051c9f0","FUN_0051c9f0","0053b840","FUN_0053b840"
"0051c9f0","FUN_0051c9f0","0053b870","FUN_0053b870"
"0051c9f0","FUN_0051c9f0","0053e508","FUN_0053e508"
"0051c9f0","FUN_0051c9f0","0053ed30","FUN_0053ed30"
"0051c9f0","FUN_0051c9f0","0053ede0","FUN_0053ede0"
"0051c9f0","FUN_0051c9f0","0053f588","FUN_0053f588"
"0051c9f0","FUN_0051c9f0","0053f768","FUN_0053f768"
"0051ccf0","FUN_0051ccf0","0051c9f0","FUN_0051c9f0"
"0051cd10","FUN_0051cd10","0051c718","FUN_0051c718"
"0051cd10","FUN_0051cd10","0051cf00","FUN_0051cf00"
"0051cd10","FUN_0051cd10","0053b840","FUN_0053b840"
"0051cd10","FUN_0051cd10","0053b870","FUN_0053b870"
"0051cd10","FUN_0051cd10","0053e508","FUN_0053e508"
"0051cd10","FUN_0051cd10","0053ede0","FUN_0053ede0"
"0051cd10","FUN_0051cd10","0053f588","FUN_0053f588"
"0051ce68","FUN_0051ce68","0051cd10","FUN_0051cd10"
"0051ce68","FUN_0051ce68","0053f768","FUN_0053f768"
"0051cf00","FUN_0051cf00","0053c898","FUN_0053c898"
"0051cf00","FUN_0051cf00","0053e508","FUN_0053e508"
"0051cf00","FUN_0051cf00","0053f968","FUN_0053f968"
"0051cfa0","FUN_0051cfa0","0053c898","FUN_0053c898"
"0051cfa0","FUN_0051cfa0","0053e508","FUN_0053e508"
"0051cfa0","FUN_0051cfa0","0053f968","FUN_0053f968"
"0051d010","FUN_0051d010","0051c718","FUN_0051c718"
"0051d010","FUN_0051d010","0051cfa0","FUN_0051cfa0"
"0051d010","FUN_0051d010","0053b840","FUN_0053b840"
"0051d010","FUN_0051d010","0053b870","FUN_0053b870"
"0051d010","FUN_0051d010","0053e508","FUN_0053e508"
"0051d010","FUN_0051d010","0053ede0","FUN_0053ede0"
"0051d010","FUN_0051d010","0053f588","FUN_0053f588"
"0051d218","FUN_0051d218","0051cfa0","FUN_0051cfa0"
"0051d218","FUN_0051d218","0053ede0","FUN_0053ede0"
"0051d218","FUN_0051d218","0053f588","FUN_0053f588"
"0051d500","FUN_0051d500","0051c718","FUN_0051c718"
"0051d500","FUN_0051d500","0051cfa0","FUN_0051cfa0"
"0051d500","FUN_0051d500","0053b840","FUN_0053b840"
"0051d500","FUN_0051d500","0053b870","FUN_0053b870"
"0051d500","FUN_0051d500","0053e508","FUN_0053e508"
"0051d500","FUN_0051d500","0053ed30","FUN_0053ed30"
"0051d500","FUN_0051d500","0053ede0","FUN_0053ede0"
"0051d500","FUN_0051d500","0053f588","FUN_0053f588"
"0051d500","FUN_0051d500","0053f768","FUN_0053f768"
"0051d500","FUN_0051d500","005458e0","FUN_005458e0"
"0051d500","FUN_0051d500","00545930","FUN_00545930"
"0051d718","FUN_0051d718","0051c718","FUN_0051c718"
"0051d718","FUN_0051d718","0053b870","FUN_0053b870"
"0051d718","FUN_0051d718","0053e508","FUN_0053e508"
"0051d718","FUN_0051d718","0053ed30","FUN_0053ed30"
"0051d718","FUN_0051d718","0053ede0","FUN_0053ede0"
"0051d718","FUN_0051d718","0053f588","FUN_0053f588"
"0051d718","FUN_0051d718","0053f768","FUN_0053f768"
"0051d718","FUN_0051d718","005458e0","FUN_005458e0"
"0051d718","FUN_0051d718","00545930","FUN_00545930"
"0051d938","FUN_0051d938","0051cd10","FUN_0051cd10"
"0051d938","FUN_0051d938","0051ce68","FUN_0051ce68"
"0051d938","FUN_0051d938","0053f768","FUN_0053f768"
"0051d9e8","FUN_0051d9e8","0051d010","FUN_0051d010"
"0051d9e8","FUN_0051d9e8","0053f768","FUN_0053f768"
"0051daa0","FUN_0051daa0","0051d010","FUN_0051d010"
"0051db78","FUN_0051db78","0051d010","FUN_0051d010"
"0051db78","FUN_0051db78","0053f768","FUN_0053f768"
"0051dc48","FUN_0051dc48","0051d010","FUN_0051d010"
"0051dc48","FUN_0051dc48","0053f768","FUN_0053f768"
"0051dd00","FUN_0051dd00","0051d010","FUN_0051d010"
"0051ddd0","FUN_0051ddd0","0053e508","FUN_0053e508"
"0051ddf8","FUN_0051ddf8","0051d010","FUN_0051d010"
"0051ddf8","FUN_0051ddf8","0053f768","FUN_0053f768"
"0051e1c0","FUN_0051e1c0","0018ed90","FUN_0018ed90"
"0051e1c0","FUN_0051e1c0","00263d20","FUN_00263d20"
"0051e1c0","FUN_0051e1c0","002a9200","FUN_002a9200"
"0051e1c0","FUN_0051e1c0","00522590","FUN_00522590"
"0051e1c0","FUN_0051e1c0","005229d0","FUN_005229d0"
"0051f510","FUN_0051f510","001fa3e0","FUN_001fa3e0"
"0051f620","FUN_0051f620","00294700","FUN_00294700"
"0051f620","FUN_0051f620","00521dc0","FUN_00521dc0"
"0051f620","FUN_0051f620","00521fc0","FUN_00521fc0"
"0051f620","FUN_0051f620","00522490","FUN_00522490"
"0051f620","FUN_0051f620","005229d0","FUN_005229d0"
"00522290","FUN_00522290","002d2aa0","FUN_002d2aa0"
"00522290","FUN_00522290","00522550","FUN_00522550"
"00522400","FUN_00522400","002d2aa0","FUN_002d2aa0"
"00522400","FUN_00522400","00522550","FUN_00522550"
"00522490","FUN_00522490","002d2aa0","FUN_002d2aa0"
"00522490","FUN_00522490","00522550","FUN_00522550"
"00522910","FUN_00522910","00263d20","FUN_00263d20"
"005229d0","FUN_005229d0","005502c8","FUN_005502c8"
"00522d30","FUN_00522d30","00294700","FUN_00294700"
"005230c0","FUN_005230c0","0053b3e8","FUN_0053b3e8"
"00523410","FUN_00523410","001018e0","FUN_001018e0"
"00523510","FUN_00523510","0028b770","FUN_0028b770"
"00523510","FUN_00523510","0028b9a0","FUN_0028b9a0"
"00523560","FUN_00523560","00551720","FUN_00551720"
"00523600","FUN_00523600","00101be0","FUN_00101be0"
"00529ce0","FUN_00529ce0","00509050","FUN_00509050"
"0052ac20","FUN_0052ac20","00508030","FUN_00508030"
"0052af80","FUN_0052af80","00509050","FUN_00509050"
"0052be90","FUN_0052be90","00508030","FUN_00508030"
"0052bfa0","FUN_0052bfa0","0052c3c0","FUN_0052c3c0"
"0052c3c0","FUN_0052c3c0","001018e0","FUN_001018e0"
"0052c470","FUN_0052c470","0052c610","FUN_0052c610"
"0052c470","FUN_0052c470","0052ce10","FUN_0052ce10"
"0052c610","FUN_0052c610","0052c680","FUN_0052c680"
"0052c610","FUN_0052c610","0052cb60","FUN_0052cb60"
"0052c680","FUN_0052c680","00248f00","FUN_00248f00"
"0052cb60","FUN_0052cb60","00248f00","FUN_00248f00"
"0052ce10","FUN_0052ce10","0052ce80","FUN_0052ce80"
"0052ce10","FUN_0052ce10","0052e2a0","FUN_0052e2a0"
"00530c30","FUN_00530c30","00531678","FUN_00531678"
"00530c30","FUN_00530c30","00531738","FUN_00531738"
"00530c30","FUN_00530c30","00531c70","FUN_00531c70"
"00530cd8","FUN_00530cd8","00531678","FUN_00531678"
"00530cd8","FUN_00530cd8","00531738","FUN_00531738"
"00530cd8","FUN_00530cd8","00531c70","FUN_00531c70"
"00530cd8","FUN_00530cd8","00531df8","FUN_00531df8"
"00530dc0","FUN_00530dc0","00530c30","FUN_00530c30"
"00530dc0","FUN_00530dc0","00531678","FUN_00531678"
"00530dc0","FUN_00530dc0","005316d0","FUN_005316d0"
"00530dc0","FUN_00530dc0","00531738","FUN_00531738"
"00530dc0","FUN_00530dc0","00531c20","FUN_00531c20"
"00530dc0","FUN_00530dc0","00531e50","FUN_00531e50"
"00530ed8","FUN_00530ed8","00531c20","FUN_00531c20"
"00530f50","FUN_00530f50","00530c30","FUN_00530c30"
"00530f50","FUN_00530f50","005311c0","FUN_005311c0"
"00530f50","FUN_00530f50","00531678","FUN_00531678"
"00530f50","FUN_00530f50","005316d0","FUN_005316d0"
"00530f50","FUN_00530f50","00531738","FUN_00531738"
"00530f50","FUN_00530f50","00531c20","FUN_00531c20"
"00530f50","FUN_00530f50","00531e50","FUN_00531e50"
"00531190","FUN_00531190","00531078","FUN_00531078"
"005311c0","FUN_005311c0","00531130","FUN_00531130"
"005311c0","FUN_005311c0","00531dc8","FUN_00531dc8"
"00531200","FUN_00531200","00531130","FUN_00531130"
"00531678","FUN_00531678","00531280","FUN_00531280"
"00531678","FUN_00531678","00531358","FUN_00531358"
"00531678","FUN_00531678","00531418","FUN_00531418"
"005316d0","FUN_005316d0","00531280","FUN_00531280"
"005316d0","FUN_005316d0","00531358","FUN_00531358"
"005316d0","FUN_005316d0","00531418","FUN_00531418"
"00531738","FUN_00531738","00531280","FUN_00531280"
"00531738","FUN_00531738","00531358","FUN_00531358"
"005319c0","FUN_005319c0","00531280","FUN_00531280"
"005319c0","FUN_005319c0","00531358","FUN_00531358"
"00531c20","FUN_00531c20","00531358","FUN_00531358"
"00531c20","FUN_00531c20","00531b00","FUN_00531b00"
"00531c70","FUN_00531c70","00531280","FUN_00531280"
"00531d28","FUN_00531d28","00531358","FUN_00531358"
"00531dc8","FUN_00531dc8","00531280","FUN_00531280"
"00531df8","FUN_00531df8","00531190","FUN_00531190"
"00531df8","FUN_00531df8","00531358","FUN_00531358"
"00531e50","FUN_00531e50","00531358","FUN_00531358"
"00531ef0","FUN_00531ef0","0053f588","FUN_0053f588"
"00532078","FUN_00532078","0053f768","FUN_0053f768"
"00532158","FUN_00532158","0053f768","FUN_0053f768"
"005321e0","FUN_005321e0","0053bbc0","FUN_0053bbc0"
"005321e0","FUN_005321e0","0053e508","FUN_0053e508"
"005322f8","FUN_005322f8","0053e508","FUN_0053e508"
"00532ca8","FUN_00532ca8","0053f768","FUN_0053f768"
"00532d60","FUN_00532d60","005321e0","FUN_005321e0"
"00532d60","FUN_00532d60","00532598","FUN_00532598"
"00532e20","FUN_00532e20","0053f768","FUN_0053f768"
"00532fb0","FUN_00532fb0","0053f768","FUN_0053f768"
"00533240","FUN_00533240","0053f768","FUN_0053f768"
"005332a8","FUN_005332a8","0053f768","FUN_0053f768"
"00533310","FUN_00533310","0053f768","FUN_0053f768"
"00533378","FUN_00533378","0053f768","FUN_0053f768"
"005333e0","FUN_005333e0","0053f768","FUN_0053f768"
"005333e0","FUN_005333e0","005458e0","FUN_005458e0"
"005333e0","FUN_005333e0","00545930","FUN_00545930"
"00533508","FUN_00533508","00540ba8","FUN_00540ba8"
"00533508","FUN_00533508","00540e38","FUN_00540e38"
"00533508","FUN_00533508","005411f0","FUN_005411f0"
"00533578","FUN_00533578","00533508","FUN_00533508"
"005335b8","FUN_005335b8","0053b8d0","FUN_0053b8d0"
"00533638","FUN_00533638","00533578","FUN_00533578"
"00533638","FUN_00533638","0053b8d0","FUN_0053b8d0"
"00533678","FUN_00533678","00533578","FUN_00533578"
"00533678","FUN_00533678","0053b8d0","FUN_0053b8d0"
"005336b8","FUN_005336b8","00533578","FUN_00533578"
"005336b8","FUN_005336b8","0053b8d0","FUN_0053b8d0"
"00533708","FUN_00533708","00533578","FUN_00533578"
"00533708","FUN_00533708","0053b8d0","FUN_0053b8d0"
"00533770","FUN_00533770","00533578","FUN_00533578"
"00533770","FUN_00533770","0053b8d0","FUN_0053b8d0"
"005337d8","FUN_005337d8","00533578","FUN_00533578"
"005337d8","FUN_005337d8","0053b8d0","FUN_0053b8d0"
"00533890","FUN_00533890","00533870","FUN_00533870"
"005338f8","FUN_005338f8","00533840","FUN_00533840"
"00533b18","FUN_00533b18","00533890","FUN_00533890"
"00533bf8","FUN_00533bf8","00534648","FUN_00534648"
"00533bf8","FUN_00533bf8","0053b820","FUN_0053b820"
"00533bf8","FUN_00533bf8","0053b860","FUN_0053b860"
"00533bf8","FUN_00533bf8","0053ede0","FUN_0053ede0"
"00533bf8","FUN_00533bf8","0053f588","FUN_0053f588"
"00533e20","FUN_00533e20","00534648","FUN_00534648"
"00533e20","FUN_00533e20","0053b830","FUN_0053b830"
"00533f48","FUN_00533f48","0053b870","FUN_0053b870"
"00533f48","FUN_00533f48","0053f768","FUN_0053f768"
"00534008","FUN_00534008","0053b840","FUN_0053b840"
"00534008","FUN_00534008","0053b870","FUN_0053b870"
"00534008","FUN_00534008","0053f768","FUN_0053f768"
"00534008","FUN_00534008","00551e00","FUN_00551e00"
"00534130","FUN_00534130","00534008","FUN_00534008"
"00534168","FUN_00534168","0053b870","FUN_0053b870"
"00534168","FUN_00534168","0053f768","FUN_0053f768"
"00534228","FUN_00534228","0053b870","FUN_0053b870"
"00534228","FUN_00534228","0053f768","FUN_0053f768"
"005343b8","FUN_005343b8","0053b870","FUN_0053b870"
"005343b8","FUN_005343b8","0053ed30","FUN_0053ed30"
"005343b8","FUN_005343b8","0053f768","FUN_0053f768"
"005344d0","FUN_005344d0","0053b870","FUN_0053b870"
"005344d0","FUN_005344d0","0053baa0","FUN_0053baa0"
"005344d0","FUN_005344d0","0053f768","FUN_0053f768"
"00534648","FUN_00534648","0053b840","FUN_0053b840"
"00534648","FUN_00534648","0053b860","FUN_0053b860"
"00534648","FUN_00534648","0053b870","FUN_0053b870"
"005348e8","FUN_005348e8","0053f768","FUN_0053f768"
"00534958","FUN_00534958","0053b840","FUN_0053b840"
"00534958","FUN_00534958","0053b870","FUN_0053b870"
"00534958","FUN_00534958","0053ed30","FUN_0053ed30"
"00534958","FUN_00534958","0053f768","FUN_0053f768"
"00534958","FUN_00534958","00551e00","FUN_00551e00"
"00534aa8","FUN_00534aa8","0053b850","FUN_0053b850"
"00534aa8","FUN_00534aa8","00551838","FUN_00551838"
"00534c78","FUN_00534c78","0053b870","FUN_0053b870"
"00534c78","FUN_00534c78","0053f768","FUN_0053f768"
"00534d48","FUN_00534d48","0053b840","FUN_0053b840"
"00534d48","FUN_00534d48","0053b870","FUN_0053b870"
"00534d48","FUN_00534d48","0053f768","FUN_0053f768"
"00534d48","FUN_00534d48","00551e00","FUN_00551e00"
"00534e68","FUN_00534e68","0053b870","FUN_0053b870"
"00534e68","FUN_00534e68","0053f768","FUN_0053f768"
"00534f28","FUN_00534f28","0053b840","FUN_0053b840"
"00534f28","FUN_00534f28","0053b870","FUN_0053b870"
"00534f28","FUN_00534f28","0053baa0","FUN_0053baa0"
"00534f28","FUN_00534f28","0053f768","FUN_0053f768"
"00534f28","FUN_00534f28","00551e00","FUN_00551e00"
"005350f8","FUN_005350f8","0053b840","FUN_0053b840"
"005350f8","FUN_005350f8","0053b870","FUN_0053b870"
"005350f8","FUN_005350f8","0053baa0","FUN_0053baa0"
"005350f8","FUN_005350f8","0053f768","FUN_0053f768"
"005350f8","FUN_005350f8","00551e00","FUN_00551e00"
"00535258","FUN_00535258","0053b870","FUN_0053b870"
"00535258","FUN_00535258","0053f768","FUN_0053f768"
"005352e4","FUN_005352e4","0053b840","FUN_0053b840"
"00535328","FUN_00535328","0053b840","FUN_0053b840"
"00535328","FUN_00535328","0053b870","FUN_0053b870"
"00535328","FUN_00535328","0053f768","FUN_0053f768"
"00535328","FUN_00535328","00551e00","FUN_00551e00"
"005353f0","FUN_005353f0","0053b840","FUN_0053b840"
"00535438","FUN_00535438","00531678","FUN_00531678"
"00535438","FUN_00535438","005316d0","FUN_005316d0"
"00535438","FUN_00535438","00531738","FUN_00531738"
"00535438","FUN_00535438","005319c0","FUN_005319c0"
"00535438","FUN_00535438","00536458","FUN_00536458"
"00535b60","FUN_00535b60","00531678","FUN_00531678"
"00535ea0","FUN_00535ea0","00531678","FUN_00531678"
"00535ea0","FUN_00535ea0","005316d0","FUN_005316d0"
"00536458","FUN_00536458","00531678","FUN_00531678"
"00536458","FUN_00536458","00531738","FUN_00531738"
"00536458","FUN_00536458","00531c20","FUN_00531c20"
"00536778","FUN_00536778","00538078","FUN_00538078"
"00536ba0","FUN_00536ba0","00538078","FUN_00538078"
"00536ba0","FUN_00536ba0","0053afa0","FUN_0053afa0"
"00536f40","FUN_00536f40","0053ab20","FUN_0053ab20"
"00536f40","FUN_00536f40","0053afa0","FUN_0053afa0"
"00538148","FUN_00538148","00531678","FUN_00531678"
"00538148","FUN_00538148","00531738","FUN_00531738"
"00538148","FUN_00538148","00531d28","FUN_00531d28"
"00538f70","FUN_00538f70","00531678","FUN_00531678"
"00538f70","FUN_00538f70","005316d0","FUN_005316d0"
"00538f70","FUN_00538f70","00531738","FUN_00531738"
"00538f70","FUN_00538f70","00531d28","FUN_00531d28"
"00539ef0","FUN_00539ef0","00531678","FUN_00531678"
"00539ef0","FUN_00539ef0","005316d0","FUN_005316d0"
"00539ef0","FUN_00539ef0","00531738","FUN_00531738"
"00539ef0","FUN_00539ef0","005319c0","FUN_005319c0"
"00539ef0","FUN_00539ef0","00531c20","FUN_00531c20"
"00539ef0","FUN_00539ef0","0053a528","FUN_0053a528"
"0053a400","FUN_0053a400","005316d0","FUN_005316d0"
"0053a400","FUN_0053a400","00535ea0","FUN_00535ea0"
"0053a400","FUN_0053a400","00538148","FUN_00538148"
"0053a400","FUN_0053a400","00538f70","FUN_00538f70"
"0053a560","FUN_0053a560","00531678","FUN_00531678"
"0053a560","FUN_0053a560","00531c20","FUN_00531c20"
"0053a800","FUN_0053a800","00531678","FUN_00531678"
"0053a800","FUN_0053a800","00531738","FUN_00531738"
"0053a800","FUN_0053a800","0053a3b8","FUN_0053a3b8"
"0053a9e8","FUN_0053a9e8","005316d0","FUN_005316d0"
"0053a9e8","FUN_0053a9e8","00535ea0","FUN_00535ea0"
"0053a9e8","FUN_0053a9e8","00538148","FUN_00538148"
"0053a9e8","FUN_0053a9e8","00538f70","FUN_00538f70"
"0053ab20","FUN_0053ab20","0053afa0","FUN_0053afa0"
"0053aec8","FUN_0053aec8","00537cc8","FUN_00537cc8"
"0053aec8","FUN_0053aec8","005391a8","FUN_005391a8"
"0053aec8","FUN_0053aec8","00539b60","FUN_00539b60"
"0053b1f8","FUN_0053b1f8","00537cc8","FUN_00537cc8"
"0053b1f8","FUN_0053b1f8","005391a8","FUN_005391a8"
"0053b1f8","FUN_0053b1f8","00539b60","FUN_00539b60"
"0053b2e0","FUN_0053b2e0","00537cc8","FUN_00537cc8"
"0053b2e0","FUN_0053b2e0","00539c68","FUN_00539c68"
"0053b358","FUN_0053b358","00535438","FUN_00535438"
"0053b3b8","FUN_0053b3b8","00536f40","FUN_00536f40"
"0053b3e8","FUN_0053b3e8","005374e8","FUN_005374e8"
"0053bcb0","FUN_0053bcb0","005458e0","FUN_005458e0"
"0053bcb0","FUN_0053bcb0","00545930","FUN_00545930"
"0053bd40","FUN_0053bd40","0053bb90","FUN_0053bb90"
"0053bd40","FUN_0053bd40","005458e0","FUN_005458e0"
"0053bd40","FUN_0053bd40","00545930","FUN_00545930"
"0053bde8","FUN_0053bde8","0053cf78","FUN_0053cf78"
"0053bde8","FUN_0053bde8","0053d1c0","FUN_0053d1c0"
"0053be68","FUN_0053be68","0053d0f0","FUN_0053d0f0"
"0053be68","FUN_0053be68","0053d1c0","FUN_0053d1c0"
"0053bee0","FUN_0053bee0","0054ba40","FUN_0054ba40"
"0053bf20","FUN_0053bf20","0053b800","FUN_0053b800"
"0053bf20","FUN_0053bf20","0054ba40","FUN_0054ba40"
"0053bff8","FUN_0053bff8","00545f98","FUN_00545f98"
"0053c020","FUN_0053c020","0054ba40","FUN_0054ba40"
"0053c048","FUN_0053c048","0054ba40","FUN_0054ba40"
"0053c118","FUN_0053c118","0053c070","FUN_0053c070"
"0053c118","FUN_0053c118","005458e0","FUN_005458e0"
"0053c118","FUN_0053c118","00545930","FUN_00545930"
"0053c258","FUN_0053c258","0053c1b0","FUN_0053c1b0"
"0053c258","FUN_0053c258","005458e0","FUN_005458e0"
"0053c258","FUN_0053c258","00545930","FUN_00545930"
"0053c300","FUN_0053c300","0053b570","FUN_0053b570"
"0053c300","FUN_0053c300","005458e0","FUN_005458e0"
"0053c300","FUN_0053c300","00545930","FUN_00545930"
"0053c368","FUN_0053c368","0053b560","FUN_0053b560"
"0053c368","FUN_0053c368","005458e0","FUN_005458e0"
"0053c368","FUN_0053c368","00545930","FUN_00545930"
"0053c3d0","FUN_0053c3d0","0053b590","FUN_0053b590"
"0053c3d0","FUN_0053c3d0","005458e0","FUN_005458e0"
"0053c3d0","FUN_0053c3d0","00545930","FUN_00545930"
"0053c438","FUN_0053c438","0053b580","FUN_0053b580"
"0053c438","FUN_0053c438","005458e0","FUN_005458e0"
"0053c438","FUN_0053c438","00545930","FUN_00545930"
"0053c4a0","FUN_0053c4a0","0053b5c0","FUN_0053b5c0"
"0053c4c0","FUN_0053c4c0","0053b5d0","FUN_0053b5d0"
"0053c4e0","FUN_0053c4e0","0053b5e0","FUN_0053b5e0"
"0053c500","FUN_0053c500","0053b5f0","FUN_0053b5f0"
"0053c520","FUN_0053c520","0053b6d0","FUN_0053b6d0"
"0053c520","FUN_0053c520","0053b750","FUN_0053b750"
"0053c520","FUN_0053c520","0053b790","FUN_0053b790"
"0053c520","FUN_0053c520","0053b860","FUN_0053b860"
"0053c520","FUN_0053c520","0053e588","FUN_0053e588"
"0053c5f8","FUN_0053c5f8","0053b820","FUN_0053b820"
"0053c6e8","FUN_0053c6e8","0053b760","FUN_0053b760"
"0053c6e8","FUN_0053c6e8","0053b850","FUN_0053b850"
"0053c780","FUN_0053c780","0053b850","FUN_0053b850"
"0053c800","FUN_0053c800","0053b7a0","FUN_0053b7a0"
"0053c800","FUN_0053c800","0053b850","FUN_0053b850"
"0053c960","FUN_0053c960","0053b720","FUN_0053b720"
"0053c960","FUN_0053c960","0053c2f0","FUN_0053c2f0"
"0053c960","FUN_0053c960","005458e0","FUN_005458e0"
"0053c960","FUN_0053c960","00545930","FUN_00545930"
"0053cad8","FUN_0053cad8","0053b850","FUN_0053b850"
"0053cb00","FUN_0053cb00","0053bc50","FUN_0053bc50"
"0053cb48","FUN_0053cb48","0053bc50","FUN_0053bc50"
"0053cba0","FUN_0053cba0","0053bc50","FUN_0053bc50"
"0053cbc8","FUN_0053cbc8","0053bc50","FUN_0053bc50"
"0053cbf8","FUN_0053cbf8","0053bc50","FUN_0053bc50"
"0053cc20","FUN_0053cc20","0053bc50","FUN_0053bc50"
"0053cc58","FUN_0053cc58","0053bc50","FUN_0053bc50"
"0053ccc0","FUN_0053ccc0","0053bc50","FUN_0053bc50"
"0053cce8","FUN_0053cce8","0053bc50","FUN_0053bc50"
"0053cd10","FUN_0053cd10","0053bc50","FUN_0053bc50"
"0053cde0","FUN_0053cde0","0053cc58","FUN_0053cc58"
"0053cde0","FUN_0053cde0","0053e588","FUN_0053e588"
"0053cf78","FUN_0053cf78","005458e0","FUN_005458e0"
"0053d0f0","FUN_0053d0f0","0053cda0","FUN_0053cda0"
"0053d1c0","FUN_0053d1c0","0053baa0","FUN_0053baa0"
"0053d1c0","FUN_0053d1c0","0053cb00","FUN_0053cb00"
"0053d1c0","FUN_0053d1c0","0053cd38","FUN_0053cd38"
"0053d2b8","FUN_0053d2b8","0053cd10","FUN_0053cd10"
"0053d368","FUN_0053d368","0053d280","FUN_0053d280"
"0053d430","FUN_0053d430","00530dc0","FUN_00530dc0"
"0053d430","FUN_0053d430","005316d0","FUN_005316d0"
"0053d430","FUN_0053d430","00531738","FUN_00531738"
"0053d430","FUN_0053d430","005319c0","FUN_005319c0"
"0053d430","FUN_0053d430","00531c20","FUN_00531c20"
"0053d430","FUN_0053d430","0053d3a0","FUN_0053d3a0"
"0053d430","FUN_0053d430","0053e3c8","FUN_0053e3c8"
"0053e378","FUN_0053e378","0053d2b8","FUN_0053d2b8"
"0053e3a0","FUN_0053e3a0","0053d368","FUN_0053d368"
"0053e3c8","FUN_0053e3c8","0053d608","FUN_0053d608"
"0053e418","FUN_0053e418","0053d608","FUN_0053d608"
"0053e450","FUN_0053e450","0053d608","FUN_0053d608"
"0053e498","FUN_0053e498","0053d608","FUN_0053d608"
"0053e498","FUN_0053e498","005458e0","FUN_005458e0"
"0053e508","FUN_0053e508","0053d608","FUN_0053d608"
"0053e508","FUN_0053e508","005458e0","FUN_005458e0"
"0053e588","FUN_0053e588","0053d608","FUN_0053d608"
"0053e588","FUN_0053e588","005458e0","FUN_005458e0"
"0053e680","FUN_0053e680","005458e0","FUN_005458e0"
"0053e680","FUN_0053e680","00545930","FUN_00545930"
"0053e900","FUN_0053e900","0053b550","FUN_0053b550"
"0053e900","FUN_0053e900","0053c3d0","FUN_0053c3d0"
"0053ea30","FUN_0053ea30","0053bbe0","FUN_0053bbe0"
"0053ea30","FUN_0053ea30","0053bbf0","FUN_0053bbf0"
"0053ea30","FUN_0053ea30","0053ed30","FUN_0053ed30"
"0053eb68","FUN_0053eb68","0053ea30","FUN_0053ea30"
"0053eba8","FUN_0053eba8","0053ea30","FUN_0053ea30"
"0053ede0","FUN_0053ede0","005458e0","FUN_005458e0"
"0053ede0","FUN_0053ede0","00545930","FUN_00545930"
"0053ef80","FUN_0053ef80","0053e900","FUN_0053e900"
"0053efa8","FUN_0053efa8","005458e0","FUN_005458e0"
"0053efa8","FUN_0053efa8","00545930","FUN_00545930"
"0053f0a0","FUN_0053f0a0","0053f070","FUN_0053f070"
"0053f0e0","FUN_0053f0e0","0053b850","FUN_0053b850"
"0053f0e0","FUN_0053f0e0","0053f050","FUN_0053f050"
"0053f1b0","FUN_0053f1b0","0053eba8","FUN_0053eba8"
"0053f1f0","FUN_0053f1f0","0053eba8","FUN_0053eba8"
"0053f1f0","FUN_0053f1f0","0053f070","FUN_0053f070"
"0053f1f0","FUN_0053f1f0","0053f0a0","FUN_0053f0a0"
"0053f1f0","FUN_0053f1f0","005476a0","FUN_005476a0"
"0053f2c0","FUN_0053f2c0","0053b820","FUN_0053b820"
"0053f2c0","FUN_0053f2c0","0053eb68","FUN_0053eb68"
"0053f2c0","FUN_0053f2c0","0053efa8","FUN_0053efa8"
"0053f2c0","FUN_0053f2c0","0053f050","FUN_0053f050"
"0053f478","FUN_0053f478","0053eba8","FUN_0053eba8"
"0053f4b8","FUN_0053f4b8","0053f070","FUN_0053f070"
"0053f4b8","FUN_0053f4b8","0053f428","FUN_0053f428"
"0053f588","FUN_0053f588","0053b820","FUN_0053b820"
"0053f588","FUN_0053f588","0053eb68","FUN_0053eb68"
"0053f588","FUN_0053f588","0053efa8","FUN_0053efa8"
"0053f588","FUN_0053f588","0053f050","FUN_0053f050"
"0053f768","FUN_0053f768","0053b820","FUN_0053b820"
"0053f768","FUN_0053f768","0053eb68","FUN_0053eb68"
"0053f768","FUN_0053f768","0053ed30","FUN_0053ed30"
"0053f768","FUN_0053f768","0053efa8","FUN_0053efa8"
"0053f768","FUN_0053f768","0053f050","FUN_0053f050"
"0053f9a8","FUN_0053f9a8","005458e0","FUN_005458e0"
"0053f9a8","FUN_0053f9a8","00545930","FUN_00545930"
"0053fb10","FUN_0053fb10","005458e0","FUN_005458e0"
"0053fb10","FUN_0053fb10","00545930","FUN_00545930"
"0053fba8","FUN_0053fba8","005458e0","FUN_005458e0"
"0053fba8","FUN_0053fba8","00545930","FUN_00545930"
"0053fc38","FUN_0053fc38","005458e0","FUN_005458e0"
"0053fe58","FUN_0053fe58","0053b740","FUN_0053b740"
"0053fe58","FUN_0053fe58","0053fc38","FUN_0053fc38"
"0053fe58","FUN_0053fe58","0053fc90","FUN_0053fc90"
"0053fe98","FUN_0053fe98","0053b820","FUN_0053b820"
"0053ff08","FUN_0053ff08","0053b840","FUN_0053b840"
"0053ff08","FUN_0053ff08","0053b860","FUN_0053b860"
"0053ff08","FUN_0053ff08","0053fe98","FUN_0053fe98"
"0053ff88","FUN_0053ff88","0053b840","FUN_0053b840"
"0053ff88","FUN_0053ff88","0053b860","FUN_0053b860"
"0053ff88","FUN_0053ff88","0053fe98","FUN_0053fe98"
"00540010","FUN_00540010","0053f768","FUN_0053f768"
"00540100","FUN_00540100","0053b840","FUN_0053b840"
"00540100","FUN_00540100","0053b860","FUN_0053b860"
"00540100","FUN_00540100","0053fe98","FUN_0053fe98"
"00540528","FUN_00540528","0053b820","FUN_0053b820"
"00540580","FUN_00540580","0053b860","FUN_0053b860"
"00540580","FUN_00540580","00540528","FUN_00540528"
"005405b0","FUN_005405b0","0053b840","FUN_0053b840"
"005406a8","FUN_005406a8","0053e968","FUN_0053e968"
"005406a8","FUN_005406a8","0053ede0","FUN_0053ede0"
"005406a8","FUN_005406a8","0053f588","FUN_0053f588"
"005406a8","FUN_005406a8","005458e0","FUN_005458e0"
"005406a8","FUN_005406a8","00545930","FUN_00545930"
"005408b0","FUN_005408b0","0054e398","FUN_0054e398"
"00540940","FUN_00540940","0054e5e8","FUN_0054e5e8"
"00540978","FUN_00540978","00540580","FUN_00540580"
"00540ab8","FUN_00540ab8","00540580","FUN_00540580"
"00540ba8","FUN_00540ba8","00540580","FUN_00540580"
"00540e38","FUN_00540e38","00540100","FUN_00540100"
"00540e38","FUN_00540e38","00540580","FUN_00540580"
"00540fb0","FUN_00540fb0","00540100","FUN_00540100"
"00540fb0","FUN_00540fb0","00540580","FUN_00540580"
"005411f0","FUN_005411f0","00540100","FUN_00540100"
"005411f0","FUN_005411f0","00540580","FUN_00540580"
"00541460","FUN_00541460","00540100","FUN_00540100"
"00541460","FUN_00541460","00540580","FUN_00540580"
"00541720","FUN_00541720","00540100","FUN_00540100"
"00541720","FUN_00541720","00540580","FUN_00540580"
"00541aa8","FUN_00541aa8","00540100","FUN_00540100"
"00541aa8","FUN_00541aa8","00540580","FUN_00540580"
"00541c90","FUN_00541c90","00540580","FUN_00540580"
"00541e40","FUN_00541e40","00541c90","FUN_00541c90"
"00541e60","FUN_00541e60","00540580","FUN_00540580"
"00542018","FUN_00542018","00541c90","FUN_00541c90"
"00542038","FUN_00542038","00540580","FUN_00540580"
"005422b8","FUN_005422b8","00540580","FUN_00540580"
"005423e8","FUN_005423e8","00541c90","FUN_00541c90"
"00542408","FUN_00542408","00540580","FUN_00540580"
"005424d0","FUN_005424d0","00540100","FUN_00540100"
"005424d0","FUN_005424d0","00540580","FUN_00540580"
"00542638","FUN_00542638","00540100","FUN_00540100"
"00542638","FUN_00542638","00540580","FUN_00540580"
"00542790","FUN_00542790","00540580","FUN_00540580"
"00542948","FUN_00542948","00540580","FUN_00540580"
"00542b98","FUN_00542b98","00540580","FUN_00540580"
"00542da0","FUN_00542da0","00541c90","FUN_00541c90"
"00542dc0","FUN_00542dc0","00540580","FUN_00540580"
"00542f70","FUN_00542f70","00540580","FUN_00540580"
"005431f0","FUN_005431f0","00541c90","FUN_00541c90"
"00543210","FUN_00543210","00540100","FUN_00540100"
"00543210","FUN_00543210","00540580","FUN_00540580"
"00543450","FUN_00543450","00540580","FUN_00540580"
"005436f8","FUN_005436f8","00540580","FUN_00540580"
"005438f0","FUN_005438f0","00540580","FUN_00540580"
"00543ad0","FUN_00543ad0","0053f588","FUN_0053f588"
"00543b58","FUN_00543b58","0053f768","FUN_0053f768"
"00543bc8","FUN_00543bc8","0053f768","FUN_0053f768"
"00543c48","FUN_00543c48","0053f768","FUN_0053f768"
"00543cc0","FUN_00543cc0","00543c48","FUN_00543c48"
"00543dd0","FUN_00543dd0","0053f768","FUN_0053f768"
"00543e40","FUN_00543e40","0053f768","FUN_0053f768"
"00543eb0","FUN_00543eb0","0053f768","FUN_0053f768"
"00543f20","FUN_00543f20","0053f768","FUN_0053f768"
"00543fa0","FUN_00543fa0","0053f768","FUN_0053f768"
"00544020","FUN_00544020","0053f588","FUN_0053f588"
"00544120","FUN_00544120","0054e398","FUN_0054e398"
"005441b0","FUN_005441b0","0054e5e8","FUN_0054e5e8"
"005441e8","FUN_005441e8","00544020","FUN_00544020"
"005441e8","FUN_005441e8","00544120","FUN_00544120"
"005443f0","FUN_005443f0","00544020","FUN_00544020"
"005443f0","FUN_005443f0","00544120","FUN_00544120"
"005445f8","FUN_005445f8","00544020","FUN_00544020"
"005445f8","FUN_005445f8","00544120","FUN_00544120"
"00544688","FUN_00544688","00544020","FUN_00544020"
"00544688","FUN_00544688","00544120","FUN_00544120"
"00544728","FUN_00544728","00544020","FUN_00544020"
"00544728","FUN_00544728","00544120","FUN_00544120"
"005447b8","FUN_005447b8","005441e8","FUN_005441e8"
"005447d8","FUN_005447d8","005441e8","FUN_005441e8"
"005447f8","FUN_005447f8","00544020","FUN_00544020"
"005447f8","FUN_005447f8","00544120","FUN_00544120"
"00544a20","FUN_00544a20","005447f8","FUN_005447f8"
"00544a40","FUN_00544a40","005447f8","FUN_005447f8"
"00544a60","FUN_00544a60","00544020","FUN_00544020"
"00544a60","FUN_00544a60","00544120","FUN_00544120"
"00544b68","FUN_00544b68","00544a60","FUN_00544a60"
"00544bb0","FUN_00544bb0","0053f768","FUN_0053f768"
"00544bb0","FUN_00544bb0","00544020","FUN_00544020"
"00544ca0","FUN_00544ca0","0053f768","FUN_0053f768"
"00544ca0","FUN_00544ca0","00544020","FUN_00544020"
"00544d80","FUN_00544d80","0053baf0","FUN_0053baf0"
"00544d80","FUN_00544d80","0053bbe0","FUN_0053bbe0"
"00544d80","FUN_00544d80","0053bc20","FUN_0053bc20"
"00544d80","FUN_00544d80","0053bc30","FUN_0053bc30"
"00544d80","FUN_00544d80","0053ed30","FUN_0053ed30"
"00544d80","FUN_00544d80","00547a68","FUN_00547a68"
"00544ed8","FUN_00544ed8","0053bc30","FUN_0053bc30"
"00544f00","FUN_00544f00","0053bc30","FUN_0053bc30"
"00544f00","FUN_00544f00","0053bca0","FUN_0053bca0"
"00544f00","FUN_00544f00","00547a68","FUN_00547a68"
"00544f50","FUN_00544f50","0053e508","FUN_0053e508"
"00544f50","FUN_00544f50","0053ede0","FUN_0053ede0"
"00544f50","FUN_00544f50","0053ef80","FUN_0053ef80"
"00545060","FUN_00545060","0053b4d0","FUN_0053b4d0"
"005451b0","FUN_005451b0","0053baa0","FUN_0053baa0"
"005451b0","FUN_005451b0","00545148","FUN_00545148"
"005451b0","FUN_005451b0","00545190","FUN_00545190"
"005451b0","FUN_005451b0","005451a0","FUN_005451a0"
"005452a8","FUN_005452a8","00545298","FUN_00545298"
"00545338","FUN_00545338","0053bc80","FUN_0053bc80"
"00545338","FUN_00545338","0053bc90","FUN_0053bc90"
"00545338","FUN_00545338","00545378","FUN_00545378"
"00545378","FUN_00545378","0053e588","FUN_0053e588"
"00545378","FUN_00545378","00545298","FUN_00545298"
"00545378","FUN_00545378","00545f98","FUN_00545f98"
"00545948","FUN_00545948","0053b820","FUN_0053b820"
"00545a50","FUN_00545a50","005459b8","FUN_005459b8"
"00545a88","FUN_00545a88","00545a40","FUN_00545a40"
"00545a88","FUN_00545a88","00545b88","FUN_00545b88"
"00545b98","FUN_00545b98","0053c5f8","FUN_0053c5f8"
"00545b98","FUN_00545b98","005451b0","FUN_005451b0"
"00545b98","FUN_00545b98","00545948","FUN_00545948"
"00545b98","FUN_00545b98","00545a88","FUN_00545a88"
"00545b98","FUN_00545b98","00545cc0","FUN_00545cc0"
"00545b98","FUN_00545b98","00546078","FUN_00546078"
"00545b98","FUN_00545b98","005461f0","FUN_005461f0"
"00545b98","FUN_00545b98","00546430","FUN_00546430"
"00545b98","FUN_00545b98","005478b0","FUN_005478b0"
"00545c58","FUN_00545c58","0053b8d0","FUN_0053b8d0"
"00545cc0","FUN_00545cc0","0053baa0","FUN_0053baa0"
"00545cc0","FUN_00545cc0","00545bf0","FUN_00545bf0"
"00545cc0","FUN_00545cc0","00545c00","FUN_00545c00"
"00545cc0","FUN_00545cc0","00545c48","FUN_00545c48"
"00545cc0","FUN_00545cc0","00545c58","FUN_00545c58"
"00545dc0","FUN_00545dc0","00545db0","FUN_00545db0"
"00545f50","FUN_00545f50","0053b460","FUN_0053b460"
"00545f50","FUN_00545f50","00545dc0","FUN_00545dc0"
"00545f50","FUN_00545f50","00545ed8","thunk_FUN_00545338"
"00545f98","FUN_00545f98","0053b440","FUN_0053b440"
"00545f98","FUN_00545f98","00545ed8","thunk_FUN_00545338"
"00545fc0","FUN_00545fc0","0053bc40","FUN_0053bc40"
"00545fc0","FUN_00545fc0","00545dc0","FUN_00545dc0"
"00545fc0","FUN_00545fc0","00545ed8","thunk_FUN_00545338"
"00546078","FUN_00546078","0053baa0","FUN_0053baa0"
"00546078","FUN_00546078","00546010","FUN_00546010"
"00546078","FUN_00546078","00546020","FUN_00546020"
"00546078","FUN_00546078","00546068","FUN_00546068"
"005461c0","FUN_005461c0","00546150","FUN_00546150"
"005461d0","FUN_005461d0","00546150","FUN_00546150"
"005461f0","FUN_005461f0","0054e5e8","FUN_0054e5e8"
"00546348","FUN_00546348","0053b520","FUN_0053b520"
"00546348","FUN_00546348","0053c300","FUN_0053c300"
"00546348","FUN_00546348","005458e0","FUN_005458e0"
"00546348","FUN_00546348","00545930","FUN_00545930"
"00546348","FUN_00546348","005461c0","FUN_005461c0"
"00546348","FUN_00546348","005461d0","FUN_005461d0"
"00546430","FUN_00546430","005458e0","FUN_005458e0"
"00546430","FUN_00546430","00545930","FUN_00545930"
"00546430","FUN_00546430","005461d0","FUN_005461d0"
"00546430","FUN_00546430","00546540","FUN_00546540"
"00546430","FUN_00546430","00546a38","FUN_00546a38"
"005464c0","FUN_005464c0","005458e0","FUN_005458e0"
"005464c0","FUN_005464c0","00545930","FUN_00545930"
"005464c0","FUN_005464c0","005461d0","FUN_005461d0"
"00546790","FUN_00546790","005461d0","FUN_005461d0"
"00546790","FUN_00546790","00546540","FUN_00546540"
"00546790","FUN_00546790","00546758","FUN_00546758"
"00546a88","FUN_00546a88","005458e0","FUN_005458e0"
"00546b78","FUN_00546b78","005458e0","FUN_005458e0"
"00546b78","FUN_00546b78","00545930","FUN_00545930"
"00546b78","FUN_00546b78","00546b08","FUN_00546b08"
"00546c60","FUN_00546c60","005458e0","FUN_005458e0"
"00546c60","FUN_00546c60","00545930","FUN_00545930"
"00546c60","FUN_00546c60","00546bc0","FUN_00546bc0"
"00546d00","FUN_00546d00","005458e0","FUN_005458e0"
"00546d00","FUN_00546d00","00545930","FUN_00545930"
"00546d00","FUN_00546d00","00546cb0","FUN_00546cb0"
"00546e10","FUN_00546e10","005458e0","FUN_005458e0"
"00546e10","FUN_00546e10","00545930","FUN_00545930"
"00546e10","FUN_00546e10","00546d60","FUN_00546d60"
"00546f28","FUN_00546f28","005458e0","FUN_005458e0"
"00546f28","FUN_00546f28","00545930","FUN_00545930"
"00546f28","FUN_00546f28","00546e60","FUN_00546e60"
"00546f78","FUN_00546f78","005458e0","FUN_005458e0"
"00546f78","FUN_00546f78","00545930","FUN_00545930"
"00547090","FUN_00547090","005458e0","FUN_005458e0"
"00547090","FUN_00547090","00545930","FUN_00545930"
"00547090","FUN_00547090","00547048","FUN_00547048"
"00547150","FUN_00547150","005458e0","FUN_005458e0"
"00547150","FUN_00547150","00545930","FUN_00545930"
"00547150","FUN_00547150","005470e0","FUN_005470e0"
"00547298","FUN_00547298","005458e0","FUN_005458e0"
"00547298","FUN_00547298","00545930","FUN_00545930"
"00547298","FUN_00547298","005471a0","FUN_005471a0"
"00547318","FUN_00547318","00530148","FUN_00530148"
"005473c0","FUN_005473c0","00530148","FUN_00530148"
"00547430","FUN_00547430","00530cd8","FUN_00530cd8"
"00547570","FUN_00547570","005458e0","FUN_005458e0"
"00547570","FUN_00547570","00545930","FUN_00545930"
"00547570","FUN_00547570","00546b78","FUN_00546b78"
"005476a0","FUN_005476a0","00546b08","FUN_00546b08"
"00547790","FUN_00547790","005458e0","FUN_005458e0"
"00547790","FUN_00547790","00545930","FUN_00545930"
"00547790","FUN_00547790","00546c60","FUN_00546c60"
"00547838","FUN_00547838","00546bc0","FUN_00546bc0"
"005478b0","FUN_005478b0","0054e5e8","FUN_0054e5e8"
"00547958","FUN_00547958","005458e0","FUN_005458e0"
"00547958","FUN_00547958","00545930","FUN_00545930"
"00547d18","FUN_00547d18","00540ba8","FUN_00540ba8"
"00547d18","FUN_00547d18","00540e38","FUN_00540e38"
"00547d18","FUN_00547d18","005411f0","FUN_005411f0"
"00547d18","FUN_00547d18","0054a3d8","FUN_0054a3d8"
"00547dc8","FUN_00547dc8","00547ca0","FUN_00547ca0"
"00548140","FUN_00548140","00547ca0","FUN_00547ca0"
"00548200","FUN_00548200","00547ca0","FUN_00547ca0"
"005482c8","FUN_005482c8","00548200","FUN_00548200"
"005485b8","FUN_005485b8","0053e508","FUN_0053e508"
"005486a0","FUN_005486a0","00547ca0","FUN_00547ca0"
"005486a0","FUN_005486a0","00547dc8","FUN_00547dc8"
"005486a0","FUN_005486a0","005482c8","FUN_005482c8"
"005486a0","FUN_005486a0","005484b0","FUN_005484b0"
"00548938","FUN_00548938","00548140","FUN_00548140"
"00548938","FUN_00548938","005485b8","FUN_005485b8"
"00548998","FUN_00548998","0053bcb0","FUN_0053bcb0"
"00548998","FUN_00548998","0053bd40","FUN_0053bd40"
"00548998","FUN_00548998","00547ca0","FUN_00547ca0"
"00548a30","FUN_00548a30","0053e508","FUN_0053e508"
"00549070","FUN_00549070","0053e508","FUN_0053e508"
"005491f0","FUN_005491f0","0053bb40","FUN_0053bb40"
"005491f0","FUN_005491f0","0053bb60","FUN_0053bb60"
"005491f0","FUN_005491f0","0053e508","FUN_0053e508"
"00549908","FUN_00549908","00548200","FUN_00548200"
"00549ae8","FUN_00549ae8","00548140","FUN_00548140"
"00549ae8","FUN_00549ae8","005485b8","FUN_005485b8"
"00549b48","FUN_00549b48","0053e508","FUN_0053e508"
"00549b48","FUN_00549b48","0054a2e0","FUN_0054a2e0"
"00549fd0","FUN_00549fd0","00549b48","FUN_00549b48"
"00549fd0","FUN_00549fd0","00549c40","FUN_00549c40"
"0054a038","FUN_0054a038","00549b48","FUN_00549b48"
"0054a038","FUN_0054a038","00549c40","FUN_00549c40"
"0054a0b0","FUN_0054a0b0","00549b48","FUN_00549b48"
"0054a0b0","FUN_0054a0b0","00549c40","FUN_00549c40"
"0054a128","FUN_0054a128","00549b48","FUN_00549b48"
"0054a170","FUN_0054a170","00549b48","FUN_00549b48"
"0054a170","FUN_0054a170","00549c40","FUN_00549c40"
"0054a1f0","FUN_0054a1f0","00549b48","FUN_00549b48"
"0054a1f0","FUN_0054a1f0","00549c40","FUN_00549c40"
"0054a270","FUN_0054a270","00549b48","FUN_00549b48"
"0054a2a8","FUN_0054a2a8","00549bb8","FUN_00549bb8"
"0054a2e0","FUN_0054a2e0","005458e0","FUN_005458e0"
"0054a2e0","FUN_0054a2e0","00545930","FUN_00545930"
"0054a390","FUN_0054a390","00100218","thunk_FUN_00545f98"
"0054a390","FUN_0054a390","00550e08","FUN_00550e08"
"0054a3c0","FUN_0054a3c0","00552fb0","FUN_00552fb0"
"0054a3d8","FUN_0054a3d8","00553320","FUN_00553320"
"0054a400","FUN_0054a400","00553320","FUN_00553320"
"0054a420","FUN_0054a420","0054a488","FUN_0054a488"
"0054a420","FUN_0054a420","0054e6a8","FUN_0054e6a8"
"0054a420","FUN_0054a420","0054e728","FUN_0054e728"
"0054a488","FUN_0054a488","0054db58","FUN_0054db58"
"0054a540","FUN_0054a540","0053bf08","FUN_0053bf08"
"0054a7c8","FUN_0054a7c8","0054e820","FUN_0054e820"
"0054bc10","FUN_0054bc10","0054d2e8","FUN_0054d2e8"
"0054bec0","FUN_0054bec0","0054db58","FUN_0054db58"
"0054bec0","FUN_0054bec0","0054e5e8","FUN_0054e5e8"
"0054bf38","FUN_0054bf38","0054c070","FUN_0054c070"
"0054c030","FUN_0054c030","0054d2e8","FUN_0054d2e8"
"0054c070","FUN_0054c070","0054be60","FUN_0054be60"
"0054c1b8","FUN_0054c1b8","0054bf38","FUN_0054bf38"
"0054c1b8","FUN_0054c1b8","0054c100","FUN_0054c100"
"0054c1b8","FUN_0054c1b8","0054c8f0","FUN_0054c8f0"
"0054c1b8","FUN_0054c1b8","0054f790","FUN_0054f790"
"0054c298","FUN_0054c298","0054c1b8","FUN_0054c1b8"
"0054c318","FUN_0054c318","0054cf08","FUN_0054cf08"
"0054c318","FUN_0054c318","00551838","FUN_00551838"
"0054c488","FUN_0054c488","0054c780","FUN_0054c780"
"0054c488","FUN_0054c488","0054e6a8","FUN_0054e6a8"
"0054c488","FUN_0054c488","0054e728","FUN_0054e728"
"0054c780","FUN_0054c780","0054e6a8","FUN_0054e6a8"
"0054c780","FUN_0054c780","0054e728","FUN_0054e728"
"0054c780","FUN_0054c780","00550b50","FUN_00550b50"
"0054cda0","FUN_0054cda0","0053bfd8","FUN_0053bfd8"
"0054cf08","FUN_0054cf08","005561b8","FUN_005561b8"
"0054d408","FUN_0054d408","0054d458","FUN_0054d458"
"0054d458","FUN_0054d458","0054ba30","FUN_0054ba30"
"0054d458","FUN_0054d458","0054ba38","FUN_0054ba38"
"0054d458","FUN_0054d458","00551c48","FUN_00551c48"
"0054d5a0","FUN_0054d5a0","0054d458","FUN_0054d458"
"0054d5c0","FUN_0054d5c0","005515d8","FUN_005515d8"
"0054d660","FUN_0054d660","0054d5c0","FUN_0054d5c0"
"0054d688","FUN_0054d688","0054d650","FUN_0054d650"
"0054d6a8","FUN_0054d6a8","0053bf18","FUN_0053bf18"
"0054d708","FUN_0054d708","0053bfd0","FUN_0053bfd0"
"0054d708","FUN_0054d708","0054cda0","FUN_0054cda0"
"0054d708","FUN_0054d708","0054db58","FUN_0054db58"
"0054d860","FUN_0054d860","0054db58","FUN_0054db58"
"0054d860","FUN_0054d860","0054e6a8","FUN_0054e6a8"
"0054d860","FUN_0054d860","0054e728","FUN_0054e728"
"0054d8b8","FUN_0054d8b8","0054c488","FUN_0054c488"
"0054d8b8","FUN_0054d8b8","0054e6a8","FUN_0054e6a8"
"0054d8b8","FUN_0054d8b8","0054e728","FUN_0054e728"
"0054d900","FUN_0054d900","00550b50","FUN_00550b50"
"0054db58","FUN_0054db58","0054e6a8","FUN_0054e6a8"
"0054db58","FUN_0054db58","0054e728","FUN_0054e728"
"0054e6a8","FUN_0054e6a8","0053b710","FUN_0053b710"
"0054e6a8","FUN_0054e6a8","0053b860","FUN_0053b860"
"0054e728","FUN_0054e728","0053b840","FUN_0053b840"
"0054e778","FUN_0054e778","0054a488","FUN_0054a488"
"0054e850","FUN_0054e850","0054e430","FUN_0054e430"
"0054e850","FUN_0054e850","0054e778","FUN_0054e778"
"0054ebc8","FUN_0054ebc8","0054e778","FUN_0054e778"
"0054ee10","FUN_0054ee10","0054e820","FUN_0054e820"
"0054ee10","FUN_0054ee10","0054e850","FUN_0054e850"
"0054ee10","FUN_0054ee10","0054ebc8","FUN_0054ebc8"
"0054ee10","FUN_0054ee10","0054ec00","FUN_0054ec00"
"0054ef10","FUN_0054ef10","0054e778","FUN_0054e778"
"0054ef10","FUN_0054ef10","0054e820","FUN_0054e820"
"0054f0d0","FUN_0054f0d0","0054e778","FUN_0054e778"
"0054f0d0","FUN_0054f0d0","0054f068","FUN_0054f068"
"0054f330","FUN_0054f330","0054ea88","FUN_0054ea88"
"0054f4c8","FUN_0054f4c8","0054e778","FUN_0054e778"
"0054f4c8","FUN_0054f4c8","0054ea88","FUN_0054ea88"
"0054f4c8","FUN_0054f4c8","0054eb08","FUN_0054eb08"
"0054f650","FUN_0054f650","005319c0","FUN_005319c0"
"0054f650","FUN_0054f650","0054f330","FUN_0054f330"
"0054f720","FUN_0054f720","00531738","FUN_00531738"
"0054f790","FUN_0054f790","0053bee0","FUN_0053bee0"
"0054f7f0","FUN_0054f7f0","00553a08","FUN_00553a08"
"0054f850","FUN_0054f850","00553990","FUN_00553990"
"005502c8","FUN_005502c8","0052f3a8","FUN_0052f3a8"
"00550330","FUN_00550330","0053be68","FUN_0053be68"
"00550390","FUN_00550390","0054e6a8","FUN_0054e6a8"
"00550390","FUN_00550390","0054e728","FUN_0054e728"
"00550390","FUN_00550390","005503f8","FUN_005503f8"
"005503f8","FUN_005503f8","0054db58","FUN_0054db58"
"005503f8","FUN_005503f8","0054e6a8","FUN_0054e6a8"
"00550998","FUN_00550998","0054bc10","FUN_0054bc10"
"00550b50","FUN_00550b50","0053bf20","FUN_0053bf20"
"00550c18","FUN_00550c18","00550ba8","FUN_00550ba8"
"00550c98","FUN_00550c98","00550ba8","FUN_00550ba8"
"00550d70","FUN_00550d70","00550ba8","FUN_00550ba8"
"00550e08","FUN_00550e08","00550c98","FUN_00550c98"
"00550e28","FUN_00550e28","00550c18","FUN_00550c18"
"00550e90","FUN_00550e90","0053bff8","FUN_0053bff8"
"00550f90","FUN_00550f90","00553990","FUN_00553990"
"00551028","FUN_00551028","00551838","FUN_00551838"
"00551028","FUN_00551028","00555318","FUN_00555318"
"005510d0","FUN_005510d0","00550330","FUN_00550330"
"00551138","FUN_00551138","0054d6a8","FUN_0054d6a8"
"00551138","FUN_00551138","00556158","FUN_00556158"
"005511b8","FUN_005511b8","0054d6a8","FUN_0054d6a8"
"00551220","FUN_00551220","0054a540","FUN_0054a540"
"00552fb0","FUN_00552fb0","00552098","FUN_00552098"
"00553320","FUN_00553320","005530e8","FUN_005530e8"
"00553580","FUN_00553580","00553350","FUN_00553350"
"00553890","FUN_00553890","0054cf08","FUN_0054cf08"
"005538d8","FUN_005538d8","00553990","FUN_00553990"
"00553990","FUN_00553990","0054c070","FUN_0054c070"
"00553990","FUN_00553990","00553a08","FUN_00553a08"
"00553a08","FUN_00553a08","0054d688","FUN_0054d688"
"00553a08","FUN_00553a08","0054e280","FUN_0054e280"
"00553a08","FUN_00553a08","00553890","FUN_00553890"
"00553a08","FUN_00553a08","005538d8","FUN_005538d8"
"00553a08","FUN_00553a08","005561b8","FUN_005561b8"
"00555318","FUN_00555318","005509d0","FUN_005509d0"
"005560a8","FUN_005560a8","00553990","FUN_00553990"
"00556100","FUN_00556100","00553990","FUN_00553990"
"00556158","FUN_00556158","0053bde8","FUN_0053bde8"
"00556710","FUN_00556710","00556670","FUN_00556670"
"00557590","FUN_00557590","00110390","FUN_00110390"
"00557660","FUN_00557660","00558630","FUN_00558630"
"00557a40","FUN_00557a40","0053c898","FUN_0053c898"
"00557a40","FUN_00557a40","0053f968","FUN_0053f968"
"00557a40","FUN_00557a40","0054e430","FUN_0054e430"
"00557ac0","FUN_00557ac0","0053c898","FUN_0053c898"
"00557ac0","FUN_00557ac0","0053f968","FUN_0053f968"
"00557ac0","FUN_00557ac0","0054e430","FUN_0054e430"
"00557b40","FUN_00557b40","0053c898","FUN_0053c898"
"00557b40","FUN_00557b40","0053f968","FUN_0053f968"
"00557be0","FUN_00557be0","0053c898","FUN_0053c898"
"00557be0","FUN_00557be0","0053f968","FUN_0053f968"
"00557c50","FUN_00557c50","0053c898","FUN_0053c898"
"00557c50","FUN_00557c50","0053f968","FUN_0053f968"
"00557cc0","FUN_00557cc0","0053c898","FUN_0053c898"
"00557cc0","FUN_00557cc0","0053f968","FUN_0053f968"
"00557cc0","FUN_00557cc0","0054e430","FUN_0054e430"
"00557d50","FUN_00557d50","0053c898","FUN_0053c898"
"00557d50","FUN_00557d50","0053f968","FUN_0053f968"
"00558630","FUN_00558630","0053f768","FUN_0053f768"
"00558630","FUN_00558630","0053f968","FUN_0053f968"
"00558630","FUN_00558630","005586b0","FUN_005586b0"
"00558630","FUN_00558630","00558cc0","FUN_00558cc0"
"00558cc0","FUN_00558cc0","0053afc8","FUN_0053afc8"
"00558cc0","FUN_00558cc0","00558fa0","FUN_00558fa0"
"00558cc0","FUN_00558cc0","00559040","FUN_00559040"
"00558fa0","FUN_00558fa0","0053b3b8","FUN_0053b3b8"
"00559430","FUN_00559430","005502c8","FUN_005502c8"
"005594a0","FUN_005594a0","005502c8","FUN_005502c8"
"00559790","FUN_00559790","00263e70","FUN_00263e70"
"00559790","FUN_00559790","002640d0","FUN_002640d0"
"00559850","FUN_00559850","00557be0","FUN_00557be0"
"00559850","FUN_00559850","00557d50","FUN_00557d50"
"005599f0","FUN_005599f0","00557660","FUN_00557660"
"005599f0","FUN_005599f0","00557b40","FUN_00557b40"
"005599f0","FUN_005599f0","00559850","FUN_00559850"
"00559bd0","FUN_00559bd0","005581c0","FUN_005581c0"
"00559bd0","FUN_00559bd0","00558330","FUN_00558330"
"00559bd0","FUN_00559bd0","00558390","FUN_00558390"
"00559cd0","FUN_00559cd0","00558420","FUN_00558420"
"00559d70","FUN_00559d70","0056c6e0","FUN_0056c6e0"
"00559da0","FUN_00559da0","0056c4f0","FUN_0056c4f0"
"0055c4f0","FUN_0055c4f0","0056a230","FUN_0056a230"
"0055c960","FUN_0055c960","0055f2f0","FUN_0055f2f0"
"0055c960","FUN_0055c960","0056cbd0","FUN_0056cbd0"
"0055c960","FUN_0055c960","0056d030","FUN_0056d030"
"0055eb50","FUN_0055eb50","00557dc0","FUN_00557dc0"
"0055eb50","FUN_0055eb50","00557f00","FUN_00557f00"
"0055eb50","FUN_0055eb50","00569fe0","FUN_00569fe0"
"0055eb50","FUN_0055eb50","0056a110","FUN_0056a110"
"0055eb50","FUN_0055eb50","0056a4f0","FUN_0056a4f0"
"0055eb50","FUN_0055eb50","0056c300","FUN_0056c300"
"0055ec70","FUN_0055ec70","00557dc0","FUN_00557dc0"
"0055ec70","FUN_0055ec70","00557f00","FUN_00557f00"
"0055ec70","FUN_0055ec70","00569fe0","FUN_00569fe0"
"0055ec70","FUN_0055ec70","0056a110","FUN_0056a110"
"0055ec70","FUN_0055ec70","0056c300","FUN_0056c300"
"0055ec70","FUN_0055ec70","0056c5e0","FUN_0056c5e0"
"0055ec70","FUN_0055ec70","00580a30","FUN_00580a30"
"0055edb0","FUN_0055edb0","00569fe0","FUN_00569fe0"
"0055edb0","FUN_0055edb0","0056c300","FUN_0056c300"
"0055efd0","FUN_0055efd0","0055f2f0","FUN_0055f2f0"
"0055f2f0","FUN_0055f2f0","0056a1e0","FUN_0056a1e0"
"0055f2f0","FUN_0055f2f0","0056c3b0","FUN_0056c3b0"
"0055fce0","FUN_0055fce0","0010eba0","FUN_0010eba0"
"0055fce0","FUN_0055fce0","0045fe90","FUN_0045fe90"
"0055fce0","FUN_0055fce0","004724e0","FUN_004724e0"
"0055fce0","FUN_0055fce0","0056a1a0","FUN_0056a1a0"
"0055fce0","FUN_0055fce0","0056a230","FUN_0056a230"
"005602a0","FUN_005602a0","002640d0","FUN_002640d0"
"005602a0","FUN_005602a0","002ec030","FUN_002ec030"
"00560a10","FUN_00560a10","00559430","FUN_00559430"
"00561520","FUN_00561520","00561c30","FUN_00561c30"
"00561520","FUN_00561520","00561de0","FUN_00561de0"
"00561600","FUN_00561600","00561740","FUN_00561740"
"00561680","FUN_00561680","00561740","FUN_00561740"
"005616e0","FUN_005616e0","00561740","FUN_00561740"
"00561740","FUN_00561740","0045fe90","FUN_0045fe90"
"00561740","FUN_00561740","004724e0","FUN_004724e0"
"005619a0","FUN_005619a0","00562930","FUN_00562930"
"00561c30","FUN_00561c30","0028cf90","FUN_0028cf90"
"00561c30","FUN_00561c30","00561cd0","FUN_00561cd0"
"005628b0","FUN_005628b0","00559590","FUN_00559590"
"00562d60","FUN_00562d60","00559430","FUN_00559430"
"00562ec0","FUN_00562ec0","00557f90","FUN_00557f90"
"00562fe0","FUN_00562fe0","00569e10","FUN_00569e10"
"00562fe0","FUN_00562fe0","00569fe0","FUN_00569fe0"
"00562fe0","FUN_00562fe0","0056c300","FUN_0056c300"
"00563750","FUN_00563750","002d2a10","FUN_002d2a10"
"00563a20","FUN_00563a20","0055f4b0","FUN_0055f4b0"
"005642c0","FUN_005642c0","002ebbe0","FUN_002ebbe0"
"005642c0","FUN_005642c0","00564500","FUN_00564500"
"00564340","FUN_00564340","002ebbe0","FUN_002ebbe0"
"00564340","FUN_00564340","00564500","FUN_00564500"
"00564340","FUN_00564340","00569fe0","FUN_00569fe0"
"00564340","FUN_00564340","0056a110","FUN_0056a110"
"00564340","FUN_00564340","0056c300","FUN_0056c300"
"00564660","FUN_00564660","001018e0","FUN_001018e0"
"00564780","FUN_00564780","00596040","FUN_00596040"
"005647b0","FUN_005647b0","00596090","FUN_00596090"
"00564880","FUN_00564880","0054e430","FUN_0054e430"
"00564880","FUN_00564880","00557be0","FUN_00557be0"
"00564880","FUN_00564880","00557d50","FUN_00557d50"
"00564880","FUN_00564880","00566650","FUN_00566650"
"00564880","FUN_00564880","005671c0","FUN_005671c0"
"00564880","FUN_00564880","005674f0","FUN_005674f0"
"00564880","FUN_00564880","005815c0","FUN_005815c0"
"00564cd0","FUN_00564cd0","002d3380","FUN_002d3380"
"00564cd0","FUN_00564cd0","0054e430","FUN_0054e430"
"00565290","FUN_00565290","00565040","FUN_00565040"
"00565290","FUN_00565290","00580df0","FUN_00580df0"
"00565430","FUN_00565430","00559430","FUN_00559430"
"00565430","FUN_00565430","00565d60","FUN_00565d60"
"00565430","FUN_00565430","00580df0","FUN_00580df0"
"00565e80","FUN_00565e80","0018ed90","FUN_0018ed90"
"00565e80","FUN_00565e80","00263e70","FUN_00263e70"
"00565e80","FUN_00565e80","002a5450","FUN_002a5450"
"00565e80","FUN_00565e80","002a6eb0","FUN_002a6eb0"
"00565e80","FUN_00565e80","002a86b0","thunk_FUN_002a6010"
"00565e80","FUN_00565e80","002a8890","FUN_002a8890"
"00565e80","FUN_00565e80","002a8990","FUN_002a8990"
"00565e80","FUN_00565e80","002a8a80","FUN_002a8a80"
"00565e80","FUN_00565e80","002a8b10","FUN_002a8b10"
"00565e80","FUN_00565e80","002a8b30","FUN_002a8b30"
"00565e80","FUN_00565e80","002a8c40","FUN_002a8c40"
"00565e80","FUN_00565e80","002a8c60","FUN_002a8c60"
"00565e80","FUN_00565e80","002a8c70","FUN_002a8c70"
"00565e80","FUN_00565e80","002a8cd0","FUN_002a8cd0"
"00565e80","FUN_00565e80","002a8ce0","FUN_002a8ce0"
"00565e80","FUN_00565e80","00550f90","FUN_00550f90"
"00565e80","FUN_00565e80","00551720","FUN_00551720"
"00565e80","FUN_00565e80","00569db0","FUN_00569db0"
"00565e80","FUN_00565e80","00581a00","FUN_00581a00"
"005660e0","FUN_005660e0","005581c0","FUN_005581c0"
"005660e0","FUN_005660e0","00558390","FUN_00558390"
"005660e0","FUN_005660e0","00566230","FUN_00566230"
"00566650","FUN_00566650","002d2a10","FUN_002d2a10"
"005671c0","FUN_005671c0","00248f00","FUN_00248f00"
"005671c0","FUN_005671c0","00565040","FUN_00565040"
"005671c0","FUN_005671c0","00565430","FUN_00565430"
"005671c0","FUN_005671c0","00569db0","FUN_00569db0"
"005671c0","FUN_005671c0","0056f1e0","FUN_0056f1e0"
"005671c0","FUN_005671c0","00580df0","FUN_00580df0"
"005671c0","FUN_005671c0","00581380","FUN_00581380"
"005674f0","FUN_005674f0","00565040","FUN_00565040"
"005674f0","FUN_005674f0","00580df0","FUN_00580df0"
"005674f0","FUN_005674f0","00580f70","FUN_00580f70"
"00567ce0","FUN_00567ce0","00559500","FUN_00559500"
"00567ce0","FUN_00567ce0","00568000","FUN_00568000"
"00567ce0","FUN_00567ce0","00569a10","FUN_00569a10"
"00568450","FUN_00568450","00557c50","FUN_00557c50"
"00568450","FUN_00568450","00558570","FUN_00558570"
"00568450","FUN_00568450","00559500","FUN_00559500"
"00568450","FUN_00568450","00568000","FUN_00568000"
"005686a0","FUN_005686a0","00559430","FUN_00559430"
"005686a0","FUN_005686a0","005687a0","FUN_005687a0"
"005687a0","FUN_005687a0","002d2a10","FUN_002d2a10"
"00569db0","FUN_00569db0","0056f1e0","FUN_0056f1e0"
"00569e10","FUN_00569e10","001018e0","FUN_001018e0"
"00569e10","FUN_00569e10","0056a160","FUN_0056a160"
"00569e70","FUN_00569e70","002eb970","FUN_002eb970"
"00569e70","FUN_00569e70","0056a160","FUN_0056a160"
"0056a110","FUN_0056a110","002eb970","FUN_002eb970"
"0056a110","FUN_0056a110","0056a160","FUN_0056a160"
"0056a160","FUN_0056a160","002ebbe0","FUN_002ebbe0"
"0056a1a0","FUN_0056a1a0","002ebbe0","FUN_002ebbe0"
"0056a1e0","FUN_0056a1e0","002ebbe0","FUN_002ebbe0"
"0056a1e0","FUN_0056a1e0","0056a4f0","FUN_0056a4f0"
"0056c300","FUN_0056c300","002ebbe0","FUN_002ebbe0"
"0056c300","FUN_0056c300","00569e70","FUN_00569e70"
"0056c3b0","FUN_0056c3b0","002ebbe0","FUN_002ebbe0"
"0056cdd0","FUN_0056cdd0","001018e0","FUN_001018e0"
"0056cdd0","FUN_0056cdd0","00569e10","FUN_00569e10"
"0056cdd0","FUN_0056cdd0","0056d030","FUN_0056d030"
"0056cf20","FUN_0056cf20","00559430","FUN_00559430"
"0056d030","FUN_0056d030","0056a1e0","FUN_0056a1e0"
"0056d030","FUN_0056d030","0056c3b0","FUN_0056c3b0"
"0056d310","FUN_0056d310","0056a230","FUN_0056a230"
"0056f120","FUN_0056f120","0056ef50","FUN_0056ef50"
"0056f210","FUN_0056f210","0016bba0","FUN_0016bba0"
"0056f210","FUN_0056f210","00574d90","FUN_00574d90"
"00570460","FUN_00570460","00557f00","FUN_00557f00"
"00570460","FUN_00570460","0056ef50","FUN_0056ef50"
"00570460","FUN_00570460","005732f0","FUN_005732f0"
"00570710","FUN_00570710","0019de60","FUN_0019de60"
"00573d80","FUN_00573d80","00569e10","FUN_00569e10"
"00573d80","FUN_00573d80","00569fe0","FUN_00569fe0"
"00573d80","FUN_00573d80","0056c300","FUN_0056c300"
"00573d80","FUN_00573d80","005740a0","FUN_005740a0"
"005740a0","FUN_005740a0","00572cf0","FUN_00572cf0"
"00574100","FUN_00574100","00557dc0","FUN_00557dc0"
"00574100","FUN_00574100","00557f00","FUN_00557f00"
"00574100","FUN_00574100","0056c420","FUN_0056c420"
"00574100","FUN_00574100","0056ca30","FUN_0056ca30"
"00574100","FUN_00574100","0056f120","FUN_0056f120"
"00574100","FUN_00574100","00573ef0","FUN_00573ef0"
"00574630","FUN_00574630","00573ef0","FUN_00573ef0"
"00574630","FUN_00574630","00575b10","FUN_00575b10"
"00574630","FUN_00574630","0057e6c0","FUN_0057e6c0"
"005749f0","FUN_005749f0","0056a1a0","FUN_0056a1a0"
"005749f0","FUN_005749f0","0056a4f0","FUN_0056a4f0"
"005749f0","FUN_005749f0","0056c3b0","FUN_0056c3b0"
"005749f0","FUN_005749f0","00575630","FUN_00575630"
"00576c60","FUN_00576c60","00557f00","FUN_00557f00"
"00576d90","FUN_00576d90","00557f00","FUN_00557f00"
"00576d90","FUN_00576d90","005749f0","FUN_005749f0"
"00576d90","FUN_00576d90","00576fe0","FUN_00576fe0"
"00576d90","FUN_00576d90","00577410","FUN_00577410"
"00576d90","FUN_00576d90","00577dd0","FUN_00577dd0"
"00576d90","FUN_00576d90","00577fb0","FUN_00577fb0"
"00576d90","FUN_00576d90","00578a60","FUN_00578a60"
"00576d90","FUN_00576d90","00579210","FUN_00579210"
"00576d90","FUN_00576d90","00579990","FUN_00579990"
"00576d90","FUN_00576d90","0057a0a0","FUN_0057a0a0"
"00576d90","FUN_00576d90","0057a8b0","FUN_0057a8b0"
"00576d90","FUN_00576d90","0057af70","FUN_0057af70"
"00577fb0","FUN_00577fb0","0010eba0","FUN_0010eba0"
"00577fb0","FUN_00577fb0","00557f00","FUN_00557f00"
"00577fb0","FUN_00577fb0","00573ef0","FUN_00573ef0"
"0057af70","FUN_0057af70","0010eba0","FUN_0010eba0"
"0057af70","FUN_0057af70","00557f00","FUN_00557f00"
"0057af70","FUN_0057af70","00573ef0","FUN_00573ef0"
"0057b110","FUN_0057b110","0010eba0","FUN_0010eba0"
"0057b110","FUN_0057b110","0010edf0","FUN_0010edf0"
"0057b110","FUN_0057b110","00110390","FUN_00110390"
"0057b110","FUN_0057b110","00557f00","FUN_00557f00"
"0057b110","FUN_0057b110","00573ef0","FUN_00573ef0"
"0057b650","FUN_0057b650","00569e10","FUN_00569e10"
"0057b650","FUN_0057b650","0056c300","FUN_0056c300"
"0057c5e0","FUN_0057c5e0","0057c720","FUN_0057c720"
"0057c5e0","FUN_0057c5e0","0057c890","FUN_0057c890"
"0057c5e0","FUN_0057c5e0","0057c940","FUN_0057c940"
"0057c720","FUN_0057c720","00559430","FUN_00559430"
"0057e860","FUN_0057e860","00575d60","FUN_00575d60"
"0057e860","FUN_0057e860","00576030","FUN_00576030"
"0057e860","FUN_0057e860","00576540","FUN_00576540"
"0057e860","FUN_0057e860","00576c60","FUN_00576c60"
"0057e860","FUN_0057e860","0057c5e0","FUN_0057c5e0"
"0057e860","FUN_0057e860","0057eb90","FUN_0057eb90"
"0057e860","FUN_0057e860","0057ef40","FUN_0057ef40"
"0057e860","FUN_0057e860","0057f2f0","FUN_0057f2f0"
"0057e860","FUN_0057e860","0057f540","FUN_0057f540"
"0057e860","FUN_0057e860","0057f9a0","FUN_0057f9a0"
"0057e860","FUN_0057e860","0057fdb0","FUN_0057fdb0"
"0057ea20","FUN_0057ea20","00557f00","FUN_00557f00"
"0057ea20","FUN_0057ea20","0056a1a0","FUN_0056a1a0"
"0057ea20","FUN_0057ea20","0056a4f0","FUN_0056a4f0"
"0057ea20","FUN_0057ea20","0056c3b0","FUN_0056c3b0"
"005807b0","FUN_005807b0","002640d0","FUN_002640d0"
"005807b0","FUN_005807b0","00557840","FUN_00557840"
"005807b0","FUN_005807b0","00557b40","FUN_00557b40"
"005807b0","FUN_005807b0","00559850","FUN_00559850"
"005807b0","FUN_005807b0","00560010","FUN_00560010"
"005807b0","FUN_005807b0","00564880","FUN_00564880"
"005807b0","FUN_005807b0","00565290","FUN_00565290"
"005807b0","FUN_005807b0","0056a660","FUN_0056a660"
"005807b0","FUN_005807b0","0056f1e0","FUN_0056f1e0"
"005807b0","FUN_005807b0","00580db0","FUN_00580db0"
"005807b0","FUN_005807b0","00580dc0","FUN_00580dc0"
"005807b0","FUN_005807b0","00580dd0","FUN_00580dd0"
"005807b0","FUN_005807b0","00580df0","FUN_00580df0"
"005807b0","FUN_005807b0","00581080","FUN_00581080"
"005807b0","FUN_005807b0","00581230","FUN_00581230"
"005807b0","FUN_005807b0","005833f0","FUN_005833f0"
"005807b0","FUN_005807b0","0058e320","FUN_0058e320"
"005807b0","FUN_005807b0","005940f0","FUN_005940f0"
"005807b0","FUN_005807b0","00598410","FUN_00598410"
"005807b0","FUN_005807b0","005a0af0","FUN_005a0af0"
"005809a0","FUN_005809a0","00557710","FUN_00557710"
"00580a70","FUN_00580a70","0053c898","FUN_0053c898"
"00580a70","FUN_00580a70","00557660","FUN_00557660"
"00580a70","FUN_00580a70","00557b40","FUN_00557b40"
"00580a70","FUN_00580a70","00559850","FUN_00559850"
"00580a70","FUN_00580a70","00559a80","FUN_00559a80"
"00580a70","FUN_00580a70","00559ab0","FUN_00559ab0"
"00580a70","FUN_00580a70","00559d70","FUN_00559d70"
"00580a70","FUN_00580a70","00560150","FUN_00560150"
"00580a70","FUN_00580a70","00564880","FUN_00564880"
"00580a70","FUN_00580a70","00564cd0","FUN_00564cd0"
"00580a70","FUN_00580a70","00565430","FUN_00565430"
"00580a70","FUN_00580a70","0056a530","FUN_0056a530"
"00580a70","FUN_00580a70","0056a650","FUN_0056a650"
"00580a70","FUN_00580a70","0056a660","FUN_0056a660"
"00580a70","FUN_00580a70","00580df0","FUN_00580df0"
"00580a70","FUN_00580a70","00581000","FUN_00581000"
"00580a70","FUN_00580a70","005815c0","FUN_005815c0"
"00580a70","FUN_00580a70","005815d0","FUN_005815d0"
"00580a70","FUN_00580a70","005834d0","FUN_005834d0"
"00580a70","FUN_00580a70","0058e2c0","FUN_0058e2c0"
"00580a70","FUN_00580a70","00594380","FUN_00594380"
"00580a70","FUN_00580a70","00594410","FUN_00594410"
"00580a70","FUN_00580a70","005988a0","FUN_005988a0"
"00580a70","FUN_00580a70","005a0530","FUN_005a0530"
"00580c70","FUN_00580c70","00559d70","FUN_00559d70"
"00580c70","FUN_00580c70","00560150","FUN_00560150"
"00580c70","FUN_00580c70","0056a530","FUN_0056a530"
"00580c70","FUN_00580c70","0056a650","FUN_0056a650"
"00580c70","FUN_00580c70","0056a660","FUN_0056a660"
"00580c70","FUN_00580c70","00580df0","FUN_00580df0"
"00580c70","FUN_00580c70","005834d0","FUN_005834d0"
"00580c70","FUN_00580c70","0058e2c0","FUN_0058e2c0"
"00580c70","FUN_00580c70","005988a0","FUN_005988a0"
"00580d20","FUN_00580d20","00564fc0","FUN_00564fc0"
"00580d50","FUN_00580d50","005576b0","FUN_005576b0"
"00580d80","FUN_00580d80","005576c0","FUN_005576c0"
"00580db0","FUN_00580db0","005576f0","FUN_005576f0"
"00580dc0","FUN_00580dc0","00557700","FUN_00557700"
"00580dd0","FUN_00580dd0","00557720","FUN_00557720"
"00580eb0","FUN_00580eb0","00598140","FUN_00598140"
"00580f30","FUN_00580f30","00565290","FUN_00565290"
"00580f30","FUN_00580f30","00581510","FUN_00581510"
"00580f70","FUN_00580f70","00565430","FUN_00565430"
"00580f80","FUN_00580f80","00565cd0","FUN_00565cd0"
"00580f80","FUN_00580f80","00581510","FUN_00581510"
"00580fe0","FUN_00580fe0","00565d40","FUN_00565d40"
"00581000","FUN_00581000","00565d60","FUN_00565d60"
"00581080","FUN_00581080","00569db0","FUN_00569db0"
"00581230","FUN_00581230","0053c898","FUN_0053c898"
"00581230","FUN_00581230","00557660","FUN_00557660"
"00581230","FUN_00581230","00557b40","FUN_00557b40"
"00581230","FUN_00581230","00559850","FUN_00559850"
"00581230","FUN_00581230","00559a80","FUN_00559a80"
"00581230","FUN_00581230","00559ab0","FUN_00559ab0"
"00581230","FUN_00581230","00565040","FUN_00565040"
"00581230","FUN_00581230","00565290","FUN_00565290"
"00581230","FUN_00581230","00569db0","FUN_00569db0"
"00581230","FUN_00581230","0056f1e0","FUN_0056f1e0"
"00581370","FUN_00581370","00559ab0","FUN_00559ab0"
"00581380","FUN_00581380","00559ac0","FUN_00559ac0"
"00581510","FUN_00581510","00559ac0","FUN_00559ac0"
"005815c0","FUN_005815c0","005943e0","FUN_005943e0"
"005815d0","FUN_005815d0","0053c898","FUN_0053c898"
"005815d0","FUN_005815d0","00557660","FUN_00557660"
"005815d0","FUN_005815d0","00557b40","FUN_00557b40"
"005815d0","FUN_005815d0","005940f0","FUN_005940f0"
"005815d0","FUN_005815d0","005943b0","FUN_005943b0"
"005815d0","FUN_005815d0","005943e0","FUN_005943e0"
"00581680","FUN_00581680","0058e900","FUN_0058e900"
"00581690","FUN_00581690","0058ea00","FUN_0058ea00"
"005816a0","FUN_005816a0","0058eaa0","FUN_0058eaa0"
"005816b0","FUN_005816b0","0058ee00","FUN_0058ee00"
"00581700","FUN_00581700","0058f0e0","FUN_0058f0e0"
"005817f0","FUN_005817f0","005563e0","FUN_005563e0"
"00581a00","FUN_00581a00","002a5450","FUN_002a5450"
"005822b0","FUN_005822b0","00557dc0","FUN_00557dc0"
"00582980","FUN_00582980","00559430","FUN_00559430"
"00582980","FUN_00582980","00569fe0","FUN_00569fe0"
"00582980","FUN_00582980","0056c300","FUN_0056c300"
"00582980","FUN_00582980","00582c10","FUN_00582c10"
"00583250","FUN_00583250","00557dc0","FUN_00557dc0"
"00583250","FUN_00583250","00557f00","FUN_00557f00"
"00583250","FUN_00583250","00569fe0","FUN_00569fe0"
"00583250","FUN_00583250","0056c300","FUN_0056c300"
"00583250","FUN_00583250","00580a30","FUN_00580a30"
"00584b80","FUN_00584b80","0051dc48","FUN_0051dc48"
"00584b80","FUN_00584b80","0053b860","FUN_0053b860"
"00584b80","FUN_00584b80","00543450","FUN_00543450"
"00584c00","FUN_00584c00","0053b820","FUN_0053b820"
"00584ca0","FUN_00584ca0","0053b3b8","FUN_0053b3b8"
"00584e50","FUN_00584e50","00584ec0","FUN_00584ec0"
"00584e50","FUN_00584e50","00586280","thunk_FUN_00586290"
"005880c0","FUN_005880c0","005851f0","thunk_FUN_00585200"
"005880c0","FUN_005880c0","00588130","FUN_00588130"
"005888a0","FUN_005888a0","0011ee10","FUN_0011ee10"
"005888a0","FUN_005888a0","00121770","FUN_00121770"
"005888a0","FUN_005888a0","0025fb50","FUN_0025fb50"
"005888a0","FUN_005888a0","00260120","FUN_00260120"
"00588d50","FUN_00588d50","005860b0","thunk_FUN_005860c0"
"00589330","FUN_00589330","0027e070","FUN_0027e070"
"00589fe0","FUN_00589fe0","0027f9e0","FUN_0027f9e0"
"0058a030","FUN_0058a030","00509050","FUN_00509050"
"0058ae40","FUN_0058ae40","00509050","FUN_00509050"
"0058c050","FUN_0058c050","00101a00","FUN_00101a00"
"0058c050","FUN_0058c050","00233210","FUN_00233210"
"0058c050","FUN_0058c050","00233250","FUN_00233250"
"0058c050","FUN_0058c050","00233370","FUN_00233370"
"0058c050","FUN_0058c050","00556510","FUN_00556510"
"0058c2a0","FUN_0058c2a0","0012b3d0","FUN_0012b3d0"
"0058c340","FUN_0058c340","00101be0","FUN_00101be0"
"0058cbf0","FUN_0058cbf0","0034e8f8","FUN_0034e8f8"
"0058d800","FUN_0058d800","0034e8f8","FUN_0034e8f8"
"0058e2c0","FUN_0058e2c0","0058f000","FUN_0058f000"
"0058e320","FUN_0058e320","0056c4f0","FUN_0056c4f0"
"0058e320","FUN_0058e320","00591e10","FUN_00591e10"
"0058ea00","FUN_0058ea00","00557f30","FUN_00557f30"
"0058ea00","FUN_0058ea00","00558140","FUN_00558140"
"0058ee00","FUN_0058ee00","0056c420","FUN_0056c420"
"0058f000","FUN_0058f000","0056ca30","FUN_0056ca30"
"005924b0","FUN_005924b0","00100d40","FUN_00100d40"
"005924b0","FUN_005924b0","0053b620","FUN_0053b620"
"005924b0","FUN_005924b0","0053b6b0","FUN_0053b6b0"
"005924b0","FUN_005924b0","0053b710","FUN_0053b710"
"005924b0","FUN_005924b0","0053b720","FUN_0053b720"
"005924b0","FUN_005924b0","0053b820","FUN_0053b820"
"00592650","FUN_00592650","00100d30","FUN_00100d30"
"00592650","FUN_00592650","0034f970","FUN_0034f970"
"00592650","FUN_00592650","0053b520","FUN_0053b520"
"00592650","FUN_00592650","0053b630","FUN_0053b630"
"00592650","FUN_00592650","0053b860","FUN_0053b860"
"00592750","FUN_00592750","00593280","FUN_00593280"
"005927c0","FUN_005927c0","0053b840","FUN_0053b840"
"005927c0","FUN_005927c0","00593280","FUN_00593280"
"00592820","FUN_00592820","002a5450","FUN_002a5450"
"00592820","FUN_00592820","002b0920","FUN_002b0920"
"00592820","FUN_00592820","002b09f0","FUN_002b09f0"
"00592820","FUN_00592820","002b2120","FUN_002b2120"
"005929c0","FUN_005929c0","002a5450","FUN_002a5450"
"005929c0","FUN_005929c0","002b0b90","FUN_002b0b90"
"005929c0","FUN_005929c0","00581a00","FUN_00581a00"
"00592da0","FUN_00592da0","00593250","FUN_00593250"
"00592e00","FUN_00592e00","002a5470","FUN_002a5470"
"00593250","FUN_00593250","00593280","FUN_00593280"
"00593280","FUN_00593280","0039bc60","FUN_0039bc60"
"00593280","FUN_00593280","00546a88","FUN_00546a88"
"00593460","FUN_00593460","0053b850","FUN_0053b850"
"005940f0","FUN_005940f0","00558600","FUN_00558600"
"005940f0","FUN_005940f0","00581370","FUN_00581370"
"005940f0","FUN_005940f0","00594460","FUN_00594460"
"00595210","FUN_00595210","005581c0","FUN_005581c0"
"00595210","FUN_00595210","00558330","FUN_00558330"
"00595210","FUN_00595210","00558390","FUN_00558390"
"00595310","FUN_00595310","00558420","FUN_00558420"
"00595460","FUN_00595460","0027b8e0","FUN_0027b8e0"
"005954a0","FUN_005954a0","0027b8e0","FUN_0027b8e0"
"00596040","FUN_00596040","00557dc0","FUN_00557dc0"
"00596040","FUN_00596040","00580a30","FUN_00580a30"
"00596090","FUN_00596090","0056cbd0","FUN_0056cbd0"
"00596730","FUN_00596730","00569fe0","FUN_00569fe0"
"00596730","FUN_00596730","0056a110","FUN_0056a110"
"00596730","FUN_00596730","0056c300","FUN_0056c300"
"00596800","FUN_00596800","0056a1e0","FUN_0056a1e0"
"00596800","FUN_00596800","0056c3b0","FUN_0056c3b0"
"00597e70","FUN_00597e70","00557f00","FUN_00557f00"
"00597e70","FUN_00597e70","00569fe0","FUN_00569fe0"
"00597e70","FUN_00597e70","0056a110","FUN_0056a110"
"00597e70","FUN_00597e70","0056c300","FUN_0056c300"
"00598140","FUN_00598140","005960b0","FUN_005960b0"
"00598140","FUN_00598140","005964d0","FUN_005964d0"
"00598140","FUN_00598140","005981e0","FUN_005981e0"
"00598410","FUN_00598410","0024b6d0","FUN_0024b6d0"
"00598410","FUN_00598410","005502c8","FUN_005502c8"
"005988a0","FUN_005988a0","0056d030","FUN_0056d030"
"00599740","FUN_00599740","0056a1e0","FUN_0056a1e0"
"00599740","FUN_00599740","0056c3b0","FUN_0056c3b0"
"00599740","FUN_00599740","0056cbd0","FUN_0056cbd0"
"00599800","FUN_00599800","00599b00","FUN_00599b00"
"00599800","FUN_00599800","00599cb0","FUN_00599cb0"
"00599940","FUN_00599940","003d6780","FUN_003d6780"
"00599940","FUN_00599940","003d6840","FUN_003d6840"
"00599940","FUN_00599940","0056a230","FUN_0056a230"
"0059c940","FUN_0059c940","0056cbd0","FUN_0056cbd0"
"0059cca0","FUN_0059cca0","0056a1e0","FUN_0056a1e0"
"0059cca0","FUN_0059cca0","0056c4f0","FUN_0056c4f0"
"0059cca0","FUN_0059cca0","0059c960","FUN_0059c960"
"0059d000","FUN_0059d000","00248f00","FUN_00248f00"
"0059d2c0","FUN_0059d2c0","002bdf40","FUN_002bdf40"
"0059d570","FUN_0059d570","002c14b0","FUN_002c14b0"
"0059d890","FUN_0059d890","002c14b0","FUN_002c14b0"
"0059db70","FUN_0059db70","002c14b0","FUN_002c14b0"
"0059ddd0","FUN_0059ddd0","00263e70","FUN_00263e70"
"0059ddd0","FUN_0059ddd0","002640d0","FUN_002640d0"
"0059ddd0","FUN_0059ddd0","0059df20","FUN_0059df20"
"0059df30","FUN_0059df30","002640d0","FUN_002640d0"
"0059df30","FUN_0059df30","0059ddd0","FUN_0059ddd0"
"0059dfd0","FUN_0059dfd0","001a5a40","FUN_001a5a40"
"0059dfd0","FUN_0059dfd0","002640d0","FUN_002640d0"
"0059dfd0","FUN_0059dfd0","0059e040","FUN_0059e040"
"0059e040","FUN_0059e040","0059e070","FUN_0059e070"
"0059e040","FUN_0059e040","0059e080","FUN_0059e080"
"0059e0a0","FUN_0059e0a0","001a5a40","FUN_001a5a40"
"0059e0a0","FUN_0059e0a0","002640d0","FUN_002640d0"
"0059e190","FUN_0059e190","0059e180","FUN_0059e180"
"0059e330","FUN_0059e330","003ed840","FUN_003ed840"
"0059e350","FUN_0059e350","003e72f0","FUN_003e72f0"
"0059e920","FUN_0059e920","0010f200","FUN_0010f200"
"0059e920","FUN_0059e920","00266310","FUN_00266310"
"0059e920","FUN_0059e920","0059e9d0","FUN_0059e9d0"
"0059e920","FUN_0059e920","0059e9e0","FUN_0059e9e0"
"0059e920","FUN_0059e920","0059ead0","FUN_0059ead0"
"0059eb00","FUN_0059eb00","00290550","FUN_00290550"
"0059eb00","FUN_0059eb00","0059eb30","FUN_0059eb30"
"0059ed80","FUN_0059ed80","002640d0","FUN_002640d0"
"0059ed80","FUN_0059ed80","003e19a0","FUN_003e19a0"
"0059ed80","FUN_0059ed80","003e19c0","FUN_003e19c0"
"0059ed80","FUN_0059ed80","003e1a10","FUN_003e1a10"
"0059ed80","FUN_0059ed80","003e2520","FUN_003e2520"
"0059ed80","FUN_0059ed80","003e26a0","FUN_003e26a0"
"0059ed80","FUN_0059ed80","003e2cf0","FUN_003e2cf0"
"0059ed80","FUN_0059ed80","0059e330","FUN_0059e330"
"0059ed80","FUN_0059ed80","0059e3a0","FUN_0059e3a0"
"0059ed80","FUN_0059ed80","0059ee80","FUN_0059ee80"
"0059ed80","FUN_0059ed80","0059ee90","FUN_0059ee90"
"0059ed80","FUN_0059ed80","0059eea0","FUN_0059eea0"
"0059ef30","FUN_0059ef30","002640d0","FUN_002640d0"
"0059ef30","FUN_0059ef30","002d2fa0","FUN_002d2fa0"
"0059ef30","FUN_0059ef30","004c0f20","FUN_004c0f20"
"0059ef80","FUN_0059ef80","002640d0","FUN_002640d0"
"0059ef80","FUN_0059ef80","002d2fa0","FUN_002d2fa0"
"0059ef80","FUN_0059ef80","004c0f20","FUN_004c0f20"
"0059efd0","FUN_0059efd0","002640d0","FUN_002640d0"
"0059efd0","FUN_0059efd0","002d2fa0","FUN_002d2fa0"
"0059efd0","FUN_0059efd0","004c0f20","FUN_004c0f20"
"0059f090","FUN_0059f090","0059e410","FUN_0059e410"
"0059f250","FUN_0059f250","0059f110","FUN_0059f110"
"0059f250","FUN_0059f250","0059f550","FUN_0059f550"
"0059f250","FUN_0059f250","0059f5a0","FUN_0059f5a0"
"0059f250","FUN_0059f250","0059f830","FUN_0059f830"
"0059f250","FUN_0059f250","0059fab0","FUN_0059fab0"
"0059f3b0","FUN_0059f3b0","0059eef0","FUN_0059eef0"
"0059f550","FUN_0059f550","002cbce0","FUN_002cbce0"
"0059f550","FUN_0059f550","0059f250","FUN_0059f250"
"0059f5a0","FUN_0059f5a0","002cbce0","FUN_002cbce0"
"0059f5a0","FUN_0059f5a0","0059f250","FUN_0059f250"
"0059f690","FUN_0059f690","002bdee0","FUN_002bdee0"
"0059f6e0","FUN_0059f6e0","002c14b0","FUN_002c14b0"
"0059f740","FUN_0059f740","002640d0","FUN_002640d0"
"0059f740","FUN_0059f740","003e9060","FUN_003e9060"
"0059f740","FUN_0059f740","003e90d0","FUN_003e90d0"
"0059f740","FUN_0059f740","003fca20","FUN_003fca20"
"0059f740","FUN_0059f740","00481720","FUN_00481720"
"0059f740","FUN_0059f740","004cb3a0","FUN_004cb3a0"
"0059f740","FUN_0059f740","0059e330","FUN_0059e330"
"0059f740","FUN_0059f740","0059e3a0","FUN_0059e3a0"
"0059f7e0","FUN_0059f7e0","001a5a40","FUN_001a5a40"
"0059f7e0","FUN_0059f7e0","002640d0","FUN_002640d0"
"0059f9b0","FUN_0059f9b0","002640d0","FUN_002640d0"
"0059f9b0","FUN_0059f9b0","002df4d0","FUN_002df4d0"
"0059f9b0","FUN_0059f9b0","0059f310","FUN_0059f310"
"0059fa30","FUN_0059fa30","00198ee0","FUN_00198ee0"
"0059fa30","FUN_0059fa30","001993b0","FUN_001993b0"
"0059fa30","FUN_0059fa30","002640d0","FUN_002640d0"
"0059fc60","FUN_0059fc60","002d2fa0","FUN_002d2fa0"
"0059fd30","FUN_0059fd30","002d2fa0","FUN_002d2fa0"
"0059fec0","FUN_0059fec0","005a01e0","FUN_005a01e0"
"005a04a0","FUN_005a04a0","001018e0","FUN_001018e0"
"005a04a0","FUN_005a04a0","00569e10","FUN_00569e10"
"005a04a0","FUN_005a04a0","005a14b0","FUN_005a14b0"
"005a0530","FUN_005a0530","005a1210","FUN_005a1210"
"005a0530","FUN_005a0530","005a14b0","FUN_005a14b0"
"005a09f0","FUN_005a09f0","0056a4f0","FUN_0056a4f0"
"005a09f0","FUN_005a09f0","005a0f60","FUN_005a0f60"
"005a09f0","FUN_005a09f0","005a14b0","FUN_005a14b0"
"005a0af0","FUN_005a0af0","00580df0","FUN_00580df0"
"005a0af0","FUN_005a0af0","005a0f60","FUN_005a0f60"
"005a0af0","FUN_005a0af0","005a1210","FUN_005a1210"
"005a0af0","FUN_005a0af0","005a1340","FUN_005a1340"
"005a0af0","FUN_005a0af0","005a14b0","FUN_005a14b0"
"005a0f60","FUN_005a0f60","00569e10","FUN_00569e10"
"005a0f60","FUN_005a0f60","00569fe0","FUN_00569fe0"
"005a0f60","FUN_005a0f60","0056c300","FUN_0056c300"
"005a0f60","FUN_005a0f60","00580df0","FUN_00580df0"
"005a0f60","FUN_005a0f60","005a1210","FUN_005a1210"
"005a1210","FUN_005a1210","00580df0","FUN_00580df0"
"005a14b0","FUN_005a14b0","0056a1e0","FUN_0056a1e0"
"005a14b0","FUN_005a14b0","0056c3b0","FUN_0056c3b0"
"005a14b0","FUN_005a14b0","005a1210","FUN_005a1210"
"005a1670","FUN_005a1670","0034e8f8","FUN_0034e8f8"
"006356bc","FUN_006356bc","006356bc","FUN_006356bc"
"00657ec0","FUN_00657ec0","005563e0","FUN_005563e0"
"00657f20","FUN_00657f20","005563e0","FUN_005563e0"
"00657fe0","FUN_00657fe0","0012be60","FUN_0012be60"
"00658350","FUN_00658350","00166580","FUN_00166580"
"00658350","FUN_00658350","0054e5e8","FUN_0054e5e8"
"006583b0","FUN_006583b0","005563e0","FUN_005563e0"
"00658600","FUN_00658600","005563e0","FUN_005563e0"
"00658a20","FUN_00658a20","005563e0","FUN_005563e0"
"00658a80","FUN_00658a80","005563e0","FUN_005563e0"
"00658ae0","FUN_00658ae0","004cfec0","FUN_004cfec0"
"00658ae0","FUN_00658ae0","005563e0","FUN_005563e0"
"00658c50","FUN_00658c50","005563e0","FUN_005563e0"
"00658f50","FUN_00658f50","005563e0","FUN_005563e0"
"00659030","FUN_00659030","005563e0","FUN_005563e0"
"006590b0","FUN_006590b0","005563e0","FUN_005563e0"
"00659200","FUN_00659200","005563e0","FUN_005563e0"
"00659560","FUN_00659560","005563e0","FUN_005563e0"
"006595c0","FUN_006595c0","005563e0","FUN_005563e0"
"006598b0","FUN_006598b0","005563e0","FUN_005563e0"
"00659910","FUN_00659910","005563e0","FUN_005563e0"
"00659b80","FUN_00659b80","005563e0","FUN_005563e0"
"00659c20","FUN_00659c20","005563e0","FUN_005563e0"
"00659d60","FUN_00659d60","005563e0","FUN_005563e0"
"0065a090","FUN_0065a090","005563e0","FUN_005563e0"
"0065a200","FUN_0065a200","003d3e90","FUN_003d3e90"
"0065a290","FUN_0065a290","005563e0","FUN_005563e0"
"0065a2f0","FUN_0065a2f0","005563e0","FUN_005563e0"
"0065a340","FUN_0065a340","005563e0","FUN_005563e0"
"0065a710","FUN_0065a710","003d3e90","FUN_003d3e90"
"0065a7a0","FUN_0065a7a0","005563e0","FUN_005563e0"
"0065a860","FUN_0065a860","004ada20","FUN_004ada20"
"0065a950","FUN_0065a950","005563e0","FUN_005563e0"
"0065aab0","FUN_0065aab0","005563e0","FUN_005563e0"
"0065ab00","FUN_0065ab00","005563e0","FUN_005563e0"
"0065ab60","FUN_0065ab60","005563e0","FUN_005563e0"
"0065aba0","FUN_0065aba0","005563e0","FUN_005563e0"
"0065add0","FUN_0065add0","005563e0","FUN_005563e0"
"0065b1a0","FUN_0065b1a0","00563a20","FUN_00563a20"
