entry,name,namespace,size,external,thunk,decompile_status
"00100008","entry","Global",132,false,false,"ok"
"00100218","thunk_FUN_00545f98","Global",8,false,true,"ok"
"00100230","thunk_FUN_0053b860","Global",8,false,true,"ok"
"00100240","thunk_FUN_0053b840","Global",8,false,true,"ok"
"00100250","FUN_00100250","Global",100,false,false,"ok"
"00100320","FUN_00100320","Global",16,false,false,"ok"
"001005e0","FUN_001005e0","Global",12,false,false,"ok"
"00100780","FUN_00100780","Global",176,false,false,"ok"
"00100850","FUN_00100850","Global",20,false,false,"ok"
"00100b10","FUN_00100b10","Global",12,false,false,"ok"
"00100d20","FUN_00100d20","Global",8,false,false,"ok"
"00100d30","FUN_00100d30","Global",8,false,false,"ok"
"00100d40","FUN_00100d40","Global",20,false,false,"ok"
"00100f00","FUN_00100f00","Global",176,false,false,"ok"
"00100fd0","FUN_00100fd0","Global",120,false,false,"ok"
"00101060","FUN_00101060","Global",8,false,false,"ok"
"00101150","FUN_00101150","Global",12,false,false,"ok"
"001015f0","FUN_001015f0","Global",88,false,false,"ok"
"00101650","FUN_00101650","Global",12,false,false,"ok"
"00101670","FUN_00101670","Global",56,false,false,"ok"
"001016c0","FUN_001016c0","Global",52,false,false,"ok"
"00101700","FUN_00101700","Global",8,false,false,"ok"
"001018e0","FUN_001018e0","Global",256,false,false,"ok"
"00101a00","FUN_00101a00","Global",8,false,false,"ok"
"00101be0","FUN_00101be0","Global",256,false,false,"ok"
"00101d00","FUN_00101d00","Global",28,false,false,"ok"
"00101d30","FUN_00101d30","Global",20,false,false,"ok"
"00101d50","FUN_00101d50","Global",56,false,false,"ok"
"00101db0","FUN_00101db0","Global",40,false,false,"ok"
"00101e00","FUN_00101e00","Global",116,false,false,"ok"
"00101ec0","FUN_00101ec0","Global",40,false,false,"ok"
"00101f00","FUN_00101f00","Global",48,false,false,"ok"
"00101f40","FUN_00101f40","Global",12,false,false,"ok"
"00102050","FUN_00102050","Global",12,false,false,"ok"
"001021a0","FUN_001021a0","Global",44,false,false,"ok"
"00102210","FUN_00102210","Global",52,false,false,"ok"
"00102260","FUN_00102260","Global",132,false,false,"ok"
"00102350","FUN_00102350","Global",40,false,false,"ok"
"001023d0","FUN_001023d0","Global",108,false,false,"ok"
"00102460","FUN_00102460","Global",32,false,false,"ok"
"001024d0","FUN_001024d0","Global",68,false,false,"ok"
"00102570","FUN_00102570","Global",80,false,false,"ok"
"001025d0","FUN_001025d0","Global",24,false,false,"ok"
"001025f0","FUN_001025f0","Global",72,false,false,"ok"
"00102640","FUN_00102640","Global",20,false,false,"ok"
"00102660","FUN_00102660","Global",8,false,false,"ok"
"001026d0","FUN_001026d0","Global",48,false,false,"ok"
"001027e0","FUN_001027e0","Global",36,false,false,"ok"
"00102930","FUN_00102930","Global",12,false,false,"ok"
"00102fc0","FUN_00102fc0","Global",20,false,false,"ok"
"00103080","FUN_00103080","Global",12,false,false,"ok"
"00103410","FUN_00103410","Global",52,false,false,"ok"
"00103450","FUN_00103450","Global",28,false,false,"ok"
"001039b0","FUN_001039b0","Global",28,false,false,"ok"
"00103e60","FUN_00103e60","Global",12,false,false,"ok"
"001041d0","FUN_001041d0","Global",28,false,false,"ok"
"00104670","FUN_00104670","Global",12,false,false,"ok"
"001049c0","FUN_001049c0","Global",24,false,false,"ok"
"00104e70","FUN_00104e70","Global",28,false,false,"ok"
"00105340","FUN_00105340","Global",12,false,false,"ok"
"00105670","FUN_00105670","Global",28,false,false,"ok"
"00105b40","FUN_00105b40","Global",52,false,false,"ok"
"00105ba0","FUN_00105ba0","Global",24,false,false,"ok"
"00105e30","FUN_00105e30","Global",60,false,false,"ok"
"00105f60","FUN_00105f60","Global",240,false,false,"ok"
"001060e0","FUN_001060e0","Global",48,false,false,"ok"
"001062e0","FUN_001062e0","Global",388,false,false,"ok"
"00106850","FUN_00106850","Global",24,false,false,"ok"
"00106bc0","FUN_00106bc0","Global",60,false,false,"ok"
"00106d00","FUN_00106d00","Global",180,false,false,"ok"
"00106dc0","FUN_00106dc0","Global",268,false,false,"ok"
"00107510","FUN_00107510","Global",16,false,false,"ok"
"001075a0","FUN_001075a0","Global",36,false,false,"ok"
"00107650","FUN_00107650","Global",16,false,false,"ok"
"001077a0","FUN_001077a0","Global",304,false,false,"ok"
"00107900","FUN_00107900","Global",44,false,false,"ok"
"00107940","FUN_00107940","Global",8,false,false,"ok"
"001079d0","FUN_001079d0","Global",8,false,false,"ok"
"00107a90","FUN_00107a90","Global",20,false,false,"ok"
"00107b70","FUN_00107b70","Global",24,false,false,"ok"
"00107c90","FUN_00107c90","Global",12,false,false,"ok"
"00107dc0","FUN_00107dc0","Global",24,false,false,"ok"
"00108020","FUN_00108020","Global",16,false,false,"ok"
"00108360","FUN_00108360","Global",92,false,false,"ok"
"001083d0","FUN_001083d0","Global",28,false,false,"ok"
"001086d0","FUN_001086d0","Global",8,false,false,"ok"
"00108900","FUN_00108900","Global",8,false,false,"ok"
"00108a40","FUN_00108a40","Global",64,false,false,"ok"
"00108a90","FUN_00108a90","Global",16,false,false,"ok"
"00109e60","FUN_00109e60","Global",200,false,false,"ok"
"00109f40","FUN_00109f40","Global",16,false,false,"ok"
"0010a020","FUN_0010a020","Global",24,false,false,"ok"
"0010a040","FUN_0010a040","Global",24,false,false,"ok"
"0010a0a0","FUN_0010a0a0","Global",20,false,false,"ok"
"0010a0c0","FUN_0010a0c0","Global",20,false,false,"ok"
"0010a0e0","FUN_0010a0e0","Global",84,false,false,"ok"
"0010a140","FUN_0010a140","Global",48,false,false,"ok"
"0010a1c0","FUN_0010a1c0","Global",76,false,false,"ok"
"0010a220","FUN_0010a220","Global",8,false,false,"ok"
"0010a360","FUN_0010a360","Global",236,false,false,"ok"
"0010a460","FUN_0010a460","Global",32,false,false,"ok"
"0010a490","FUN_0010a490","Global",96,false,false,"ok"
"0010a500","FUN_0010a500","Global",88,false,false,"ok"
"0010a570","FUN_0010a570","Global",156,false,false,"ok"
"0010a620","FUN_0010a620","Global",8,false,false,"ok"
"0010a790","FUN_0010a790","Global",164,false,false,"ok"
"0010a850","FUN_0010a850","Global",24,false,false,"ok"
"0010a8f0","FUN_0010a8f0","Global",36,false,false,"ok"
"0010a920","FUN_0010a920","Global",44,false,false,"ok"
"0010a970","FUN_0010a970","Global",8,false,false,"ok"
"0010aaf0","FUN_0010aaf0","Global",16,false,false,"ok"
"0010ab20","FUN_0010ab20","Global",12,false,false,"ok"
"0010ab40","FUN_0010ab40","Global",12,false,false,"ok"
"0010ab60","FUN_0010ab60","Global",636,false,false,"ok"
"0010aee0","FUN_0010aee0","Global",24,false,false,"ok"
"0010af00","FUN_0010af00","Global",136,false,false,"ok"
"0010afa0","FUN_0010afa0","Global",92,false,false,"ok"
"0010b010","FUN_0010b010","Global",16,false,false,"ok"
"0010b0c0","FUN_0010b0c0","Global",68,false,false,"ok"
"0010b120","FUN_0010b120","Global",16,false,false,"ok"
"0010b2f0","FUN_0010b2f0","Global",20,false,false,"ok"
"0010b580","FUN_0010b580","Global",28,false,false,"ok"
"0010b6e0","FUN_0010b6e0","Global",52,false,false,"ok"
"0010b720","FUN_0010b720","Global",24,false,false,"ok"
"0010b7a0","FUN_0010b7a0","Global",24,false,false,"ok"
"0010b7c0","FUN_0010b7c0","Global",24,false,false,"ok"
"0010b880","FUN_0010b880","Global",100,false,false,"ok"
"0010b910","FUN_0010b910","Global",96,false,false,"ok"
"0010b980","FUN_0010b980","Global",24,false,false,"ok"
"0010ba60","FUN_0010ba60","Global",8,false,false,"ok"
"0010bcf0","FUN_0010bcf0","Global",8,false,false,"ok"
"0010bfd0","FUN_0010bfd0","Global",36,false,false,"ok"
"0010c000","FUN_0010c000","Global",8,false,false,"ok"
"0010c2f0","FUN_0010c2f0","Global",92,false,false,"ok"
"0010c390","FUN_0010c390","Global",68,false,false,"ok"
"0010c3f0","FUN_0010c3f0","Global",28,false,false,"ok"
"0010c420","FUN_0010c420","Global",24,false,false,"ok"
"0010c6f0","FUN_0010c6f0","Global",8,false,false,"ok"
"0010c760","FUN_0010c760","Global",132,false,false,"ok"
"0010c800","FUN_0010c800","Global",16,false,false,"ok"
"0010cac0","FUN_0010cac0","Global",16,false,false,"ok"
"0010cc20","FUN_0010cc20","Global",12,false,false,"ok"
"0010cd50","FUN_0010cd50","Global",16,false,false,"ok"
"0010ced0","FUN_0010ced0","Global",16,false,false,"ok"
"0010d2c0","FUN_0010d2c0","Global",388,false,false,"ok"
"0010d460","FUN_0010d460","Global",24,false,false,"ok"
"0010dba0","FUN_0010dba0","Global",16,false,false,"ok"
"0010dbd0","FUN_0010dbd0","Global",8,false,false,"ok"
"0010dd70","FUN_0010dd70","Global",20,false,false,"ok"
"0010e2a0","FUN_0010e2a0","Global",20,false,false,"ok"
"0010e800","FUN_0010e800","Global",80,false,false,"ok"
"0010e870","FUN_0010e870","Global",64,false,false,"ok"
"0010e9f0","FUN_0010e9f0","Global",220,false,false,"ok"
"0010eae0","FUN_0010eae0","Global",80,false,false,"ok"
"0010eb40","FUN_0010eb40","Global",1,false,false,"ok"
"0010eb70","FUN_0010eb70","Global",32,false,false,"ok"
"0010eba0","FUN_0010eba0","Global",96,false,false,"ok"
"0010ec10","FUN_0010ec10","Global",8,false,false,"ok"
"0010ec80","FUN_0010ec80","Global",56,false,false,"ok"
"0010ece0","FUN_0010ece0","Global",92,false,false,"ok"
"0010ed50","FUN_0010ed50","Global",36,false,false,"ok"
"0010ed80","FUN_0010ed80","Global",104,false,false,"ok"
"0010edf0","FUN_0010edf0","Global",16,false,false,"ok"
"0010efc0","FUN_0010efc0","Global",48,false,false,"ok"
"0010f000","FUN_0010f000","Global",8,false,false,"ok"
"0010f010","FUN_0010f010","Global",28,false,false,"ok"
"0010f080","FUN_0010f080","Global",28,false,false,"ok"
"0010f100","FUN_0010f100","Global",28,false,false,"ok"
"0010f180","FUN_0010f180","Global",28,false,false,"ok"
"0010f200","FUN_0010f200","Global",8,false,false,"ok"
"0010f3c0","FUN_0010f3c0","Global",28,false,false,"ok"
"0010f480","FUN_0010f480","Global",28,false,false,"ok"
"0010f540","FUN_0010f540","Global",28,false,false,"ok"
"0010f600","FUN_0010f600","Global",8,false,false,"ok"
"0010fae0","FUN_0010fae0","Global",8,false,false,"ok"
"0010fb60","FUN_0010fb60","Global",128,false,false,"ok"
"0010fbf0","FUN_0010fbf0","Global",8,false,false,"ok"
"0010fc70","FUN_0010fc70","Global",680,false,false,"ok"
"0010fd70","FUN_0010fd70","Global",268,false,false,"ok"
"0010fe90","FUN_0010fe90","Global",192,false,false,"ok"
"00110060","FUN_00110060","Global",24,false,false,"ok"
"001100d0","FUN_001100d0","Global",104,false,false,"ok"
"00110140","FUN_00110140","Global",40,false,false,"ok"
"00110280","FUN_00110280","Global",32,false,false,"ok"
"00110310","FUN_00110310","Global",2408,false,false,"ok"
"00110390","FUN_00110390","Global",12,false,false,"ok"
"00110400","FUN_00110400","Global",12,false,false,"ok"
"00110490","FUN_00110490","Global",1,false,false,"ok"
"001104a0","FUN_001104a0","Global",1,false,false,"ok"
"001104b0","FUN_001104b0","Global",276,false,false,"ok"
"001105d0","FUN_001105d0","Global",200,false,false,"ok"
"001106c0","FUN_001106c0","Global",28,false,false,"ok"
"00110740","FUN_00110740","Global",28,false,false,"ok"
"00110780","FUN_00110780","Global",28,false,false,"ok"
"001107c0","FUN_001107c0","Global",28,false,false,"ok"
"00110800","FUN_00110800","Global",36,false,false,"ok"
"00110830","FUN_00110830","Global",8,false,false,"ok"
"00110920","FUN_00110920","Global",12,false,false,"ok"
"00110aa0","FUN_00110aa0","Global",28,false,false,"ok"
"00110c50","FUN_00110c50","Global",32,false,false,"ok"
"00110c80","FUN_00110c80","Global",28,false,false,"ok"
"00110cb0","FUN_00110cb0","Global",64,false,false,"ok"
"00110d10","FUN_00110d10","Global",100,false,false,"ok"
"00110d90","FUN_00110d90","Global",104,false,false,"ok"
"00110e20","FUN_00110e20","Global",16,false,false,"ok"
"00111100","FUN_00111100","Global",96,false,false,"ok"
"001111a0","FUN_001111a0","Global",28,false,false,"ok"
"001111d0","FUN_001111d0","Global",12,false,false,"ok"
"001112a0","FUN_001112a0","Global",12,false,false,"ok"
"00111330","FUN_00111330","Global",96,false,false,"ok"
"00111354","FUN_00111354","Global",36,false,false,"ok"
"00111378","FUN_00111378","Global",32,false,false,"ok"
"001114a4","FUN_001114a4","Global",68,false,false,"ok"
"001114e8","FUN_001114e8","Global",68,false,false,"ok"
"0011152c","FUN_0011152c","Global",40,false,false,"ok"
"00111670","FUN_00111670","Global",8,false,false,"ok"
"00111760","FUN_00111760","Global",32,false,false,"ok"
"001117a0","FUN_001117a0","Global",12,false,false,"ok"
"00111940","FUN_00111940","Global",72,false,false,"ok"
"00111990","FUN_00111990","Global",84,false,false,"ok"
"00111a00","FUN_00111a00","Global",24,false,false,"ok"
"00111a40","FUN_00111a40","Global",4,false,false,"ok"
"00111a50","FUN_00111a50","Global",8,false,false,"ok"
"00111a60","FUN_00111a60","Global",16,false,false,"ok"
"00111a90","FUN_00111a90","Global",20,false,false,"ok"
"00111aa4","FUN_00111aa4","Global",36,false,false,"ok"
"00111ac8","FUN_00111ac8","Global",36,false,false,"ok"
"00111aec","FUN_00111aec","Global",36,false,false,"ok"
"00111b10","FUN_00111b10","Global",36,false,false,"ok"
"00111b34","FUN_00111b34","Global",36,false,false,"ok"
"00111b58","FUN_00111b58","Global",112,false,false,"ok"
"00111bf0","FUN_00111bf0","Global",152,false,false,"ok"
"00111cb0","FUN_00111cb0","Global",24,false,false,"ok"
"00111cf0","FUN_00111cf0","Global",16,false,false,"ok"
"00111d30","FUN_00111d30","Global",16,false,false,"ok"
"00111da0","FUN_00111da0","Global",44,false,false,"ok"
"00111de0","FUN_00111de0","Global",36,false,false,"ok"
"00111e20","FUN_00111e20","Global",8,false,false,"ok"
"00111e80","FUN_00111e80","Global",44,false,false,"ok"
"00111ec0","FUN_00111ec0","Global",104,false,false,"ok"
"00111f30","FUN_00111f30","Global",24,false,false,"ok"
"00111f50","FUN_00111f50","Global",12,false,false,"ok"
"00112150","FUN_00112150","Global",8,false,false,"ok"
"00112210","FUN_00112210","Global",16,false,false,"ok"
"001122e0","FUN_001122e0","Global",96,false,false,"ok"
"00112380","FUN_00112380","Global",16,false,false,"ok"
"00112450","FUN_00112450","Global",20,false,false,"ok"
"001125f0","FUN_001125f0","Global",40,false,false,"ok"
"00112620","FUN_00112620","Global",108,false,false,"ok"
"001126a0","FUN_001126a0","Global",88,false,false,"ok"
"00112710","FUN_00112710","Global",12,false,false,"ok"
"00112860","FUN_00112860","Global",20,false,false,"ok"
"00112b40","FUN_00112b40","Global",12,false,false,"ok"
"00112cd0","FUN_00112cd0","Global",12,false,false,"ok"
"00112e10","FUN_00112e10","Global",44,false,false,"ok"
"00112e50","FUN_00112e50","Global",372,false,false,"ok"
"00112fd0","FUN_00112fd0","Global",140,false,false,"ok"
"00113080","FUN_00113080","Global",36,false,false,"ok"
"001130c0","FUN_001130c0","Global",1,false,false,"ok"
"00113120","FUN_00113120","Global",276,false,false,"ok"
"00113560","FUN_00113560","Global",24,false,false,"ok"
"00113780","FUN_00113780","Global",12,false,false,"ok"
"001142a0","FUN_001142a0","Global",12,false,false,"ok"
"00114cc0","FUN_00114cc0","Global",24,false,false,"ok"
"00115190","FUN_00115190","Global",100,false,false,"ok"
"00115200","FUN_00115200","Global",256,false,false,"ok"
"00115730","FUN_00115730","Global",16,false,false,"ok"
"00115e50","FUN_00115e50","Global",20,false,false,"ok"
"00116180","FUN_00116180","Global",8,false,false,"ok"
"00117700","FUN_00117700","Global",16,false,false,"ok"
"00117d90","FUN_00117d90","Global",32,false,false,"ok"
"00118290","FUN_00118290","Global",8,false,false,"ok"
"00118560","FUN_00118560","Global",8,false,false,"ok"
"00118820","FUN_00118820","Global",20,false,false,"ok"
"00118aa0","FUN_00118aa0","Global",12,false,false,"ok"
"0011b020","FUN_0011b020","Global",8,false,false,"ok"
"0011b4f0","FUN_0011b4f0","Global",8,false,false,"ok"
"0011ba10","FUN_0011ba10","Global",128,false,false,"ok"
"0011baa0","FUN_0011baa0","Global",8,false,false,"ok"
"0011c3b0","FUN_0011c3b0","Global",68,false,false,"ok"
"0011c440","FUN_0011c440","Global",32,false,false,"ok"
"0011c5e0","FUN_0011c5e0","Global",84,false,false,"ok"
"0011c780","FUN_0011c780","Global",24,false,false,"ok"
"0011ccc0","FUN_0011ccc0","Global",12,false,false,"ok"
"0011d0e0","FUN_0011d0e0","Global",28,false,false,"ok"
"0011d240","FUN_0011d240","Global",176,false,false,"ok"
"0011d320","FUN_0011d320","Global",20,false,false,"ok"
"0011da20","FUN_0011da20","Global",20,false,false,"ok"
"0011e130","FUN_0011e130","Global",20,false,false,"ok"
"0011e550","FUN_0011e550","Global",16,false,false,"ok"
"0011ec80","FUN_0011ec80","Global",52,false,false,"ok"
"0011ecd0","FUN_0011ecd0","Global",44,false,false,"ok"
"0011ee10","FUN_0011ee10","Global",48,false,false,"ok"
"0011ee90","FUN_0011ee90","Global",36,false,false,"ok"
"0011eed0","FUN_0011eed0","Global",32,false,false,"ok"
"0011ef00","FUN_0011ef00","Global",36,false,false,"ok"
"0011ef30","FUN_0011ef30","Global",196,false,false,"ok"
"0011f000","FUN_0011f000","Global",36,false,false,"ok"
"0011f030","FUN_0011f030","Global",60,false,false,"ok"
"0011f080","FUN_0011f080","Global",24,false,false,"ok"
"0011f4c0","FUN_0011f4c0","Global",12,false,false,"ok"
"001205d0","FUN_001205d0","Global",16,false,false,"ok"
"00120d60","FUN_00120d60","Global",20,false,false,"ok"
"00121430","FUN_00121430","Global",16,false,false,"ok"
"00121770","FUN_00121770","Global",20,false,false,"ok"
"00121cd0","FUN_00121cd0","Global",20,false,false,"ok"
"001221d0","FUN_001221d0","Global",12,false,false,"ok"
"001226f0","FUN_001226f0","Global",8,false,false,"ok"
"00122d30","FUN_00122d30","Global",8,false,false,"ok"
"00123290","FUN_00123290","Global",76,false,false,"ok"
"00123550","FUN_00123550","Global",16,false,false,"ok"
"001239e0","FUN_001239e0","Global",16,false,false,"ok"
"00127090","FUN_00127090","Global",36,false,false,"ok"
"001271b0","FUN_001271b0","Global",12,false,false,"ok"
"00127600","FUN_00127600","Global",12,false,false,"ok"
"001278e0","FUN_001278e0","Global",24,false,false,"ok"
"00127c00","FUN_00127c00","Global",16,false,false,"ok"
"00127da0","FUN_00127da0","Global",40,false,false,"ok"
"00127fc0","FUN_00127fc0","Global",16,false,false,"ok"
"00128500","FUN_00128500","Global",16,false,false,"ok"
"00128600","FUN_00128600","Global",136,false,false,"ok"
"001286a0","FUN_001286a0","Global",12,false,false,"ok"
"00128bf0","FUN_00128bf0","Global",28,false,false,"ok"
"00129bf0","FUN_00129bf0","Global",8,false,false,"ok"
"0012a910","FUN_0012a910","Global",28,false,false,"ok"
"0012b220","FUN_0012b220","Global",20,false,false,"ok"
"0012b240","FUN_0012b240","Global",20,false,false,"ok"
"0012b260","FUN_0012b260","Global",180,false,false,"ok"
"0012b330","FUN_0012b330","Global",84,false,false,"ok"
"0012b390","FUN_0012b390","Global",48,false,false,"ok"
"0012b3d0","FUN_0012b3d0","Global",32,false,false,"ok"
"0012b460","FUN_0012b460","Global",164,false,false,"ok"
"0012b530","FUN_0012b530","Global",12,false,false,"ok"
"0012bca0","FUN_0012bca0","Global",8,false,false,"ok"
"0012bdc0","FUN_0012bdc0","Global",44,false,false,"ok"
"0012be00","FUN_0012be00","Global",28,false,false,"ok"
"0012be30","FUN_0012be30","Global",28,false,false,"ok"
"0012be60","FUN_0012be60","Global",88,false,false,"ok"
"0012bec0","FUN_0012bec0","Global",116,false,false,"ok"
"0012bf50","FUN_0012bf50","Global",8,false,false,"ok"
"0012bf60","FUN_0012bf60","Global",12,false,false,"ok"
"0012bff0","FUN_0012bff0","Global",160,false,false,"ok"
"0012c0a0","FUN_0012c0a0","Global",28,false,false,"ok"
"0012c2c0","FUN_0012c2c0","Global",84,false,false,"ok"
"0012c330","FUN_0012c330","Global",80,false,false,"ok"
"0012c390","FUN_0012c390","Global",172,false,false,"ok"
"0012c4c0","FUN_0012c4c0","Global",24,false,false,"ok"
"0012c4e0","FUN_0012c4e0","Global",36,false,false,"ok"
"0012c510","FUN_0012c510","Global",20,false,false,"ok"
"0012c6f0","FUN_0012c6f0","Global",24,false,false,"ok"
"0012cb50","FUN_0012cb50","Global",20,false,false,"ok"
"0012cdd0","FUN_0012cdd0","Global",256,false,false,"ok"
"0012cee0","FUN_0012cee0","Global",212,false,false,"ok"
"0012d090","FUN_0012d090","Global",24,false,false,"ok"
"0012e0e0","thunk_FUN_0012e0f0","Global",8,false,true,"ok"
"0012e0f0","FUN_0012e0f0","Global",220,false,false,"ok"
"0012e1e0","FUN_0012e1e0","Global",16,false,false,"ok"
"0012f950","FUN_0012f950","Global",16,false,false,"ok"
"001301c0","FUN_001301c0","Global",84,false,false,"ok"
"00130220","FUN_00130220","Global",16,false,false,"ok"
"001311c0","FUN_001311c0","Global",8,false,false,"ok"
"001312c0","FUN_001312c0","Global",12,false,false,"ok"
"00131560","FUN_00131560","Global",204,false,false,"ok"
"00131650","FUN_00131650","Global",12,false,false,"ok"
"001328e0","FUN_001328e0","Global",8,false,false,"ok"
"00132af0","FUN_00132af0","Global",8,false,false,"ok"
"00132bc0","FUN_00132bc0","Global",224,false,false,"ok"
"00132cc0","FUN_00132cc0","Global",16,false,false,"ok"
"00132d10","FUN_00132d10","Global",184,false,false,"ok"
"00132dd0","FUN_00132dd0","Global",12,false,false,"ok"
"00133170","FUN_00133170","Global",8,false,false,"ok"
"00133860","FUN_00133860","Global",100,false,false,"ok"
"001338d0","FUN_001338d0","Global",60,false,false,"ok"
"00133920","FUN_00133920","Global",44,false,false,"ok"
"00133960","FUN_00133960","Global",16,false,false,"ok"
"00133a40","FUN_00133a40","Global",28,false,false,"ok"
"00133ae0","FUN_00133ae0","Global",8,false,false,"ok"
"00134570","FUN_00134570","Global",316,false,false,"ok"
"001346e0","FUN_001346e0","Global",20,false,false,"ok"
"00136450","FUN_00136450","Global",20,false,false,"ok"
"00136640","FUN_00136640","Global",32,false,false,"ok"
"00136af0","FUN_00136af0","Global",8,false,false,"ok"
"00138370","FUN_00138370","Global",80,false,false,"ok"
"001383d0","FUN_001383d0","Global",12,false,false,"ok"
"00138eb0","FUN_00138eb0","Global",8,false,false,"ok"
"00139320","FUN_00139320","Global",24,false,false,"ok"
"001397d0","FUN_001397d0","Global",120,false,false,"ok"
"00139e50","FUN_00139e50","Global",16,false,false,"ok"
"0013a4c0","FUN_0013a4c0","Global",16,false,false,"ok"
"0013aaf0","FUN_0013aaf0","Global",20,false,false,"ok"
"0013b500","FUN_0013b500","Global",12,false,false,"ok"
"0013b6f0","FUN_0013b6f0","Global",16,false,false,"ok"
"0013be20","FUN_0013be20","Global",16,false,false,"ok"
"0013c600","FUN_0013c600","Global",20,false,false,"ok"
"0013ccf0","FUN_0013ccf0","Global",68,false,false,"ok"
"0013cd70","FUN_0013cd70","Global",20,false,false,"ok"
"0013d460","FUN_0013d460","Global",16,false,false,"ok"
"0013d790","FUN_0013d790","Global",20,false,false,"ok"
"0013d7c0","FUN_0013d7c0","Global",8,false,false,"ok"
"0013d7d0","FUN_0013d7d0","Global",56,false,false,"ok"
"0013d810","FUN_0013d810","Global",20,false,false,"ok"
"0013dd30","FUN_0013dd30","Global",84,false,false,"ok"
"0013de10","FUN_0013de10","Global",76,false,false,"ok"
"0013e200","FUN_0013e200","Global",168,false,false,"ok"
"0013e2b0","FUN_0013e2b0","Global",20,false,false,"ok"
"0013e6c0","FUN_0013e6c0","Global",12,false,false,"ok"
"0013e770","FUN_0013e770","Global",16,false,false,"ok"
"0013eb80","FUN_0013eb80","Global",24,false,false,"ok"
"0013ed50","FUN_0013ed50","Global",12,false,false,"ok"
"0013ef50","FUN_0013ef50","Global",384,false,false,"ok"
"0013f0f0","FUN_0013f0f0","Global",56,false,false,"ok"
"0013f140","FUN_0013f140","Global",340,false,false,"ok"
"0013f2b0","FUN_0013f2b0","Global",80,false,false,"ok"
"0013f340","FUN_0013f340","Global",56,false,false,"ok"
"0013f3d0","FUN_0013f3d0","Global",60,false,false,"ok"
"0013f450","FUN_0013f450","Global",52,false,false,"ok"
"0013f4a0","FUN_0013f4a0","Global",196,false,false,"ok"
"0013f5e0","FUN_0013f5e0","Global",256,false,false,"ok"
"0013f6f0","FUN_0013f6f0","Global",40,false,false,"ok"
"0013f780","FUN_0013f780","Global",12,false,false,"ok"
"001410b0","FUN_001410b0","Global",132,false,false,"ok"
"001411b0","FUN_001411b0","Global",8,false,false,"ok"
"00141370","FUN_00141370","Global",52,false,false,"ok"
"001413f0","FUN_001413f0","Global",16,false,false,"ok"
"00141fc0","FUN_00141fc0","Global",120,false,false,"ok"
"00142050","FUN_00142050","Global",28,false,false,"ok"
"00142080","FUN_00142080","Global",64,false,false,"ok"
"001420c0","FUN_001420c0","Global",28,false,false,"ok"
"00142860","FUN_00142860","Global",20,false,false,"ok"
"00143870","FUN_00143870","Global",12,false,false,"ok"
"00144890","FUN_00144890","Global",20,false,false,"ok"
"00144e70","FUN_00144e70","Global",92,false,false,"ok"
"00144f00","FUN_00144f00","Global",16,false,false,"ok"
"001453c0","FUN_001453c0","Global",112,false,false,"ok"
"001454f0","FUN_001454f0","Global",108,false,false,"ok"
"00145630","FUN_00145630","Global",20,false,false,"ok"
"00145bb0","FUN_00145bb0","Global",12,false,false,"ok"
"00146610","FUN_00146610","Global",16,false,false,"ok"
"00147b40","FUN_00147b40","Global",80,false,false,"ok"
"00147ba0","FUN_00147ba0","Global",80,false,false,"ok"
"00147c90","FUN_00147c90","Global",12,false,false,"ok"
"00147d40","FUN_00147d40","Global",80,false,false,"ok"
"00147e20","FUN_00147e20","Global",20,false,false,"ok"
"00147fe0","FUN_00147fe0","Global",28,false,false,"ok"
"00148210","FUN_00148210","Global",28,false,false,"ok"
"00148570","FUN_00148570","Global",20,false,false,"ok"
"001489f0","FUN_001489f0","Global",20,false,false,"ok"
"00148c70","FUN_00148c70","Global",28,false,false,"ok"
"001497b0","FUN_001497b0","Global",16,false,false,"ok"
"0014a960","FUN_0014a960","Global",8,false,false,"ok"
"0014d7f0","FUN_0014d7f0","Global",12,false,false,"ok"
"0014ee60","FUN_0014ee60","Global",392,false,false,"ok"
"0014f000","FUN_0014f000","Global",20,false,false,"ok"
"0014f910","FUN_0014f910","Global",308,false,false,"ok"
"0014fa60","FUN_0014fa60","Global",24,false,false,"ok"
"00150010","FUN_00150010","Global",108,false,false,"ok"
"001500f0","FUN_001500f0","Global",64,false,false,"ok"
"00150140","FUN_00150140","Global",12,false,false,"ok"
"00150dc0","FUN_00150dc0","Global",8,false,false,"ok"
"00154210","FUN_00154210","Global",16,false,false,"ok"
"00154700","FUN_00154700","Global",68,false,false,"ok"
"00154750","FUN_00154750","Global",44,false,false,"ok"
"00154790","FUN_00154790","Global",12,false,false,"ok"
"00155170","FUN_00155170","Global",20,false,false,"ok"
"00155aa0","FUN_00155aa0","Global",12,false,false,"ok"
"001560c0","FUN_001560c0","Global",20,false,false,"ok"
"00156550","FUN_00156550","Global",20,false,false,"ok"
"001567f0","FUN_001567f0","Global",16,false,false,"ok"
"00156a10","FUN_00156a10","Global",12,false,false,"ok"
"00156c70","FUN_00156c70","Global",12,false,false,"ok"
"00156d70","FUN_00156d70","Global",188,false,false,"ok"
"00156e40","FUN_00156e40","Global",12,false,false,"ok"
"00156f20","FUN_00156f20","Global",260,false,false,"ok"
"00157050","FUN_00157050","Global",152,false,false,"ok"
"001571b0","FUN_001571b0","Global",84,false,false,"ok"
"00157210","FUN_00157210","Global",312,false,false,"ok"
"001573c0","FUN_001573c0","Global",8,false,false,"ok"
"001576f0","FUN_001576f0","Global",24,false,false,"ok"
"00157a80","FUN_00157a80","Global",12,false,false,"ok"
"00157db0","FUN_00157db0","Global",8,false,false,"ok"
"00158750","FUN_00158750","Global",680,false,false,"ok"
"00158a10","FUN_00158a10","Global",464,false,false,"ok"
"00159510","FUN_00159510","Global",52,false,false,"ok"
"00159570","FUN_00159570","Global",104,false,false,"ok"
"001596d0","FUN_001596d0","Global",24,false,false,"ok"
"00159a30","FUN_00159a30","Global",60,false,false,"ok"
"00159a80","FUN_00159a80","Global",12,false,false,"ok"
"00159db0","FUN_00159db0","Global",20,false,false,"ok"
"0015a1e0","FUN_0015a1e0","Global",156,false,false,"ok"
"0015a290","FUN_0015a290","Global",820,false,false,"ok"
"0015a5e0","FUN_0015a5e0","Global",12,false,false,"ok"
"0015a8c0","FUN_0015a8c0","Global",212,false,false,"ok"
"0015aa00","FUN_0015aa00","Global",12,false,false,"ok"
"0015b200","FUN_0015b200","Global",272,false,false,"ok"
"0015b330","FUN_0015b330","Global",332,false,false,"ok"
"0015b490","FUN_0015b490","Global",16,false,false,"ok"
"0015b6f0","FUN_0015b6f0","Global",20,false,false,"ok"
"0015bc40","FUN_0015bc40","Global",32,false,false,"ok"
"0015c1b0","FUN_0015c1b0","Global",24,false,false,"ok"
"0015ccc0","FUN_0015ccc0","Global",12,false,false,"ok"
"0015ddf0","FUN_0015ddf0","Global",20,false,false,"ok"
"0015e070","FUN_0015e070","Global",24,false,false,"ok"
"0015e700","FUN_0015e700","Global",168,false,false,"ok"
"0015e7c0","FUN_0015e7c0","Global",176,false,false,"ok"
"0015e880","FUN_0015e880","Global",168,false,false,"ok"
"0015e940","FUN_0015e940","Global",168,false,false,"ok"
"0015ea00","FUN_0015ea00","Global",176,false,false,"ok"
"0015eb00","FUN_0015eb00","Global",80,false,false,"ok"
"0015eb90","FUN_0015eb90","Global",20,false,false,"ok"
"0015ecf0","FUN_0015ecf0","Global",8,false,false,"ok"
"0015f030","FUN_0015f030","Global",12,false,false,"ok"
"0015f100","FUN_0015f100","Global",28,false,false,"ok"
"0015f130","FUN_0015f130","Global",68,false,false,"ok"
"0015f1f0","FUN_0015f1f0","Global",20,false,false,"ok"
"0015f930","FUN_0015f930","Global",2336,false,false,"ok"
"00160280","FUN_00160280","Global",60,false,false,"ok"
"001604e0","FUN_001604e0","Global",12,false,false,"ok"
"00161530","FUN_00161530","Global",292,false,false,"ok"
"00161670","FUN_00161670","Global",16,false,false,"ok"
"001624c0","FUN_001624c0","Global",48,false,false,"ok"
"00162520","FUN_00162520","Global",44,false,false,"ok"
"00162560","FUN_00162560","Global",20,false,false,"ok"
"00162580","FUN_00162580","Global",4,false,false,"ok"
"00162590","FUN_00162590","Global",4,false,false,"ok"
"001625a0","FUN_001625a0","Global",24,false,false,"ok"
"001625c0","FUN_001625c0","Global",80,false,false,"ok"
"00162620","FUN_00162620","Global",32,false,false,"ok"
"00162650","FUN_00162650","Global",88,false,false,"ok"
"001626b0","FUN_001626b0","Global",28,false,false,"ok"
"001626e0","FUN_001626e0","Global",1,false,false,"ok"
"00162750","FUN_00162750","Global",8,false,false,"ok"
"00162880","FUN_00162880","Global",16,false,false,"ok"
"001629f0","FUN_001629f0","Global",20,false,false,"ok"
"00162c90","FUN_00162c90","Global",8,false,false,"ok"
"00162f10","FUN_00162f10","Global",28,false,false,"ok"
"00163670","FUN_00163670","Global",28,false,false,"ok"
"00163a20","FUN_00163a20","Global",32,false,false,"ok"
"00163aa0","FUN_00163aa0","Global",28,false,false,"ok"
"001640d0","FUN_001640d0","Global",20,false,false,"ok"
"00164400","FUN_00164400","Global",12,false,false,"ok"
"00164a50","FUN_00164a50","Global",12,false,false,"ok"
"00164b30","FUN_00164b30","Global",8,false,false,"ok"
"001651d0","FUN_001651d0","Global",8,false,false,"ok"
"00165790","FUN_00165790","Global",20,false,false,"ok"
"00165f90","FUN_00165f90","Global",8,false,false,"ok"
"00166080","FUN_00166080","Global",8,false,false,"ok"
"00166530","FUN_00166530","Global",64,false,false,"ok"
"00166580","FUN_00166580","Global",1,false,false,"ok"
"00166590","FUN_00166590","Global",28,false,false,"ok"
"00166730","FUN_00166730","Global",24,false,false,"ok"
"00166eb0","FUN_00166eb0","Global",28,false,false,"ok"
"00166ee0","FUN_00166ee0","Global",56,false,false,"ok"
"00166f30","FUN_00166f30","Global",12,false,false,"ok"
"001678b0","FUN_001678b0","Global",8,false,false,"ok"
"00167b80","FUN_00167b80","Global",8,false,false,"ok"
"00167b90","FUN_00167b90","Global",12,false,false,"ok"
"00167be0","FUN_00167be0","Global",16,false,false,"ok"
"00167c80","FUN_00167c80","Global",64,false,false,"ok"
"00167ce0","FUN_00167ce0","Global",136,false,false,"ok"
"00167da0","FUN_00167da0","Global",32,false,false,"ok"
"00167e00","FUN_00167e00","Global",284,false,false,"ok"
"00167f50","FUN_00167f50","Global",344,false,false,"ok"
"00168110","FUN_00168110","Global",16,false,false,"ok"
"00168700","FUN_00168700","Global",16,false,false,"ok"
"00168ba0","FUN_00168ba0","Global",112,false,false,"ok"
"00168c20","FUN_00168c20","Global",304,false,false,"ok"
"00168d60","FUN_00168d60","Global",136,false,false,"ok"
"00168e00","FUN_00168e00","Global",40,false,false,"ok"
"00168e40","FUN_00168e40","Global",336,false,false,"ok"
"00169010","FUN_00169010","Global",24,false,false,"ok"
"00169940","FUN_00169940","Global",12,false,false,"ok"
"0016a330","FUN_0016a330","Global",12,false,false,"ok"
"0016a490","FUN_0016a490","Global",24,false,false,"ok"
"0016ada0","FUN_0016ada0","Global",48,false,false,"ok"
"0016ae60","FUN_0016ae60","Global",300,false,false,"ok"
"0016afb0","FUN_0016afb0","Global",8,false,false,"ok"
"0016b250","FUN_0016b250","Global",208,false,false,"ok"
"0016b330","FUN_0016b330","Global",56,false,false,"ok"
"0016b610","FUN_0016b610","Global",440,false,false,"ok"
"0016b7e0","FUN_0016b7e0","Global",80,false,false,"ok"
"0016b840","FUN_0016b840","Global",32,false,false,"ok"
"0016ba10","FUN_0016ba10","Global",68,false,false,"ok"
"0016ba60","FUN_0016ba60","Global",28,false,false,"ok"
"0016ba90","FUN_0016ba90","Global",8,false,false,"ok"
"0016bba0","FUN_0016bba0","Global",100,false,false,"ok"
"0016bc10","FUN_0016bc10","Global",12,false,false,"ok"
"0016bc40","FUN_0016bc40","Global",12,false,false,"ok"
"0016bc80","FUN_0016bc80","Global",116,false,false,"ok"
"0016bd30","FUN_0016bd30","Global",72,false,false,"ok"
"0016be00","FUN_0016be00","Global",44,false,false,"ok"
"0016bf90","FUN_0016bf90","Global",92,false,false,"ok"
"0016c280","FUN_0016c280","Global",152,false,false,"ok"
"0016c420","FUN_0016c420","Global",8,false,false,"ok"
"0016c520","FUN_0016c520","Global",72,false,false,"ok"
"0016c580","FUN_0016c580","Global",12,false,false,"ok"
"0016c590","FUN_0016c590","Global",100,false,false,"ok"
"0016c600","FUN_0016c600","Global",140,false,false,"ok"
"0016c6a0","FUN_0016c6a0","Global",160,false,false,"ok"
"0016c770","FUN_0016c770","Global",156,false,false,"ok"
"0016c820","FUN_0016c820","Global",156,false,false,"ok"
"0016c9f0","FUN_0016c9f0","Global",28,false,false,"ok"
"00170200","FUN_00170200","Global",16,false,false,"ok"
"001707c0","FUN_001707c0","Global",16,false,false,"ok"
"00171410","FUN_00171410","Global",92,false,false,"ok"
"00171480","FUN_00171480","Global",40,false,false,"ok"
"001714e0","FUN_001714e0","Global",88,false,false,"ok"
"00171560","FUN_00171560","Global",12,false,false,"ok"
"001716f0","FUN_001716f0","Global",168,false,false,"ok"
"00171840","FUN_00171840","Global",12,false,false,"ok"
"00173240","FUN_00173240","Global",12,false,false,"ok"
"001734d0","FUN_001734d0","Global",8,false,false,"ok"
"00173ea0","FUN_00173ea0","Global",32,false,false,"ok"
"00173f90","FUN_00173f90","Global",20,false,false,"ok"
"00174040","FUN_00174040","Global",48,false,false,"ok"
"00174260","FUN_00174260","Global",20,false,false,"ok"
"00174570","FUN_00174570","Global",8,false,false,"ok"
"00174910","FUN_00174910","Global",20,false,false,"ok"
"001750f0","FUN_001750f0","Global",8,false,false,"ok"
"001764c0","FUN_001764c0","Global",12,false,false,"ok"
"00176650","FUN_00176650","Global",12,false,false,"ok"
"00176d70","FUN_00176d70","Global",8,false,false,"ok"
"00176d80","FUN_00176d80","Global",20,false,false,"ok"
"00176da0","FUN_00176da0","Global",20,false,false,"ok"
"00176dc0","FUN_00176dc0","Global",48,false,false,"ok"
"00176e00","FUN_00176e00","Global",48,false,false,"ok"
"00176e40","FUN_00176e40","Global",24,false,false,"ok"
"00177080","FUN_00177080","Global",24,false,false,"ok"
"001771f0","FUN_001771f0","Global",408,false,false,"ok"
"001773a0","FUN_001773a0","Global",388,false,false,"ok"
"00177540","FUN_00177540","Global",8,false,false,"ok"
"001775f0","FUN_001775f0","Global",92,false,false,"ok"
"00177660","FUN_00177660","Global",12,false,false,"ok"
"00177710","FUN_00177710","Global",40,false,false,"ok"
"00177770","FUN_00177770","Global",12,false,false,"ok"
"001777e0","FUN_001777e0","Global",96,false,false,"ok"
"00177850","FUN_00177850","Global",72,false,false,"ok"
"001778b0","FUN_001778b0","Global",12,false,false,"ok"
"00177a30","FUN_00177a30","Global",40,false,false,"ok"
"00177d50","FUN_00177d50","Global",8,false,false,"ok"
"00177f10","FUN_00177f10","Global",12,false,false,"ok"
"001780d0","FUN_001780d0","Global",8,false,false,"ok"
"00178180","FUN_00178180","Global",56,false,false,"ok"
"001781e0","FUN_001781e0","Global",36,false,false,"ok"
"00178240","FUN_00178240","Global",80,false,false,"ok"
"00178320","FUN_00178320","Global",52,false,false,"ok"
"00178380","FUN_00178380","Global",12,false,false,"ok"
"001784d0","FUN_001784d0","Global",16,false,false,"ok"
"00178510","FUN_00178510","Global",16,false,false,"ok"
"00178550","FUN_00178550","Global",136,false,false,"ok"
"001785f0","FUN_001785f0","Global",136,false,false,"ok"
"00178690","FUN_00178690","Global",8,false,false,"ok"
"00178bc0","FUN_00178bc0","Global",8,false,false,"ok"
"00179040","FUN_00179040","Global",140,false,false,"ok"
"001790e0","FUN_001790e0","Global",124,false,false,"ok"
"00179170","FUN_00179170","Global",16,false,false,"ok"
"00179a00","FUN_00179a00","Global",68,false,false,"ok"
"00179d80","FUN_00179d80","Global",12,false,false,"ok"
"0017a190","FUN_0017a190","Global",24,false,false,"ok"
"0017a6c0","FUN_0017a6c0","Global",20,false,false,"ok"
"0017ab70","FUN_0017ab70","Global",12,false,false,"ok"
"0017b010","FUN_0017b010","Global",24,false,false,"ok"
"0017b250","FUN_0017b250","Global",12,false,false,"ok"
"0017b610","FUN_0017b610","Global",704,false,false,"ok"
"0017b910","FUN_0017b910","Global",184,false,false,"ok"
"0017ba00","FUN_0017ba00","Global",16,false,false,"ok"
"0017bc90","FUN_0017bc90","Global",408,false,false,"ok"
"0017bf20","FUN_0017bf20","Global",204,false,false,"ok"
"0017c090","FUN_0017c090","Global",16,false,false,"ok"
"0017c550","FUN_0017c550","Global",16,false,false,"ok"
"0017ce60","FUN_0017ce60","Global",140,false,false,"ok"
"0017d030","FUN_0017d030","Global",120,false,false,"ok"
"0017d170","FUN_0017d170","Global",140,false,false,"ok"
"0017d210","FUN_0017d210","Global",16,false,false,"ok"
"0017d660","FUN_0017d660","Global",16,false,false,"ok"
"0017e320","FUN_0017e320","Global",16,false,false,"ok"
"0017ee90","FUN_0017ee90","Global",60,false,false,"ok"
"0017ef20","FUN_0017ef20","Global",16,false,false,"ok"
"0017ef60","FUN_0017ef60","Global",12,false,false,"ok"
"0017efc0","FUN_0017efc0","Global",16,false,false,"ok"
"0017f010","FUN_0017f010","Global",172,false,false,"ok"
"0017f0d0","FUN_0017f0d0","Global",28,false,false,"ok"
"0017f8e0","FUN_0017f8e0","Global",8,false,false,"ok"
"0017fce0","FUN_0017fce0","Global",548,false,false,"ok"
"0017ffe0","FUN_0017ffe0","Global",16,false,false,"ok"
"001802f0","FUN_001802f0","Global",16,false,false,"ok"
"00180970","FUN_00180970","Global",32,false,false,"ok"
"00180d80","FUN_00180d80","Global",12,false,false,"ok"
"00180e60","FUN_00180e60","Global",32,false,false,"ok"
"001819c0","FUN_001819c0","Global",20,false,false,"ok"
"00182130","FUN_00182130","Global",104,false,false,"ok"
"001824b0","FUN_001824b0","Global",20,false,false,"ok"
"00182850","FUN_00182850","Global",16,false,false,"ok"
"001839d0","FUN_001839d0","Global",172,false,false,"ok"
"00183a90","FUN_00183a90","Global",16,false,false,"ok"
"00184050","FUN_00184050","Global",1400,false,false,"ok"
"00184550","FUN_00184550","Global",760,false,false,"ok"
"001849d0","FUN_001849d0","Global",680,false,false,"ok"
"00184df0","FUN_00184df0","Global",40,false,false,"ok"
"00185390","FUN_00185390","Global",872,false,false,"ok"
"00185890","FUN_00185890","Global",32,false,false,"ok"
"00185dd0","FUN_00185dd0","Global",608,false,false,"ok"
"001861b0","FUN_001861b0","Global",400,false,false,"ok"
"00186350","FUN_00186350","Global",564,false,false,"ok"
"00186740","FUN_00186740","Global",32,false,false,"ok"
"00186a40","FUN_00186a40","Global",12,false,false,"ok"
"00187240","FUN_00187240","Global",12,false,false,"ok"
"00188170","FUN_00188170","Global",36,false,false,"ok"
"00188440","FUN_00188440","Global",32,false,false,"ok"
"00188710","FUN_00188710","Global",16,false,false,"ok"
"00189080","FUN_00189080","Global",16,false,false,"ok"
"001893c0","FUN_001893c0","Global",20,false,false,"ok"
"00189a20","FUN_00189a20","Global",8,false,false,"ok"
"0018a340","FUN_0018a340","Global",28,false,false,"ok"
"0018a490","FUN_0018a490","Global",12,false,false,"ok"
"0018a680","FUN_0018a680","Global",8,false,false,"ok"
"0018ab00","FUN_0018ab00","Global",116,false,false,"ok"
"0018ab80","FUN_0018ab80","Global",12,false,false,"ok"
"0018ae90","FUN_0018ae90","Global",204,false,false,"ok"
"0018af60","FUN_0018af60","Global",48,false,false,"ok"
"0018afa0","FUN_0018afa0","Global",312,false,false,"ok"
"0018b0f0","FUN_0018b0f0","Global",232,false,false,"ok"
"0018b1e0","FUN_0018b1e0","Global",612,false,false,"ok"
"0018b460","FUN_0018b460","Global",8,false,false,"ok"
"0018b570","FUN_0018b570","Global",16,false,false,"ok"
"0018b8b0","FUN_0018b8b0","Global",16,false,false,"ok"
"0018bb40","FUN_0018bb40","Global",236,false,false,"ok"
"0018bc40","FUN_0018bc40","Global",124,false,false,"ok"
"0018bcd0","FUN_0018bcd0","Global",12,false,false,"ok"
"0018bf60","FUN_0018bf60","Global",12,false,false,"ok"
"0018c270","FUN_0018c270","Global",388,false,false,"ok"
"0018c410","FUN_0018c410","Global",80,false,false,"ok"
"0018c470","FUN_0018c470","Global",20,false,false,"ok"
"0018c760","FUN_0018c760","Global",16,false,false,"ok"
"0018cb90","FUN_0018cb90","Global",1,false,false,"ok"
"0018cba0","FUN_0018cba0","Global",12,false,false,"ok"
"0018cde0","FUN_0018cde0","Global",12,false,false,"ok"
"0018cf60","FUN_0018cf60","Global",12,false,false,"ok"
"0018d0f0","FUN_0018d0f0","Global",24,false,false,"ok"
"0018d390","FUN_0018d390","Global",724,false,false,"ok"
"0018d680","FUN_0018d680","Global",680,false,false,"ok"
"0018d940","FUN_0018d940","Global",108,false,false,"ok"
"0018d9c0","FUN_0018d9c0","Global",108,false,false,"ok"
"0018db30","FUN_0018db30","Global",24,false,false,"ok"
"0018df90","FUN_0018df90","Global",12,false,false,"ok"
"0018e420","FUN_0018e420","Global",8,false,false,"ok"
"0018e7e0","FUN_0018e7e0","Global",16,false,false,"ok"
"0018e7f0","FUN_0018e7f0","Global",12,false,false,"ok"
"0018ecb0","FUN_0018ecb0","Global",176,false,false,"ok"
"0018ed90","FUN_0018ed90","Global",228,false,false,"ok"
"0018f0d0","FUN_0018f0d0","Global",72,false,false,"ok"
"0018f130","FUN_0018f130","Global",80,false,false,"ok"
"0018f190","FUN_0018f190","Global",116,false,false,"ok"
"0018f210","FUN_0018f210","Global",208,false,false,"ok"
"0018f540","FUN_0018f540","Global",160,false,false,"ok"
"0018f600","FUN_0018f600","Global",8,false,false,"ok"
"0018f7e0","FUN_0018f7e0","Global",76,false,false,"ok"
"0018f840","FUN_0018f840","Global",16,false,false,"ok"
"0018fa60","FUN_0018fa60","Global",136,false,false,"ok"
"0018fb70","FUN_0018fb70","Global",72,false,false,"ok"
"0018fbd0","FUN_0018fbd0","Global",80,false,false,"ok"
"0018fc30","FUN_0018fc30","Global",196,false,false,"ok"
"0018fd00","FUN_0018fd00","Global",1,false,false,"ok"
"0018fd10","FUN_0018fd10","Global",16,false,false,"ok"
"00190a40","FUN_00190a40","Global",80,false,false,"ok"
"00190ac0","FUN_00190ac0","Global",612,false,false,"ok"
"00190d40","FUN_00190d40","Global",8,false,false,"ok"
"00190d60","FUN_00190d60","Global",12,false,false,"ok"
"00190d70","FUN_00190d70","Global",28,false,false,"ok"
"00190da0","FUN_00190da0","Global",100,false,false,"ok"
"00190e10","FUN_00190e10","Global",180,false,false,"ok"
"00190fe0","FUN_00190fe0","Global",28,false,false,"ok"
"00191010","FUN_00191010","Global",104,false,false,"ok"
"001911f0","FUN_001911f0","Global",16,false,false,"ok"
"00192390","FUN_00192390","Global",12,false,false,"ok"
"001927b0","FUN_001927b0","Global",148,false,false,"ok"
"001929d0","FUN_001929d0","Global",1,false,false,"ok"
"001929e0","FUN_001929e0","Global",12,false,false,"ok"
"00192e70","FUN_00192e70","Global",68,false,false,"ok"
"00192ec0","FUN_00192ec0","Global",68,false,false,"ok"
"00192f10","FUN_00192f10","Global",1,false,false,"ok"
"00192f60","FUN_00192f60","Global",208,false,false,"ok"
"00193040","FUN_00193040","Global",256,false,false,"ok"
"00193150","FUN_00193150","Global",100,false,false,"ok"
"001931c0","FUN_001931c0","Global",52,false,false,"ok"
"00193210","FUN_00193210","Global",8,false,false,"ok"
"001939d0","FUN_001939d0","Global",8,false,false,"ok"
"00193ad0","FUN_00193ad0","Global",1060,false,false,"ok"
"001941a0","FUN_001941a0","Global",160,false,false,"ok"
"00194250","FUN_00194250","Global",60,false,false,"ok"
"001942f0","FUN_001942f0","Global",20,false,false,"ok"
"00194b00","FUN_00194b00","Global",12,false,false,"ok"
"001958b0","FUN_001958b0","Global",16,false,false,"ok"
"001970e0","FUN_001970e0","Global",12,false,false,"ok"
"00197320","FUN_00197320","Global",8,false,false,"ok"
"00197550","FUN_00197550","Global",8,false,false,"ok"
"00197b80","FUN_00197b80","Global",16,false,false,"ok"
"00198460","FUN_00198460","Global",32,false,false,"ok"
"00198510","FUN_00198510","Global",64,false,false,"ok"
"00198650","FUN_00198650","Global",180,false,false,"ok"
"00198780","FUN_00198780","Global",8,false,false,"ok"
"00198910","FUN_00198910","Global",8,false,false,"ok"
"00198a30","FUN_00198a30","Global",16,false,false,"ok"
"00198ca0","FUN_00198ca0","Global",12,false,false,"ok"
"00198dd0","FUN_00198dd0","Global",12,false,false,"ok"
"00198ee0","FUN_00198ee0","Global",8,false,false,"ok"
"00199050","FUN_00199050","Global",24,false,false,"ok"
"001992b0","FUN_001992b0","Global",20,false,false,"ok"
"001992e0","FUN_001992e0","Global",160,false,false,"ok"
"001993b0","FUN_001993b0","Global",32,false,false,"ok"
"00199490","FUN_00199490","Global",36,false,false,"ok"
"00199550","FUN_00199550","Global",36,false,false,"ok"
"00199620","FUN_00199620","Global",12,false,false,"ok"
"001997f0","FUN_001997f0","Global",124,false,false,"ok"
"00199990","FUN_00199990","Global",36,false,false,"ok"
"00199a00","FUN_00199a00","Global",8,false,false,"ok"
"00199c50","FUN_00199c50","Global",160,false,false,"ok"
"00199de0","FUN_00199de0","Global",156,false,false,"ok"
"00199ea0","FUN_00199ea0","Global",48,false,false,"ok"
"00199f90","FUN_00199f90","Global",76,false,false,"ok"
"0019a070","FUN_0019a070","Global",12,false,false,"ok"
"0019a1a0","FUN_0019a1a0","Global",28,false,false,"ok"
"0019a1c0","FUN_0019a1c0","Global",8,false,false,"ok"
"0019a2d0","FUN_0019a2d0","Global",60,false,false,"ok"
"0019a330","FUN_0019a330","Global",8,false,false,"ok"
"0019a710","FUN_0019a710","Global",36,false,false,"ok"
"0019a740","FUN_0019a740","Global",20,false,false,"ok"
"0019b990","FUN_0019b990","Global",16,false,false,"ok"
"0019c0d0","FUN_0019c0d0","Global",780,false,false,"ok"
"0019c520","FUN_0019c520","Global",84,false,false,"ok"
"0019c840","FUN_0019c840","Global",720,false,false,"ok"
"0019cb20","FUN_0019cb20","Global",236,false,false,"ok"
"0019cc40","FUN_0019cc40","Global",28,false,false,"ok"
"0019cc70","FUN_0019cc70","Global",116,false,false,"ok"
"0019ccf0","FUN_0019ccf0","Global",12,false,false,"ok"
"0019cd80","FUN_0019cd80","Global",16,false,false,"ok"
"0019d2a0","FUN_0019d2a0","Global",8,false,false,"ok"
"0019d2c0","FUN_0019d2c0","Global",308,false,false,"ok"
"0019d410","FUN_0019d410","Global",112,false,false,"ok"
"0019d4c0","FUN_0019d4c0","Global",24,false,false,"ok"
"0019d800","FUN_0019d800","Global",12,false,false,"ok"
"0019d880","FUN_0019d880","Global",368,false,false,"ok"
"0019dad0","FUN_0019dad0","Global",8,false,false,"ok"
"0019ddf0","FUN_0019ddf0","Global",72,false,false,"ok"
"0019de60","FUN_0019de60","Global",32,false,false,"ok"
"0019dea0","FUN_0019dea0","Global",1,false,false,"ok"
"0019deb0","FUN_0019deb0","Global",8,false,false,"ok"
"0019dfc0","FUN_0019dfc0","Global",8,false,false,"ok"
"0019e0d0","FUN_0019e0d0","Global",44,false,false,"ok"
"0019e110","FUN_0019e110","Global",140,false,false,"ok"
"0019e1b0","FUN_0019e1b0","Global",228,false,false,"ok"
"0019e2b0","FUN_0019e2b0","Global",24,false,false,"ok"
"0019e540","FUN_0019e540","Global",12,false,false,"ok"
"0019ee70","FUN_0019ee70","Global",8,false,false,"ok"
"0019f730","FUN_0019f730","Global",32,false,false,"ok"
"0019f760","FUN_0019f760","Global",72,false,false,"ok"
"0019f7e0","FUN_0019f7e0","Global",120,false,false,"ok"
"0019f870","FUN_0019f870","Global",160,false,false,"ok"
"0019f940","FUN_0019f940","Global",56,false,false,"ok"
"0019f9e0","FUN_0019f9e0","Global",48,false,false,"ok"
"0019fa20","FUN_0019fa20","Global",16,false,false,"ok"
"0019fa60","FUN_0019fa60","Global",12,false,false,"ok"
"0019fac0","FUN_0019fac0","Global",112,false,false,"ok"
"0019fb40","FUN_0019fb40","Global",16,false,false,"ok"
"0019fb90","FUN_0019fb90","Global",164,false,false,"ok"
"0019fc40","FUN_0019fc40","Global",120,false,false,"ok"
"0019fcc0","FUN_0019fcc0","Global",52,false,false,"ok"
"0019fd30","FUN_0019fd30","Global",16,false,false,"ok"
"0019fd40","FUN_0019fd40","Global",24,false,false,"ok"
"001a0010","FUN_001a0010","Global",8,false,false,"ok"
"001a00c0","FUN_001a00c0","Global",20,false,false,"ok"
"001a00e0","FUN_001a00e0","Global",8,false,false,"ok"
"001a0180","FUN_001a0180","Global",8,false,false,"ok"
"001a0190","FUN_001a0190","Global",16,false,false,"ok"
"001a0260","FUN_001a0260","Global",16,false,false,"ok"
"001a0390","FUN_001a0390","Global",52,false,false,"ok"
"001a03d0","FUN_001a03d0","Global",160,false,false,"ok"
"001a05c0","FUN_001a05c0","Global",248,false,false,"ok"
"001a06e0","FUN_001a06e0","Global",272,false,false,"ok"
"001a0940","FUN_001a0940","Global",148,false,false,"ok"
"001a0b80","FUN_001a0b80","Global",56,false,false,"ok"
"001a0bd0","FUN_001a0bd0","Global",204,false,false,"ok"
"001a0cd0","FUN_001a0cd0","Global",16,false,false,"ok"
"001a2170","FUN_001a2170","Global",48,false,false,"ok"
"001a21c0","FUN_001a21c0","Global",16,false,false,"ok"
"001a30b0","FUN_001a30b0","Global",20,false,false,"ok"
"001a3210","FUN_001a3210","Global",880,false,false,"ok"
"001a3700","FUN_001a3700","Global",68,false,false,"ok"
"001a3750","FUN_001a3750","Global",44,false,false,"ok"
"001a3790","FUN_001a3790","Global",108,false,false,"ok"
"001a3900","FUN_001a3900","Global",12,false,false,"ok"
"001a3f00","FUN_001a3f00","Global",84,false,false,"ok"
"001a3f60","FUN_001a3f60","Global",60,false,false,"ok"
"001a4100","FUN_001a4100","Global",16,false,false,"ok"
"001a4260","FUN_001a4260","Global",8,false,false,"ok"
"001a4e30","FUN_001a4e30","Global",8,false,false,"ok"
"001a5420","FUN_001a5420","Global",240,false,false,"ok"
"001a5520","FUN_001a5520","Global",20,false,false,"ok"
"001a5780","FUN_001a5780","Global",20,false,false,"ok"
"001a5a00","FUN_001a5a00","Global",32,false,false,"ok"
"001a5a20","FUN_001a5a20","Global",32,false,false,"ok"
"001a5a40","FUN_001a5a40","Global",32,false,false,"ok"
"001a5c10","FUN_001a5c10","Global",72,false,false,"ok"
"001a5cd0","FUN_001a5cd0","Global",8,false,false,"ok"
"001a61a0","FUN_001a61a0","Global",40,false,false,"ok"
"001a6270","FUN_001a6270","Global",208,false,false,"ok"
"001a6390","FUN_001a6390","Global",32,false,false,"ok"
"001a6610","FUN_001a6610","Global",8,false,false,"ok"
"001a6930","FUN_001a6930","Global",100,false,false,"ok"
"001a69a0","FUN_001a69a0","Global",100,false,false,"ok"
"001a6a10","FUN_001a6a10","Global",180,false,false,"ok"
"001a6ae0","FUN_001a6ae0","Global",12,false,false,"ok"
"001a70a0","FUN_001a70a0","Global",112,false,false,"ok"
"001a7290","FUN_001a7290","Global",8,false,false,"ok"
"001a7370","FUN_001a7370","Global",12,false,false,"ok"
"001a7760","FUN_001a7760","Global",80,false,false,"ok"
"001a77c0","FUN_001a77c0","Global",208,false,false,"ok"
"001a78a0","FUN_001a78a0","Global",208,false,false,"ok"
"001a7980","FUN_001a7980","Global",24,false,false,"ok"
"001a79b0","FUN_001a79b0","Global",8,false,false,"ok"
"001a7ad0","FUN_001a7ad0","Global",12,false,false,"ok"
"001a7ee0","FUN_001a7ee0","Global",32,false,false,"ok"
"001a7f40","FUN_001a7f40","Global",8,false,false,"ok"
"001a8070","FUN_001a8070","Global",80,false,false,"ok"
"001a80f0","FUN_001a80f0","Global",72,false,false,"ok"
"001a81a0","FUN_001a81a0","Global",72,false,false,"ok"
"001a8230","FUN_001a8230","Global",56,false,false,"ok"
"001a82d0","FUN_001a82d0","Global",112,false,false,"ok"
"001a8390","FUN_001a8390","Global",56,false,false,"ok"
"001a8420","FUN_001a8420","Global",176,false,false,"ok"
"001a84e0","FUN_001a84e0","Global",12,false,false,"ok"
"001a8790","FUN_001a8790","Global",328,false,false,"ok"
"001a88f0","FUN_001a88f0","Global",132,false,false,"ok"
"001a8cf0","FUN_001a8cf0","Global",12,false,false,"ok"
"001a90f0","FUN_001a90f0","Global",8,false,false,"ok"
"001a9370","FUN_001a9370","Global",20,false,false,"ok"
"001a96b0","FUN_001a96b0","Global",20,false,false,"ok"
"001a9860","FUN_001a9860","Global",12,false,false,"ok"
"001a9930","FUN_001a9930","Global",44,false,false,"ok"
"001a99e0","FUN_001a99e0","Global",120,false,false,"ok"
"001a9be0","FUN_001a9be0","Global",372,false,false,"ok"
"001a9d70","FUN_001a9d70","Global",136,false,false,"ok"
"001a9e10","FUN_001a9e10","Global",16,false,false,"ok"
"001aa4a0","FUN_001aa4a0","Global",12,false,false,"ok"
"001abd60","FUN_001abd60","Global",8,false,false,"ok"
"001ac590","FUN_001ac590","Global",52,false,false,"ok"
"001ac810","FUN_001ac810","Global",12,false,false,"ok"
"001acb70","FUN_001acb70","Global",20,false,false,"ok"
"001acec0","FUN_001acec0","Global",24,false,false,"ok"
"001ad050","FUN_001ad050","Global",24,false,false,"ok"
"001ad340","FUN_001ad340","Global",160,false,false,"ok"
"001ad3f0","FUN_001ad3f0","Global",16,false,false,"ok"
"001adbb0","FUN_001adbb0","Global",12,false,false,"ok"
"001adf30","FUN_001adf30","Global",160,false,false,"ok"
"001ae120","FUN_001ae120","Global",16,false,false,"ok"
"001ae230","FUN_001ae230","Global",64,false,false,"ok"
"001ae2b0","FUN_001ae2b0","Global",16,false,false,"ok"
"001aecf0","FUN_001aecf0","Global",192,false,false,"ok"
"001aee10","FUN_001aee10","Global",172,false,false,"ok"
"001aef30","FUN_001aef30","Global",172,false,false,"ok"
"001af070","FUN_001af070","Global",16,false,false,"ok"
"001af370","FUN_001af370","Global",24,false,false,"ok"
"001afa80","FUN_001afa80","Global",24,false,false,"ok"
"001b0050","FUN_001b0050","Global",72,false,false,"ok"
"001b00f0","FUN_001b00f0","Global",108,false,false,"ok"
"001b0170","FUN_001b0170","Global",8,false,false,"ok"
"001b0180","FUN_001b0180","Global",60,false,false,"ok"
"001b01d0","FUN_001b01d0","Global",20,false,false,"ok"
"001b07b0","FUN_001b07b0","Global",28,false,false,"ok"
"001b07e0","FUN_001b07e0","Global",64,false,false,"ok"
"001b0830","FUN_001b0830","Global",40,false,false,"ok"
"001b0870","FUN_001b0870","Global",80,false,false,"ok"
"001b08d0","FUN_001b08d0","Global",136,false,false,"ok"
"001b0970","FUN_001b0970","Global",360,false,false,"ok"
"001b0af0","FUN_001b0af0","Global",56,false,false,"ok"
"001b0b40","FUN_001b0b40","Global",8,false,false,"ok"
"001b0be0","FUN_001b0be0","Global",304,false,false,"ok"
"001b0d20","FUN_001b0d20","Global",520,false,false,"ok"
"001b0f40","FUN_001b0f40","Global",8,false,false,"ok"
"001b0f60","FUN_001b0f60","Global",12,false,false,"ok"
"001b1060","FUN_001b1060","Global",124,false,false,"ok"
"001b10f0","FUN_001b10f0","Global",40,false,false,"ok"
"001b17b0","FUN_001b17b0","Global",28,false,false,"ok"
"001b17e0","FUN_001b17e0","Global",40,false,false,"ok"
"001b1850","FUN_001b1850","Global",20,false,false,"ok"
"001b2500","FUN_001b2500","Global",12,false,false,"ok"
"001b2760","FUN_001b2760","Global",16,false,false,"ok"
"001b2a90","FUN_001b2a90","Global",12,false,false,"ok"
"001b2d90","FUN_001b2d90","Global",140,false,false,"ok"
"001b2e30","FUN_001b2e30","Global",8,false,false,"ok"
"001b33f0","FUN_001b33f0","Global",12,false,false,"ok"
"001b3b80","FUN_001b3b80","Global",120,false,false,"ok"
"001b3c50","FUN_001b3c50","Global",8,false,false,"ok"
"001b41f0","FUN_001b41f0","Global",20,false,false,"ok"
"001b4300","FUN_001b4300","Global",8,false,false,"ok"
"001b4770","FUN_001b4770","Global",28,false,false,"ok"
"001b4f60","FUN_001b4f60","Global",84,false,false,"ok"
"001b4fc0","FUN_001b4fc0","Global",132,false,false,"ok"
"001b5290","FUN_001b5290","Global",68,false,false,"ok"
"001b5660","FUN_001b5660","Global",176,false,false,"ok"
"001b5730","FUN_001b5730","Global",20,false,false,"ok"
"001b5830","FUN_001b5830","Global",16,false,false,"ok"
"001b5900","FUN_001b5900","Global",16,false,false,"ok"
"001b59e0","FUN_001b59e0","Global",24,false,false,"ok"
"001b5b90","FUN_001b5b90","Global",16,false,false,"ok"
"001b5bd0","FUN_001b5bd0","Global",20,false,false,"ok"
"001b5c10","FUN_001b5c10","Global",16,false,false,"ok"
"001b5c50","FUN_001b5c50","Global",16,false,false,"ok"
"001b5c90","FUN_001b5c90","Global",88,false,false,"ok"
"001b5d00","FUN_001b5d00","Global",116,false,false,"ok"
"001b5d80","FUN_001b5d80","Global",208,false,false,"ok"
"001b5ec0","FUN_001b5ec0","Global",128,false,false,"ok"
"001b6020","FUN_001b6020","Global",72,false,false,"ok"
"001b6080","FUN_001b6080","Global",116,false,false,"ok"
"001b61e0","FUN_001b61e0","Global",80,false,false,"ok"
"001b6240","FUN_001b6240","Global",172,false,false,"ok"
"001b6610","FUN_001b6610","Global",216,false,false,"ok"
"001b6700","FUN_001b6700","Global",80,false,false,"ok"
"001b6760","FUN_001b6760","Global",32,false,false,"ok"
"001b6bc0","FUN_001b6bc0","Global",80,false,false,"ok"
"001b6c20","FUN_001b6c20","Global",20,false,false,"ok"
"001bc550","FUN_001bc550","Global",4,false,false,"ok"
"001bc560","FUN_001bc560","Global",584,false,false,"ok"
"001bca40","FUN_001bca40","Global",316,false,false,"ok"
"001bcc60","FUN_001bcc60","Global",324,false,false,"ok"
"001bce80","FUN_001bce80","Global",188,false,false,"ok"
"001bcf90","FUN_001bcf90","Global",12,false,false,"ok"
"001bd4b0","FUN_001bd4b0","Global",16,false,false,"ok"
"001bd5f0","FUN_001bd5f0","Global",16,false,false,"ok"
"001bd730","FUN_001bd730","Global",8,false,false,"ok"
"001bd8a0","FUN_001bd8a0","Global",40,false,false,"ok"
"001bd9a0","FUN_001bd9a0","Global",60,false,false,"ok"
"001bda90","FUN_001bda90","Global",68,false,false,"ok"
"001bdb20","FUN_001bdb20","Global",68,false,false,"ok"
"001bdcb0","FUN_001bdcb0","Global",8,false,false,"ok"
"001be080","FUN_001be080","Global",60,false,false,"ok"
"001be140","FUN_001be140","Global",4,false,false,"ok"
"001be6e0","FUN_001be6e0","Global",64,false,false,"ok"
"001be7d0","FUN_001be7d0","Global",164,false,false,"ok"
"001be890","FUN_001be890","Global",112,false,false,"ok"
"001beac0","FUN_001beac0","Global",16,false,false,"ok"
"001beb80","FUN_001beb80","Global",20,false,false,"ok"
"001c04c0","FUN_001c04c0","Global",284,false,false,"ok"
"001c0640","FUN_001c0640","Global",20,false,false,"ok"
"001c4c00","FUN_001c4c00","Global",12,false,false,"ok"
"001c50a0","FUN_001c50a0","Global",20,false,false,"ok"
"001c5270","FUN_001c5270","Global",8,false,false,"ok"
"001c56e0","FUN_001c56e0","Global",24,false,false,"ok"
"001c5990","FUN_001c5990","Global",8,false,false,"ok"
"001c5b90","FUN_001c5b90","Global",20,false,false,"ok"
"001c5d80","FUN_001c5d80","Global",1084,false,false,"ok"
"001c6570","FUN_001c6570","Global",32,false,false,"ok"
"001c65a0","FUN_001c65a0","Global",8,false,false,"ok"
"001c6cb0","FUN_001c6cb0","Global",8,false,false,"ok"
"001c7210","FUN_001c7210","Global",12,false,false,"ok"
"001c7610","FUN_001c7610","Global",112,false,false,"ok"
"001c7780","FUN_001c7780","Global",16,false,false,"ok"
"001c8280","FUN_001c8280","Global",8,false,false,"ok"
"001c8530","FUN_001c8530","Global",12,false,false,"ok"
"001c8ae0","FUN_001c8ae0","Global",136,false,false,"ok"
"001c8ee0","FUN_001c8ee0","Global",372,false,false,"ok"
"001c9180","FUN_001c9180","Global",8,false,false,"ok"
"001c95b0","FUN_001c95b0","Global",8,false,false,"ok"
"001c9df0","FUN_001c9df0","Global",12,false,false,"ok"
"001ca010","FUN_001ca010","Global",8,false,false,"ok"
"001ca5a0","FUN_001ca5a0","Global",12,false,false,"ok"
"001caf50","FUN_001caf50","Global",28,false,false,"ok"
"001cb170","FUN_001cb170","Global",24,false,false,"ok"
"001cb540","FUN_001cb540","Global",28,false,false,"ok"
"001cb760","FUN_001cb760","Global",24,false,false,"ok"
"001cbcb0","FUN_001cbcb0","Global",480,false,false,"ok"
"001cbee0","FUN_001cbee0","Global",20,false,false,"ok"
"001cc710","FUN_001cc710","Global",12,false,false,"ok"
"001ce490","FUN_001ce490","Global",8,false,false,"ok"
"001cea60","FUN_001cea60","Global",24,false,false,"ok"
"001cfa80","FUN_001cfa80","Global",16,false,false,"ok"
"001d07f0","FUN_001d07f0","Global",356,false,false,"ok"
"001d0d40","FUN_001d0d40","Global",16,false,false,"ok"
"001d1730","FUN_001d1730","Global",52,false,false,"ok"
"001d1810","FUN_001d1810","Global",804,false,false,"ok"
"001d2210","FUN_001d2210","Global",12,false,false,"ok"
"001d3760","FUN_001d3760","Global",12,false,false,"ok"
"001d5440","FUN_001d5440","Global",8,false,false,"ok"
"001d6870","FUN_001d6870","Global",12,false,false,"ok"
"001d77d0","FUN_001d77d0","Global",260,false,false,"ok"
"001d79d0","FUN_001d79d0","Global",28,false,false,"ok"
"001d7fd0","FUN_001d7fd0","Global",12,false,false,"ok"
"001d87a0","FUN_001d87a0","Global",8,false,false,"ok"
"001d8e00","FUN_001d8e00","Global",8,false,false,"ok"
"001d8f80","FUN_001d8f80","Global",204,false,false,"ok"
"001d9330","FUN_001d9330","Global",24,false,false,"ok"
"001d96a0","FUN_001d96a0","Global",8,false,false,"ok"
"001d9e90","FUN_001d9e90","Global",28,false,false,"ok"
"001da3d0","FUN_001da3d0","Global",8,false,false,"ok"
"001daa30","FUN_001daa30","Global",20,false,false,"ok"
"001dad70","FUN_001dad70","Global",12,false,false,"ok"
"001db1e0","FUN_001db1e0","Global",8,false,false,"ok"
"001db610","FUN_001db610","Global",16,false,false,"ok"
"001dc3a0","FUN_001dc3a0","Global",8,false,false,"ok"
"001dc6f0","FUN_001dc6f0","Global",80,false,false,"ok"
"001dc760","FUN_001dc760","Global",88,false,false,"ok"
"001dcc80","FUN_001dcc80","Global",80,false,false,"ok"
"001dcce0","FUN_001dcce0","Global",332,false,false,"ok"
"001dd500","FUN_001dd500","Global",12,false,false,"ok"
"001de660","FUN_001de660","Global",72,false,false,"ok"
"001dec80","FUN_001dec80","Global",20,false,false,"ok"
"001dedf0","FUN_001dedf0","Global",20,false,false,"ok"
"001df7b0","FUN_001df7b0","Global",160,false,false,"ok"
"001dfa80","FUN_001dfa80","Global",12,false,false,"ok"
"001dfb40","FUN_001dfb40","Global",100,false,false,"ok"
"001dfd40","FUN_001dfd40","Global",168,false,false,"ok"
"001e0400","FUN_001e0400","Global",224,false,false,"ok"
"001e08c0","FUN_001e08c0","Global",48,false,false,"ok"
"001e0900","FUN_001e0900","Global",4,false,false,"ok"
"001e0910","FUN_001e0910","Global",40,false,false,"ok"
"001e09c0","FUN_001e09c0","Global",48,false,false,"ok"
"001e0a00","FUN_001e0a00","Global",12,false,false,"ok"
"001e12d0","FUN_001e12d0","Global",328,false,false,"ok"
"001e1430","FUN_001e1430","Global",8,false,false,"ok"
"001e1b20","FUN_001e1b20","Global",296,false,false,"ok"
"001e1d60","FUN_001e1d60","Global",24,false,false,"ok"
"001e2490","FUN_001e2490","Global",204,false,false,"ok"
"001e2570","FUN_001e2570","Global",444,false,false,"ok"
"001e2760","FUN_001e2760","Global",1064,false,false,"ok"
"001e2ca0","FUN_001e2ca0","Global",16,false,false,"ok"
"001e3460","FUN_001e3460","Global",24,false,false,"ok"
"001e3ea0","FUN_001e3ea0","Global",8,false,false,"ok"
"001e4530","FUN_001e4530","Global",28,false,false,"ok"
"001e4560","FUN_001e4560","Global",64,false,false,"ok"
"001e45b0","FUN_001e45b0","Global",12,false,false,"ok"
"001e4860","FUN_001e4860","Global",16,false,false,"ok"
"001e5110","FUN_001e5110","Global",124,false,false,"ok"
"001e5340","FUN_001e5340","Global",28,false,false,"ok"
"001e5380","FUN_001e5380","Global",16,false,false,"ok"
"001e5730","FUN_001e5730","Global",8,false,false,"ok"
"001e5830","FUN_001e5830","Global",124,false,false,"ok"
"001e5930","FUN_001e5930","Global",16,false,false,"ok"
"001e6730","FUN_001e6730","Global",436,false,false,"ok"
"001e6950","FUN_001e6950","Global",12,false,false,"ok"
"001e72e0","FUN_001e72e0","Global",12,false,false,"ok"
"001e8000","FUN_001e8000","Global",12,false,false,"ok"
"001e8570","FUN_001e8570","Global",16,false,false,"ok"
"001e8ac0","FUN_001e8ac0","Global",16,false,false,"ok"
"001e8f20","FUN_001e8f20","Global",16,false,false,"ok"
"001e9420","FUN_001e9420","Global",16,false,false,"ok"
"001e9680","FUN_001e9680","Global",32,false,false,"ok"
"001e97c0","FUN_001e97c0","Global",224,false,false,"ok"
"001e98b0","FUN_001e98b0","Global",12,false,false,"ok"
"001e9ae0","FUN_001e9ae0","Global",12,false,false,"ok"
"001e9e70","FUN_001e9e70","Global",32,false,false,"ok"
"001ea430","FUN_001ea430","Global",488,false,false,"ok"
"001ea6f0","FUN_001ea6f0","Global",344,false,false,"ok"
"001ea870","FUN_001ea870","Global",8,false,false,"ok"
"001eafd0","FUN_001eafd0","Global",20,false,false,"ok"
"001eb220","FUN_001eb220","Global",28,false,false,"ok"
"001eb390","FUN_001eb390","Global",172,false,false,"ok"
"001eb4d0","FUN_001eb4d0","Global",484,false,false,"ok"
"001eb6c0","FUN_001eb6c0","Global",1256,false,false,"ok"
"001ebbc0","FUN_001ebbc0","Global",484,false,false,"ok"
"001ebfc0","FUN_001ebfc0","Global",108,false,false,"ok"
"001ec0a0","FUN_001ec0a0","Global",832,false,false,"ok"
"001ec600","FUN_001ec600","Global",12,false,false,"ok"
"001eca20","FUN_001eca20","Global",264,false,false,"ok"
"001ecb80","FUN_001ecb80","Global",252,false,false,"ok"
"001ecd20","FUN_001ecd20","Global",260,false,false,"ok"
"001ece60","FUN_001ece60","Global",20,false,false,"ok"
"001edc60","FUN_001edc60","Global",1,false,false,"ok"
"001edc70","FUN_001edc70","Global",484,false,false,"ok"
"001ede60","FUN_001ede60","Global",24,false,false,"ok"
"001ee410","FUN_001ee410","Global",16,false,false,"ok"
"001ee5c0","FUN_001ee5c0","Global",72,false,false,"ok"
"001ee680","FUN_001ee680","Global",152,false,false,"ok"
"001ee730","FUN_001ee730","Global",16,false,false,"ok"
"001ef470","FUN_001ef470","Global",56,false,false,"ok"
"001ef4c0","FUN_001ef4c0","Global",556,false,false,"ok"
"001ef700","FUN_001ef700","Global",8,false,false,"ok"
"001efa30","FUN_001efa30","Global",364,false,false,"ok"
"001efbb0","FUN_001efbb0","Global",24,false,false,"ok"
"001f0000","FUN_001f0000","Global",336,false,false,"ok"
"001f0160","FUN_001f0160","Global",72,false,false,"ok"
"001f01d0","FUN_001f01d0","Global",8,false,false,"ok"
"001f0500","FUN_001f0500","Global",116,false,false,"ok"
"001f0580","FUN_001f0580","Global",212,false,false,"ok"
"001f0700","FUN_001f0700","Global",112,false,false,"ok"
"001f0780","FUN_001f0780","Global",96,false,false,"ok"
"001f07f0","FUN_001f07f0","Global",92,false,false,"ok"
"001f0860","FUN_001f0860","Global",428,false,false,"ok"
"001f0a50","FUN_001f0a50","Global",36,false,false,"ok"
"001f0bf0","FUN_001f0bf0","Global",28,false,false,"ok"
"001f11e0","FUN_001f11e0","Global",20,false,false,"ok"
"001f1490","FUN_001f1490","Global",12,false,false,"ok"
"001f17e0","FUN_001f17e0","Global",352,false,false,"ok"
"001f1a70","FUN_001f1a70","Global",1,false,false,"ok"
"001f1a80","FUN_001f1a80","Global",128,false,false,"ok"
"001f1c30","FUN_001f1c30","Global",8,false,false,"ok"
"001f1cc0","FUN_001f1cc0","Global",20,false,false,"ok"
"001f1dc0","FUN_001f1dc0","Global",84,false,false,"ok"
"001f1e40","FUN_001f1e40","Global",208,false,false,"ok"
"001f1f30","FUN_001f1f30","Global",20,false,false,"ok"
"001f2fb0","FUN_001f2fb0","Global",16,false,false,"ok"
"001f38f0","FUN_001f38f0","Global",20,false,false,"ok"
"001f4db0","FUN_001f4db0","Global",392,false,false,"ok"
"001f4fe0","FUN_001f4fe0","Global",32,false,false,"ok"
"001f51d0","FUN_001f51d0","Global",8,false,false,"ok"
"001f5580","FUN_001f5580","Global",20,false,false,"ok"
"001f57c0","FUN_001f57c0","Global",20,false,false,"ok"
"001f60d0","FUN_001f60d0","Global",64,false,false,"ok"
"001f6280","FUN_001f6280","Global",84,false,false,"ok"
"001f62e0","FUN_001f62e0","Global",60,false,false,"ok"
"001f6330","FUN_001f6330","Global",16,false,false,"ok"
"001f66f0","FUN_001f66f0","Global",16,false,false,"ok"
"001f6e70","FUN_001f6e70","Global",20,false,false,"ok"
"001f6fb0","FUN_001f6fb0","Global",8,false,false,"ok"
"001f7110","FUN_001f7110","Global",228,false,false,"ok"
"001f7200","FUN_001f7200","Global",12,false,false,"ok"
"001f77d0","FUN_001f77d0","Global",8,false,false,"ok"
"001f7aa0","FUN_001f7aa0","Global",76,false,false,"ok"
"001f7d20","FUN_001f7d20","Global",8,false,false,"ok"
"001f7f80","FUN_001f7f80","Global",128,false,false,"ok"
"001f8250","FUN_001f8250","Global",148,false,false,"ok"
"001f8300","FUN_001f8300","Global",768,false,false,"ok"
"001f8620","FUN_001f8620","Global",28,false,false,"ok"
"001f8710","FUN_001f8710","Global",164,false,false,"ok"
"001f87d0","FUN_001f87d0","Global",12,false,false,"ok"
"001f8ad0","FUN_001f8ad0","Global",28,false,false,"ok"
"001f98a0","FUN_001f98a0","Global",52,false,false,"ok"
"001f98f0","FUN_001f98f0","Global",8,false,false,"ok"
"001f99c0","FUN_001f99c0","Global",116,false,false,"ok"
"001f9b30","FUN_001f9b30","Global",80,false,false,"ok"
"001f9c00","FUN_001f9c00","Global",136,false,false,"ok"
"001f9ca0","FUN_001f9ca0","Global",216,false,false,"ok"
"001f9dd0","FUN_001f9dd0","Global",32,false,false,"ok"
"001fa340","FUN_001fa340","Global",136,false,false,"ok"
"001fa3e0","FUN_001fa3e0","Global",52,false,false,"ok"
"001fa460","FUN_001fa460","Global",24,false,false,"ok"
"001fa720","FUN_001fa720","Global",316,false,false,"ok"
"001fa870","FUN_001fa870","Global",16,false,false,"ok"
"001faf00","FUN_001faf00","Global",16,false,false,"ok"
"001fc470","FUN_001fc470","Global",20,false,false,"ok"
"001fe500","FUN_001fe500","Global",20,false,false,"ok"
"001ff640","FUN_001ff640","Global",20,false,false,"ok"
"001ff920","FUN_001ff920","Global",84,false,false,"ok"
"001ff990","FUN_001ff990","Global",96,false,false,"ok"
"001ffa00","FUN_001ffa00","Global",44,false,false,"ok"
"001ffad0","FUN_001ffad0","Global",44,false,false,"ok"
"001ffb30","FUN_001ffb30","Global",44,false,false,"ok"
"001ffb70","FUN_001ffb70","Global",56,false,false,"ok"
"001ffbb0","FUN_001ffbb0","Global",48,false,false,"ok"
"001ffc00","FUN_001ffc00","Global",52,false,false,"ok"
"001ffc60","FUN_001ffc60","Global",52,false,false,"ok"
"001ffcd0","FUN_001ffcd0","Global",8,false,false,"ok"
"00200470","FUN_00200470","Global",104,false,false,"ok"
"002004e0","FUN_002004e0","Global",128,false,false,"ok"
"00200570","FUN_00200570","Global",56,false,false,"ok"
"002005c0","FUN_002005c0","Global",56,false,false,"ok"
"00200640","FUN_00200640","Global",8,false,false,"ok"
"00201390","FUN_00201390","Global",368,false,false,"ok"
"00201510","FUN_00201510","Global",12,false,false,"ok"
"00201590","FUN_00201590","Global",96,false,false,"ok"
"00201610","FUN_00201610","Global",28,false,false,"ok"
"00201640","FUN_00201640","Global",112,false,false,"ok"
"002016c0","FUN_002016c0","Global",84,false,false,"ok"
"00201730","FUN_00201730","Global",88,false,false,"ok"
"002017a0","FUN_002017a0","Global",36,false,false,"ok"
"002017d0","FUN_002017d0","Global",52,false,false,"ok"
"00201810","FUN_00201810","Global",104,false,false,"ok"
"002018c0","FUN_002018c0","Global",88,false,false,"ok"
"00201930","FUN_00201930","Global",104,false,false,"ok"
"002019a0","FUN_002019a0","Global",88,false,false,"ok"
"00201ac0","FUN_00201ac0","Global",12,false,false,"ok"
"00203240","FUN_00203240","Global",108,false,false,"ok"
"002032c0","FUN_002032c0","Global",40,false,false,"ok"
"002033e0","FUN_002033e0","Global",428,false,false,"ok"
"002035a0","FUN_002035a0","Global",12,false,false,"ok"
"00203f20","FUN_00203f20","Global",28,false,false,"ok"
"00204870","FUN_00204870","Global",8,false,false,"ok"
"00204bc0","FUN_00204bc0","Global",60,false,false,"ok"
"00204c80","FUN_00204c80","Global",76,false,false,"ok"
"00204ce0","FUN_00204ce0","Global",12,false,false,"ok"
"00206990","FUN_00206990","Global",152,false,false,"ok"
"00206ae0","FUN_00206ae0","Global",132,false,false,"ok"
"00206b80","FUN_00206b80","Global",256,false,false,"ok"
"00206c90","FUN_00206c90","Global",12,false,false,"ok"
"00206e00","FUN_00206e00","Global",16,false,false,"ok"
"00207040","FUN_00207040","Global",104,false,false,"ok"
"00207110","FUN_00207110","Global",20,false,false,"ok"
"00207440","FUN_00207440","Global",12,false,false,"ok"
"002076f0","FUN_002076f0","Global",20,false,false,"ok"
"00207b90","FUN_00207b90","Global",32,false,false,"ok"
"00207c00","FUN_00207c00","Global",48,false,false,"ok"
"00207cf0","FUN_00207cf0","Global",48,false,false,"ok"
"00207d30","FUN_00207d30","Global",8,false,false,"ok"
"00207e60","FUN_00207e60","Global",8,false,false,"ok"
"00207ed0","FUN_00207ed0","Global",12,false,false,"ok"
"00209b60","FUN_00209b60","Global",108,false,false,"ok"
"00209be0","FUN_00209be0","Global",148,false,false,"ok"
"00209c90","FUN_00209c90","Global",12,false,false,"ok"
"0020b910","FUN_0020b910","Global",28,false,false,"ok"
"0020b940","FUN_0020b940","Global",264,false,false,"ok"
"0020bae0","FUN_0020bae0","Global",112,false,false,"ok"
"0020bb60","FUN_0020bb60","Global",24,false,false,"ok"
"0020c310","FUN_0020c310","Global",12,false,false,"ok"
"0020c630","FUN_0020c630","Global",352,false,false,"ok"
"0020de80","FUN_0020de80","Global",12,false,false,"ok"
"0020e460","FUN_0020e460","Global",1264,false,false,"ok"
"0020f150","FUN_0020f150","Global",16,false,false,"ok"
"0020f690","FUN_0020f690","Global",20,false,false,"ok"
"0020fa90","FUN_0020fa90","Global",24,false,false,"ok"
"002108b0","FUN_002108b0","Global",32,false,false,"ok"
"00210ee0","FUN_00210ee0","Global",8,false,false,"ok"
"00211920","FUN_00211920","Global",248,false,false,"ok"
"00211a20","FUN_00211a20","Global",20,false,false,"ok"
"00211da0","FUN_00211da0","Global",16,false,false,"ok"
"00212c60","FUN_00212c60","Global",20,false,false,"ok"
"00213580","FUN_00213580","Global",320,false,false,"ok"
"00213900","FUN_00213900","Global",20,false,false,"ok"
"00213b30","FUN_00213b30","Global",12,false,false,"ok"
"00214090","FUN_00214090","Global",40,false,false,"ok"
"002140c0","FUN_002140c0","Global",64,false,false,"ok"
"002141b0","FUN_002141b0","Global",52,false,false,"ok"
"00214220","FUN_00214220","Global",52,false,false,"ok"
"00214280","FUN_00214280","Global",52,false,false,"ok"
"002142d0","FUN_002142d0","Global",28,false,false,"ok"
"00214300","FUN_00214300","Global",88,false,false,"ok"
"00214400","FUN_00214400","Global",12,false,false,"ok"
"00214e80","FUN_00214e80","Global",16,false,false,"ok"
"0021a590","FUN_0021a590","Global",140,false,false,"ok"
"0021a740","FUN_0021a740","Global",20,false,false,"ok"
"0021a800","FUN_0021a800","Global",20,false,false,"ok"
"0021a920","FUN_0021a920","Global",72,false,false,"ok"
"0021aa20","FUN_0021aa20","Global",48,false,false,"ok"
"0021aa90","FUN_0021aa90","Global",24,false,false,"ok"
"0021ada0","FUN_0021ada0","Global",196,false,false,"ok"
"0021af00","FUN_0021af00","Global",1,false,false,"ok"
"0021af20","FUN_0021af20","Global",12,false,false,"ok"
"0021af70","FUN_0021af70","Global",1,false,false,"ok"
"0021afd0","FUN_0021afd0","Global",108,false,false,"ok"
"0021b0a0","FUN_0021b0a0","Global",116,false,false,"ok"
"0021b130","FUN_0021b130","Global",20,false,false,"ok"
"0021c4b0","FUN_0021c4b0","Global",8,false,false,"ok"
"0021c780","FUN_0021c780","Global",640,false,false,"ok"
"0021e510","FUN_0021e510","Global",12,false,false,"ok"
"0021eac0","FUN_0021eac0","Global",100,false,false,"ok"
"0021ec50","FUN_0021ec50","Global",84,false,false,"ok"
"0021ecc0","FUN_0021ecc0","Global",60,false,false,"ok"
"0021ed10","FUN_0021ed10","Global",136,false,false,"ok"
"0021edb0","FUN_0021edb0","Global",16,false,false,"ok"
"0021f060","FUN_0021f060","Global",8,false,false,"ok"
"0021f170","FUN_0021f170","Global",80,false,false,"ok"
"0021f2e0","FUN_0021f2e0","Global",40,false,false,"ok"
"0021f470","FUN_0021f470","Global",204,false,false,"ok"
"0021f630","FUN_0021f630","Global",204,false,false,"ok"
"0021f7f0","FUN_0021f7f0","Global",116,false,false,"ok"
"0021f890","FUN_0021f890","Global",220,false,false,"ok"
"0021fa90","FUN_0021fa90","Global",216,false,false,"ok"
"0021fc90","FUN_0021fc90","Global",204,false,false,"ok"
"0021fe80","FUN_0021fe80","Global",96,false,false,"ok"
"0021fef0","FUN_0021fef0","Global",52,false,false,"ok"
"0021ff30","FUN_0021ff30","Global",220,false,false,"ok"
"00220130","FUN_00220130","Global",240,false,false,"ok"
"00220440","FUN_00220440","Global",60,false,false,"ok"
"00220490","FUN_00220490","Global",60,false,false,"ok"
"002204e0","FUN_002204e0","Global",216,false,false,"ok"
"00220630","FUN_00220630","Global",52,false,false,"ok"
"00220670","FUN_00220670","Global",16,false,false,"ok"
"00220760","FUN_00220760","Global",316,false,false,"ok"
"002208b0","FUN_002208b0","Global",52,false,false,"ok"
"00220930","FUN_00220930","Global",84,false,false,"ok"
"00220990","FUN_00220990","Global",240,false,false,"ok"
"00220a90","FUN_00220a90","Global",24,false,false,"ok"
"00221a10","FUN_00221a10","Global",148,false,false,"ok"
"00221af0","FUN_00221af0","Global",16,false,false,"ok"
"00221d30","FUN_00221d30","Global",12,false,false,"ok"
"002223d0","FUN_002223d0","Global",16,false,false,"ok"
"002225a0","FUN_002225a0","Global",12,false,false,"ok"
"00222850","FUN_00222850","Global",16,false,false,"ok"
"00225210","FUN_00225210","Global",172,false,false,"ok"
"00225530","FUN_00225530","Global",156,false,false,"ok"
"002256d0","FUN_002256d0","Global",16,false,false,"ok"
"00225a90","FUN_00225a90","Global",48,false,false,"ok"
"00225ad0","FUN_00225ad0","Global",24,false,false,"ok"
"00226160","FUN_00226160","Global",24,false,false,"ok"
"002262f0","FUN_002262f0","Global",116,false,false,"ok"
"00226370","FUN_00226370","Global",60,false,false,"ok"
"002263c0","FUN_002263c0","Global",40,false,false,"ok"
"00226450","FUN_00226450","Global",84,false,false,"ok"
"00226600","FUN_00226600","Global",84,false,false,"ok"
"00226660","FUN_00226660","Global",68,false,false,"ok"
"00226750","FUN_00226750","Global",28,false,false,"ok"
"00226880","FUN_00226880","Global",28,false,false,"ok"
"00226ba0","FUN_00226ba0","Global",60,false,false,"ok"
"00226c30","FUN_00226c30","Global",60,false,false,"ok"
"00226cc0","FUN_00226cc0","Global",60,false,false,"ok"
"00226d40","FUN_00226d40","Global",60,false,false,"ok"
"00226dd0","FUN_00226dd0","Global",172,false,false,"ok"
"00226f30","FUN_00226f30","Global",172,false,false,"ok"
"00227090","FUN_00227090","Global",116,false,false,"ok"
"00227150","FUN_00227150","Global",12,false,false,"ok"
"00227560","FUN_00227560","Global",40,false,false,"ok"
"002275a0","FUN_002275a0","Global",60,false,false,"ok"
"002275f0","FUN_002275f0","Global",164,false,false,"ok"
"00227720","FUN_00227720","Global",32,false,false,"ok"
"00227cd0","FUN_00227cd0","Global",8,false,false,"ok"
"00227fa0","FUN_00227fa0","Global",68,false,false,"ok"
"00228080","FUN_00228080","Global",120,false,false,"ok"
"002281d0","FUN_002281d0","Global",12,false,false,"ok"
"002287d0","FUN_002287d0","Global",20,false,false,"ok"
"00228b10","FUN_00228b10","Global",20,false,false,"ok"
"00229a90","FUN_00229a90","Global",12,false,false,"ok"
"0022a480","FUN_0022a480","Global",20,false,false,"ok"
"0022b220","FUN_0022b220","Global",16,false,false,"ok"
"0022bec0","FUN_0022bec0","Global",20,false,false,"ok"
"0022c470","FUN_0022c470","Global",156,false,false,"ok"
"0022c7e0","FUN_0022c7e0","Global",24,false,false,"ok"
"0022c980","FUN_0022c980","Global",264,false,false,"ok"
"0022cc30","FUN_0022cc30","Global",48,false,false,"ok"
"0022cc90","FUN_0022cc90","Global",36,false,false,"ok"
"0022ccc0","FUN_0022ccc0","Global",48,false,false,"ok"
"0022ced0","FUN_0022ced0","Global",256,false,false,"ok"
"0022d1b0","FUN_0022d1b0","Global",12,false,false,"ok"
"0022d510","FUN_0022d510","Global",1,false,false,"ok"
"0022d520","FUN_0022d520","Global",64,false,false,"ok"
"0022d570","FUN_0022d570","Global",80,false,false,"ok"
"0022d5e0","FUN_0022d5e0","Global",12,false,false,"ok"
"0022d660","FUN_0022d660","Global",40,false,false,"ok"
"0022d690","FUN_0022d690","Global",88,false,false,"ok"
"0022d7b0","FUN_0022d7b0","Global",8,false,false,"ok"
"0022dac0","FUN_0022dac0","Global",132,false,false,"ok"
"0022db60","FUN_0022db60","Global",48,false,false,"ok"
"0022dba0","FUN_0022dba0","Global",276,false,false,"ok"
"0022dcd0","FUN_0022dcd0","Global",12,false,false,"ok"
"0022e580","FUN_0022e580","Global",24,false,false,"ok"
"0022e7f0","FUN_0022e7f0","Global",8,false,false,"ok"
"0022eaf0","FUN_0022eaf0","Global",368,false,false,"ok"
"0022ec70","FUN_0022ec70","Global",64,false,false,"ok"
"0022edb0","FUN_0022edb0","Global",192,false,false,"ok"
"0022efa0","FUN_0022efa0","Global",280,false,false,"ok"
"0022f3b0","FUN_0022f3b0","Global",176,false,false,"ok"
"0022f470","FUN_0022f470","Global",32,false,false,"ok"
"0022f4a0","FUN_0022f4a0","Global",108,false,false,"ok"
"0022f520","FUN_0022f520","Global",284,false,false,"ok"
"0022f650","FUN_0022f650","Global",708,false,false,"ok"
"0022f9a0","FUN_0022f9a0","Global",80,false,false,"ok"
"0022fa00","FUN_0022fa00","Global",24,false,false,"ok"
"00231040","FUN_00231040","Global",40,false,false,"ok"
"00231360","FUN_00231360","Global",12,false,false,"ok"
"002314b0","FUN_002314b0","Global",60,false,false,"ok"
"00231500","FUN_00231500","Global",1644,false,false,"ok"
"002318b0","FUN_002318b0","Global",60,false,false,"ok"
"00231900","FUN_00231900","Global",28,false,false,"ok"
"00231e10","FUN_00231e10","Global",12,false,false,"ok"
"002323f0","FUN_002323f0","Global",36,false,false,"ok"
"002325c0","FUN_002325c0","Global",28,false,false,"ok"
"002325f0","FUN_002325f0","Global",92,false,false,"ok"
"00232660","FUN_00232660","Global",88,false,false,"ok"
"00232930","FUN_00232930","Global",212,false,false,"ok"
"00232a20","FUN_00232a20","Global",100,false,false,"ok"
"00232a90","FUN_00232a90","Global",68,false,false,"ok"
"00232b50","FUN_00232b50","Global",92,false,false,"ok"
"00232bc0","FUN_00232bc0","Global",16,false,false,"ok"
"00232cc0","FUN_00232cc0","Global",20,false,false,"ok"
"00232e40","FUN_00232e40","Global",12,false,false,"ok"
"00232e50","FUN_00232e50","Global",124,false,false,"ok"
"00232ee0","FUN_00232ee0","Global",80,false,false,"ok"
"00233000","FUN_00233000","Global",12,false,false,"ok"
"00233010","FUN_00233010","Global",124,false,false,"ok"
"002330b0","FUN_002330b0","Global",36,false,false,"ok"
"00233140","FUN_00233140","Global",12,false,false,"ok"
"00233210","FUN_00233210","Global",48,false,false,"ok"
"00233250","FUN_00233250","Global",8,false,false,"ok"
"002332b0","FUN_002332b0","Global",8,false,false,"ok"
"00233310","FUN_00233310","Global",8,false,false,"ok"
"00233370","FUN_00233370","Global",36,false,false,"ok"
"002333a0","FUN_002333a0","Global",40,false,false,"ok"
"002333d0","FUN_002333d0","Global",36,false,false,"ok"
"00233400","FUN_00233400","Global",80,false,false,"ok"
"00233470","FUN_00233470","Global",48,false,false,"ok"
"002335c0","FUN_002335c0","Global",128,false,false,"ok"
"00233780","FUN_00233780","Global",8,false,false,"ok"
"00233960","FUN_00233960","Global",8,false,false,"ok"
"00233a20","FUN_00233a20","Global",12,false,false,"ok"
"00233c70","FUN_00233c70","Global",284,false,false,"ok"
"00233da0","FUN_00233da0","Global",204,false,false,"ok"
"00233ee0","FUN_00233ee0","Global",24,false,false,"ok"
"00234470","FUN_00234470","Global",8,false,false,"ok"
"00235c90","FUN_00235c90","Global",12,false,false,"ok"
"00235e70","FUN_00235e70","Global",12,false,false,"ok"
"002365c0","FUN_002365c0","Global",8,false,false,"ok"
"00236770","FUN_00236770","Global",8,false,false,"ok"
"00238330","FUN_00238330","Global",20,false,false,"ok"
"002388b0","FUN_002388b0","Global",12,false,false,"ok"
"00239890","FUN_00239890","Global",24,false,false,"ok"
"00239b60","FUN_00239b60","Global",8,false,false,"ok"
"00239e10","FUN_00239e10","Global",12,false,false,"ok"
"00239fe0","FUN_00239fe0","Global",104,false,false,"ok"
"0023a060","FUN_0023a060","Global",16,false,false,"ok"
"0023adb0","FUN_0023adb0","Global",312,false,false,"ok"
"0023b2a0","FUN_0023b2a0","Global",228,false,false,"ok"
"0023b3b0","FUN_0023b3b0","Global",496,false,false,"ok"
"0023b5d0","FUN_0023b5d0","Global",432,false,false,"ok"
"0023b7c0","FUN_0023b7c0","Global",204,false,false,"ok"
"0023b8a0","FUN_0023b8a0","Global",16,false,false,"ok"
"0023b900","FUN_0023b900","Global",16,false,false,"ok"
"0023b960","FUN_0023b960","Global",136,false,false,"ok"
"0023ba00","FUN_0023ba00","Global",8,false,false,"ok"
"0023d170","FUN_0023d170","Global",12,false,false,"ok"
"0023e0e0","FUN_0023e0e0","Global",168,false,false,"ok"
"0023e1a0","FUN_0023e1a0","Global",60,false,false,"ok"
"0023e210","FUN_0023e210","Global",8,false,false,"ok"
"0023e520","FUN_0023e520","Global",12,false,false,"ok"
"0023e660","FUN_0023e660","Global",24,false,false,"ok"
"0023e970","FUN_0023e970","Global",16,false,false,"ok"
"0023eae0","FUN_0023eae0","Global",8,false,false,"ok"
"0023ed50","FUN_0023ed50","Global",20,false,false,"ok"
"0023fdc0","FUN_0023fdc0","Global",116,false,false,"ok"
"0023fe50","FUN_0023fe50","Global",612,false,false,"ok"
"002408c0","FUN_002408c0","Global",16,false,false,"ok"
"002409c0","FUN_002409c0","Global",16,false,false,"ok"
"00240dc0","FUN_00240dc0","Global",20,false,false,"ok"
"00241140","FUN_00241140","Global",312,false,false,"ok"
"00241280","FUN_00241280","Global",1,false,false,"ok"
"00241290","FUN_00241290","Global",12,false,false,"ok"
"00241ea0","FUN_00241ea0","Global",24,false,false,"ok"
"00241fd0","FUN_00241fd0","Global",16,false,false,"ok"
"00242100","FUN_00242100","Global",8,false,false,"ok"
"00242a90","FUN_00242a90","Global",32,false,false,"ok"
"00242ac0","FUN_00242ac0","Global",152,false,false,"ok"
"00242b70","FUN_00242b70","Global",36,false,false,"ok"
"00242ba0","FUN_00242ba0","Global",224,false,false,"ok"
"00242c90","FUN_00242c90","Global",624,false,false,"ok"
"00242f40","FUN_00242f40","Global",420,false,false,"ok"
"00243380","FUN_00243380","Global",56,false,false,"ok"
"00243820","FUN_00243820","Global",12,false,false,"ok"
"00243c50","FUN_00243c50","Global",20,false,false,"ok"
"00243db0","FUN_00243db0","Global",8,false,false,"ok"
"00243f80","FUN_00243f80","Global",76,false,false,"ok"
"00243fe0","FUN_00243fe0","Global",8,false,false,"ok"
"00244140","FUN_00244140","Global",12,false,false,"ok"
"00244420","FUN_00244420","Global",8,false,false,"ok"
"00244540","FUN_00244540","Global",20,false,false,"ok"
"002449b0","FUN_002449b0","Global",16,false,false,"ok"
"00244ee0","FUN_00244ee0","Global",8,false,false,"ok"
"00244ef0","FUN_00244ef0","Global",32,false,false,"ok"
"00244f20","FUN_00244f20","Global",40,false,false,"ok"
"00244f50","FUN_00244f50","Global",20,false,false,"ok"
"00245140","FUN_00245140","Global",12,false,false,"ok"
"00245210","FUN_00245210","Global",8,false,false,"ok"
"00245460","FUN_00245460","Global",16,false,false,"ok"
"00245720","FUN_00245720","Global",248,false,false,"ok"
"00245830","FUN_00245830","Global",104,false,false,"ok"
"00245930","FUN_00245930","Global",180,false,false,"ok"
"002459f0","FUN_002459f0","Global",44,false,false,"ok"
"00245a30","FUN_00245a30","Global",148,false,false,"ok"
"00245ad0","FUN_00245ad0","Global",36,false,false,"ok"
"00245df0","FUN_00245df0","Global",36,false,false,"ok"
"00245f30","FUN_00245f30","Global",80,false,false,"ok"
"00245f90","FUN_00245f90","Global",8,false,false,"ok"
"002460e0","FUN_002460e0","Global",392,false,false,"ok"
"002462d0","FUN_002462d0","Global",44,false,false,"ok"
"00246310","FUN_00246310","Global",836,false,false,"ok"
"00246670","FUN_00246670","Global",28,false,false,"ok"
"002466a0","FUN_002466a0","Global",16,false,false,"ok"
"00246c30","FUN_00246c30","Global",12,false,false,"ok"
"00246f10","FUN_00246f10","Global",204,false,false,"ok"
"00246ff0","FUN_00246ff0","Global",12,false,false,"ok"
"002472d0","FUN_002472d0","Global",36,false,false,"ok"
"00247300","FUN_00247300","Global",68,false,false,"ok"
"00247350","FUN_00247350","Global",236,false,false,"ok"
"00247470","FUN_00247470","Global",16,false,false,"ok"
"00247640","FUN_00247640","Global",340,false,false,"ok"
"002477a0","FUN_002477a0","Global",4,false,false,"ok"
"002479d0","FUN_002479d0","Global",16,false,false,"ok"
"00247a10","FUN_00247a10","Global",16,false,false,"ok"
"00248df0","FUN_00248df0","Global",16,false,false,"ok"
"00248e70","FUN_00248e70","Global",16,false,false,"ok"
"00248eb0","FUN_00248eb0","Global",68,false,false,"ok"
"00248f00","FUN_00248f00","Global",28,false,false,"ok"
"00249040","FUN_00249040","Global",128,false,false,"ok"
"002490d0","FUN_002490d0","Global",128,false,false,"ok"
"002495c0","FUN_002495c0","Global",128,false,false,"ok"
"00249660","FUN_00249660","Global",228,false,false,"ok"
"00249bf0","FUN_00249bf0","Global",8,false,false,"ok"
"00249d40","FUN_00249d40","Global",8,false,false,"ok"
"0024a4b0","FUN_0024a4b0","Global",68,false,false,"ok"
"0024a500","FUN_0024a500","Global",68,false,false,"ok"
"0024a950","FUN_0024a950","Global",8,false,false,"ok"
"0024b120","FUN_0024b120","Global",36,false,false,"ok"
"0024b2c0","FUN_0024b2c0","Global",300,false,false,"ok"
"0024b640","FUN_0024b640","Global",8,false,false,"ok"
"0024b650","FUN_0024b650","Global",52,false,false,"ok"
"0024b6a0","FUN_0024b6a0","Global",36,false,false,"ok"
"0024b6d0","FUN_0024b6d0","Global",8,false,false,"ok"
"0024ba90","FUN_0024ba90","Global",100,false,false,"ok"
"0024bb10","FUN_0024bb10","Global",108,false,false,"ok"
"0024bb90","FUN_0024bb90","Global",8,false,false,"ok"
"0024be40","FUN_0024be40","Global",244,false,false,"ok"
"0024bf50","FUN_0024bf50","Global",8,false,false,"ok"
"0024c360","FUN_0024c360","Global",116,false,false,"ok"
"0024c3e0","FUN_0024c3e0","Global",116,false,false,"ok"
"0024c460","FUN_0024c460","Global",12,false,false,"ok"
"0024c610","FUN_0024c610","Global",200,false,false,"ok"
"0024c6e0","FUN_0024c6e0","Global",244,false,false,"ok"
"0024c850","FUN_0024c850","Global",468,false,false,"ok"
"0024caa0","FUN_0024caa0","Global",212,false,false,"ok"
"0024cbd0","FUN_0024cbd0","Global",144,false,false,"ok"
"0024cc70","FUN_0024cc70","Global",8,false,false,"ok"
"0024ced0","FUN_0024ced0","Global",8,false,false,"ok"
"0024dac0","FUN_0024dac0","Global",592,false,false,"ok"
"0024ddc0","FUN_0024ddc0","Global",32,false,false,"ok"
"0024df50","FUN_0024df50","Global",460,false,false,"ok"
"0024e1a0","FUN_0024e1a0","Global",500,false,false,"ok"
"0024e3b0","FUN_0024e3b0","Global",280,false,false,"ok"
"0024e4e0","FUN_0024e4e0","Global",24,false,false,"ok"
"0024f1a0","FUN_0024f1a0","Global",16,false,false,"ok"
"0024f4b0","FUN_0024f4b0","Global",172,false,false,"ok"
"0024f580","FUN_0024f580","Global",8,false,false,"ok"
"0024fbb0","FUN_0024fbb0","Global",12,false,false,"ok"
"0024fe90","FUN_0024fe90","Global",28,false,false,"ok"
"00250430","FUN_00250430","Global",12,false,false,"ok"
"00253780","FUN_00253780","Global",12,false,false,"ok"
"002544e0","FUN_002544e0","Global",12,false,false,"ok"
"00254ad0","FUN_00254ad0","Global",8,false,false,"ok"
"00257480","FUN_00257480","Global",24,false,false,"ok"
"00257550","FUN_00257550","Global",20,false,false,"ok"
"002576b0","FUN_002576b0","Global",16,false,false,"ok"
"00257a90","FUN_00257a90","Global",8,false,false,"ok"
"00258250","FUN_00258250","Global",12,false,false,"ok"
"002597b0","FUN_002597b0","Global",8,false,false,"ok"
"0025bf40","FUN_0025bf40","Global",12,false,false,"ok"
"0025cb10","FUN_0025cb10","Global",12,false,false,"ok"
"0025d5c0","FUN_0025d5c0","Global",28,false,false,"ok"
"0025d7c0","FUN_0025d7c0","Global",12,false,false,"ok"
"0025d920","FUN_0025d920","Global",112,false,false,"ok"
"0025db10","FUN_0025db10","Global",12,false,false,"ok"
"0025de60","FUN_0025de60","Global",20,false,false,"ok"
"0025e290","FUN_0025e290","Global",296,false,false,"ok"
"0025e3d0","FUN_0025e3d0","Global",8,false,false,"ok"
"0025f620","FUN_0025f620","Global",48,false,false,"ok"
"0025f710","FUN_0025f710","Global",8,false,false,"ok"
"0025f9a0","FUN_0025f9a0","Global",44,false,false,"ok"
"0025fa10","FUN_0025fa10","Global",12,false,false,"ok"
"0025fab0","FUN_0025fab0","Global",8,false,false,"ok"
"0025fb50","FUN_0025fb50","Global",60,false,false,"ok"
"0025fba0","FUN_0025fba0","Global",32,false,false,"ok"
"0025fbd0","FUN_0025fbd0","Global",112,false,false,"ok"
"0025fc50","FUN_0025fc50","Global",68,false,false,"ok"
"0025feb0","FUN_0025feb0","Global",260,false,false,"ok"
"0025ffc0","FUN_0025ffc0","Global",336,false,false,"ok"
"00260120","FUN_00260120","Global",264,false,false,"ok"
"00260240","FUN_00260240","Global",64,false,false,"ok"
"00260310","FUN_00260310","Global",32,false,false,"ok"
"00260350","FUN_00260350","Global",348,false,false,"ok"
"002604c0","FUN_002604c0","Global",76,false,false,"ok"
"00260520","FUN_00260520","Global",8,false,false,"ok"
"00263080","FUN_00263080","Global",28,false,false,"ok"
"002630b0","FUN_002630b0","Global",12,false,false,"ok"
"00263580","FUN_00263580","Global",20,false,false,"ok"
"00263750","FUN_00263750","Global",24,false,false,"ok"
"00263c90","FUN_00263c90","Global",132,false,false,"ok"
"00263d20","FUN_00263d20","Global",204,false,false,"ok"
"00263e00","FUN_00263e00","Global",96,false,false,"ok"
"00263e70","FUN_00263e70","Global",128,false,false,"ok"
"00263f70","FUN_00263f70","Global",332,false,false,"ok"
"002640d0","FUN_002640d0","Global",48,false,false,"ok"
"00264110","FUN_00264110","Global",48,false,false,"ok"
"00264150","FUN_00264150","Global",340,false,false,"ok"
"00264470","FUN_00264470","Global",412,false,false,"ok"
"00264620","FUN_00264620","Global",388,false,false,"ok"
"002647e0","FUN_002647e0","Global",8,false,false,"ok"
"002647f0","FUN_002647f0","Global",8,false,false,"ok"
"00264800","FUN_00264800","Global",84,false,false,"ok"
"00264870","FUN_00264870","Global",56,false,false,"ok"
"002648c0","FUN_002648c0","Global",76,false,false,"ok"
"00264b60","FUN_00264b60","Global",12,false,false,"ok"
"00264fd0","FUN_00264fd0","Global",132,false,false,"ok"
"00265070","FUN_00265070","Global",1,false,false,"ok"
"002651a0","FUN_002651a0","Global",8,false,false,"ok"
"00265340","FUN_00265340","Global",84,false,false,"ok"
"002653a0","FUN_002653a0","Global",20,false,false,"ok"
"002657e0","FUN_002657e0","Global",8,false,false,"ok"
"00265be0","FUN_00265be0","Global",108,false,false,"ok"
"00265c60","FUN_00265c60","Global",8,false,false,"ok"
"00265d00","FUN_00265d00","Global",340,false,false,"ok"
"00265ee0","FUN_00265ee0","Global",180,false,false,"ok"
"00265fa0","FUN_00265fa0","Global",544,false,false,"ok"
"002661d0","thunk_FUN_001016c0","Global",8,false,true,"ok"
"002661e0","thunk_FUN_00101670","Global",8,false,true,"ok"
"00266310","FUN_00266310","Global",48,false,false,"ok"
"00266350","FUN_00266350","Global",1,false,false,"ok"
"00266360","FUN_00266360","Global",1,false,false,"ok"
"00266370","FUN_00266370","Global",1,false,false,"ok"
"00266380","FUN_00266380","Global",48,false,false,"ok"
"002663d0","FUN_002663d0","Global",1,false,false,"ok"
"00266400","FUN_00266400","Global",1,false,false,"ok"
"00266410","FUN_00266410","Global",240,false,false,"ok"
"00266540","FUN_00266540","Global",16,false,false,"ok"
"00266560","FUN_00266560","Global",8,false,false,"ok"
"002665d0","FUN_002665d0","Global",8,false,false,"ok"
"002666e0","FUN_002666e0","Global",16,false,false,"ok"
"002667f0","FUN_002667f0","Global",16,false,false,"ok"
"00266900","FUN_00266900","Global",16,false,false,"ok"
"00266a10","FUN_00266a10","Global",12,false,false,"ok"
"00266b30","FUN_00266b30","Global",12,false,false,"ok"
"00266c40","FUN_00266c40","Global",12,false,false,"ok"
"00266d50","FUN_00266d50","Global",12,false,false,"ok"
"00266e60","FUN_00266e60","Global",16,false,false,"ok"
"00266f70","FUN_00266f70","Global",8,false,false,"ok"
"00267000","FUN_00267000","Global",8,false,false,"ok"
"00267110","FUN_00267110","Global",8,false,false,"ok"
"002671a0","FUN_002671a0","Global",16,false,false,"ok"
"002672b0","FUN_002672b0","Global",16,false,false,"ok"
"002673d0","FUN_002673d0","Global",12,false,false,"ok"
"002674f0","FUN_002674f0","Global",16,false,false,"ok"
"00267600","FUN_00267600","Global",8,false,false,"ok"
"00267710","FUN_00267710","Global",8,false,false,"ok"
"00267730","FUN_00267730","Global",8,false,false,"ok"
"00267740","FUN_00267740","Global",12,false,false,"ok"
"00267750","FUN_00267750","Global",132,false,false,"ok"
"002677f0","FUN_002677f0","Global",124,false,false,"ok"
"002678d0","FUN_002678d0","Global",64,false,false,"ok"
"00267920","FUN_00267920","Global",164,false,false,"ok"
"002679d0","FUN_002679d0","Global",80,false,false,"ok"
"00267a30","FUN_00267a30","Global",172,false,false,"ok"
"00267af0","FUN_00267af0","Global",156,false,false,"ok"
"00267ba0","FUN_00267ba0","Global",100,false,false,"ok"
"00267ca0","FUN_00267ca0","Global",708,false,false,"ok"
"00268040","FUN_00268040","Global",188,false,false,"ok"
"00268110","FUN_00268110","Global",20,false,false,"ok"
"00268770","FUN_00268770","Global",40,false,false,"ok"
"00268a50","FUN_00268a50","Global",16,false,false,"ok"
"00269a50","FUN_00269a50","Global",472,false,false,"ok"
"00269c40","FUN_00269c40","Global",8,false,false,"ok"
"0026a600","FUN_0026a600","Global",204,false,false,"ok"
"0026a6e0","FUN_0026a6e0","Global",8,false,false,"ok"
"0026ac30","FUN_0026ac30","Global",64,false,false,"ok"
"0026af50","FUN_0026af50","Global",56,false,false,"ok"
"0026afb0","FUN_0026afb0","Global",16,false,false,"ok"
"0026b220","FUN_0026b220","Global",24,false,false,"ok"
"0026b4c0","FUN_0026b4c0","Global",208,false,false,"ok"
"0026b5a0","FUN_0026b5a0","Global",20,false,false,"ok"
"0026b810","FUN_0026b810","Global",8,false,false,"ok"
"0026b9a0","FUN_0026b9a0","Global",8,false,false,"ok"
"0026ba30","FUN_0026ba30","Global",128,false,false,"ok"
"0026bac0","FUN_0026bac0","Global",136,false,false,"ok"
"0026bb60","FUN_0026bb60","Global",156,false,false,"ok"
"0026bc10","FUN_0026bc10","Global",260,false,false,"ok"
"0026bdc0","FUN_0026bdc0","Global",152,false,false,"ok"
"0026bf20","FUN_0026bf20","Global",20,false,false,"ok"
"0026c650","FUN_0026c650","Global",12,false,false,"ok"
"0026cdd0","FUN_0026cdd0","Global",44,false,false,"ok"
"0026d090","FUN_0026d090","Global",16,false,false,"ok"
"0026d300","FUN_0026d300","Global",16,false,false,"ok"
"0026d490","FUN_0026d490","Global",228,false,false,"ok"
"0026d5e0","FUN_0026d5e0","Global",152,false,false,"ok"
"0026d680","FUN_0026d680","Global",116,false,false,"ok"
"0026d700","FUN_0026d700","Global",144,false,false,"ok"
"0026d7a0","FUN_0026d7a0","Global",12,false,false,"ok"
"0026db40","FUN_0026db40","Global",20,false,false,"ok"
"0026de90","FUN_0026de90","Global",28,false,false,"ok"
"0026e3e0","FUN_0026e3e0","Global",436,false,false,"ok"
"0026e5a0","FUN_0026e5a0","Global",8,false,false,"ok"
"0026e8c0","FUN_0026e8c0","Global",16,false,false,"ok"
"0026ec90","FUN_0026ec90","Global",28,false,false,"ok"
"0026f070","FUN_0026f070","Global",164,false,false,"ok"
"0026f120","FUN_0026f120","Global",12,false,false,"ok"
"0026f520","FUN_0026f520","Global",380,false,false,"ok"
"0026f810","FUN_0026f810","Global",444,false,false,"ok"
"0026f9e0","FUN_0026f9e0","Global",80,false,false,"ok"
"0026fad0","FUN_0026fad0","Global",76,false,false,"ok"
"0026fb50","FUN_0026fb50","Global",16,false,false,"ok"
"0026fb90","FUN_0026fb90","Global",20,false,false,"ok"
"0026ff60","FUN_0026ff60","Global",156,false,false,"ok"
"00270010","FUN_00270010","Global",88,false,false,"ok"
"00270080","FUN_00270080","Global",536,false,false,"ok"
"002702b0","FUN_002702b0","Global",112,false,false,"ok"
"00270330","FUN_00270330","Global",40,false,false,"ok"
"00270370","FUN_00270370","Global",132,false,false,"ok"
"00270410","FUN_00270410","Global",68,false,false,"ok"
"00270470","FUN_00270470","Global",172,false,false,"ok"
"002705a0","FUN_002705a0","Global",44,false,false,"ok"
"002705e0","FUN_002705e0","Global",188,false,false,"ok"
"00270720","FUN_00270720","Global",64,false,false,"ok"
"00270770","FUN_00270770","Global",188,false,false,"ok"
"002708b0","FUN_002708b0","Global",64,false,false,"ok"
"00270900","FUN_00270900","Global",188,false,false,"ok"
"00270a40","FUN_00270a40","Global",64,false,false,"ok"
"00270a90","FUN_00270a90","Global",412,false,false,"ok"
"002711c0","FUN_002711c0","Global",288,false,false,"ok"
"002712f0","FUN_002712f0","Global",32,false,false,"ok"
"00271ea0","FUN_00271ea0","Global",8,false,false,"ok"
"00272670","FUN_00272670","Global",28,false,false,"ok"
"00272bf0","FUN_00272bf0","Global",8,false,false,"ok"
"00272dc0","FUN_00272dc0","Global",236,false,false,"ok"
"00272ec0","FUN_00272ec0","Global",12,false,false,"ok"
"00272f80","FUN_00272f80","Global",264,false,false,"ok"
"002730a0","FUN_002730a0","Global",16,false,false,"ok"
"002738e0","FUN_002738e0","Global",348,false,false,"ok"
"00273b90","FUN_00273b90","Global",12,false,false,"ok"
"00273da0","FUN_00273da0","Global",680,false,false,"ok"
"00274060","FUN_00274060","Global",40,false,false,"ok"
"002740a0","FUN_002740a0","Global",8,false,false,"ok"
"00274260","FUN_00274260","Global",420,false,false,"ok"
"00274b20","FUN_00274b20","Global",20,false,false,"ok"
"00274d20","FUN_00274d20","Global",28,false,false,"ok"
"00276550","FUN_00276550","Global",24,false,false,"ok"
"002765b0","FUN_002765b0","Global",24,false,false,"ok"
"00276950","FUN_00276950","Global",32,false,false,"ok"
"00278210","FUN_00278210","Global",84,false,false,"ok"
"00278270","FUN_00278270","Global",16,false,false,"ok"
"0027ad50","FUN_0027ad50","Global",96,false,false,"ok"
"0027b230","FUN_0027b230","Global",332,false,false,"ok"
"0027b390","FUN_0027b390","Global",12,false,false,"ok"
"0027b3b0","FUN_0027b3b0","Global",12,false,false,"ok"
"0027b3d0","FUN_0027b3d0","Global",12,false,false,"ok"
"0027b440","thunk_FUN_00546a88","Global",8,false,true,"ok"
"0027b450","FUN_0027b450","Global",120,false,false,"ok"
"0027b4d0","FUN_0027b4d0","Global",1,false,false,"ok"
"0027b4e0","FUN_0027b4e0","Global",232,false,false,"ok"
"0027b820","FUN_0027b820","Global",68,false,false,"ok"
"0027b870","FUN_0027b870","Global",84,false,false,"ok"
"0027b8d0","FUN_0027b8d0","Global",1,false,false,"ok"
"0027b8e0","FUN_0027b8e0","Global",36,false,false,"ok"
"0027b910","FUN_0027b910","Global",16,false,false,"ok"
"0027b970","FUN_0027b970","Global",1,false,false,"ok"
"0027b980","FUN_0027b980","Global",280,false,false,"ok"
"0027bab0","FUN_0027bab0","Global",16,false,false,"ok"
"0027bad0","FUN_0027bad0","Global",32,false,false,"ok"
"0027bb00","FUN_0027bb00","Global",8,false,false,"ok"
"0027bf30","FUN_0027bf30","Global",448,false,false,"ok"
"0027c1e0","FUN_0027c1e0","Global",24,false,false,"ok"
"0027c280","FUN_0027c280","Global",104,false,false,"ok"
"0027c370","FUN_0027c370","Global",72,false,false,"ok"
"0027c3d0","FUN_0027c3d0","Global",76,false,false,"ok"
"0027c430","FUN_0027c430","Global",32,false,false,"ok"
"0027c4a0","FUN_0027c4a0","Global",28,false,false,"ok"
"0027c6a0","FUN_0027c6a0","Global",1,false,false,"ok"
"0027c6b0","FUN_0027c6b0","Global",20,false,false,"ok"
"0027c940","FUN_0027c940","Global",56,false,false,"ok"
"0027c980","FUN_0027c980","Global",232,false,false,"ok"
"0027ca80","FUN_0027ca80","Global",8,false,false,"ok"
"0027cb30","FUN_0027cb30","Global",32,false,false,"ok"
"0027d070","FUN_0027d070","Global",188,false,false,"ok"
"0027d140","FUN_0027d140","Global",20,false,false,"ok"
"0027d410","FUN_0027d410","Global",12,false,false,"ok"
"0027d650","FUN_0027d650","Global",20,false,false,"ok"
"0027d870","FUN_0027d870","Global",8,false,false,"ok"
"0027dba0","FUN_0027dba0","Global",92,false,false,"ok"
"0027dc50","FUN_0027dc50","Global",136,false,false,"ok"
"0027dcf0","FUN_0027dcf0","Global",184,false,false,"ok"
"0027de10","FUN_0027de10","Global",16,false,false,"ok"
"0027df30","FUN_0027df30","Global",180,false,false,"ok"
"0027dff0","FUN_0027dff0","Global",116,false,false,"ok"
"0027e070","FUN_0027e070","Global",12,false,false,"ok"
"0027f9e0","FUN_0027f9e0","Global",24,false,false,"ok"
"00281670","FUN_00281670","Global",8,false,false,"ok"
"00281880","FUN_00281880","Global",8,false,false,"ok"
"00282030","FUN_00282030","Global",16,false,false,"ok"
"00282250","FUN_00282250","Global",24,false,false,"ok"
"002823d0","FUN_002823d0","Global",20,false,false,"ok"
"00282530","FUN_00282530","Global",16,false,false,"ok"
"002827a0","FUN_002827a0","Global",8,false,false,"ok"
"002837f0","FUN_002837f0","Global",8,false,false,"ok"
"00284040","FUN_00284040","Global",16,false,false,"ok"
"00284310","FUN_00284310","Global",84,false,false,"ok"
"00284370","FUN_00284370","Global",304,false,false,"ok"
"002844b0","FUN_002844b0","Global",12,false,false,"ok"
"00284600","FUN_00284600","Global",24,false,false,"ok"
"00284720","FUN_00284720","Global",16,false,false,"ok"
"00284a90","FUN_00284a90","Global",184,false,false,"ok"
"00284bb0","FUN_00284bb0","Global",16,false,false,"ok"
"00284f50","FUN_00284f50","Global",16,false,false,"ok"
"00285100","FUN_00285100","Global",196,false,false,"ok"
"00285230","FUN_00285230","Global",16,false,false,"ok"
"002855a0","FUN_002855a0","Global",12,false,false,"ok"
"00285740","FUN_00285740","Global",28,false,false,"ok"
"00285c00","FUN_00285c00","Global",16,false,false,"ok"
"00285f80","FUN_00285f80","Global",20,false,false,"ok"
"00286130","FUN_00286130","Global",16,false,false,"ok"
"002865d0","FUN_002865d0","Global",16,false,false,"ok"
"00286940","FUN_00286940","Global",196,false,false,"ok"
"00286a50","FUN_00286a50","Global",432,false,false,"ok"
"00286c40","FUN_00286c40","Global",24,false,false,"ok"
"00286e60","FUN_00286e60","Global",20,false,false,"ok"
"002870d0","FUN_002870d0","Global",16,false,false,"ok"
"00287290","FUN_00287290","Global",24,false,false,"ok"
"00287570","FUN_00287570","Global",8,false,false,"ok"
"00287830","FUN_00287830","Global",20,false,false,"ok"
"00287ab0","FUN_00287ab0","Global",156,false,false,"ok"
"00287b60","FUN_00287b60","Global",32,false,false,"ok"
"00287d10","FUN_00287d10","Global",8,false,false,"ok"
"00288080","FUN_00288080","Global",8,false,false,"ok"
"00288500","FUN_00288500","Global",12,false,false,"ok"
"00288610","FUN_00288610","Global",16,false,false,"ok"
"002889b0","FUN_002889b0","Global",32,false,false,"ok"
"00288ce0","FUN_00288ce0","Global",320,false,false,"ok"
"00288e30","FUN_00288e30","Global",8,false,false,"ok"
"002892d0","FUN_002892d0","Global",8,false,false,"ok"
"002895b0","FUN_002895b0","Global",8,false,false,"ok"
"002897b0","FUN_002897b0","Global",20,false,false,"ok"
"00289930","FUN_00289930","Global",28,false,false,"ok"
"00289ba0","FUN_00289ba0","Global",8,false,false,"ok"
"00289f10","FUN_00289f10","Global",16,false,false,"ok"
"0028a1f0","FUN_0028a1f0","Global",148,false,false,"ok"
"0028a5a0","FUN_0028a5a0","Global",32,false,false,"ok"
"0028a800","FUN_0028a800","Global",68,false,false,"ok"
"0028a870","FUN_0028a870","Global",80,false,false,"ok"
"0028a8d0","FUN_0028a8d0","Global",68,false,false,"ok"
"0028a930","FUN_0028a930","Global",44,false,false,"ok"
"0028a980","FUN_0028a980","Global",96,false,false,"ok"
"0028aa00","FUN_0028aa00","Global",84,false,false,"ok"
"0028aa70","FUN_0028aa70","Global",32,false,false,"ok"
"0028aab0","FUN_0028aab0","Global",196,false,false,"ok"
"0028ab90","FUN_0028ab90","Global",64,false,false,"ok"
"0028abe0","FUN_0028abe0","Global",124,false,false,"ok"
"0028ac70","FUN_0028ac70","Global",284,false,false,"ok"
"0028ae50","FUN_0028ae50","Global",188,false,false,"ok"
"0028af20","FUN_0028af20","Global",8,false,false,"ok"
"0028b060","FUN_0028b060","Global",80,false,false,"ok"
"0028b0d0","FUN_0028b0d0","Global",48,false,false,"ok"
"0028b130","FUN_0028b130","Global",28,false,false,"ok"
"0028b160","FUN_0028b160","Global",84,false,false,"ok"
"0028b1e0","FUN_0028b1e0","Global",100,false,false,"ok"
"0028b280","FUN_0028b280","Global",8,false,false,"ok"
"0028b300","FUN_0028b300","Global",68,false,false,"ok"
"0028b360","FUN_0028b360","Global",44,false,false,"ok"
"0028b3a0","FUN_0028b3a0","Global",44,false,false,"ok"
"0028b3e0","FUN_0028b3e0","Global",20,false,false,"ok"
"0028b400","FUN_0028b400","Global",8,false,false,"ok"
"0028b4a0","FUN_0028b4a0","Global",80,false,false,"ok"
"0028b520","FUN_0028b520","Global",572,false,false,"ok"
"0028b770","FUN_0028b770","Global",20,false,false,"ok"
"0028b870","FUN_0028b870","Global",88,false,false,"ok"
"0028b8d0","FUN_0028b8d0","Global",52,false,false,"ok"
"0028b910","FUN_0028b910","Global",28,false,false,"ok"
"0028b9a0","FUN_0028b9a0","Global",12,false,false,"ok"
"0028ba50","FUN_0028ba50","Global",104,false,false,"ok"
"0028bad0","FUN_0028bad0","Global",112,false,false,"ok"
"0028bb50","FUN_0028bb50","Global",112,false,false,"ok"
"0028bbd0","FUN_0028bbd0","Global",112,false,false,"ok"
"0028bc50","FUN_0028bc50","Global",112,false,false,"ok"
"0028bcd0","FUN_0028bcd0","Global",120,false,false,"ok"
"0028bd60","FUN_0028bd60","Global",48,false,false,"ok"
"0028bda0","FUN_0028bda0","Global",112,false,false,"ok"
"0028be20","FUN_0028be20","Global",4,false,false,"ok"
"0028be30","FUN_0028be30","Global",120,false,false,"ok"
"0028bec0","FUN_0028bec0","Global",116,false,false,"ok"
"0028bf40","FUN_0028bf40","Global",120,false,false,"ok"
"0028bfd0","FUN_0028bfd0","Global",120,false,false,"ok"
"0028c060","FUN_0028c060","Global",128,false,false,"ok"
"0028c0f0","FUN_0028c0f0","Global",20,false,false,"ok"
"0028c140","FUN_0028c140","Global",60,false,false,"ok"
"0028c190","FUN_0028c190","Global",96,false,false,"ok"
"0028c200","FUN_0028c200","Global",20,false,false,"ok"
"0028c240","FUN_0028c240","Global",96,false,false,"ok"
"0028c2b0","FUN_0028c2b0","Global",20,false,false,"ok"
"0028c2f0","FUN_0028c2f0","Global",112,false,false,"ok"
"0028c370","FUN_0028c370","Global",20,false,false,"ok"
"0028c3d0","FUN_0028c3d0","Global",96,false,false,"ok"
"0028c440","FUN_0028c440","Global",20,false,false,"ok"
"0028c490","FUN_0028c490","Global",96,false,false,"ok"
"0028c500","FUN_0028c500","Global",20,false,false,"ok"
"0028c550","FUN_0028c550","Global",96,false,false,"ok"
"0028c5c0","FUN_0028c5c0","Global",20,false,false,"ok"
"0028c600","FUN_0028c600","Global",80,false,false,"ok"
"0028c660","FUN_0028c660","Global",20,false,false,"ok"
"0028c740","FUN_0028c740","Global",88,false,false,"ok"
"0028c7c0","FUN_0028c7c0","Global",48,false,false,"ok"
"0028c800","FUN_0028c800","Global",16,false,false,"ok"
"0028ca90","FUN_0028ca90","Global",20,false,false,"ok"
"0028cdc0","FUN_0028cdc0","Global",16,false,false,"ok"
"0028cf90","FUN_0028cf90","Global",92,false,false,"ok"
"0028d010","FUN_0028d010","Global",48,false,false,"ok"
"0028d100","FUN_0028d100","Global",52,false,false,"ok"
"0028d200","FUN_0028d200","Global",112,false,false,"ok"
"0028d2a0","FUN_0028d2a0","Global",36,false,false,"ok"
"0028d2d0","FUN_0028d2d0","Global",24,false,false,"ok"
"0028d2f0","FUN_0028d2f0","Global",20,false,false,"ok"
"0028d390","FUN_0028d390","Global",88,false,false,"ok"
"0028d400","FUN_0028d400","Global",48,false,false,"ok"
"0028d460","FUN_0028d460","Global",148,false,false,"ok"
"0028d510","FUN_0028d510","Global",8,false,false,"ok"
"0028d710","FUN_0028d710","Global",16,false,false,"ok"
"0028d7e0","FUN_0028d7e0","Global",40,false,false,"ok"
"0028d840","FUN_0028d840","Global",28,false,false,"ok"
"0028d870","FUN_0028d870","Global",64,false,false,"ok"
"0028d8f0","FUN_0028d8f0","Global",8,false,false,"ok"
"0028da40","FUN_0028da40","Global",8,false,false,"ok"
"0028dbf0","FUN_0028dbf0","Global",184,false,false,"ok"
"0028dd00","FUN_0028dd00","Global",8,false,false,"ok"
"0028de40","FUN_0028de40","Global",184,false,false,"ok"
"0028df50","FUN_0028df50","Global",172,false,false,"ok"
"0028e040","FUN_0028e040","Global",24,false,false,"ok"
"0028e070","FUN_0028e070","Global",32,false,false,"ok"
"0028e0a0","FUN_0028e0a0","Global",80,false,false,"ok"
"0028e100","FUN_0028e100","Global",12,false,false,"ok"
"0028e310","FUN_0028e310","Global",32,false,false,"ok"
"0028eaa0","FUN_0028eaa0","Global",16,false,false,"ok"
"0028ec20","FUN_0028ec20","Global",80,false,false,"ok"
"0028ec80","FUN_0028ec80","Global",16,false,false,"ok"
"0028ee70","FUN_0028ee70","Global",424,false,false,"ok"
"0028f220","FUN_0028f220","Global",540,false,false,"ok"
"0028f640","FUN_0028f640","Global",16,false,false,"ok"
"0028f660","FUN_0028f660","Global",28,false,false,"ok"
"0028f690","FUN_0028f690","Global",28,false,false,"ok"
"0028f890","FUN_0028f890","Global",8,false,false,"ok"
"0028fac0","FUN_0028fac0","Global",112,false,false,"ok"
"0028fb50","FUN_0028fb50","Global",1,false,false,"ok"
"0028fb60","FUN_0028fb60","Global",108,false,false,"ok"
"0028fbe0","FUN_0028fbe0","Global",16,false,false,"ok"
"0028fc00","FUN_0028fc00","Global",44,false,false,"ok"
"0028fc40","FUN_0028fc40","Global",412,false,false,"ok"
"0028ff40","FUN_0028ff40","Global",8,false,false,"ok"
"002900b0","FUN_002900b0","Global",12,false,false,"ok"
"002901a0","FUN_002901a0","Global",72,false,false,"ok"
"00290260","FUN_00290260","Global",172,false,false,"ok"
"00290320","FUN_00290320","Global",24,false,false,"ok"
"00290340","FUN_00290340","Global",56,false,false,"ok"
"00290380","FUN_00290380","Global",72,false,false,"ok"
"002903e0","FUN_002903e0","Global",68,false,false,"ok"
"00290450","FUN_00290450","Global",8,false,false,"ok"
"00290460","FUN_00290460","Global",8,false,false,"ok"
"00290470","FUN_00290470","Global",20,false,false,"ok"
"00290490","FUN_00290490","Global",20,false,false,"ok"
"002904b0","FUN_002904b0","Global",144,false,false,"ok"
"00290550","FUN_00290550","Global",16,false,false,"ok"
"00290570","FUN_00290570","Global",64,false,false,"ok"
"002905c0","FUN_002905c0","Global",12,false,false,"ok"
"00290710","FUN_00290710","Global",100,false,false,"ok"
"002908b0","FUN_002908b0","Global",180,false,false,"ok"
"00290970","FUN_00290970","Global",212,false,false,"ok"
"00290a50","FUN_00290a50","Global",72,false,false,"ok"
"00290ab0","FUN_00290ab0","Global",8,false,false,"ok"
"00290ac0","FUN_00290ac0","Global",48,false,false,"ok"
"00290b10","FUN_00290b10","Global",16,false,false,"ok"
"00290b50","FUN_00290b50","Global",16,false,false,"ok"
"00290b60","FUN_00290b60","Global",28,false,false,"ok"
"00290bd0","FUN_00290bd0","Global",8,false,false,"ok"
"00290be0","FUN_00290be0","Global",8,false,false,"ok"
"00290bf0","FUN_00290bf0","Global",8,false,false,"ok"
"00290c00","FUN_00290c00","Global",128,false,false,"ok"
"00290c90","FUN_00290c90","Global",28,false,false,"ok"
"00290cc0","FUN_00290cc0","Global",8,false,false,"ok"
"00290da0","FUN_00290da0","Global",56,false,false,"ok"
"00290df0","FUN_00290df0","Global",20,false,false,"ok"
"00291030","FUN_00291030","Global",8,false,false,"ok"
"00291180","FUN_00291180","Global",8,false,false,"ok"
"00291320","FUN_00291320","Global",24,false,false,"ok"
"002913f0","FUN_002913f0","Global",24,false,false,"ok"
"002914d0","FUN_002914d0","Global",8,false,false,"ok"
"00291620","FUN_00291620","Global",8,false,false,"ok"
"002917c0","FUN_002917c0","Global",20,false,false,"ok"
"00291800","FUN_00291800","Global",24,false,false,"ok"
"00291930","FUN_00291930","Global",8,false,false,"ok"
"00291ad0","FUN_00291ad0","Global",20,false,false,"ok"
"00291b40","FUN_00291b40","Global",20,false,false,"ok"
"00291bc0","FUN_00291bc0","Global",20,false,false,"ok"
"00291c80","FUN_00291c80","Global",36,false,false,"ok"
"00291d00","FUN_00291d00","Global",76,false,false,"ok"
"00291d60","FUN_00291d60","Global",8,false,false,"ok"
"00291de0","FUN_00291de0","Global",40,false,false,"ok"
"00291ee0","FUN_00291ee0","Global",8,false,false,"ok"
"00291f00","FUN_00291f00","Global",28,false,false,"ok"
"00291fb0","FUN_00291fb0","Global",116,false,false,"ok"
"00292030","FUN_00292030","Global",156,false,false,"ok"
"002920e0","FUN_002920e0","Global",12,false,false,"ok"
"00292110","FUN_00292110","Global",8,false,false,"ok"
"00292120","FUN_00292120","Global",12,false,false,"ok"
"00292130","FUN_00292130","Global",60,false,false,"ok"
"00292180","FUN_00292180","Global",44,false,false,"ok"
"002921c0","FUN_002921c0","Global",44,false,false,"ok"
"00292200","FUN_00292200","Global",128,false,false,"ok"
"002922a0","FUN_002922a0","Global",44,false,false,"ok"
"002922e0","FUN_002922e0","Global",44,false,false,"ok"
"00292320","FUN_00292320","Global",12,false,false,"ok"
"00292720","FUN_00292720","Global",68,false,false,"ok"
"00292780","FUN_00292780","Global",188,false,false,"ok"
"00292850","FUN_00292850","Global",84,false,false,"ok"
"002928b0","FUN_002928b0","Global",172,false,false,"ok"
"002929b0","FUN_002929b0","Global",72,false,false,"ok"
"00292a10","FUN_00292a10","Global",16,false,false,"ok"
"00292ad0","FUN_00292ad0","Global",40,false,false,"ok"
"00292b10","FUN_00292b10","Global",68,false,false,"ok"
"00292b60","FUN_00292b60","Global",48,false,false,"ok"
"00292ba0","FUN_00292ba0","Global",124,false,false,"ok"
"00292c50","FUN_00292c50","Global",20,false,false,"ok"
"00292c70","FUN_00292c70","Global",20,false,false,"ok"
"00292c90","FUN_00292c90","Global",64,false,false,"ok"
"00292dc0","FUN_00292dc0","Global",276,false,false,"ok"
"00292ee0","FUN_00292ee0","Global",12,false,false,"ok"
"00293080","FUN_00293080","Global",36,false,false,"ok"
"002930b0","FUN_002930b0","Global",104,false,false,"ok"
"00293130","FUN_00293130","Global",128,false,false,"ok"
"002932d0","FUN_002932d0","Global",16,false,false,"ok"
"002935c0","FUN_002935c0","Global",108,false,false,"ok"
"00293640","FUN_00293640","Global",76,false,false,"ok"
"002936a0","FUN_002936a0","Global",24,false,false,"ok"
"00293810","FUN_00293810","Global",48,false,false,"ok"
"00293910","FUN_00293910","Global",28,false,false,"ok"
"00293dd0","FUN_00293dd0","Global",16,false,false,"ok"
"00293f30","FUN_00293f30","Global",12,false,false,"ok"
"002941c0","FUN_002941c0","Global",32,false,false,"ok"
"00294280","FUN_00294280","Global",56,false,false,"ok"
"002943b0","FUN_002943b0","Global",148,false,false,"ok"
"00294540","FUN_00294540","Global",172,false,false,"ok"
"00294700","FUN_00294700","Global",8,false,false,"ok"
"002949f0","FUN_002949f0","Global",248,false,false,"ok"
"00294b00","FUN_00294b00","Global",340,false,false,"ok"
"00294c80","FUN_00294c80","Global",48,false,false,"ok"
"00294cc0","FUN_00294cc0","Global",36,false,false,"ok"
"00294cf0","FUN_00294cf0","Global",192,false,false,"ok"
"00294dc0","FUN_00294dc0","Global",72,false,false,"ok"
"00294e30","FUN_00294e30","Global",36,false,false,"ok"
"00294e60","FUN_00294e60","Global",4,false,false,"ok"
"00294e70","FUN_00294e70","Global",8,false,false,"ok"
"00295bd0","FUN_00295bd0","Global",240,false,false,"ok"
"00295e70","FUN_00295e70","Global",24,false,false,"ok"
"00296110","FUN_00296110","Global",8,false,false,"ok"
"00296780","FUN_00296780","Global",188,false,false,"ok"
"00296850","FUN_00296850","Global",16,false,false,"ok"
"00296990","FUN_00296990","Global",160,false,false,"ok"
"00296a40","FUN_00296a40","Global",776,false,false,"ok"
"00296f60","FUN_00296f60","Global",56,false,false,"ok"
"002970d0","FUN_002970d0","Global",16,false,false,"ok"
"00297e90","FUN_00297e90","Global",12,false,false,"ok"
"00298480","FUN_00298480","Global",24,false,false,"ok"
"00299300","FUN_00299300","Global",16,false,false,"ok"
"00299410","FUN_00299410","Global",104,false,false,"ok"
"00299480","FUN_00299480","Global",8,false,false,"ok"
"00299cc0","FUN_00299cc0","Global",268,false,false,"ok"
"0029a0d0","FUN_0029a0d0","Global",16,false,false,"ok"
"0029b950","FUN_0029b950","Global",28,false,false,"ok"
"0029b980","FUN_0029b980","Global",176,false,false,"ok"
"0029ba40","FUN_0029ba40","Global",52,false,false,"ok"
"0029ba90","FUN_0029ba90","Global",16,false,false,"ok"
"0029bba0","FUN_0029bba0","Global",80,false,false,"ok"
"0029bc00","FUN_0029bc00","Global",224,false,false,"ok"
"0029bcf0","FUN_0029bcf0","Global",68,false,false,"ok"
"0029bd40","FUN_0029bd40","Global",8,false,false,"ok"
"0029cfd0","FUN_0029cfd0","Global",224,false,false,"ok"
"0029d0e0","FUN_0029d0e0","Global",28,false,false,"ok"
"0029d3a0","FUN_0029d3a0","Global",24,false,false,"ok"
"0029d7e0","FUN_0029d7e0","Global",28,false,false,"ok"
"0029e6f0","FUN_0029e6f0","Global",8,false,false,"ok"
"0029e800","FUN_0029e800","Global",212,false,false,"ok"
"0029e8f0","FUN_0029e8f0","Global",12,false,false,"ok"
"0029e9e0","FUN_0029e9e0","Global",36,false,false,"ok"
"0029ede0","FUN_0029ede0","Global",24,false,false,"ok"
"0029f420","FUN_0029f420","Global",92,false,false,"ok"
"0029f590","FUN_0029f590","Global",152,false,false,"ok"
"0029f770","FUN_0029f770","Global",40,false,false,"ok"
"0029f950","FUN_0029f950","Global",316,false,false,"ok"
"0029fb80","FUN_0029fb80","Global",32,false,false,"ok"
"0029fed0","FUN_0029fed0","Global",32,false,false,"ok"
"002a02e0","FUN_002a02e0","Global",32,false,false,"ok"
"002a0310","FUN_002a0310","Global",296,false,false,"ok"
"002a04a0","FUN_002a04a0","Global",12,false,false,"ok"
"002a1720","FUN_002a1720","Global",120,false,false,"ok"
"002a17a0","FUN_002a17a0","Global",164,false,false,"ok"
"002a18c0","FUN_002a18c0","Global",12,false,false,"ok"
"002a1c80","FUN_002a1c80","Global",112,false,false,"ok"
"002a1d00","FUN_002a1d00","Global",28,false,false,"ok"
"002a1d40","FUN_002a1d40","Global",96,false,false,"ok"
"002a1dd0","FUN_002a1dd0","Global",8,false,false,"ok"
"002a1ea0","FUN_002a1ea0","Global",12,false,false,"ok"
"002a22a0","FUN_002a22a0","Global",12,false,false,"ok"
"002a2390","FUN_002a2390","Global",16,false,false,"ok"
"002a2460","FUN_002a2460","Global",112,false,false,"ok"
"002a24f0","FUN_002a24f0","Global",316,false,false,"ok"
"002a2640","FUN_002a2640","Global",296,false,false,"ok"
"002a2cc0","FUN_002a2cc0","Global",16,false,false,"ok"
"002a2fa0","FUN_002a2fa0","Global",16,false,false,"ok"
"002a35a0","FUN_002a35a0","Global",20,false,false,"ok"
"002a3720","FUN_002a3720","Global",12,false,false,"ok"
"002a3810","FUN_002a3810","Global",100,false,false,"ok"
"002a3880","FUN_002a3880","Global",12,false,false,"ok"
"002a3990","FUN_002a3990","Global",196,false,false,"ok"
"002a3e10","FUN_002a3e10","Global",24,false,false,"ok"
"002a4380","FUN_002a4380","Global",8,false,false,"ok"
"002a4390","FUN_002a4390","Global",8,false,false,"ok"
"002a5290","FUN_002a5290","Global",76,false,false,"ok"
"002a5450","FUN_002a5450","Global",16,false,false,"ok"
"002a5470","FUN_002a5470","Global",48,false,false,"ok"
"002a55a0","FUN_002a55a0","Global",64,false,false,"ok"
"002a55f0","FUN_002a55f0","Global",12,false,false,"ok"
"002a58f0","FUN_002a58f0","Global",112,false,false,"ok"
"002a5970","FUN_002a5970","Global",56,false,false,"ok"
"002a59b0","FUN_002a59b0","Global",12,false,false,"ok"
"002a6010","FUN_002a6010","Global",24,false,false,"ok"
"002a6730","FUN_002a6730","Global",24,false,false,"ok"
"002a6de0","FUN_002a6de0","Global",116,false,false,"ok"
"002a6eb0","FUN_002a6eb0","Global",24,false,false,"ok"
"002a7060","FUN_002a7060","Global",12,false,false,"ok"
"002a7080","FUN_002a7080","Global",24,false,false,"ok"
"002a77b0","FUN_002a77b0","Global",360,false,false,"ok"
"002a7930","FUN_002a7930","Global",16,false,false,"ok"
"002a7fb0","FUN_002a7fb0","Global",8,false,false,"ok"
"002a86b0","thunk_FUN_002a6010","Global",8,false,true,"ok"
"002a8890","FUN_002a8890","Global",12,false,false,"ok"
"002a88b0","FUN_002a88b0","Global",152,false,false,"ok"
"002a8990","FUN_002a8990","Global",28,false,false,"ok"
"002a8a80","FUN_002a8a80","Global",96,false,false,"ok"
"002a8af0","FUN_002a8af0","Global",4,false,false,"ok"
"002a8b00","FUN_002a8b00","Global",4,false,false,"ok"
"002a8b10","FUN_002a8b10","Global",4,false,false,"ok"
"002a8b20","FUN_002a8b20","Global",4,false,false,"ok"
"002a8b30","FUN_002a8b30","Global",28,false,false,"ok"
"002a8c20","FUN_002a8c20","Global",20,false,false,"ok"
"002a8c40","FUN_002a8c40","Global",20,false,false,"ok"
"002a8c60","FUN_002a8c60","Global",4,false,false,"ok"
"002a8c70","FUN_002a8c70","Global",12,false,false,"ok"
"002a8c90","FUN_002a8c90","Global",44,false,false,"ok"
"002a8cd0","FUN_002a8cd0","Global",4,false,false,"ok"
"002a8ce0","FUN_002a8ce0","Global",104,false,false,"ok"
"002a8d60","FUN_002a8d60","Global",72,false,false,"ok"
"002a8dc0","FUN_002a8dc0","Global",536,false,false,"ok"
"002a8fe0","FUN_002a8fe0","Global",228,false,false,"ok"
"002a9140","FUN_002a9140","Global",96,false,false,"ok"
"002a91d0","FUN_002a91d0","Global",36,false,false,"ok"
"002a9200","FUN_002a9200","Global",16,false,false,"ok"
"002a93c0","FUN_002a93c0","Global",12,false,false,"ok"
"002a9550","FUN_002a9550","Global",268,false,false,"ok"
"002a9670","FUN_002a9670","Global",1,false,false,"ok"
"002a9680","FUN_002a9680","Global",100,false,false,"ok"
"002a9870","FUN_002a9870","Global",16,false,false,"ok"
"002a99d0","FUN_002a99d0","Global",16,false,false,"ok"
"002a9af0","FUN_002a9af0","Global",28,false,false,"ok"
"002a9db0","FUN_002a9db0","Global",20,false,false,"ok"
"002a9fe0","FUN_002a9fe0","Global",24,false,false,"ok"
"002aa360","FUN_002aa360","Global",20,false,false,"ok"
"002aa880","FUN_002aa880","Global",40,false,false,"ok"
"002ab390","FUN_002ab390","Global",28,false,false,"ok"
"002abb90","FUN_002abb90","Global",12,false,false,"ok"
"002ac7f0","FUN_002ac7f0","Global",964,false,false,"ok"
"002ace20","FUN_002ace20","Global",1,false,false,"ok"
"002ace30","FUN_002ace30","Global",612,false,false,"ok"
"002ad4f0","FUN_002ad4f0","Global",444,false,false,"ok"
"002ad9f0","FUN_002ad9f0","Global",16,false,false,"ok"
"002adef0","FUN_002adef0","Global",716,false,false,"ok"
"002aebf0","FUN_002aebf0","Global",8,false,false,"ok"
"002aee10","FUN_002aee10","Global",652,false,false,"ok"
"002af0b0","FUN_002af0b0","Global",48,false,false,"ok"
"002af4c0","FUN_002af4c0","Global",48,false,false,"ok"
"002af720","FUN_002af720","Global",600,false,false,"ok"
"002afca0","FUN_002afca0","Global",48,false,false,"ok"
"002b0030","FUN_002b0030","Global",500,false,false,"ok"
"002b02c0","FUN_002b02c0","Global",288,false,false,"ok"
"002b0780","FUN_002b0780","Global",68,false,false,"ok"
"002b07e0","FUN_002b07e0","Global",40,false,false,"ok"
"002b0820","FUN_002b0820","Global",1,false,false,"ok"
"002b0830","FUN_002b0830","Global",68,false,false,"ok"
"002b0890","FUN_002b0890","Global",44,false,false,"ok"
"002b0920","FUN_002b0920","Global",44,false,false,"ok"
"002b0960","FUN_002b0960","Global",120,false,false,"ok"
"002b09f0","FUN_002b09f0","Global",96,false,false,"ok"
"002b0a60","FUN_002b0a60","Global",92,false,false,"ok"
"002b0ad0","FUN_002b0ad0","Global",164,false,false,"ok"
"002b0b90","FUN_002b0b90","Global",16,false,false,"ok"
"002b1600","FUN_002b1600","Global",1172,false,false,"ok"
"002b1aa0","FUN_002b1aa0","Global",1116,false,false,"ok"
"002b20c0","FUN_002b20c0","Global",72,false,false,"ok"
"002b2120","FUN_002b2120","Global",8,false,false,"ok"
"002b21f0","FUN_002b21f0","Global",24,false,false,"ok"
"002b2290","FUN_002b2290","Global",36,false,false,"ok"
"002b2950","FUN_002b2950","Global",16,false,false,"ok"
"002b29f0","FUN_002b29f0","Global",296,false,false,"ok"
"002b2b50","FUN_002b2b50","Global",24,false,false,"ok"
"002b2d10","FUN_002b2d10","Global",16,false,false,"ok"
"002b3070","FUN_002b3070","Global",12,false,false,"ok"
"002b3300","FUN_002b3300","Global",24,false,false,"ok"
"002b3630","FUN_002b3630","Global",12,false,false,"ok"
"002b3760","FUN_002b3760","Global",88,false,false,"ok"
"002b3980","FUN_002b3980","Global",20,false,false,"ok"
"002b44d0","FUN_002b44d0","Global",216,false,false,"ok"
"002b45c0","FUN_002b45c0","Global",8,false,false,"ok"
"002b49f0","FUN_002b49f0","Global",92,false,false,"ok"
"002b4a60","FUN_002b4a60","Global",64,false,false,"ok"
"002b4ab0","FUN_002b4ab0","Global",136,false,false,"ok"
"002b4b60","FUN_002b4b60","Global",12,false,false,"ok"
"002b4fe0","FUN_002b4fe0","Global",400,false,false,"ok"
"002b5190","FUN_002b5190","Global",16,false,false,"ok"
"002b7380","FUN_002b7380","Global",160,false,false,"ok"
"002b78c0","FUN_002b78c0","Global",32,false,false,"ok"
"002b7d50","FUN_002b7d50","Global",8,false,false,"ok"
"002b7e40","FUN_002b7e40","Global",8,false,false,"ok"
"002b8090","FUN_002b8090","Global",8,false,false,"ok"
"002b8740","FUN_002b8740","Global",12,false,false,"ok"
"002b8c30","FUN_002b8c30","Global",8,false,false,"ok"
"002b8d10","FUN_002b8d10","Global",80,false,false,"ok"
"002b8d70","FUN_002b8d70","Global",16,false,false,"ok"
"002b8ea0","FUN_002b8ea0","Global",8,false,false,"ok"
"002b90c0","FUN_002b90c0","Global",260,false,false,"ok"
"002b9200","FUN_002b9200","Global",16,false,false,"ok"
"002ba050","FUN_002ba050","Global",12,false,false,"ok"
"002ba8e0","FUN_002ba8e0","Global",104,false,false,"ok"
"002ba950","FUN_002ba950","Global",284,false,false,"ok"
"002baaa0","FUN_002baaa0","Global",128,false,false,"ok"
"002bab60","FUN_002bab60","Global",136,false,false,"ok"
"002bad80","FUN_002bad80","Global",116,false,false,"ok"
"002bae70","FUN_002bae70","Global",8,false,false,"ok"
"002bb030","FUN_002bb030","Global",152,false,false,"ok"
"002bb0f0","FUN_002bb0f0","Global",108,false,false,"ok"
"002bb170","FUN_002bb170","Global",8,false,false,"ok"
"002bb480","FUN_002bb480","Global",248,false,false,"ok"
"002bb640","FUN_002bb640","Global",24,false,false,"ok"
"002bbf20","FUN_002bbf20","Global",12,false,false,"ok"
"002bc280","FUN_002bc280","Global",80,false,false,"ok"
"002bc2e0","FUN_002bc2e0","Global",164,false,false,"ok"
"002bc390","FUN_002bc390","Global",80,false,false,"ok"
"002bc3f0","FUN_002bc3f0","Global",8,false,false,"ok"
"002bc480","FUN_002bc480","Global",152,false,false,"ok"
"002bc530","FUN_002bc530","Global",60,false,false,"ok"
"002bc580","FUN_002bc580","Global",16,false,false,"ok"
"002bdee0","FUN_002bdee0","Global",8,false,false,"ok"
"002bdef0","FUN_002bdef0","Global",20,false,false,"ok"
"002bdf40","FUN_002bdf40","Global",4,false,false,"ok"
"002bdff0","FUN_002bdff0","Global",8,false,false,"ok"
"002beaa0","FUN_002beaa0","Global",16,false,false,"ok"
"002bf750","FUN_002bf750","Global",224,false,false,"ok"
"002bf9f0","FUN_002bf9f0","Global",100,false,false,"ok"
"002bfa60","FUN_002bfa60","Global",8,false,false,"ok"
"002bfaf0","FUN_002bfaf0","Global",180,false,false,"ok"
"002bfbb0","FUN_002bfbb0","Global",12,false,false,"ok"
"002bfc90","FUN_002bfc90","Global",128,false,false,"ok"
"002bfd60","FUN_002bfd60","Global",332,false,false,"ok"
"002c00b0","FUN_002c00b0","Global",208,false,false,"ok"
"002c0190","FUN_002c0190","Global",28,false,false,"ok"
"002c01c0","FUN_002c01c0","Global",12,false,false,"ok"
"002c0460","FUN_002c0460","Global",12,false,false,"ok"
"002c0940","FUN_002c0940","Global",24,false,false,"ok"
"002c0cb0","FUN_002c0cb0","Global",12,false,false,"ok"
"002c0e30","FUN_002c0e30","Global",16,false,false,"ok"
"002c1070","FUN_002c1070","Global",20,false,false,"ok"
"002c13f0","FUN_002c13f0","Global",124,false,false,"ok"
"002c14b0","FUN_002c14b0","Global",24,false,false,"ok"
"002c18d0","FUN_002c18d0","Global",24,false,false,"ok"
"002c1da0","FUN_002c1da0","Global",28,false,false,"ok"
"002c1eb0","FUN_002c1eb0","Global",24,false,false,"ok"
"002c28a0","FUN_002c28a0","Global",28,false,false,"ok"
"002c2b40","FUN_002c2b40","Global",16,false,false,"ok"
"002c2f90","FUN_002c2f90","Global",16,false,false,"ok"
"002c34f0","FUN_002c34f0","Global",16,false,false,"ok"
"002c3c60","FUN_002c3c60","Global",300,false,false,"ok"
"002c3da0","FUN_002c3da0","Global",20,false,false,"ok"
"002c3fc0","FUN_002c3fc0","Global",204,false,false,"ok"
"002c40a0","FUN_002c40a0","Global",364,false,false,"ok"
"002c4230","FUN_002c4230","Global",12,false,false,"ok"
"002c4480","FUN_002c4480","Global",228,false,false,"ok"
"002c4570","FUN_002c4570","Global",44,false,false,"ok"
"002c45b0","FUN_002c45b0","Global",12,false,false,"ok"
"002c47d0","FUN_002c47d0","Global",16,false,false,"ok"
"002c4b10","FUN_002c4b10","Global",12,false,false,"ok"
"002c4bc0","FUN_002c4bc0","Global",16,false,false,"ok"
"002c4cc0","FUN_002c4cc0","Global",28,false,false,"ok"
"002c4db0","FUN_002c4db0","Global",16,false,false,"ok"
"002c5060","FUN_002c5060","Global",8,false,false,"ok"
"002c5120","FUN_002c5120","Global",332,false,false,"ok"
"002c52f0","FUN_002c52f0","Global",12,false,false,"ok"
"002c5700","FUN_002c5700","Global",108,false,false,"ok"
"002c5780","FUN_002c5780","Global",208,false,false,"ok"
"002c5870","FUN_002c5870","Global",68,false,false,"ok"
"002c58c0","FUN_002c58c0","Global",60,false,false,"ok"
"002c5910","FUN_002c5910","Global",12,false,false,"ok"
"002c5cb0","FUN_002c5cb0","Global",8,false,false,"ok"
"002c6c80","FUN_002c6c80","Global",12,false,false,"ok"
"002c6db0","FUN_002c6db0","Global",12,false,false,"ok"
"002c6ef0","FUN_002c6ef0","Global",12,false,false,"ok"
"002c7030","FUN_002c7030","Global",660,false,false,"ok"
"002c72d0","FUN_002c72d0","Global",12,false,false,"ok"
"002c7510","FUN_002c7510","Global",256,false,false,"ok"
"002c7620","FUN_002c7620","Global",284,false,false,"ok"
"002c7750","FUN_002c7750","Global",1908,false,false,"ok"
"002c7ef0","FUN_002c7ef0","Global",1,false,false,"ok"
"002c7f00","FUN_002c7f00","Global",4,false,false,"ok"
"002c7f10","FUN_002c7f10","Global",8,false,false,"ok"
"002c7f20","FUN_002c7f20","Global",16,false,false,"ok"
"002c7f40","FUN_002c7f40","Global",16,false,false,"ok"
"002c8360","FUN_002c8360","Global",16,false,false,"ok"
"002c8490","FUN_002c8490","Global",20,false,false,"ok"
"002c84c0","FUN_002c84c0","Global",20,false,false,"ok"
"002c8500","FUN_002c8500","Global",172,false,false,"ok"
"002c8770","FUN_002c8770","Global",20,false,false,"ok"
"002c8d10","FUN_002c8d10","Global",1,false,false,"ok"
"002c8d80","FUN_002c8d80","Global",136,false,false,"ok"
"002c8e80","FUN_002c8e80","Global",3272,false,false,"ok"
"002c9bf0","FUN_002c9bf0","Global",3272,false,false,"ok"
"002ca960","FUN_002ca960","Global",16,false,false,"ok"
"002cb420","FUN_002cb420","Global",16,false,false,"ok"
"002cbce0","FUN_002cbce0","Global",32,false,false,"ok"
"002cbe70","FUN_002cbe70","Global",948,false,false,"ok"
"002cc250","FUN_002cc250","Global",12,false,false,"ok"
"002cc730","FUN_002cc730","Global",320,false,false,"ok"
"002cc890","FUN_002cc890","Global",1124,false,false,"ok"
"002ccd60","FUN_002ccd60","Global",1648,false,false,"ok"
"002cd410","FUN_002cd410","Global",68,false,false,"ok"
"002cd460","FUN_002cd460","Global",524,false,false,"ok"
"002cd6a0","FUN_002cd6a0","Global",196,false,false,"ok"
"002cd7c0","FUN_002cd7c0","Global",8,false,false,"ok"
"002ce550","FUN_002ce550","Global",64,false,false,"ok"
"002ce720","FUN_002ce720","Global",16,false,false,"ok"
"002cf160","FUN_002cf160","Global",32,false,false,"ok"
"002cf310","FUN_002cf310","Global",8,false,false,"ok"
"002cf7a0","FUN_002cf7a0","Global",612,false,false,"ok"
"002cfa20","FUN_002cfa20","Global",492,false,false,"ok"
"002cfd40","FUN_002cfd40","Global",8,false,false,"ok"
"002cfdf0","FUN_002cfdf0","Global",20,false,false,"ok"
"002cfe10","FUN_002cfe10","Global",20,false,false,"ok"
"002cfe30","FUN_002cfe30","Global",84,false,false,"ok"
"002cfe90","FUN_002cfe90","Global",48,false,false,"ok"
"002cfed0","FUN_002cfed0","Global",60,false,false,"ok"
"002cff80","FUN_002cff80","Global",96,false,false,"ok"
"002d00f0","FUN_002d00f0","Global",8,false,false,"ok"
"002d0a10","FUN_002d0a10","Global",24,false,false,"ok"
"002d12c0","FUN_002d12c0","Global",1,false,false,"ok"
"002d12f0","FUN_002d12f0","Global",1,false,false,"ok"
"002d1300","FUN_002d1300","Global",1,false,false,"ok"
"002d1310","FUN_002d1310","Global",392,false,false,"ok"
"002d14b0","FUN_002d14b0","Global",684,false,false,"ok"
"002d1800","FUN_002d1800","Global",32,false,false,"ok"
"002d1830","FUN_002d1830","Global",88,false,false,"ok"
"002d18a0","FUN_002d18a0","Global",120,false,false,"ok"
"002d1930","FUN_002d1930","Global",20,false,false,"ok"
"002d1cc0","FUN_002d1cc0","Global",136,false,false,"ok"
"002d1dd0","FUN_002d1dd0","Global",340,false,false,"ok"
"002d1ff0","FUN_002d1ff0","Global",128,false,false,"ok"
"002d2080","FUN_002d2080","Global",20,false,false,"ok"
"002d2530","FUN_002d2530","Global",12,false,false,"ok"
"002d28d0","FUN_002d28d0","Global",312,false,false,"ok"
"002d2a10","FUN_002d2a10","Global",60,false,false,"ok"
"002d2a60","FUN_002d2a60","Global",8,false,false,"ok"
"002d2aa0","FUN_002d2aa0","Global",12,false,false,"ok"
"002d2e50","FUN_002d2e50","Global",8,false,false,"ok"
"002d2fa0","FUN_002d2fa0","Global",100,false,false,"ok"
"002d3310","FUN_002d3310","Global",100,false,false,"ok"
"002d3380","FUN_002d3380","Global",4,false,false,"ok"
"002d33e0","FUN_002d33e0","Global",2068,false,false,"ok"
"002d3c40","FUN_002d3c40","Global",92,false,false,"ok"
"002d3e80","FUN_002d3e80","Global",16,false,false,"ok"
"002d3ee0","FUN_002d3ee0","Global",28,false,false,"ok"
"002d6050","FUN_002d6050","Global",8,false,false,"ok"
"002d6480","FUN_002d6480","Global",140,false,false,"ok"
"002d6520","FUN_002d6520","Global",92,false,false,"ok"
"002d6690","FUN_002d6690","Global",44,false,false,"ok"
"002d6700","FUN_002d6700","Global",12,false,false,"ok"
"002d6a60","FUN_002d6a60","Global",20,false,false,"ok"
"002d6c40","FUN_002d6c40","Global",12,false,false,"ok"
"002d6d60","FUN_002d6d60","Global",148,false,false,"ok"
"002d6ee0","FUN_002d6ee0","Global",108,false,false,"ok"
"002d7250","FUN_002d7250","Global",144,false,false,"ok"
"002d74f0","FUN_002d74f0","Global",80,false,false,"ok"
"002d77f0","FUN_002d77f0","Global",28,false,false,"ok"
"002d7940","FUN_002d7940","Global",28,false,false,"ok"
"002d7a90","FUN_002d7a90","Global",40,false,false,"ok"
"002d7e30","FUN_002d7e30","Global",64,false,false,"ok"
"002d8090","FUN_002d8090","Global",96,false,false,"ok"
"002d83b0","FUN_002d83b0","Global",96,false,false,"ok"
"002d86d0","FUN_002d86d0","Global",80,false,false,"ok"
"002d89f0","FUN_002d89f0","Global",16,false,false,"ok"
"002d8b70","FUN_002d8b70","Global",64,false,false,"ok"
"002d8c20","FUN_002d8c20","Global",80,false,false,"ok"
"002d8cb0","FUN_002d8cb0","Global",36,false,false,"ok"
"002d9280","FUN_002d9280","Global",284,false,false,"ok"
"002d93b0","FUN_002d93b0","Global",84,false,false,"ok"
"002d9420","FUN_002d9420","Global",20,false,false,"ok"
"002d97d0","FUN_002d97d0","Global",20,false,false,"ok"
"002d9c50","FUN_002d9c50","Global",16,false,false,"ok"
"002d9ce0","FUN_002d9ce0","Global",16,false,false,"ok"
"002d9d60","FUN_002d9d60","Global",52,false,false,"ok"
"002d9da0","FUN_002d9da0","Global",52,false,false,"ok"
"002d9de0","FUN_002d9de0","Global",20,false,false,"ok"
"002dc110","FUN_002dc110","Global",104,false,false,"ok"
"002dc190","FUN_002dc190","Global",8,false,false,"ok"
"002dc410","FUN_002dc410","Global",76,false,false,"ok"
"002dc470","FUN_002dc470","Global",608,false,false,"ok"
"002dc810","FUN_002dc810","Global",12,false,false,"ok"
"002dd750","FUN_002dd750","Global",164,false,false,"ok"
"002ddd00","FUN_002ddd00","Global",104,false,false,"ok"
"002ddf10","FUN_002ddf10","Global",164,false,false,"ok"
"002de3a0","FUN_002de3a0","Global",8,false,false,"ok"
"002de610","FUN_002de610","Global",8,false,false,"ok"
"002de820","FUN_002de820","Global",180,false,false,"ok"
"002de8e0","FUN_002de8e0","Global",28,false,false,"ok"
"002dea90","FUN_002dea90","Global",8,false,false,"ok"
"002def30","FUN_002def30","Global",28,false,false,"ok"
"002df4d0","FUN_002df4d0","Global",940,false,false,"ok"
"002df970","FUN_002df970","Global",88,false,false,"ok"
"002df9d0","FUN_002df9d0","Global",12,false,false,"ok"
"002dff20","FUN_002dff20","Global",24,false,false,"ok"
"002dff40","FUN_002dff40","Global",76,false,false,"ok"
"002dffa0","FUN_002dffa0","Global",16,false,false,"ok"
"002e0690","FUN_002e0690","Global",60,false,false,"ok"
"002e0780","FUN_002e0780","Global",60,false,false,"ok"
"002e08a0","FUN_002e08a0","Global",164,false,false,"ok"
"002e0960","FUN_002e0960","Global",16,false,false,"ok"
"002e09c0","FUN_002e09c0","Global",84,false,false,"ok"
"002e0a70","FUN_002e0a70","Global",68,false,false,"ok"
"002e0ac0","FUN_002e0ac0","Global",20,false,false,"ok"
"002e0ca0","FUN_002e0ca0","Global",8,false,false,"ok"
"002e0da0","FUN_002e0da0","Global",36,false,false,"ok"
"002e0dd0","thunk_FUN_002e19e0","Global",8,false,true,"ok"
"002e0e20","FUN_002e0e20","Global",1,false,false,"ok"
"002e0e30","FUN_002e0e30","Global",376,false,false,"ok"
"002e1160","FUN_002e1160","Global",88,false,false,"ok"
"002e11c0","FUN_002e11c0","Global",16,false,false,"ok"
"002e13d0","FUN_002e13d0","Global",8,false,false,"ok"
"002e18b0","FUN_002e18b0","Global",64,false,false,"ok"
"002e1900","FUN_002e1900","Global",8,false,false,"ok"
"002e1980","FUN_002e1980","Global",76,false,false,"ok"
"002e19e0","FUN_002e19e0","Global",64,false,false,"ok"
"002e1ad0","FUN_002e1ad0","Global",16,false,false,"ok"
"002e1ed0","FUN_002e1ed0","Global",12,false,false,"ok"
"002e29e0","FUN_002e29e0","Global",8,false,false,"ok"
"002e2ab0","FUN_002e2ab0","Global",28,false,false,"ok"
"002e2af0","FUN_002e2af0","Global",48,false,false,"ok"
"002e2c50","FUN_002e2c50","Global",176,false,false,"ok"
"002e2d10","FUN_002e2d10","Global",272,false,false,"ok"
"002e2f60","FUN_002e2f60","Global",8,false,false,"ok"
"002e3980","FUN_002e3980","Global",144,false,false,"ok"
"002e3a40","FUN_002e3a40","Global",160,false,false,"ok"
"002e3bb0","FUN_002e3bb0","Global",156,false,false,"ok"
"002e3d20","FUN_002e3d20","Global",8,false,false,"ok"
"002e3e50","FUN_002e3e50","Global",16,false,false,"ok"
"002e6e30","FUN_002e6e30","Global",180,false,false,"ok"
"002e7080","FUN_002e7080","Global",8,false,false,"ok"
"002e7300","FUN_002e7300","Global",8,false,false,"ok"
"002e7500","FUN_002e7500","Global",24,false,false,"ok"
"002e75f0","FUN_002e75f0","Global",112,false,false,"ok"
"002e7670","FUN_002e7670","Global",24,false,false,"ok"
"002e78f0","FUN_002e78f0","Global",16,false,false,"ok"
"002e7ac0","FUN_002e7ac0","Global",16,false,false,"ok"
"002e7d40","FUN_002e7d40","Global",16,false,false,"ok"
"002e7ee0","FUN_002e7ee0","Global",28,false,false,"ok"
"002e7fd0","FUN_002e7fd0","Global",20,false,false,"ok"
"002e8100","FUN_002e8100","Global",464,false,false,"ok"
"002e82e0","FUN_002e82e0","Global",144,false,false,"ok"
"002e8380","FUN_002e8380","Global",12,false,false,"ok"
"002e8480","FUN_002e8480","Global",136,false,false,"ok"
"002e8860","FUN_002e8860","Global",684,false,false,"ok"
"002e8b20","FUN_002e8b20","Global",8,false,false,"ok"
"002e9170","FUN_002e9170","Global",16,false,false,"ok"
"002e9490","FUN_002e9490","Global",16,false,false,"ok"
"002e97b0","FUN_002e97b0","Global",32,false,false,"ok"
"002e9990","FUN_002e9990","Global",8,false,false,"ok"
"002e9a60","FUN_002e9a60","Global",12,false,false,"ok"
"002e9b80","FUN_002e9b80","Global",216,false,false,"ok"
"002e9c90","FUN_002e9c90","Global",40,false,false,"ok"
"002e9d20","FUN_002e9d20","Global",16,false,false,"ok"
"002e9e60","FUN_002e9e60","Global",16,false,false,"ok"
"002ea090","FUN_002ea090","Global",84,false,false,"ok"
"002ea100","FUN_002ea100","Global",32,false,false,"ok"
"002ea530","FUN_002ea530","Global",44,false,false,"ok"
"002ea640","FUN_002ea640","Global",24,false,false,"ok"
"002ea810","FUN_002ea810","Global",12,false,false,"ok"
"002ea8c0","FUN_002ea8c0","Global",8,false,false,"ok"
"002ea9f0","FUN_002ea9f0","Global",8,false,false,"ok"
"002eaa80","FUN_002eaa80","Global",376,false,false,"ok"
"002eac00","FUN_002eac00","Global",704,false,false,"ok"
"002eaf00","FUN_002eaf00","Global",12,false,false,"ok"
"002eb640","FUN_002eb640","Global",128,false,false,"ok"
"002eb730","FUN_002eb730","Global",108,false,false,"ok"
"002eb970","FUN_002eb970","Global",20,false,false,"ok"
"002ebbe0","FUN_002ebbe0","Global",80,false,false,"ok"
"002ebc40","FUN_002ebc40","Global",144,false,false,"ok"
"002ebd40","FUN_002ebd40","Global",188,false,false,"ok"
"002ec030","FUN_002ec030","Global",8,false,false,"ok"
"002ec040","FUN_002ec040","Global",8,false,false,"ok"
"002ec050","FUN_002ec050","Global",8,false,false,"ok"
"002ec0c0","FUN_002ec0c0","Global",76,false,false,"ok"
"002ec120","FUN_002ec120","Global",120,false,false,"ok"
"002ec1c0","FUN_002ec1c0","Global",36,false,false,"ok"
"002ec2d0","FUN_002ec2d0","Global",32,false,false,"ok"
"002edcd0","FUN_002edcd0","Global",108,false,false,"ok"
"002ef0e0","FUN_002ef0e0","Global",16,false,false,"ok"
"002f05e0","FUN_002f05e0","Global",8,false,false,"ok"
"002f0bd0","FUN_002f0bd0","Global",12,false,false,"ok"
"002f1840","FUN_002f1840","Global",12,false,false,"ok"
"002f1d40","FUN_002f1d40","Global",16,false,false,"ok"
"002f22f0","FUN_002f22f0","Global",16,false,false,"ok"
"002f2490","FUN_002f2490","Global",12,false,false,"ok"
"002f26f0","FUN_002f26f0","Global",340,false,false,"ok"
"002f2860","FUN_002f2860","Global",16,false,false,"ok"
"002f2e00","FUN_002f2e00","Global",384,false,false,"ok"
"002f2fa0","FUN_002f2fa0","Global",48,false,false,"ok"
"002f2fe0","FUN_002f2fe0","Global",44,false,false,"ok"
"002f3020","FUN_002f3020","Global",60,false,false,"ok"
"002f3070","FUN_002f3070","Global",20,false,false,"ok"
"002f37e0","FUN_002f37e0","Global",64,false,false,"ok"
"002f3830","FUN_002f3830","Global",12,false,false,"ok"
"002f3bb0","FUN_002f3bb0","Global",684,false,false,"ok"
"002f4420","FUN_002f4420","Global",32,false,false,"ok"
"002f4ac0","FUN_002f4ac0","Global",76,false,false,"ok"
"002f4b20","FUN_002f4b20","Global",36,false,false,"ok"
"002f4b50","FUN_002f4b50","Global",28,false,false,"ok"
"002f4b80","FUN_002f4b80","Global",76,false,false,"ok"
"002f4be0","FUN_002f4be0","Global",12,false,false,"ok"
"002f4fb0","FUN_002f4fb0","Global",128,false,false,"ok"
"002f5040","FUN_002f5040","Global",8,false,false,"ok"
"002f52a0","FUN_002f52a0","Global",1,false,false,"ok"
"002f52b0","FUN_002f52b0","Global",16,false,false,"ok"
"002f5c50","FUN_002f5c50","Global",92,false,false,"ok"
"002f5f50","FUN_002f5f50","Global",1,false,false,"ok"
"002f5f60","FUN_002f5f60","Global",8,false,false,"ok"
"002f6440","FUN_002f6440","Global",92,false,false,"ok"
"002f64b0","FUN_002f64b0","Global",20,false,false,"ok"
"002f6b00","FUN_002f6b00","Global",8,false,false,"ok"
"002f6ce0","FUN_002f6ce0","Global",20,false,false,"ok"
"002f70f0","FUN_002f70f0","Global",356,false,false,"ok"
"002f7270","FUN_002f7270","Global",28,false,false,"ok"
"002f72a0","FUN_002f72a0","Global",8,false,false,"ok"
"002f73b0","FUN_002f73b0","Global",108,false,false,"ok"
"002f7440","FUN_002f7440","Global",12,false,false,"ok"
"002f74f0","FUN_002f74f0","Global",8,false,false,"ok"
"002f77b0","FUN_002f77b0","Global",128,false,false,"ok"
"002f78c0","FUN_002f78c0","Global",20,false,false,"ok"
"002f8b50","FUN_002f8b50","Global",84,false,false,"ok"
"002f8c10","FUN_002f8c10","Global",8,false,false,"ok"
"002f9170","FUN_002f9170","Global",136,false,false,"ok"
"002f9200","FUN_002f9200","Global",208,false,false,"ok"
"002f92e0","FUN_002f92e0","Global",192,false,false,"ok"
"002f93c0","FUN_002f93c0","Global",20,false,false,"ok"
"002f9800","FUN_002f9800","Global",96,false,false,"ok"
"002f9870","FUN_002f9870","Global",8,false,false,"ok"
"002f9c50","FUN_002f9c50","Global",88,false,false,"ok"
"002f9cb0","FUN_002f9cb0","Global",60,false,false,"ok"
"002f9d00","FUN_002f9d00","Global",60,false,false,"ok"
"002f9d50","FUN_002f9d50","Global",20,false,false,"ok"
"002fa3f0","FUN_002fa3f0","Global",180,false,false,"ok"
"002fa4c0","FUN_002fa4c0","Global",100,false,false,"ok"
"002fa530","FUN_002fa530","Global",12,false,false,"ok"
"002fac90","FUN_002fac90","Global",52,false,false,"ok"
"002faf60","FUN_002faf60","Global",152,false,false,"ok"
"002fb0c0","FUN_002fb0c0","Global",44,false,false,"ok"
"002fb170","FUN_002fb170","Global",388,false,false,"ok"
"002fb350","FUN_002fb350","Global",12,false,false,"ok"
"002fb460","FUN_002fb460","Global",8,false,false,"ok"
"002fc190","FUN_002fc190","Global",8,false,false,"ok"
"002fc6f0","FUN_002fc6f0","Global",8,false,false,"ok"
"002fcea0","FUN_002fcea0","Global",24,false,false,"ok"
"002fd490","FUN_002fd490","Global",20,false,false,"ok"
"002fd6c0","FUN_002fd6c0","Global",52,false,false,"ok"
"002fd720","FUN_002fd720","Global",144,false,false,"ok"
"002fd7c0","FUN_002fd7c0","Global",16,false,false,"ok"
"002fdcf0","FUN_002fdcf0","Global",8,false,false,"ok"
"002fdda0","FUN_002fdda0","Global",20,false,false,"ok"
"002fed20","FUN_002fed20","Global",12,false,false,"ok"
"002ff1f0","FUN_002ff1f0","Global",16,false,false,"ok"
"002ff430","FUN_002ff430","Global",152,false,false,"ok"
"002ff4e0","FUN_002ff4e0","Global",120,false,false,"ok"
"002ff570","FUN_002ff570","Global",1,false,false,"ok"
"002ff580","FUN_002ff580","Global",16,false,false,"ok"
"002ffb10","FUN_002ffb10","Global",1164,false,false,"ok"
"00300040","FUN_00300040","Global",48,false,false,"ok"
"003000d0","FUN_003000d0","Global",1,false,false,"ok"
"003000e0","FUN_003000e0","Global",92,false,false,"ok"
"00300150","FUN_00300150","Global",68,false,false,"ok"
"003001b0","FUN_003001b0","Global",56,false,false,"ok"
"00300200","FUN_00300200","Global",68,false,false,"ok"
"00300280","FUN_00300280","Global",52,false,false,"ok"
"003002d0","FUN_003002d0","Global",152,false,false,"ok"
"00300370","FUN_00300370","Global",64,false,false,"ok"
"003003c0","FUN_003003c0","Global",20,false,false,"ok"
"003005c0","FUN_003005c0","Global",368,false,false,"ok"
"003008b0","FUN_003008b0","Global",320,false,false,"ok"
"00300a00","FUN_00300a00","Global",172,false,false,"ok"
"00300ce0","FUN_00300ce0","Global",136,false,false,"ok"
"00300d80","FUN_00300d80","Global",68,false,false,"ok"
"00300dd0","FUN_00300dd0","Global",12,false,false,"ok"
"00300de0","FUN_00300de0","Global",52,false,false,"ok"
"00300e40","FUN_00300e40","Global",156,false,false,"ok"
"00300ef0","FUN_00300ef0","Global",16,false,false,"ok"
"00301020","FUN_00301020","Global",12,false,false,"ok"
"003010b0","FUN_003010b0","Global",8,false,false,"ok"
"003011f0","FUN_003011f0","Global",136,false,false,"ok"
"00301290","FUN_00301290","Global",248,false,false,"ok"
"003013a0","FUN_003013a0","Global",84,false,false,"ok"
"00301400","FUN_00301400","Global",44,false,false,"ok"
"00301450","FUN_00301450","Global",136,false,false,"ok"
"003014f0","FUN_003014f0","Global",68,false,false,"ok"
"00301540","FUN_00301540","Global",24,false,false,"ok"
"00301560","FUN_00301560","Global",24,false,false,"ok"
"00301580","FUN_00301580","Global",64,false,false,"ok"
"003015d0","FUN_003015d0","Global",100,false,false,"ok"
"00301690","FUN_00301690","Global",60,false,false,"ok"
"00301700","FUN_00301700","Global",8,false,false,"ok"
"00301720","FUN_00301720","Global",112,false,false,"ok"
"003017b0","FUN_003017b0","Global",68,false,false,"ok"
"00301810","FUN_00301810","Global",64,false,false,"ok"
"003018a0","FUN_003018a0","Global",80,false,false,"ok"
"00301900","FUN_00301900","Global",172,false,false,"ok"
"003019c0","FUN_003019c0","Global",520,false,false,"ok"
"00301be0","FUN_00301be0","Global",296,false,false,"ok"
"00301d10","FUN_00301d10","Global",12,false,false,"ok"
"00301ef0","FUN_00301ef0","Global",20,false,false,"ok"
"00302b40","FUN_00302b40","Global",16,false,false,"ok"
"00303190","FUN_00303190","Global",68,false,false,"ok"
"003031f0","FUN_003031f0","Global",20,false,false,"ok"
"00303420","FUN_00303420","Global",92,false,false,"ok"
"00303490","FUN_00303490","Global",84,false,false,"ok"
"00303500","FUN_00303500","Global",12,false,false,"ok"
"00303f50","FUN_00303f50","Global",116,false,false,"ok"
"00304010","FUN_00304010","Global",64,false,false,"ok"
"00304060","FUN_00304060","Global",44,false,false,"ok"
"00304120","FUN_00304120","Global",52,false,false,"ok"
"00304190","FUN_00304190","Global",152,false,false,"ok"
"00304240","FUN_00304240","Global",164,false,false,"ok"
"003042f0","FUN_003042f0","Global",340,false,false,"ok"
"00304480","FUN_00304480","Global",80,false,false,"ok"
"003044e0","FUN_003044e0","Global",36,false,false,"ok"
"00304540","FUN_00304540","Global",76,false,false,"ok"
"003045a0","FUN_003045a0","Global",60,false,false,"ok"
"003045f0","FUN_003045f0","Global",56,false,false,"ok"
"00304760","FUN_00304760","Global",20,false,false,"ok"
"003048c0","FUN_003048c0","Global",36,false,false,"ok"
"003048f0","FUN_003048f0","Global",16,false,false,"ok"
"00304930","FUN_00304930","Global",44,false,false,"ok"
"003049d0","FUN_003049d0","Global",44,false,false,"ok"
"00304a20","FUN_00304a20","Global",8,false,false,"ok"
"00304a50","FUN_00304a50","Global",52,false,false,"ok"
"00304ab0","FUN_00304ab0","Global",140,false,false,"ok"
"00304b50","FUN_00304b50","Global",20,false,false,"ok"
"00304cb0","FUN_00304cb0","Global",28,false,false,"ok"
"00304da0","FUN_00304da0","Global",28,false,false,"ok"
"00304e80","FUN_00304e80","Global",116,false,false,"ok"
"00304f10","FUN_00304f10","Global",12,false,false,"ok"
"00304fe0","FUN_00304fe0","Global",8,false,false,"ok"
"003068d0","FUN_003068d0","Global",12,false,false,"ok"
"003069a0","FUN_003069a0","Global",124,false,false,"ok"
"00306b50","FUN_00306b50","Global",148,false,false,"ok"
"00306d30","FUN_00306d30","Global",148,false,false,"ok"
"003070f0","FUN_003070f0","Global",20,false,false,"ok"
"00307300","FUN_00307300","Global",12,false,false,"ok"
"00307620","FUN_00307620","Global",8,false,false,"ok"
"00307880","FUN_00307880","Global",184,false,false,"ok"
"00307950","FUN_00307950","Global",8,false,false,"ok"
"00307dc0","FUN_00307dc0","Global",32,false,false,"ok"
"00308160","FUN_00308160","Global",32,false,false,"ok"
"003084a0","FUN_003084a0","Global",32,false,false,"ok"
"003087e0","FUN_003087e0","Global",16,false,false,"ok"
"00308ac0","FUN_00308ac0","Global",20,false,false,"ok"
"00308d10","FUN_00308d10","Global",8,false,false,"ok"
"00309380","FUN_00309380","Global",16,false,false,"ok"
"003098a0","FUN_003098a0","Global",24,false,false,"ok"
"00309e00","FUN_00309e00","Global",12,false,false,"ok"
"0030a2d0","FUN_0030a2d0","Global",16,false,false,"ok"
"0030a5f0","FUN_0030a5f0","Global",20,false,false,"ok"
"0030a880","FUN_0030a880","Global",264,false,false,"ok"
"0030a9a0","FUN_0030a9a0","Global",24,false,false,"ok"
"0030aaa0","FUN_0030aaa0","Global",8,false,false,"ok"
"0030ae10","FUN_0030ae10","Global",8,false,false,"ok"
"0030b130","FUN_0030b130","Global",268,false,false,"ok"
"0030b2b0","FUN_0030b2b0","Global",264,false,false,"ok"
"0030b3d0","FUN_0030b3d0","Global",16,false,false,"ok"
"0030b800","FUN_0030b800","Global",148,false,false,"ok"
"0030b920","FUN_0030b920","Global",596,false,false,"ok"
"0030bb90","FUN_0030bb90","Global",8,false,false,"ok"
"0030bc10","FUN_0030bc10","Global",788,false,false,"ok"
"0030bf30","FUN_0030bf30","Global",16,false,false,"ok"
"0030d380","FUN_0030d380","Global",16,false,false,"ok"
"0030ded0","FUN_0030ded0","Global",16,false,false,"ok"
"00310240","FUN_00310240","Global",16,false,false,"ok"
"00313420","FUN_00313420","Global",92,false,false,"ok"
"00315760","FUN_00315760","Global",28,false,false,"ok"
"003163d0","FUN_003163d0","Global",20,false,false,"ok"
"00316b70","FUN_00316b70","Global",8,false,false,"ok"
"00316c10","FUN_00316c10","Global",236,false,false,"ok"
"00316d10","FUN_00316d10","Global",76,false,false,"ok"
"00317000","FUN_00317000","Global",96,false,false,"ok"
"00317070","FUN_00317070","Global",108,false,false,"ok"
"003170f0","FUN_003170f0","Global",12,false,false,"ok"
"003189a0","FUN_003189a0","Global",28,false,false,"ok"
"003198d0","FUN_003198d0","Global",12,false,false,"ok"
"00319c20","FUN_00319c20","Global",12,false,false,"ok"
"00319d60","FUN_00319d60","Global",380,false,false,"ok"
"0031a060","FUN_0031a060","Global",12,false,false,"ok"
"0031a9c0","FUN_0031a9c0","Global",24,false,false,"ok"
"0031b9d0","FUN_0031b9d0","Global",12,false,false,"ok"
"0031d280","FUN_0031d280","Global",52,false,false,"ok"
"0031d2e0","FUN_0031d2e0","Global",16,false,false,"ok"
"0031db20","FUN_0031db20","Global",8,false,false,"ok"
"0031dc10","FUN_0031dc10","Global",20,false,false,"ok"
"0031e340","FUN_0031e340","Global",16,false,false,"ok"
"0031eea0","FUN_0031eea0","Global",12,false,false,"ok"
"0031efa0","FUN_0031efa0","Global",1212,false,false,"ok"
"0031f4d0","FUN_0031f4d0","Global",172,false,false,"ok"
"0031f590","FUN_0031f590","Global",80,false,false,"ok"
"0031f5f0","FUN_0031f5f0","Global",8,false,false,"ok"
"0031f990","FUN_0031f990","Global",428,false,false,"ok"
"0031fb50","FUN_0031fb50","Global",12,false,false,"ok"
"00320360","FUN_00320360","Global",12,false,false,"ok"
"00320cd0","FUN_00320cd0","Global",44,false,false,"ok"
"00320df0","FUN_00320df0","Global",76,false,false,"ok"
"00320e50","FUN_00320e50","Global",76,false,false,"ok"
"00320eb0","FUN_00320eb0","Global",24,false,false,"ok"
"00321460","FUN_00321460","Global",40,false,false,"ok"
"003214f0","FUN_003214f0","Global",256,false,false,"ok"
"00321630","FUN_00321630","Global",160,false,false,"ok"
"00321790","FUN_00321790","Global",8,false,false,"ok"
"00322060","FUN_00322060","Global",16,false,false,"ok"
"00322780","FUN_00322780","Global",44,false,false,"ok"
"00322830","FUN_00322830","Global",64,false,false,"ok"
"00322950","FUN_00322950","Global",16,false,false,"ok"
"00322af0","FUN_00322af0","Global",12,false,false,"ok"
"00322e40","FUN_00322e40","Global",124,false,false,"ok"
"00322ed0","FUN_00322ed0","Global",48,false,false,"ok"
"00322f20","FUN_00322f20","Global",16,false,false,"ok"
"00323430","FUN_00323430","Global",80,false,false,"ok"
"003234c0","FUN_003234c0","Global",28,false,false,"ok"
"003234f0","FUN_003234f0","Global",64,false,false,"ok"
"00323de0","FUN_00323de0","Global",120,false,false,"ok"
"00323e90","FUN_00323e90","Global",288,false,false,"ok"
"003245a0","FUN_003245a0","Global",12,false,false,"ok"
"00324b10","FUN_00324b10","Global",20,false,false,"ok"
"00325290","FUN_00325290","Global",12,false,false,"ok"
"00329b70","FUN_00329b70","Global",24,false,false,"ok"
"0032a4e0","FUN_0032a4e0","Global",392,false,false,"ok"
"0032a680","FUN_0032a680","Global",300,false,false,"ok"
"0032a7d0","FUN_0032a7d0","Global",48,false,false,"ok"
"0032a810","FUN_0032a810","Global",16,false,false,"ok"
"0032ba10","FUN_0032ba10","Global",84,false,false,"ok"
"0032ba70","FUN_0032ba70","Global",20,false,false,"ok"
"0032c010","FUN_0032c010","Global",12,false,false,"ok"
"0032c6b0","FUN_0032c6b0","Global",8,false,false,"ok"
"0032c880","FUN_0032c880","Global",24,false,false,"ok"
"0032cba0","FUN_0032cba0","Global",24,false,false,"ok"
"0032cf90","FUN_0032cf90","Global",40,false,false,"ok"
"0032d610","FUN_0032d610","Global",32,false,false,"ok"
"0032da90","FUN_0032da90","Global",152,false,false,"ok"
"0032dbf0","FUN_0032dbf0","Global",60,false,false,"ok"
"0032dc40","FUN_0032dc40","Global",836,false,false,"ok"
"0032e0e0","FUN_0032e0e0","Global",116,false,false,"ok"
"0032e220","FUN_0032e220","Global",24,false,false,"ok"
"0032e470","FUN_0032e470","Global",76,false,false,"ok"
"0032e4d0","FUN_0032e4d0","Global",8,false,false,"ok"
"0032f500","FUN_0032f500","Global",20,false,false,"ok"
"0032feb0","FUN_0032feb0","Global",12,false,false,"ok"
"00331120","FUN_00331120","Global",12,false,false,"ok"
"00332a58","FUN_00332a58","Global",16,false,false,"ok"
"00332c68","FUN_00332c68","Global",12,false,false,"ok"
"00332de0","FUN_00332de0","Global",76,false,false,"ok"
"00332e38","FUN_00332e38","Global",16,false,false,"ok"
"00332ed0","FUN_00332ed0","Global",20,false,false,"ok"
"00332ef8","FUN_00332ef8","Global",20,false,false,"ok"
"00332f20","FUN_00332f20","Global",4,false,false,"ok"
"00332f70","FUN_00332f70","Global",4,false,false,"ok"
"00332fc0","FUN_00332fc0","Global",4,false,false,"ok"
"00333010","FUN_00333010","Global",16,false,false,"ok"
"00333168","FUN_00333168","Global",52,false,false,"ok"
"003331f0","FUN_003331f0","Global",52,false,false,"ok"
"00333230","FUN_00333230","Global",52,false,false,"ok"
"00333330","FUN_00333330","Global",1,false,false,"ok"
"00333338","FUN_00333338","Global",4,false,false,"ok"
"00333348","FUN_00333348","Global",8,false,false,"ok"
"003333a0","FUN_003333a0","Global",8,false,false,"ok"
"003334a8","FUN_003334a8","Global",4,false,false,"ok"
"00333510","FUN_00333510","Global",32,false,false,"ok"
"00333548","FUN_00333548","Global",12,false,false,"ok"
"00333618","FUN_00333618","Global",8,false,false,"ok"
"00333720","FUN_00333720","Global",16,false,false,"ok"
"00333850","FUN_00333850","Global",16,false,false,"ok"
"00333b50","FUN_00333b50","Global",136,false,false,"ok"
"00334010","FUN_00334010","Global",544,false,false,"ok"
"003343b8","FUN_003343b8","Global",4,false,false,"ok"
"003348b0","FUN_003348b0","Global",1832,false,false,"ok"
"00334b38","FUN_00334b38","Global",324,false,false,"ok"
"00334cb0","FUN_00334cb0","Global",556,false,false,"ok"
"00334ef0","FUN_00334ef0","Global",428,false,false,"ok"
"00335120","FUN_00335120","Global",48,false,false,"ok"
"00335158","FUN_00335158","Global",136,false,false,"ok"
"003351e8","FUN_003351e8","Global",120,false,false,"ok"
"00335268","FUN_00335268","Global",3340,false,false,"ok"
"00335428","FUN_00335428","Global",20,false,false,"ok"
"00335448","FUN_00335448","Global",20,false,false,"ok"
"00335540","FUN_00335540","Global",20,false,false,"ok"
"00335560","FUN_00335560","Global",20,false,false,"ok"
"00335810","FUN_00335810","Global",36,false,false,"ok"
"00335840","FUN_00335840","Global",8,false,false,"ok"
"003358f8","FUN_003358f8","Global",16,false,false,"ok"
"00335960","FUN_00335960","Global",8,false,false,"ok"
"00335cc8","FUN_00335cc8","Global",12,false,false,"ok"
"00336038","FUN_00336038","Global",8,false,false,"ok"
"003362e0","FUN_003362e0","Global",24,false,false,"ok"
"003364a8","FUN_003364a8","Global",8,false,false,"ok"
"003365a8","FUN_003365a8","Global",64,false,false,"ok"
"00336740","FUN_00336740","Global",4,false,false,"ok"
"003368b8","FUN_003368b8","Global",8,false,false,"ok"
"00336b08","FUN_00336b08","Global",40,false,false,"ok"
"00336b58","FUN_00336b58","Global",240,false,false,"ok"
"00336c60","FUN_00336c60","Global",8,false,false,"ok"
"00336d20","FUN_00336d20","Global",12,false,false,"ok"
"00337090","FUN_00337090","Global",20,false,false,"ok"
"003370b0","FUN_003370b0","Global",20,false,false,"ok"
"003370d0","FUN_003370d0","Global",20,false,false,"ok"
"003370f0","FUN_003370f0","Global",8,false,false,"ok"
"00337228","FUN_00337228","Global",12,false,false,"ok"
"00337410","FUN_00337410","Global",232,false,false,"ok"
"00337518","FUN_00337518","Global",48,false,false,"ok"
"003376a0","FUN_003376a0","Global",20,false,false,"ok"
"003377c8","FUN_003377c8","Global",8,false,false,"ok"
"00337840","FUN_00337840","Global",16,false,false,"ok"
"00337ac8","FUN_00337ac8","Global",20,false,false,"ok"
"00337c68","FUN_00337c68","Global",12,false,false,"ok"
"00337e68","FUN_00337e68","Global",4,false,false,"ok"
"00337fc0","FUN_00337fc0","Global",40,false,false,"ok"
"00338070","FUN_00338070","Global",12,false,false,"ok"
"00338188","FUN_00338188","Global",56,false,false,"ok"
"00338200","FUN_00338200","Global",60,false,false,"ok"
"00338258","FUN_00338258","Global",32,false,false,"ok"
"003383e8","FUN_003383e8","Global",20,false,false,"ok"
"00338498","FUN_00338498","Global",16,false,false,"ok"
"003385d8","FUN_003385d8","Global",16,false,false,"ok"
"00338680","FUN_00338680","Global",4,false,false,"ok"
"003386f8","FUN_003386f8","Global",44,false,false,"ok"
"00338768","FUN_00338768","Global",8,false,false,"ok"
"00338898","FUN_00338898","Global",8,false,false,"ok"
"00338bf8","FUN_00338bf8","Global",40,false,false,"ok"
"00338cd0","FUN_00338cd0","Global",4,false,false,"ok"
"00338d68","FUN_00338d68","Global",4,false,false,"ok"
"00338dc8","FUN_00338dc8","Global",8,false,false,"ok"
"00338e38","FUN_00338e38","Global",64,false,false,"ok"
"00338e98","FUN_00338e98","Global",52,false,false,"ok"
"00338fb0","FUN_00338fb0","Global",36,false,false,"ok"
"00339060","FUN_00339060","Global",44,false,false,"ok"
"003390a0","FUN_003390a0","Global",44,false,false,"ok"
"003390e0","FUN_003390e0","Global",44,false,false,"ok"
"00339120","FUN_00339120","Global",44,false,false,"ok"
"00339250","FUN_00339250","Global",80,false,false,"ok"
"003398d8","FUN_003398d8","Global",16,false,false,"ok"
"00339c40","FUN_00339c40","Global",68,false,false,"ok"
"00339c98","FUN_00339c98","Global",1,false,false,"ok"
"00339ca0","FUN_00339ca0","Global",8,false,false,"ok"
"00339e68","FUN_00339e68","Global",56,false,false,"ok"
"00339ee0","FUN_00339ee0","Global",60,false,false,"ok"
"00339f48","FUN_00339f48","Global",80,false,false,"ok"
"00339fa8","FUN_00339fa8","Global",52,false,false,"ok"
"00339fe8","FUN_00339fe8","Global",8,false,false,"ok"
"0033a0b0","FUN_0033a0b0","Global",4,false,false,"ok"
"0033a148","FUN_0033a148","Global",8,false,false,"ok"
"0033a1a0","FUN_0033a1a0","Global",24,false,false,"ok"
"0033a1c0","FUN_0033a1c0","Global",8,false,false,"ok"
"0033a240","FUN_0033a240","Global",16,false,false,"ok"
"0033a348","FUN_0033a348","Global",28,false,false,"ok"
"0033a748","FUN_0033a748","Global",32,false,false,"ok"
"0033a770","FUN_0033a770","Global",24,false,false,"ok"
"0033a7a8","FUN_0033a7a8","Global",24,false,false,"ok"
"0033aa08","FUN_0033aa08","Global",80,false,false,"ok"
"0033ac58","FUN_0033ac58","Global",20,false,false,"ok"
"0033adf8","FUN_0033adf8","Global",196,false,false,"ok"
"0033aef8","FUN_0033aef8","Global",20,false,false,"ok"
"0033afa0","FUN_0033afa0","Global",12,false,false,"ok"
"0033b290","FUN_0033b290","Global",4,false,false,"ok"
"0033b5c0","FUN_0033b5c0","Global",44,false,false,"ok"
"0033b620","FUN_0033b620","Global",4,false,false,"ok"
"0033b758","FUN_0033b758","Global",48,false,false,"ok"
"0033b798","FUN_0033b798","Global",24,false,false,"ok"
"0033b830","FUN_0033b830","Global",4,false,false,"ok"
"0033b888","FUN_0033b888","Global",4,false,false,"ok"
"0033b9d0","FUN_0033b9d0","Global",24,false,false,"ok"
"0033bbf0","FUN_0033bbf0","Global",16,false,false,"ok"
"0033bd78","FUN_0033bd78","Global",8,false,false,"ok"
"0033c060","FUN_0033c060","Global",44,false,false,"ok"
"0033c0c0","FUN_0033c0c0","Global",4,false,false,"ok"
"0033c180","FUN_0033c180","Global",8,false,false,"ok"
"0033c1f8","FUN_0033c1f8","Global",20,false,false,"ok"
"0033c2d0","FUN_0033c2d0","Global",16,false,false,"ok"
"0033c378","FUN_0033c378","Global",24,false,false,"ok"
"0033c450","FUN_0033c450","Global",20,false,false,"ok"
"0033c478","FUN_0033c478","Global",1156,false,false,"ok"
"0033cd40","FUN_0033cd40","Global",12,false,false,"ok"
"0033cf18","FUN_0033cf18","Global",8,false,false,"ok"
"0033d458","FUN_0033d458","Global",12,false,false,"ok"
"0033d630","FUN_0033d630","Global",16,false,false,"ok"
"0033d780","FUN_0033d780","Global",4,false,false,"ok"
"0033d8e0","FUN_0033d8e0","Global",24,false,false,"ok"
"0033d900","FUN_0033d900","Global",24,false,false,"ok"
"0033d920","FUN_0033d920","Global",28,false,false,"ok"
"0033d958","FUN_0033d958","Global",24,false,false,"ok"
"0033d998","FUN_0033d998","Global",32,false,false,"ok"
"0033d9f8","FUN_0033d9f8","Global",56,false,false,"ok"
"0033da40","FUN_0033da40","Global",88,false,false,"ok"
"0033daa8","FUN_0033daa8","Global",252,false,false,"ok"
"0033dbb8","FUN_0033dbb8","Global",8,false,false,"ok"
"0033dc88","FUN_0033dc88","Global",8,false,false,"ok"
"0033dd58","FUN_0033dd58","Global",56,false,false,"ok"
"0033ddd0","FUN_0033ddd0","Global",72,false,false,"ok"
"0033de58","FUN_0033de58","Global",16,false,false,"ok"
"0033dec0","FUN_0033dec0","Global",60,false,false,"ok"
"0033df40","FUN_0033df40","Global",96,false,false,"ok"
"0033dfb0","FUN_0033dfb0","Global",16,false,false,"ok"
"0033e008","FUN_0033e008","Global",4,false,false,"ok"
"0033e068","FUN_0033e068","Global",40,false,false,"ok"
"0033e258","FUN_0033e258","Global",48,false,false,"ok"
"0033e2a8","FUN_0033e2a8","Global",36,false,false,"ok"
"0033e2e8","FUN_0033e2e8","Global",44,false,false,"ok"
"0033e358","FUN_0033e358","Global",44,false,false,"ok"
"0033e3c8","FUN_0033e3c8","Global",16,false,false,"ok"
"0033e430","FUN_0033e430","Global",44,false,false,"ok"
"0033e4a0","FUN_0033e4a0","Global",44,false,false,"ok"
"0033e510","FUN_0033e510","Global",16,false,false,"ok"
"0033e578","FUN_0033e578","Global",8,false,false,"ok"
"0033e640","FUN_0033e640","Global",108,false,false,"ok"
"0033e750","FUN_0033e750","Global",16,false,false,"ok"
"0033e7d8","FUN_0033e7d8","Global",12,false,false,"ok"
"0033e928","FUN_0033e928","Global",12,false,false,"ok"
"0033ea80","FUN_0033ea80","Global",48,false,false,"ok"
"0033eae8","FUN_0033eae8","Global",56,false,false,"ok"
"0033eb38","FUN_0033eb38","Global",28,false,false,"ok"
"0033ebf0","FUN_0033ebf0","Global",8,false,false,"ok"
"0033ec78","FUN_0033ec78","Global",8,false,false,"ok"
"0033ed00","FUN_0033ed00","Global",20,false,false,"ok"
"0033ee10","FUN_0033ee10","Global",28,false,false,"ok"
"0033ee38","FUN_0033ee38","Global",40,false,false,"ok"
"0033ee70","FUN_0033ee70","Global",16,false,false,"ok"
"0033efc0","FUN_0033efc0","Global",204,false,false,"ok"
"0033f098","FUN_0033f098","Global",16,false,false,"ok"
"0033f110","FUN_0033f110","Global",36,false,false,"ok"
"0033f190","FUN_0033f190","Global",36,false,false,"ok"
"0033f210","FUN_0033f210","Global",36,false,false,"ok"
"0033f290","FUN_0033f290","Global",36,false,false,"ok"
"0033f310","FUN_0033f310","Global",40,false,false,"ok"
"0033f448","FUN_0033f448","Global",20,false,false,"ok"
"0033f510","FUN_0033f510","Global",8,false,false,"ok"
"0033f5b8","FUN_0033f5b8","Global",8,false,false,"ok"
"0033f628","FUN_0033f628","Global",8,false,false,"ok"
"0033f720","FUN_0033f720","Global",20,false,false,"ok"
"0033f830","FUN_0033f830","Global",4,false,false,"ok"
"0033f8c0","FUN_0033f8c0","Global",52,false,false,"ok"
"0033f900","FUN_0033f900","Global",16,false,false,"ok"
"0033f970","FUN_0033f970","Global",72,false,false,"ok"
"0033f9c8","FUN_0033f9c8","Global",40,false,false,"ok"
"0033fa00","FUN_0033fa00","Global",32,false,false,"ok"
"0033faa0","FUN_0033faa0","Global",32,false,false,"ok"
"0033fb60","FUN_0033fb60","Global",32,false,false,"ok"
"0033fc10","FUN_0033fc10","Global",12,false,false,"ok"
"0033fc90","FUN_0033fc90","Global",56,false,false,"ok"
"0033fd08","FUN_0033fd08","Global",56,false,false,"ok"
"0033fd50","FUN_0033fd50","Global",4,false,false,"ok"
"0033fde0","FUN_0033fde0","Global",16,false,false,"ok"
"0033fe48","FUN_0033fe48","Global",60,false,false,"ok"
"0033fed0","FUN_0033fed0","Global",4,false,false,"ok"
"0033ff28","FUN_0033ff28","Global",8,false,false,"ok"
"0033ffd0","FUN_0033ffd0","Global",52,false,false,"ok"
"00340170","FUN_00340170","Global",20,false,false,"ok"
"003402a0","FUN_003402a0","Global",4,false,false,"ok"
"00340778","FUN_00340778","Global",24,false,false,"ok"
"00340c50","FUN_00340c50","Global",16,false,false,"ok"
"00340f58","FUN_00340f58","Global",24,false,false,"ok"
"00341080","FUN_00341080","Global",8,false,false,"ok"
"00341210","FUN_00341210","Global",12,false,false,"ok"
"003413d0","FUN_003413d0","Global",4,false,false,"ok"
"00341778","FUN_00341778","Global",24,false,false,"ok"
"003419f8","FUN_003419f8","Global",496,false,false,"ok"
"00341c20","FUN_00341c20","Global",24,false,false,"ok"
"00341cc0","FUN_00341cc0","Global",24,false,false,"ok"
"00341d30","FUN_00341d30","Global",12,false,false,"ok"
"00341e40","FUN_00341e40","Global",60,false,false,"ok"
"00341e90","FUN_00341e90","Global",4,false,false,"ok"
"00341fb0","FUN_00341fb0","Global",16,false,false,"ok"
"003420a8","FUN_003420a8","Global",20,false,false,"ok"
"003421f0","FUN_003421f0","Global",8,false,false,"ok"
"00342228","FUN_00342228","Global",40,false,false,"ok"
"00342500","FUN_00342500","Global",40,false,false,"ok"
"00342560","FUN_00342560","Global",8,false,false,"ok"
"00342768","FUN_00342768","Global",8,false,false,"ok"
"003427c8","FUN_003427c8","Global",8,false,false,"ok"
"003428b0","FUN_003428b0","Global",4,false,false,"ok"
"00342a00","FUN_00342a00","Global",8,false,false,"ok"
"00342a68","FUN_00342a68","Global",8,false,false,"ok"
"00342ad0","FUN_00342ad0","Global",4,false,false,"ok"
"00342be0","FUN_00342be0","Global",4,false,false,"ok"
"00342c90","FUN_00342c90","Global",12,false,false,"ok"
"00342d38","FUN_00342d38","Global",32,false,false,"ok"
"00342e20","FUN_00342e20","Global",16,false,false,"ok"
"00342f20","FUN_00342f20","Global",12,false,false,"ok"
"00342fa8","FUN_00342fa8","Global",72,false,false,"ok"
"00342ff8","FUN_00342ff8","Global",8,false,false,"ok"
"00343098","FUN_00343098","Global",8,false,false,"ok"
"003430d8","FUN_003430d8","Global",8,false,false,"ok"
"00343118","FUN_00343118","Global",40,false,false,"ok"
"00343150","FUN_00343150","Global",8,false,false,"ok"
"003431c8","FUN_003431c8","Global",84,false,false,"ok"
"00343260","FUN_00343260","Global",16,false,false,"ok"
"00343308","FUN_00343308","Global",20,false,false,"ok"
"00343370","FUN_00343370","Global",56,false,false,"ok"
"003433b0","FUN_003433b0","Global",48,false,false,"ok"
"00343428","FUN_00343428","Global",60,false,false,"ok"
"00343470","FUN_00343470","Global",56,false,false,"ok"
"003434e8","FUN_003434e8","Global",16,false,false,"ok"
"00343850","FUN_00343850","Global",44,false,false,"ok"
"00343ad0","FUN_00343ad0","Global",28,false,false,"ok"
"00343e18","FUN_00343e18","Global",12,false,false,"ok"
"00343f30","FUN_00343f30","Global",16,false,false,"ok"
"00344110","FUN_00344110","Global",12,false,false,"ok"
"00344178","FUN_00344178","Global",16,false,false,"ok"
"00344240","FUN_00344240","Global",28,false,false,"ok"
"00344308","FUN_00344308","Global",4,false,false,"ok"
"00344390","FUN_00344390","Global",16,false,false,"ok"
"00344418","FUN_00344418","Global",4,false,false,"ok"
"00344be8","FUN_00344be8","Global",8,false,false,"ok"
"00344e60","FUN_00344e60","Global",4,false,false,"ok"
"00345540","FUN_00345540","Global",8,false,false,"ok"
"00345b00","FUN_00345b00","Global",104,false,false,"ok"
"00345c48","FUN_00345c48","Global",20,false,false,"ok"
"00345de0","FUN_00345de0","Global",8,false,false,"ok"
"00345fe0","FUN_00345fe0","Global",20,false,false,"ok"
"00346018","FUN_00346018","Global",20,false,false,"ok"
"003460c0","FUN_003460c0","Global",56,false,false,"ok"
"00346100","FUN_00346100","Global",44,false,false,"ok"
"00346188","FUN_00346188","Global",20,false,false,"ok"
"003461a8","FUN_003461a8","Global",16,false,false,"ok"
"003461c0","FUN_003461c0","Global",20,false,false,"ok"
"003461e0","FUN_003461e0","Global",8,false,false,"ok"
"00346280","FUN_00346280","Global",8,false,false,"ok"
"00346330","FUN_00346330","Global",16,false,false,"ok"
"003463e8","FUN_003463e8","Global",20,false,false,"ok"
"00346498","FUN_00346498","Global",8,false,false,"ok"
"00346520","FUN_00346520","Global",52,false,false,"ok"
"003465d0","FUN_003465d0","Global",52,false,false,"ok"
"003466a8","FUN_003466a8","Global",208,false,false,"ok"
"00346798","FUN_00346798","Global",16,false,false,"ok"
"003467b0","FUN_003467b0","Global",20,false,false,"ok"
"003467d0","FUN_003467d0","Global",16,false,false,"ok"
"00346840","FUN_00346840","Global",16,false,false,"ok"
"003468b8","FUN_003468b8","Global",56,false,false,"ok"
"00346900","FUN_00346900","Global",56,false,false,"ok"
"003469a8","FUN_003469a8","Global",20,false,false,"ok"
"00346a48","FUN_00346a48","Global",64,false,false,"ok"
"00346a90","FUN_00346a90","Global",12,false,false,"ok"
"00346b18","FUN_00346b18","Global",100,false,false,"ok"
"00346ed8","FUN_00346ed8","Global",876,false,false,"ok"
"00347360","FUN_00347360","Global",800,false,false,"ok"
"00347780","FUN_00347780","Global",844,false,false,"ok"
"00347b70","FUN_00347b70","Global",876,false,false,"ok"
"00348408","FUN_00348408","Global",32,false,false,"ok"
"00348640","FUN_00348640","Global",32,false,false,"ok"
"00348830","FUN_00348830","Global",4,false,false,"ok"
"00348ac8","FUN_00348ac8","Global",324,false,false,"ok"
"00348c78","FUN_00348c78","Global",316,false,false,"ok"
"00348e18","FUN_00348e18","Global",304,false,false,"ok"
"00348fb0","FUN_00348fb0","Global",32,false,false,"ok"
"00349250","FUN_00349250","Global",28,false,false,"ok"
"00349488","FUN_00349488","Global",8,false,false,"ok"
"003497c0","FUN_003497c0","Global",24,false,false,"ok"
"00349ad8","FUN_00349ad8","Global",8,false,false,"ok"
"00349cf8","FUN_00349cf8","Global",8,false,false,"ok"
"00349f28","FUN_00349f28","Global",8,false,false,"ok"
"0034a5f0","FUN_0034a5f0","Global",96,false,false,"ok"
"0034a810","FUN_0034a810","Global",20,false,false,"ok"
"0034acf0","FUN_0034acf0","Global",8,false,false,"ok"
"0034af30","FUN_0034af30","Global",32,false,false,"ok"
"0034b1e0","FUN_0034b1e0","Global",344,false,false,"ok"
"0034b800","FUN_0034b800","Global",36,false,false,"ok"
"0034c228","FUN_0034c228","Global",8,false,false,"ok"
"0034c8d8","FUN_0034c8d8","Global",276,false,false,"ok"
"0034ca00","FUN_0034ca00","Global",12,false,false,"ok"
"0034cb20","FUN_0034cb20","Global",8,false,false,"ok"
"0034ccf8","FUN_0034ccf8","Global",20,false,false,"ok"
"0034cdf8","FUN_0034cdf8","Global",4,false,false,"ok"
"0034cf40","FUN_0034cf40","Global",60,false,false,"ok"
"0034cf88","FUN_0034cf88","Global",24,false,false,"ok"
"0034d0a8","FUN_0034d0a8","Global",24,false,false,"ok"
"0034d618","FUN_0034d618","Global",12,false,false,"ok"
"0034d888","FUN_0034d888","Global",20,false,false,"ok"
"0034dd00","FUN_0034dd00","Global",8,false,false,"ok"
"0034df18","FUN_0034df18","Global",12,false,false,"ok"
"0034e090","FUN_0034e090","Global",12,false,false,"ok"
"0034e260","FUN_0034e260","Global",4,false,false,"ok"
"0034e3f8","FUN_0034e3f8","Global",604,false,false,"ok"
"0034e8f8","FUN_0034e8f8","Global",4,false,false,"ok"
"0034ef10","FUN_0034ef10","Global",4,false,false,"ok"
"0034f178","FUN_0034f178","Global",4,false,false,"ok"
"0034f370","FUN_0034f370","Global",8,false,false,"ok"
"0034f4a0","FUN_0034f4a0","Global",4,false,false,"ok"
"0034f680","FUN_0034f680","Global",24,false,false,"ok"
"0034f970","FUN_0034f970","Global",1,false,false,"ok"
"0034f978","FUN_0034f978","Global",1,false,false,"ok"
"0034f980","FUN_0034f980","Global",12,false,false,"ok"
"0034fa98","FUN_0034fa98","Global",212,false,false,"ok"
"0034fb78","FUN_0034fb78","Global",4,false,false,"ok"
"0034fc60","FUN_0034fc60","Global",132,false,false,"ok"
"0034fcf8","FUN_0034fcf8","Global",64,false,false,"ok"
"0034fd40","FUN_0034fd40","Global",44,false,false,"ok"
"0034fd80","FUN_0034fd80","Global",92,false,false,"ok"
"0034fde8","FUN_0034fde8","Global",8,false,false,"ok"
"00350880","FUN_00350880","Global",56,false,false,"ok"
"00350c90","FUN_00350c90","Global",56,false,false,"ok"
"00350e88","FUN_00350e88","Global",8,false,false,"ok"
"00351888","FUN_00351888","Global",8,false,false,"ok"
"00351ce8","FUN_00351ce8","Global",80,false,false,"ok"
"00352268","FUN_00352268","Global",40,false,false,"ok"
"00353568","FUN_00353568","Global",60,false,false,"ok"
"003550a8","FUN_003550a8","Global",8,false,false,"ok"
"003558c8","FUN_003558c8","Global",12,false,false,"ok"
"00355ae0","FUN_00355ae0","Global",8,false,false,"ok"
"00355dc8","FUN_00355dc8","Global",8,false,false,"ok"
"00356180","FUN_00356180","Global",8,false,false,"ok"
"00356460","FUN_00356460","Global",8,false,false,"ok"
"00356810","FUN_00356810","Global",24,false,false,"ok"
"003570c0","FUN_003570c0","Global",4,false,false,"ok"
"003572d0","FUN_003572d0","Global",8,false,false,"ok"
"003575b8","FUN_003575b8","Global",8,false,false,"ok"
"00357900","FUN_00357900","Global",32,false,false,"ok"
"003579f0","FUN_003579f0","Global",4,false,false,"ok"
"00357c20","FUN_00357c20","Global",76,false,false,"ok"
"00357d98","FUN_00357d98","Global",4,false,false,"ok"
"00358088","FUN_00358088","Global",216,false,false,"ok"
"00358178","FUN_00358178","Global",24,false,false,"ok"
"00358bf0","FUN_00358bf0","Global",8,false,false,"ok"
"00359900","FUN_00359900","Global",8,false,false,"ok"
"00359ca0","FUN_00359ca0","Global",52,false,false,"ok"
"00359dd8","FUN_00359dd8","Global",88,false,false,"ok"
"00359f08","FUN_00359f08","Global",468,false,false,"ok"
"0035a0e8","FUN_0035a0e8","Global",484,false,false,"ok"
"0035a2d8","FUN_0035a2d8","Global",204,false,false,"ok"
"0035a3b0","FUN_0035a3b0","Global",8,false,false,"ok"
"0035aad0","FUN_0035aad0","Global",32,false,false,"ok"
"0035ab28","FUN_0035ab28","Global",4,false,false,"ok"
"0035abb8","FUN_0035abb8","Global",48,false,false,"ok"
"0035ac70","FUN_0035ac70","Global",12,false,false,"ok"
"0035afb0","FUN_0035afb0","Global",1,false,false,"ok"
"0035afb8","FUN_0035afb8","Global",176,false,false,"ok"
"0035b070","FUN_0035b070","Global",12,false,false,"ok"
"0035b0e8","FUN_0035b0e8","Global",4,false,false,"ok"
"0035b160","FUN_0035b160","Global",152,false,false,"ok"
"0035b218","FUN_0035b218","Global",128,false,false,"ok"
"0035b2c0","FUN_0035b2c0","Global",8,false,false,"ok"
"0035b378","FUN_0035b378","Global",4,false,false,"ok"
"0035b4d8","FUN_0035b4d8","Global",8,false,false,"ok"
"0035b7c0","FUN_0035b7c0","Global",316,false,false,"ok"
"0035ba18","FUN_0035ba18","Global",4,false,false,"ok"
"0035bb90","FUN_0035bb90","Global",116,false,false,"ok"
"0035bcd8","FUN_0035bcd8","Global",8,false,false,"ok"
"0035c420","FUN_0035c420","Global",8,false,false,"ok"
"0035c868","FUN_0035c868","Global",8,false,false,"ok"
"0035e420","FUN_0035e420","Global",12,false,false,"ok"
"0035fa80","FUN_0035fa80","Global",12,false,false,"ok"
"00361498","FUN_00361498","Global",96,false,false,"ok"
"00361508","FUN_00361508","Global",44,false,false,"ok"
"00361548","FUN_00361548","Global",60,false,false,"ok"
"003615c8","FUN_003615c8","Global",8,false,false,"ok"
"00361750","FUN_00361750","Global",4,false,false,"ok"
"00362698","FUN_00362698","Global",60,false,false,"ok"
"00362ea8","FUN_00362ea8","Global",28,false,false,"ok"
"00363780","FUN_00363780","Global",16,false,false,"ok"
"00363a40","FUN_00363a40","Global",28,false,false,"ok"
"00363dc8","FUN_00363dc8","Global",24,false,false,"ok"
"00364120","FUN_00364120","Global",40,false,false,"ok"
"003644b8","FUN_003644b8","Global",16,false,false,"ok"
"00364620","FUN_00364620","Global",20,false,false,"ok"
"003647d0","FUN_003647d0","Global",4,false,false,"ok"
"00364b60","FUN_00364b60","Global",4,false,false,"ok"
"00365180","FUN_00365180","Global",8,false,false,"ok"
"00365430","FUN_00365430","Global",8,false,false,"ok"
"003656b8","FUN_003656b8","Global",20,false,false,"ok"
"00365a68","FUN_00365a68","Global",20,false,false,"ok"
"003660d8","FUN_003660d8","Global",8,false,false,"ok"
"003663a8","FUN_003663a8","Global",12,false,false,"ok"
"00366958","FUN_00366958","Global",72,false,false,"ok"
"003669a8","FUN_003669a8","Global",1,false,false,"ok"
"00366db8","FUN_00366db8","Global",4,false,false,"ok"
"00366fb0","FUN_00366fb0","Global",8,false,false,"ok"
"003671e8","FUN_003671e8","Global",1,false,false,"ok"
"00367548","FUN_00367548","Global",12,false,false,"ok"
"00367e58","FUN_00367e58","Global",28,false,false,"ok"
"00368378","FUN_00368378","Global",220,false,false,"ok"
"00368478","FUN_00368478","Global",168,false,false,"ok"
"003685a8","FUN_003685a8","Global",8,false,false,"ok"
"00368958","FUN_00368958","Global",20,false,false,"ok"
"00368d68","FUN_00368d68","Global",8,false,false,"ok"
"00368f68","FUN_00368f68","Global",452,false,false,"ok"
"003692f8","FUN_003692f8","Global",20,false,false,"ok"
"00369540","FUN_00369540","Global",12,false,false,"ok"
"003696b0","FUN_003696b0","Global",32,false,false,"ok"
"00369770","FUN_00369770","Global",24,false,false,"ok"
"003698c0","FUN_003698c0","Global",32,false,false,"ok"
"003698e8","FUN_003698e8","Global",8,false,false,"ok"
"00369980","FUN_00369980","Global",8,false,false,"ok"
"00369a50","FUN_00369a50","Global",1,false,false,"ok"
"00369c18","FUN_00369c18","Global",160,false,false,"ok"
"00369da8","FUN_00369da8","Global",36,false,false,"ok"
"00369f30","FUN_00369f30","Global",136,false,false,"ok"
"0036a1c8","FUN_0036a1c8","Global",24,false,false,"ok"
"0036a288","FUN_0036a288","Global",8,false,false,"ok"
"0036a300","FUN_0036a300","Global",8,false,false,"ok"
"0036a3a8","FUN_0036a3a8","Global",60,false,false,"ok"
"0036a3f8","FUN_0036a3f8","Global",8,false,false,"ok"
"0036a4f0","FUN_0036a4f0","Global",16,false,false,"ok"
"0036a620","FUN_0036a620","Global",8,false,false,"ok"
"0036a720","FUN_0036a720","Global",60,false,false,"ok"
"0036a770","FUN_0036a770","Global",24,false,false,"ok"
"0036a7a0","FUN_0036a7a0","Global",28,false,false,"ok"
"0036a7d8","FUN_0036a7d8","Global",12,false,false,"ok"
"0036a980","FUN_0036a980","Global",8,false,false,"ok"
"0036ac28","FUN_0036ac28","Global",4,false,false,"ok"
"0036af18","FUN_0036af18","Global",76,false,false,"ok"
"0036afd0","FUN_0036afd0","Global",4,false,false,"ok"
"0036b3e8","FUN_0036b3e8","Global",28,false,false,"ok"
"0036b530","FUN_0036b530","Global",44,false,false,"ok"
"0036b590","FUN_0036b590","Global",8,false,false,"ok"
"0036b620","FUN_0036b620","Global",20,false,false,"ok"
"0036b768","FUN_0036b768","Global",24,false,false,"ok"
"0036b880","FUN_0036b880","Global",16,false,false,"ok"
"0036b918","FUN_0036b918","Global",16,false,false,"ok"
"0036b9b0","FUN_0036b9b0","Global",16,false,false,"ok"
"0036ba48","FUN_0036ba48","Global",8,false,false,"ok"
"0036bac0","FUN_0036bac0","Global",24,false,false,"ok"
"0036bb18","FUN_0036bb18","Global",32,false,false,"ok"
"0036bb58","FUN_0036bb58","Global",8,false,false,"ok"
"0036bd88","FUN_0036bd88","Global",32,false,false,"ok"
"0036c028","FUN_0036c028","Global",8,false,false,"ok"
"0036c498","FUN_0036c498","Global",12,false,false,"ok"
"0036c878","FUN_0036c878","Global",4,false,false,"ok"
"0036ca58","FUN_0036ca58","Global",8,false,false,"ok"
"0036ce30","FUN_0036ce30","Global",616,false,false,"ok"
"0036d2b0","FUN_0036d2b0","Global",4,false,false,"ok"
"0036dcd8","FUN_0036dcd8","Global",20,false,false,"ok"
"0036de68","FUN_0036de68","Global",24,false,false,"ok"
"0036e178","FUN_0036e178","Global",24,false,false,"ok"
"0036e318","FUN_0036e318","Global",16,false,false,"ok"
"0036ec40","FUN_0036ec40","Global",28,false,false,"ok"
"0036ee50","FUN_0036ee50","Global",136,false,false,"ok"
"0036eef0","FUN_0036eef0","Global",44,false,false,"ok"
"0036f030","FUN_0036f030","Global",4,false,false,"ok"
"0036f110","FUN_0036f110","Global",1,false,false,"ok"
"0036f118","FUN_0036f118","Global",16,false,false,"ok"
"0036f1c0","FUN_0036f1c0","Global",8,false,false,"ok"
"0036f268","FUN_0036f268","Global",20,false,false,"ok"
"0036f520","FUN_0036f520","Global",76,false,false,"ok"
"0036f750","FUN_0036f750","Global",28,false,false,"ok"
"0036fac0","FUN_0036fac0","Global",8,false,false,"ok"
"00370260","FUN_00370260","Global",8,false,false,"ok"
"003708c8","FUN_003708c8","Global",16,false,false,"ok"
"00370cc0","FUN_00370cc0","Global",20,false,false,"ok"
"00371268","FUN_00371268","Global",4,false,false,"ok"
"003713a0","FUN_003713a0","Global",8,false,false,"ok"
"003713f0","FUN_003713f0","Global",16,false,false,"ok"
"00371648","FUN_00371648","Global",24,false,false,"ok"
"003717e0","FUN_003717e0","Global",16,false,false,"ok"
"00371a28","FUN_00371a28","Global",16,false,false,"ok"
"00371d18","FUN_00371d18","Global",8,false,false,"ok"
"00372160","FUN_00372160","Global",40,false,false,"ok"
"003722f8","FUN_003722f8","Global",16,false,false,"ok"
"00372398","FUN_00372398","Global",4,false,false,"ok"
"00372448","FUN_00372448","Global",20,false,false,"ok"
"00372468","FUN_00372468","Global",236,false,false,"ok"
"003725d0","FUN_003725d0","Global",8,false,false,"ok"
"003727b8","FUN_003727b8","Global",76,false,false,"ok"
"00372818","FUN_00372818","Global",108,false,false,"ok"
"00372958","FUN_00372958","Global",68,false,false,"ok"
"003729a8","FUN_003729a8","Global",4,false,false,"ok"
"003732c8","FUN_003732c8","Global",8,false,false,"ok"
"00373468","FUN_00373468","Global",24,false,false,"ok"
"00373548","FUN_00373548","Global",8,false,false,"ok"
"003735a8","FUN_003735a8","Global",16,false,false,"ok"
"00373660","FUN_00373660","Global",44,false,false,"ok"
"00373698","FUN_00373698","Global",8,false,false,"ok"
"00373c90","FUN_00373c90","Global",20,false,false,"ok"
"00373dc0","FUN_00373dc0","Global",12,false,false,"ok"
"00374230","FUN_00374230","Global",16,false,false,"ok"
"00374610","FUN_00374610","Global",40,false,false,"ok"
"00374718","FUN_00374718","Global",16,false,false,"ok"
"00374730","FUN_00374730","Global",12,false,false,"ok"
"00374748","FUN_00374748","Global",12,false,false,"ok"
"003747d0","FUN_003747d0","Global",12,false,false,"ok"
"00374818","FUN_00374818","Global",4,false,false,"ok"
"003748b0","FUN_003748b0","Global",16,false,false,"ok"
"00374968","FUN_00374968","Global",8,false,false,"ok"
"00374a58","FUN_00374a58","Global",8,false,false,"ok"
"00374ae0","FUN_00374ae0","Global",20,false,false,"ok"
"00374bb0","FUN_00374bb0","Global",4,false,false,"ok"
"00374c80","FUN_00374c80","Global",4,false,false,"ok"
"00374d20","FUN_00374d20","Global",132,false,false,"ok"
"00374dc0","FUN_00374dc0","Global",216,false,false,"ok"
"00375050","FUN_00375050","Global",20,false,false,"ok"
"003751a8","FUN_003751a8","Global",28,false,false,"ok"
"0037527c","FUN_0037527c","Global",228,false,false,"ok"
"00375388","FUN_00375388","Global",68,false,false,"ok"
"003753e0","FUN_003753e0","Global",1,false,false,"ok"
"003753e8","FUN_003753e8","Global",36,false,false,"ok"
"00375430","FUN_00375430","Global",8,false,false,"ok"
"00375718","FUN_00375718","Global",16,false,false,"ok"
"00375c20","FUN_00375c20","Global",8,false,false,"ok"
"00375da8","FUN_00375da8","Global",4,false,false,"ok"
"00375f18","FUN_00375f18","Global",8,false,false,"ok"
"003762b8","FUN_003762b8","Global",28,false,false,"ok"
"003763c0","FUN_003763c0","Global",24,false,false,"ok"
"00376600","FUN_00376600","Global",28,false,false,"ok"
"00376be8","FUN_00376be8","Global",4,false,false,"ok"
"00376d88","FUN_00376d88","Global",8,false,false,"ok"
"00376df8","FUN_00376df8","Global",4,false,false,"ok"
"00376e88","FUN_00376e88","Global",8,false,false,"ok"
"00376ef8","FUN_00376ef8","Global",4,false,false,"ok"
"00376f88","FUN_00376f88","Global",20,false,false,"ok"
"00377030","FUN_00377030","Global",20,false,false,"ok"
"003770d8","FUN_003770d8","Global",4,false,false,"ok"
"003773a8","FUN_003773a8","Global",8,false,false,"ok"
"003775b8","FUN_003775b8","Global",4,false,false,"ok"
"003779d8","FUN_003779d8","Global",16,false,false,"ok"
"00377b08","FUN_00377b08","Global",256,false,false,"ok"
"00377c20","FUN_00377c20","Global",20,false,false,"ok"
"00377d58","FUN_00377d58","Global",28,false,false,"ok"
"00378110","FUN_00378110","Global",4,false,false,"ok"
"003786a8","FUN_003786a8","Global",36,false,false,"ok"
"00378e00","FUN_00378e00","Global",48,false,false,"ok"
"00378ed0","FUN_00378ed0","Global",8,false,false,"ok"
"00378f78","FUN_00378f78","Global",8,false,false,"ok"
"00378fe8","FUN_00378fe8","Global",4,false,false,"ok"
"00379078","FUN_00379078","Global",104,false,false,"ok"
"00379108","FUN_00379108","Global",56,false,false,"ok"
"00379158","FUN_00379158","Global",16,false,false,"ok"
"003791d0","FUN_003791d0","Global",16,false,false,"ok"
"00379250","FUN_00379250","Global",16,false,false,"ok"
"003792d0","FUN_003792d0","Global",40,false,false,"ok"
"00379308","FUN_00379308","Global",16,false,false,"ok"
"00379408","FUN_00379408","Global",4,false,false,"ok"
"00379490","FUN_00379490","Global",28,false,false,"ok"
"003794e8","FUN_003794e8","Global",44,false,false,"ok"
"00379558","FUN_00379558","Global",44,false,false,"ok"
"003795c8","FUN_003795c8","Global",160,false,false,"ok"
"00379680","FUN_00379680","Global",16,false,false,"ok"
"00379770","FUN_00379770","Global",4,false,false,"ok"
"00379820","FUN_00379820","Global",4,false,false,"ok"
"00379990","FUN_00379990","Global",8,false,false,"ok"
"00379a90","FUN_00379a90","Global",28,false,false,"ok"
"00379ac0","FUN_00379ac0","Global",36,false,false,"ok"
"00379af0","FUN_00379af0","Global",36,false,false,"ok"
"00379b40","FUN_00379b40","Global",4,false,false,"ok"
"00379b90","FUN_00379b90","Global",32,false,false,"ok"
"00379bb8","FUN_00379bb8","Global",40,false,false,"ok"
"00379be8","FUN_00379be8","Global",20,false,false,"ok"
"00379c68","FUN_00379c68","Global",56,false,false,"ok"
"00379cb0","FUN_00379cb0","Global",56,false,false,"ok"
"00379d80","FUN_00379d80","Global",44,false,false,"ok"
"00379e40","FUN_00379e40","Global",8,false,false,"ok"
"00379ed8","FUN_00379ed8","Global",20,false,false,"ok"
"00379ef8","FUN_00379ef8","Global",20,false,false,"ok"
"00379f60","FUN_00379f60","Global",24,false,false,"ok"
"00379fa8","FUN_00379fa8","Global",8,false,false,"ok"
"0037a098","FUN_0037a098","Global",52,false,false,"ok"
"0037a0d8","FUN_0037a0d8","Global",52,false,false,"ok"
"0037a118","FUN_0037a118","Global",12,false,false,"ok"
"0037a1b0","FUN_0037a1b0","Global",12,false,false,"ok"
"0037a248","FUN_0037a248","Global",4,false,false,"ok"
"0037a298","FUN_0037a298","Global",4,false,false,"ok"
"0037a2f0","FUN_0037a2f0","Global",28,false,false,"ok"
"0037a318","FUN_0037a318","Global",4,false,false,"ok"
"0037a378","FUN_0037a378","Global",4,false,false,"ok"
"0037a4d0","FUN_0037a4d0","Global",8,false,false,"ok"
"0037a940","FUN_0037a940","Global",8,false,false,"ok"
"0037acd8","FUN_0037acd8","Global",28,false,false,"ok"
"0037afa8","FUN_0037afa8","Global",8,false,false,"ok"
"0037b340","FUN_0037b340","Global",12,false,false,"ok"
"0037b528","FUN_0037b528","Global",8,false,false,"ok"
"0037b9b0","FUN_0037b9b0","Global",8,false,false,"ok"
"0037c4d0","FUN_0037c4d0","Global",8,false,false,"ok"
"0037c5f0","FUN_0037c5f0","Global",96,false,false,"ok"
"0037c668","FUN_0037c668","Global",20,false,false,"ok"
"0037c6a0","FUN_0037c6a0","Global",8,false,false,"ok"
"0037c788","FUN_0037c788","Global",4,false,false,"ok"
"0037c8e8","FUN_0037c8e8","Global",68,false,false,"ok"
"0037c938","FUN_0037c938","Global",20,false,false,"ok"
"0037c980","FUN_0037c980","Global",4,false,false,"ok"
"0037ca58","FUN_0037ca58","Global",56,false,false,"ok"
"0037caa0","FUN_0037caa0","Global",44,false,false,"ok"
"0037cb30","FUN_0037cb30","Global",20,false,false,"ok"
"0037ce80","FUN_0037ce80","Global",20,false,false,"ok"
"0037cff8","FUN_0037cff8","Global",60,false,false,"ok"
"0037d078","FUN_0037d078","Global",8,false,false,"ok"
"0037d100","FUN_0037d100","Global",8,false,false,"ok"
"0037d1e8","FUN_0037d1e8","Global",32,false,false,"ok"
"0037d248","FUN_0037d248","Global",44,false,false,"ok"
"0037d288","FUN_0037d288","Global",40,false,false,"ok"
"0037d368","FUN_0037d368","Global",192,false,false,"ok"
"0037d460","FUN_0037d460","Global",20,false,false,"ok"
"0037d508","FUN_0037d508","Global",56,false,false,"ok"
"0037d5e0","FUN_0037d5e0","Global",20,false,false,"ok"
"0037d608","FUN_0037d608","Global",8,false,false,"ok"
"0037d878","FUN_0037d878","Global",8,false,false,"ok"
"0037dbf8","FUN_0037dbf8","Global",4,false,false,"ok"
"0037dd38","FUN_0037dd38","Global",16,false,false,"ok"
"0037dda0","FUN_0037dda0","Global",60,false,false,"ok"
"0037de20","FUN_0037de20","Global",8,false,false,"ok"
"0037de90","FUN_0037de90","Global",4,false,false,"ok"
"0037df78","FUN_0037df78","Global",8,false,false,"ok"
"0037e030","FUN_0037e030","Global",56,false,false,"ok"
"0037e0b0","FUN_0037e0b0","Global",4,false,false,"ok"
"0037e108","FUN_0037e108","Global",56,false,false,"ok"
"0037e150","FUN_0037e150","Global",44,false,false,"ok"
"0037e208","FUN_0037e208","Global",4,false,false,"ok"
"0037e260","FUN_0037e260","Global",76,false,false,"ok"
"0037e330","FUN_0037e330","Global",8,false,false,"ok"
"0037e570","FUN_0037e570","Global",8,false,false,"ok"
"0037e698","FUN_0037e698","Global",8,false,false,"ok"
"0037e8e0","FUN_0037e8e0","Global",4,false,false,"ok"
"0037efa0","FUN_0037efa0","Global",24,false,false,"ok"
"0037f0b8","FUN_0037f0b8","Global",36,false,false,"ok"
"0037f100","FUN_0037f100","Global",8,false,false,"ok"
"0037f208","FUN_0037f208","Global",12,false,false,"ok"
"0037f2d0","FUN_0037f2d0","Global",176,false,false,"ok"
"0037f3b0","FUN_0037f3b0","Global",4,false,false,"ok"
"0037f610","FUN_0037f610","Global",4,false,false,"ok"
"0037f888","FUN_0037f888","Global",60,false,false,"ok"
"0037f900","FUN_0037f900","Global",8,false,false,"ok"
"0037fa08","FUN_0037fa08","Global",4,false,false,"ok"
"0037fa68","FUN_0037fa68","Global",76,false,false,"ok"
"0037fac0","FUN_0037fac0","Global",8,false,false,"ok"
"0037fc28","FUN_0037fc28","Global",16,false,false,"ok"
"0037fcb8","FUN_0037fcb8","Global",28,false,false,"ok"
"0037fd28","FUN_0037fd28","Global",28,false,false,"ok"
"0037fd50","FUN_0037fd50","Global",32,false,false,"ok"
"0037fed0","FUN_0037fed0","Global",16,false,false,"ok"
"00380210","FUN_00380210","Global",12,false,false,"ok"
"00380740","FUN_00380740","Global",20,false,false,"ok"
"00380b50","FUN_00380b50","Global",48,false,false,"ok"
"00381a08","FUN_00381a08","Global",28,false,false,"ok"
"00382628","FUN_00382628","Global",24,false,false,"ok"
"003829c0","FUN_003829c0","Global",8,false,false,"ok"
"00383548","FUN_00383548","Global",20,false,false,"ok"
"00383838","FUN_00383838","Global",4,false,false,"ok"
"00383a60","FUN_00383a60","Global",8,false,false,"ok"
"00383f98","FUN_00383f98","Global",12,false,false,"ok"
"00384428","FUN_00384428","Global",28,false,false,"ok"
"003852d8","FUN_003852d8","Global",8,false,false,"ok"
"00385cb0","FUN_00385cb0","Global",16,false,false,"ok"
"00385ef8","FUN_00385ef8","Global",4,false,false,"ok"
"00386118","FUN_00386118","Global",12,false,false,"ok"
"00387270","FUN_00387270","Global",16,false,false,"ok"
"00387cc0","FUN_00387cc0","Global",8,false,false,"ok"
"00388290","FUN_00388290","Global",4,false,false,"ok"
"00388548","FUN_00388548","Global",20,false,false,"ok"
"00388568","FUN_00388568","Global",20,false,false,"ok"
"00388588","FUN_00388588","Global",20,false,false,"ok"
"003885a8","FUN_003885a8","Global",20,false,false,"ok"
"003885c8","FUN_003885c8","Global",20,false,false,"ok"
"003885e8","FUN_003885e8","Global",20,false,false,"ok"
"00388668","FUN_00388668","Global",12,false,false,"ok"
"00388738","FUN_00388738","Global",32,false,false,"ok"
"00388760","FUN_00388760","Global",20,false,false,"ok"
"003888a8","FUN_003888a8","Global",8,false,false,"ok"
"00388b60","FUN_00388b60","Global",12,false,false,"ok"
"00388e10","FUN_00388e10","Global",16,false,false,"ok"
"00389078","FUN_00389078","Global",40,false,false,"ok"
"00389420","FUN_00389420","Global",40,false,false,"ok"
"00389570","FUN_00389570","Global",16,false,false,"ok"
"00389630","FUN_00389630","Global",80,false,false,"ok"
"00389778","FUN_00389778","Global",8,false,false,"ok"
"00389878","FUN_00389878","Global",12,false,false,"ok"
"003898f8","FUN_003898f8","Global",16,false,false,"ok"
"00389978","FUN_00389978","Global",64,false,false,"ok"
"003899e8","FUN_003899e8","Global",4,false,false,"ok"
"00389a90","FUN_00389a90","Global",20,false,false,"ok"
"00389b70","FUN_00389b70","Global",16,false,false,"ok"
"00389c00","FUN_00389c00","Global",116,false,false,"ok"
"00389c88","FUN_00389c88","Global",12,false,false,"ok"
"00389d10","FUN_00389d10","Global",4,false,false,"ok"
"00389e70","FUN_00389e70","Global",16,false,false,"ok"
"00389f30","FUN_00389f30","Global",24,false,false,"ok"
"00389fd0","FUN_00389fd0","Global",48,false,false,"ok"
"0038a010","FUN_0038a010","Global",4,false,false,"ok"
"0038a0b0","FUN_0038a0b0","Global",24,false,false,"ok"
"0038a2a0","FUN_0038a2a0","Global",4,false,false,"ok"
"0038a368","FUN_0038a368","Global",16,false,false,"ok"
"0038a3d8","FUN_0038a3d8","Global",68,false,false,"ok"
"0038a468","FUN_0038a468","Global",36,false,false,"ok"
"0038a498","FUN_0038a498","Global",4,false,false,"ok"
"0038a6a8","FUN_0038a6a8","Global",8,false,false,"ok"
"0038a988","FUN_0038a988","Global",32,false,false,"ok"
"0038ad68","FUN_0038ad68","Global",40,false,false,"ok"
"0038b068","FUN_0038b068","Global",16,false,false,"ok"
"0038b1f8","FUN_0038b1f8","Global",12,false,false,"ok"
"0038b220","FUN_0038b220","Global",8,false,false,"ok"
"0038b278","FUN_0038b278","Global",12,false,false,"ok"
"0038b360","FUN_0038b360","Global",8,false,false,"ok"
"0038b3b8","FUN_0038b3b8","Global",24,false,false,"ok"
"0038b4a0","FUN_0038b4a0","Global",20,false,false,"ok"
"0038b598","FUN_0038b598","Global",8,false,false,"ok"
"0038b638","FUN_0038b638","Global",28,false,false,"ok"
"0038b720","FUN_0038b720","Global",12,false,false,"ok"
"0038b9c8","FUN_0038b9c8","Global",8,false,false,"ok"
"0038baf8","FUN_0038baf8","Global",8,false,false,"ok"
"0038bbb0","FUN_0038bbb0","Global",16,false,false,"ok"
"0038bc28","FUN_0038bc28","Global",4,false,false,"ok"
"0038bcf0","FUN_0038bcf0","Global",4,false,false,"ok"
"0038bdb8","FUN_0038bdb8","Global",4,false,false,"ok"
"0038bee8","FUN_0038bee8","Global",120,false,false,"ok"
"0038bf68","FUN_0038bf68","Global",100,false,false,"ok"
"0038bfd8","FUN_0038bfd8","Global",32,false,false,"ok"
"0038c0b8","FUN_0038c0b8","Global",8,false,false,"ok"
"0038c1a8","FUN_0038c1a8","Global",64,false,false,"ok"
"0038c1f8","FUN_0038c1f8","Global",12,false,false,"ok"
"0038c2a8","FUN_0038c2a8","Global",28,false,false,"ok"
"0038c3a8","FUN_0038c3a8","Global",52,false,false,"ok"
"0038c418","FUN_0038c418","Global",52,false,false,"ok"
"0038c458","FUN_0038c458","Global",8,false,false,"ok"
"0038c508","FUN_0038c508","Global",36,false,false,"ok"
"0038c538","FUN_0038c538","Global",60,false,false,"ok"
"0038c580","FUN_0038c580","Global",36,false,false,"ok"
"0038c5b0","FUN_0038c5b0","Global",60,false,false,"ok"
"0038c5f8","FUN_0038c5f8","Global",36,false,false,"ok"
"0038c628","FUN_0038c628","Global",60,false,false,"ok"
"0038c670","FUN_0038c670","Global",36,false,false,"ok"
"0038c6a0","FUN_0038c6a0","Global",4,false,false,"ok"
"0038c6e8","FUN_0038c6e8","Global",24,false,false,"ok"
"0038c708","FUN_0038c708","Global",20,false,false,"ok"
"0038c728","FUN_0038c728","Global",24,false,false,"ok"
"0038c758","FUN_0038c758","Global",20,false,false,"ok"
"0038c778","FUN_0038c778","Global",20,false,false,"ok"
"0038c798","FUN_0038c798","Global",24,false,false,"ok"
"0038c7c8","FUN_0038c7c8","Global",20,false,false,"ok"
"0038c7e8","FUN_0038c7e8","Global",4,false,false,"ok"
"0038c830","FUN_0038c830","Global",4,false,false,"ok"
"0038c888","FUN_0038c888","Global",32,false,false,"ok"
"0038c8b8","FUN_0038c8b8","Global",56,false,false,"ok"
"0038c8f8","FUN_0038c8f8","Global",44,false,false,"ok"
"0038c930","FUN_0038c930","Global",20,false,false,"ok"
"0038c9b8","FUN_0038c9b8","Global",28,false,false,"ok"
"0038cab0","FUN_0038cab0","Global",12,false,false,"ok"
"0038cd98","FUN_0038cd98","Global",8,false,false,"ok"
"0038d990","FUN_0038d990","Global",160,false,false,"ok"
"0038da40","FUN_0038da40","Global",44,false,false,"ok"
"0038da78","FUN_0038da78","Global",36,false,false,"ok"
"0038daa8","FUN_0038daa8","Global",36,false,false,"ok"
"0038dad8","FUN_0038dad8","Global",36,false,false,"ok"
"0038db58","FUN_0038db58","Global",4,false,false,"ok"
"0038dcc8","FUN_0038dcc8","Global",144,false,false,"ok"
"0038ddf0","FUN_0038ddf0","Global",16,false,false,"ok"
"0038de48","FUN_0038de48","Global",4,false,false,"ok"
"0038e290","FUN_0038e290","Global",32,false,false,"ok"
"0038e2b8","FUN_0038e2b8","Global",80,false,false,"ok"
"0038e4d0","FUN_0038e4d0","Global",88,false,false,"ok"
"0038e580","FUN_0038e580","Global",16,false,false,"ok"
"0038e5d8","FUN_0038e5d8","Global",108,false,false,"ok"
"0038e650","FUN_0038e650","Global",68,false,false,"ok"
"0038e6a0","FUN_0038e6a0","Global",396,false,false,"ok"
"0038ee68","FUN_0038ee68","Global",16,false,false,"ok"
"0038f4a8","FUN_0038f4a8","Global",24,false,false,"ok"
"0038fcf8","FUN_0038fcf8","Global",40,false,false,"ok"
"0038fd28","FUN_0038fd28","Global",8,false,false,"ok"
"0038fe48","FUN_0038fe48","Global",20,false,false,"ok"
"0038ff08","FUN_0038ff08","Global",8,false,false,"ok"
"003902c0","FUN_003902c0","Global",8,false,false,"ok"
"00390590","FUN_00390590","Global",4,false,false,"ok"
"00390950","FUN_00390950","Global",4,false,false,"ok"
"00390c28","FUN_00390c28","Global",248,false,false,"ok"
"00390d80","FUN_00390d80","Global",24,false,false,"ok"
"00390ee8","FUN_00390ee8","Global",8,false,false,"ok"
"00391068","FUN_00391068","Global",28,false,false,"ok"
"00391198","FUN_00391198","Global",24,false,false,"ok"
"00391548","FUN_00391548","Global",4,false,false,"ok"
"00391a68","FUN_00391a68","Global",8,false,false,"ok"
"00391f88","FUN_00391f88","Global",12,false,false,"ok"
"003922f8","FUN_003922f8","Global",8,false,false,"ok"
"003925e8","FUN_003925e8","Global",12,false,false,"ok"
"003926e0","FUN_003926e0","Global",16,false,false,"ok"
"00392d80","FUN_00392d80","Global",4,false,false,"ok"
"00393e38","FUN_00393e38","Global",60,false,false,"ok"
"00393e88","FUN_00393e88","Global",56,false,false,"ok"
"00393ed0","FUN_00393ed0","Global",8,false,false,"ok"
"00393f40","FUN_00393f40","Global",156,false,false,"ok"
"00394060","FUN_00394060","Global",4,false,false,"ok"
"003940b0","FUN_003940b0","Global",124,false,false,"ok"
"00394260","FUN_00394260","Global",8,false,false,"ok"
"00394328","FUN_00394328","Global",8,false,false,"ok"
"003944c0","FUN_003944c0","Global",452,false,false,"ok"
"00394900","FUN_00394900","Global",12,false,false,"ok"
"00394dc8","FUN_00394dc8","Global",16,false,false,"ok"
"00394e48","FUN_00394e48","Global",20,false,false,"ok"
"00394f10","FUN_00394f10","Global",48,false,false,"ok"
"00394f78","FUN_00394f78","Global",16,false,false,"ok"
"00395000","FUN_00395000","Global",32,false,false,"ok"
"00395468","FUN_00395468","Global",8,false,false,"ok"
"003956f8","FUN_003956f8","Global",16,false,false,"ok"
"00395828","FUN_00395828","Global",16,false,false,"ok"
"00395950","FUN_00395950","Global",8,false,false,"ok"
"00395bb0","FUN_00395bb0","Global",96,false,false,"ok"
"00395c28","FUN_00395c28","Global",312,false,false,"ok"
"00395fa8","FUN_00395fa8","Global",4,false,false,"ok"
"003969c8","FUN_003969c8","Global",56,false,false,"ok"
"00396a10","FUN_00396a10","Global",40,false,false,"ok"
"00396ce8","FUN_00396ce8","Global",8,false,false,"ok"
"00396d50","FUN_00396d50","Global",12,false,false,"ok"
"00396e08","FUN_00396e08","Global",8,false,false,"ok"
"00396f30","FUN_00396f30","Global",16,false,false,"ok"
"00396fb0","FUN_00396fb0","Global",16,false,false,"ok"
"00397030","FUN_00397030","Global",16,false,false,"ok"
"003970b0","FUN_003970b0","Global",20,false,false,"ok"
"003970d0","FUN_003970d0","Global",20,false,false,"ok"
"003970f0","FUN_003970f0","Global",20,false,false,"ok"
"00397120","FUN_00397120","Global",48,false,false,"ok"
"00397160","FUN_00397160","Global",52,false,false,"ok"
"003971e8","FUN_003971e8","Global",72,false,false,"ok"
"00397280","FUN_00397280","Global",52,false,false,"ok"
"00397308","FUN_00397308","Global",76,false,false,"ok"
"003973d8","FUN_003973d8","Global",40,false,false,"ok"
"00397440","FUN_00397440","Global",260,false,false,"ok"
"003979b8","FUN_003979b8","Global",60,false,false,"ok"
"00397ac0","FUN_00397ac0","Global",16,false,false,"ok"
"00397dd0","FUN_00397dd0","Global",24,false,false,"ok"
"003985d8","FUN_003985d8","Global",16,false,false,"ok"
"003987b8","FUN_003987b8","Global",8,false,false,"ok"
"00398878","FUN_00398878","Global",24,false,false,"ok"
"003988d8","FUN_003988d8","Global",4,false,false,"ok"
"00398a30","FUN_00398a30","Global",4,false,false,"ok"
"00398b18","FUN_00398b18","Global",12,false,false,"ok"
"00398db0","FUN_00398db0","Global",24,false,false,"ok"
"00399048","FUN_00399048","Global",20,false,false,"ok"
"00399518","FUN_00399518","Global",28,false,false,"ok"
"00399628","FUN_00399628","Global",12,false,false,"ok"
"00399a98","FUN_00399a98","Global",36,false,false,"ok"
"00399bc8","FUN_00399bc8","Global",12,false,false,"ok"
"00399d30","FUN_00399d30","Global",32,false,false,"ok"
"00399f98","FUN_00399f98","Global",8,false,false,"ok"
"0039a008","FUN_0039a008","Global",8,false,false,"ok"
"0039a078","FUN_0039a078","Global",4,false,false,"ok"
"0039a0e8","FUN_0039a0e8","Global",8,false,false,"ok"
"0039a170","FUN_0039a170","Global",8,false,false,"ok"
"0039a1d0","FUN_0039a1d0","Global",24,false,false,"ok"
"0039a3c0","FUN_0039a3c0","Global",16,false,false,"ok"
"0039a4b8","FUN_0039a4b8","Global",48,false,false,"ok"
"0039a698","FUN_0039a698","Global",16,false,false,"ok"
"0039a758","FUN_0039a758","Global",16,false,false,"ok"
"0039a970","FUN_0039a970","Global",8,false,false,"ok"
"0039a9e0","FUN_0039a9e0","Global",156,false,false,"ok"
"0039aa90","FUN_0039aa90","Global",32,false,false,"ok"
"0039aab8","FUN_0039aab8","Global",8,false,false,"ok"
"0039ab20","FUN_0039ab20","Global",12,false,false,"ok"
"0039abd8","FUN_0039abd8","Global",20,false,false,"ok"
"0039aca0","FUN_0039aca0","Global",40,false,false,"ok"
"0039acd0","FUN_0039acd0","Global",12,false,false,"ok"
"0039ada0","FUN_0039ada0","Global",40,false,false,"ok"
"0039add0","FUN_0039add0","Global",12,false,false,"ok"
"0039b050","FUN_0039b050","Global",36,false,false,"ok"
"0039b230","FUN_0039b230","Global",52,false,false,"ok"
"0039b288","FUN_0039b288","Global",52,false,false,"ok"
"0039b2e0","FUN_0039b2e0","Global",20,false,false,"ok"
"0039b300","FUN_0039b300","Global",24,false,false,"ok"
"0039b320","FUN_0039b320","Global",12,false,false,"ok"
"0039b350","FUN_0039b350","Global",4,false,false,"ok"
"0039b360","FUN_0039b360","Global",24,false,false,"ok"
"0039b380","FUN_0039b380","Global",24,false,false,"ok"
"0039b3a0","FUN_0039b3a0","Global",1,false,false,"ok"
"0039b3b0","thunk_FUN_0039b320","Global",8,false,true,"ok"
"0039b3c0","thunk_FUN_0039b300","Global",8,false,true,"ok"
"0039b3d0","FUN_0039b3d0","Global",300,false,false,"ok"
"0039b560","FUN_0039b560","Global",36,false,false,"ok"
"0039b590","FUN_0039b590","Global",408,false,false,"ok"
"0039b740","FUN_0039b740","Global",8,false,false,"ok"
"0039b750","FUN_0039b750","Global",144,false,false,"ok"
"0039b800","FUN_0039b800","Global",16,false,false,"ok"
"0039b970","FUN_0039b970","Global",16,false,false,"ok"
"0039bb20","FUN_0039bb20","Global",8,false,false,"ok"
"0039bc50","FUN_0039bc50","Global",1,false,false,"ok"
"0039bc60","FUN_0039bc60","Global",56,false,false,"ok"
"0039ca60","FUN_0039ca60","Global",16,false,false,"ok"
"0039cb40","FUN_0039cb40","Global",16,false,false,"ok"
"0039cc10","FUN_0039cc10","Global",28,false,false,"ok"
"0039cd98","FUN_0039cd98","Global",24,false,false,"ok"
"0039cfd0","FUN_0039cfd0","Global",8,false,false,"ok"
"0039d328","FUN_0039d328","Global",12,false,false,"ok"
"0039d528","FUN_0039d528","Global",24,false,false,"ok"
"0039d9a8","FUN_0039d9a8","Global",8,false,false,"ok"
"0039df30","FUN_0039df30","Global",20,false,false,"ok"
"0039e228","FUN_0039e228","Global",8,false,false,"ok"
"0039e2d8","FUN_0039e2d8","Global",16,false,false,"ok"
"0039e400","FUN_0039e400","Global",20,false,false,"ok"
"0039e590","FUN_0039e590","Global",8,false,false,"ok"
"0039e5a0","FUN_0039e5a0","Global",1,false,false,"ok"
"0039e5a8","FUN_0039e5a8","Global",24,false,false,"ok"
"0039e600","FUN_0039e600","Global",36,false,false,"ok"
"0039e6c8","FUN_0039e6c8","Global",16,false,false,"ok"
"0039e768","FUN_0039e768","Global",8,false,false,"ok"
"0039e898","FUN_0039e898","Global",52,false,false,"ok"
"0039e968","FUN_0039e968","Global",40,false,false,"ok"
"0039e9c0","FUN_0039e9c0","Global",8,false,false,"ok"
"0039eaa8","FUN_0039eaa8","Global",8,false,false,"ok"
"0039ebf0","FUN_0039ebf0","Global",28,false,false,"ok"
"0039ec20","FUN_0039ec20","Global",44,false,false,"ok"
"0039ee00","FUN_0039ee00","Global",16,false,false,"ok"
"0039f0e0","FUN_0039f0e0","Global",144,false,false,"ok"
"0039f180","FUN_0039f180","Global",528,false,false,"ok"
"0039f3b0","FUN_0039f3b0","Global",176,false,false,"ok"
"0039f470","FUN_0039f470","Global",12,false,false,"ok"
"0039f5c0","FUN_0039f5c0","Global",72,false,false,"ok"
"0039f860","FUN_0039f860","Global",16,false,false,"ok"
"0039fc70","FUN_0039fc70","Global",16,false,false,"ok"
"0039fec0","FUN_0039fec0","Global",12,false,false,"ok"
"003a0080","FUN_003a0080","Global",300,false,false,"ok"
"003a02a0","FUN_003a02a0","Global",8,false,false,"ok"
"003a0360","FUN_003a0360","Global",52,false,false,"ok"
"003a03a0","FUN_003a03a0","Global",104,false,false,"ok"
"003a0430","FUN_003a0430","Global",8,false,false,"ok"
"003a0540","FUN_003a0540","Global",40,false,false,"ok"
"003a0570","FUN_003a0570","Global",180,false,false,"ok"
"003a0630","FUN_003a0630","Global",528,false,false,"ok"
"003a0850","FUN_003a0850","Global",72,false,false,"ok"
"003a08b0","FUN_003a08b0","Global",16,false,false,"ok"
"003a0a10","FUN_003a0a10","Global",260,false,false,"ok"
"003a0b30","FUN_003a0b30","Global",456,false,false,"ok"
"003a0d10","FUN_003a0d10","Global",356,false,false,"ok"
"003a0e90","FUN_003a0e90","Global",164,false,false,"ok"
"003a0f50","FUN_003a0f50","Global",8,false,false,"ok"
"003a0fe0","FUN_003a0fe0","Global",28,false,false,"ok"
"003a1010","FUN_003a1010","Global",28,false,false,"ok"
"003a1070","FUN_003a1070","Global",28,false,false,"ok"
"003a10d0","FUN_003a10d0","Global",12,false,false,"ok"
"003a1460","FUN_003a1460","Global",28,false,false,"ok"
"003a1490","FUN_003a1490","Global",8,false,false,"ok"
"003a17f0","FUN_003a17f0","Global",336,false,false,"ok"
"003a1970","FUN_003a1970","Global",92,false,false,"ok"
"003a19e0","FUN_003a19e0","Global",16,false,false,"ok"
"003a1c10","FUN_003a1c10","Global",20,false,false,"ok"
"003a1c70","FUN_003a1c70","Global",28,false,false,"ok"
"003a1e90","FUN_003a1e90","Global",8,false,false,"ok"
"003a1ff0","FUN_003a1ff0","Global",20,false,false,"ok"
"003a2270","FUN_003a2270","Global",8,false,false,"ok"
"003a2450","FUN_003a2450","Global",116,false,false,"ok"
"003a24e0","FUN_003a24e0","Global",8,false,false,"ok"
"003a26c0","FUN_003a26c0","Global",124,false,false,"ok"
"003a27f0","FUN_003a27f0","Global",260,false,false,"ok"
"003a29b0","FUN_003a29b0","Global",8,false,false,"ok"
"003a2b90","FUN_003a2b90","Global",320,false,false,"ok"
"003a2cf0","FUN_003a2cf0","Global",228,false,false,"ok"
"003a2df0","FUN_003a2df0","Global",312,false,false,"ok"
"003a2f40","FUN_003a2f40","Global",324,false,false,"ok"
"003a30a0","FUN_003a30a0","Global",12,false,false,"ok"
"003a3260","FUN_003a3260","Global",216,false,false,"ok"
"003a34c0","FUN_003a34c0","Global",24,false,false,"ok"
"003a3c10","FUN_003a3c10","Global",52,false,false,"ok"
"003a3df0","FUN_003a3df0","Global",80,false,false,"ok"
"003a3e50","FUN_003a3e50","Global",24,false,false,"ok"
"003a4030","FUN_003a4030","Global",12,false,false,"ok"
"003a42b0","FUN_003a42b0","Global",8,false,false,"ok"
"003a4420","FUN_003a4420","Global",8,false,false,"ok"
"003a4570","FUN_003a4570","Global",8,false,false,"ok"
"003a46c0","FUN_003a46c0","Global",8,false,false,"ok"
"003a4810","FUN_003a4810","Global",8,false,false,"ok"
"003a4960","FUN_003a4960","Global",8,false,false,"ok"
"003a4ac0","FUN_003a4ac0","Global",8,false,false,"ok"
"003a4c10","FUN_003a4c10","Global",8,false,false,"ok"
"003a4d60","FUN_003a4d60","Global",8,false,false,"ok"
"003a4eb0","FUN_003a4eb0","Global",8,false,false,"ok"
"003a5000","FUN_003a5000","Global",244,false,false,"ok"
"003a5100","FUN_003a5100","Global",16,false,false,"ok"
"003a5520","FUN_003a5520","Global",564,false,false,"ok"
"003a5760","FUN_003a5760","Global",12,false,false,"ok"
"003a5cb0","FUN_003a5cb0","Global",12,false,false,"ok"
"003a6170","FUN_003a6170","Global",88,false,false,"ok"
"003a61e0","FUN_003a61e0","Global",1,false,false,"ok"
"003a61f0","FUN_003a61f0","Global",88,false,false,"ok"
"003a6260","FUN_003a6260","Global",1,false,false,"ok"
"003a6270","FUN_003a6270","Global",20,false,false,"ok"
"003a7f20","FUN_003a7f20","Global",12,false,false,"ok"
"003a95f0","FUN_003a95f0","Global",380,false,false,"ok"
"003a9780","FUN_003a9780","Global",648,false,false,"ok"
"003a9a20","FUN_003a9a20","Global",56,false,false,"ok"
"003a9a60","FUN_003a9a60","Global",492,false,false,"ok"
"003a9c60","FUN_003a9c60","Global",12,false,false,"ok"
"003aa030","FUN_003aa030","Global",24,false,false,"ok"
"003aa5b0","FUN_003aa5b0","Global",8,false,false,"ok"
"003aae20","FUN_003aae20","Global",4,false,false,"ok"
"003aae30","FUN_003aae30","Global",44,false,false,"ok"
"003aae70","FUN_003aae70","Global",44,false,false,"ok"
"003aaeb0","FUN_003aaeb0","Global",64,false,false,"ok"
"003aaf00","FUN_003aaf00","Global",76,false,false,"ok"
"003aaf60","FUN_003aaf60","Global",76,false,false,"ok"
"003aafc0","FUN_003aafc0","Global",76,false,false,"ok"
"003ab020","FUN_003ab020","Global",32,false,false,"ok"
"003ab630","FUN_003ab630","Global",72,false,false,"ok"
"003ab790","FUN_003ab790","Global",32,false,false,"ok"
"003ac6d0","FUN_003ac6d0","Global",16,false,false,"ok"
"003ae770","FUN_003ae770","Global",100,false,false,"ok"
"003ae7e0","FUN_003ae7e0","Global",512,false,false,"ok"
"003aee30","FUN_003aee30","Global",72,false,false,"ok"
"003aee80","FUN_003aee80","Global",104,false,false,"ok"
"003aeef0","FUN_003aeef0","Global",100,false,false,"ok"
"003aef80","FUN_003aef80","Global",4,false,false,"ok"
"003aef90","FUN_003aef90","Global",4,false,false,"ok"
"003af2a0","FUN_003af2a0","Global",8,false,false,"ok"
"003af360","FUN_003af360","Global",16,false,false,"ok"
"003b08c0","FUN_003b08c0","Global",124,false,false,"ok"
"003b0950","FUN_003b0950","Global",20,false,false,"ok"
"003b0bb0","FUN_003b0bb0","Global",24,false,false,"ok"
"003b0d00","FUN_003b0d00","Global",144,false,false,"ok"
"003b0db0","FUN_003b0db0","Global",8,false,false,"ok"
"003b15d0","FUN_003b15d0","Global",8,false,false,"ok"
"003b1c40","FUN_003b1c40","Global",16,false,false,"ok"
"003b3a90","FUN_003b3a90","Global",20,false,false,"ok"
"003b4560","FUN_003b4560","Global",192,false,false,"ok"
"003b46c0","FUN_003b46c0","Global",24,false,false,"ok"
"003b6440","FUN_003b6440","Global",16,false,false,"ok"
"003b68c0","FUN_003b68c0","Global",20,false,false,"ok"
"003b68f0","FUN_003b68f0","Global",68,false,false,"ok"
"003b6950","FUN_003b6950","Global",8,false,false,"ok"
"003b6ed0","FUN_003b6ed0","Global",448,false,false,"ok"
"003b7dd0","FUN_003b7dd0","Global",8,false,false,"ok"
"003b7e30","FUN_003b7e30","Global",8,false,false,"ok"
"003b7ed0","FUN_003b7ed0","Global",8,false,false,"ok"
"003b85f0","FUN_003b85f0","Global",16,false,false,"ok"
"003b8850","FUN_003b8850","Global",308,false,false,"ok"
"003b89b0","FUN_003b89b0","Global",12,false,false,"ok"
"003b8aa0","FUN_003b8aa0","Global",8,false,false,"ok"
"003bb4e0","FUN_003bb4e0","Global",80,false,false,"ok"
"003bb540","FUN_003bb540","Global",80,false,false,"ok"
"003bb5a0","FUN_003bb5a0","Global",8,false,false,"ok"
"003bda60","FUN_003bda60","Global",112,false,false,"ok"
"003bdb20","FUN_003bdb20","Global",56,false,false,"ok"
"003bdbb0","FUN_003bdbb0","Global",96,false,false,"ok"
"003bdc20","FUN_003bdc20","Global",96,false,false,"ok"
"003bdcc0","FUN_003bdcc0","Global",96,false,false,"ok"
"003bdd30","FUN_003bdd30","Global",76,false,false,"ok"
"003bddc0","FUN_003bddc0","Global",96,false,false,"ok"
"003bde30","FUN_003bde30","Global",76,false,false,"ok"
"003bdeb0","FUN_003bdeb0","Global",96,false,false,"ok"
"003bdf20","FUN_003bdf20","Global",96,false,false,"ok"
"003bdfb0","FUN_003bdfb0","Global",96,false,false,"ok"
"003be020","FUN_003be020","Global",76,false,false,"ok"
"003be0a0","FUN_003be0a0","Global",80,false,false,"ok"
"003be100","FUN_003be100","Global",8,false,false,"ok"
"003be1a0","FUN_003be1a0","Global",88,false,false,"ok"
"003be260","FUN_003be260","Global",80,false,false,"ok"
"003be2c0","FUN_003be2c0","Global",56,false,false,"ok"
"003be3e0","FUN_003be3e0","Global",8,false,false,"ok"
"003be590","FUN_003be590","Global",152,false,false,"ok"
"003be650","FUN_003be650","Global",116,false,false,"ok"
"003be6d0","FUN_003be6d0","Global",8,false,false,"ok"
"003bea10","FUN_003bea10","Global",264,false,false,"ok"
"003bebf0","FUN_003bebf0","Global",24,false,false,"ok"
"003bf560","FUN_003bf560","Global",12,false,false,"ok"
"003bf880","FUN_003bf880","Global",80,false,false,"ok"
"003bf8e0","FUN_003bf8e0","Global",140,false,false,"ok"
"003bf978","FUN_003bf978","Global",20,false,false,"ok"
"003bfd08","FUN_003bfd08","Global",8,false,false,"ok"
"003bfed8","FUN_003bfed8","Global",28,false,false,"ok"
"003c0448","FUN_003c0448","Global",16,false,false,"ok"
"003c0638","FUN_003c0638","Global",8,false,false,"ok"
"003c0908","FUN_003c0908","Global",36,false,false,"ok"
"003c0940","FUN_003c0940","Global",300,false,false,"ok"
"003c0b78","FUN_003c0b78","Global",116,false,false,"ok"
"003c0c88","FUN_003c0c88","Global",16,false,false,"ok"
"003c0e48","FUN_003c0e48","Global",32,false,false,"ok"
"003c0e70","FUN_003c0e70","Global",16,false,false,"ok"
"003c0ef0","FUN_003c0ef0","Global",20,false,false,"ok"
"003c0f58","FUN_003c0f58","Global",8,false,false,"ok"
"003c1030","FUN_003c1030","Global",32,false,false,"ok"
"003c10a0","FUN_003c10a0","Global",8,false,false,"ok"
"003c1148","FUN_003c1148","Global",28,false,false,"ok"
"003c1170","FUN_003c1170","Global",8,false,false,"ok"
"003c12e8","FUN_003c12e8","Global",40,false,false,"ok"
"003c1320","FUN_003c1320","Global",20,false,false,"ok"
"003c1368","FUN_003c1368","Global",16,false,false,"ok"
"003c1418","FUN_003c1418","Global",16,false,false,"ok"
"003c14b8","FUN_003c14b8","Global",24,false,false,"ok"
"003c1588","FUN_003c1588","Global",32,false,false,"ok"
"003c1650","FUN_003c1650","Global",52,false,false,"ok"
"003c16a8","FUN_003c16a8","Global",44,false,false,"ok"
"003c16e8","FUN_003c16e8","Global",4,false,false,"ok"
"003c17c8","FUN_003c17c8","Global",64,false,false,"ok"
"003c1818","FUN_003c1818","Global",44,false,false,"ok"
"003c1850","FUN_003c1850","Global",8,false,false,"ok"
"003c18a0","FUN_003c18a0","Global",56,false,false,"ok"
"003c18e8","FUN_003c18e8","Global",24,false,false,"ok"
"003c1918","FUN_003c1918","Global",24,false,false,"ok"
"003c1948","FUN_003c1948","Global",24,false,false,"ok"
"003c1978","FUN_003c1978","Global",140,false,false,"ok"
"003c1b80","FUN_003c1b80","Global",20,false,false,"ok"
"003c1cd8","FUN_003c1cd8","Global",8,false,false,"ok"
"003c1d40","FUN_003c1d40","Global",8,false,false,"ok"
"003c1dd8","FUN_003c1dd8","Global",144,false,false,"ok"
"003c1ec0","FUN_003c1ec0","Global",8,false,false,"ok"
"003c20f0","FUN_003c20f0","Global",12,false,false,"ok"
"003c21b8","FUN_003c21b8","Global",8,false,false,"ok"
"003c2e68","FUN_003c2e68","Global",16,false,false,"ok"
"003c3690","FUN_003c3690","Global",4,false,false,"ok"
"003c3800","FUN_003c3800","Global",80,false,false,"ok"
"003c38c0","FUN_003c38c0","Global",8,false,false,"ok"
"003c3fd0","FUN_003c3fd0","Global",8,false,false,"ok"
"003c41f0","FUN_003c41f0","Global",20,false,false,"ok"
"003c42e0","FUN_003c42e0","Global",16,false,false,"ok"
"003c4420","FUN_003c4420","Global",16,false,false,"ok"
"003c4690","FUN_003c4690","Global",28,false,false,"ok"
"003c4810","FUN_003c4810","Global",28,false,false,"ok"
"003c4a50","FUN_003c4a50","Global",24,false,false,"ok"
"003c4c40","FUN_003c4c40","Global",16,false,false,"ok"
"003c4e20","FUN_003c4e20","Global",12,false,false,"ok"
"003c4e30","FUN_003c4e30","Global",20,false,false,"ok"
"003c4e50","FUN_003c4e50","Global",76,false,false,"ok"
"003c4fd0","FUN_003c4fd0","Global",64,false,false,"ok"
"003c5020","FUN_003c5020","Global",64,false,false,"ok"
"003c5070","FUN_003c5070","Global",64,false,false,"ok"
"003c50c0","FUN_003c50c0","Global",64,false,false,"ok"
"003c5110","FUN_003c5110","Global",44,false,false,"ok"
"003c5160","FUN_003c5160","Global",60,false,false,"ok"
"003c51b0","FUN_003c51b0","Global",8,false,false,"ok"
"003c52d0","FUN_003c52d0","Global",28,false,false,"ok"
"003c53e0","FUN_003c53e0","Global",16,false,false,"ok"
"003c55a0","FUN_003c55a0","Global",12,false,false,"ok"
"003c5810","FUN_003c5810","Global",200,false,false,"ok"
"003c5910","FUN_003c5910","Global",168,false,false,"ok"
"003c59f0","FUN_003c59f0","Global",180,false,false,"ok"
"003c5ad0","FUN_003c5ad0","Global",544,false,false,"ok"
"003c5d00","FUN_003c5d00","Global",100,false,false,"ok"
"003c5eb0","FUN_003c5eb0","Global",648,false,false,"ok"
"003c6490","FUN_003c6490","Global",8,false,false,"ok"
"003c66b0","FUN_003c66b0","Global",20,false,false,"ok"
"003c6880","FUN_003c6880","Global",16,false,false,"ok"
"003c6a10","FUN_003c6a10","Global",24,false,false,"ok"
"003c6b20","FUN_003c6b20","Global",8,false,false,"ok"
"003c6da0","FUN_003c6da0","Global",112,false,false,"ok"
"003c6ec0","FUN_003c6ec0","Global",100,false,false,"ok"
"003c6f90","FUN_003c6f90","Global",228,false,false,"ok"
"003c7080","FUN_003c7080","Global",140,false,false,"ok"
"003c7120","FUN_003c7120","Global",168,false,false,"ok"
"003c72c0","FUN_003c72c0","Global",12,false,false,"ok"
"003c73e0","FUN_003c73e0","Global",16,false,false,"ok"
"003c74e0","FUN_003c74e0","Global",24,false,false,"ok"
"003c7610","FUN_003c7610","Global",8,false,false,"ok"
"003c7670","FUN_003c7670","Global",32,false,false,"ok"
"003c7860","FUN_003c7860","Global",16,false,false,"ok"
"003c7920","FUN_003c7920","Global",16,false,false,"ok"
"003c7ba0","FUN_003c7ba0","Global",12,false,false,"ok"
"003c7df0","FUN_003c7df0","Global",16,false,false,"ok"
"003c84a0","FUN_003c84a0","Global",100,false,false,"ok"
"003c8510","FUN_003c8510","Global",156,false,false,"ok"
"003c85c0","FUN_003c85c0","Global",16,false,false,"ok"
"003c8c80","FUN_003c8c80","Global",24,false,false,"ok"
"003c8cb0","FUN_003c8cb0","Global",92,false,false,"ok"
"003c8d20","FUN_003c8d20","Global",56,false,false,"ok"
"003c8d70","FUN_003c8d70","Global",424,false,false,"ok"
"003c8f30","FUN_003c8f30","Global",52,false,false,"ok"
"003c8f80","thunk_FUN_00507c10","Global",8,false,true,"ok"
"003c8f90","thunk_FUN_00507d80","Global",8,false,true,"ok"
"003c8fa0","FUN_003c8fa0","Global",112,false,false,"ok"
"003c9020","FUN_003c9020","Global",80,false,false,"ok"
"003c9080","FUN_003c9080","Global",32,false,false,"ok"
"003c9480","FUN_003c9480","Global",76,false,false,"ok"
"003c94e0","FUN_003c94e0","Global",44,false,false,"ok"
"003c9620","FUN_003c9620","Global",60,false,false,"ok"
"003c96d0","FUN_003c96d0","Global",56,false,false,"ok"
"003c9760","FUN_003c9760","Global",72,false,false,"ok"
"003c9de0","FUN_003c9de0","Global",40,false,false,"ok"
"003c9f40","FUN_003c9f40","Global",20,false,false,"ok"
"003ca310","FUN_003ca310","Global",24,false,false,"ok"
"003ca670","FUN_003ca670","Global",80,false,false,"ok"
"003ca740","FUN_003ca740","Global",16,false,false,"ok"
"003ca840","FUN_003ca840","Global",8,false,false,"ok"
"003cc260","FUN_003cc260","Global",16,false,false,"ok"
"003ccd20","FUN_003ccd20","Global",20,false,false,"ok"
"003cd2d0","FUN_003cd2d0","Global",92,false,false,"ok"
"003cd360","FUN_003cd360","Global",60,false,false,"ok"
"003cd3c0","FUN_003cd3c0","Global",28,false,false,"ok"
"003cd640","FUN_003cd640","Global",28,false,false,"ok"
"003cd930","FUN_003cd930","Global",12,false,false,"ok"
"003cdc40","FUN_003cdc40","Global",20,false,false,"ok"
"003ce8a0","FUN_003ce8a0","Global",80,false,false,"ok"
"003ce900","FUN_003ce900","Global",52,false,false,"ok"
"003ce950","FUN_003ce950","Global",988,false,false,"ok"
"003cf0c0","FUN_003cf0c0","Global",36,false,false,"ok"
"003cf220","FUN_003cf220","Global",28,false,false,"ok"
"003cf320","FUN_003cf320","Global",40,false,false,"ok"
"003cf480","FUN_003cf480","Global",88,false,false,"ok"
"003cf610","FUN_003cf610","Global",88,false,false,"ok"
"003cf710","FUN_003cf710","Global",88,false,false,"ok"
"003cf7e0","FUN_003cf7e0","Global",88,false,false,"ok"
"003cf8c0","FUN_003cf8c0","Global",88,false,false,"ok"
"003cf990","FUN_003cf990","Global",88,false,false,"ok"
"003cfa60","FUN_003cfa60","Global",88,false,false,"ok"
"003cfb40","FUN_003cfb40","Global",84,false,false,"ok"
"003cfc20","FUN_003cfc20","Global",88,false,false,"ok"
"003cfcf0","FUN_003cfcf0","Global",88,false,false,"ok"
"003cffa0","FUN_003cffa0","Global",88,false,false,"ok"
"003d00d0","FUN_003d00d0","Global",88,false,false,"ok"
"003d01f0","FUN_003d01f0","Global",84,false,false,"ok"
"003d03d0","FUN_003d03d0","Global",88,false,false,"ok"
"003d0660","FUN_003d0660","Global",88,false,false,"ok"
"003d0a90","FUN_003d0a90","Global",88,false,false,"ok"
"003d0bf0","FUN_003d0bf0","Global",88,false,false,"ok"
"003d0e10","FUN_003d0e10","Global",84,false,false,"ok"
"003d0f10","FUN_003d0f10","Global",68,false,false,"ok"
"003d0f90","FUN_003d0f90","Global",68,false,false,"ok"
"003d1010","FUN_003d1010","Global",84,false,false,"ok"
"003d1140","FUN_003d1140","Global",84,false,false,"ok"
"003d1280","FUN_003d1280","Global",84,false,false,"ok"
"003d1380","FUN_003d1380","Global",68,false,false,"ok"
"003d1400","FUN_003d1400","Global",88,false,false,"ok"
"003d1520","FUN_003d1520","Global",88,false,false,"ok"
"003d1650","FUN_003d1650","Global",88,false,false,"ok"
"003d1780","FUN_003d1780","Global",88,false,false,"ok"
"003d1880","FUN_003d1880","Global",88,false,false,"ok"
"003d1b60","FUN_003d1b60","Global",68,false,false,"ok"
"003d1bd0","FUN_003d1bd0","Global",88,false,false,"ok"
"003d1e20","FUN_003d1e20","Global",88,false,false,"ok"
"003d1f50","FUN_003d1f50","Global",104,false,false,"ok"
"003d1fd0","FUN_003d1fd0","Global",104,false,false,"ok"
"003d2050","FUN_003d2050","Global",104,false,false,"ok"
"003d20d0","FUN_003d20d0","Global",104,false,false,"ok"
"003d2150","FUN_003d2150","Global",104,false,false,"ok"
"003d21d0","FUN_003d21d0","Global",104,false,false,"ok"
"003d2250","FUN_003d2250","Global",104,false,false,"ok"
"003d22d0","FUN_003d22d0","Global",104,false,false,"ok"
"003d2350","FUN_003d2350","Global",104,false,false,"ok"
"003d23d0","FUN_003d23d0","Global",104,false,false,"ok"
"003d2450","FUN_003d2450","Global",104,false,false,"ok"
"003d24d0","FUN_003d24d0","Global",104,false,false,"ok"
"003d2550","FUN_003d2550","Global",104,false,false,"ok"
"003d25d0","FUN_003d25d0","Global",104,false,false,"ok"
"003d2650","FUN_003d2650","Global",104,false,false,"ok"
"003d26d0","FUN_003d26d0","Global",104,false,false,"ok"
"003d2750","FUN_003d2750","Global",104,false,false,"ok"
"003d27d0","FUN_003d27d0","Global",104,false,false,"ok"
"003d2850","FUN_003d2850","Global",104,false,false,"ok"
"003d28d0","FUN_003d28d0","Global",104,false,false,"ok"
"003d2950","FUN_003d2950","Global",104,false,false,"ok"
"003d29d0","FUN_003d29d0","Global",104,false,false,"ok"
"003d2a50","FUN_003d2a50","Global",104,false,false,"ok"
"003d2ad0","FUN_003d2ad0","Global",104,false,false,"ok"
"003d2b50","FUN_003d2b50","Global",104,false,false,"ok"
"003d2bd0","FUN_003d2bd0","Global",104,false,false,"ok"
"003d2c50","FUN_003d2c50","Global",104,false,false,"ok"
"003d2cd0","FUN_003d2cd0","Global",104,false,false,"ok"
"003d2d50","FUN_003d2d50","Global",104,false,false,"ok"
"003d2dd0","FUN_003d2dd0","Global",104,false,false,"ok"
"003d2e50","FUN_003d2e50","Global",104,false,false,"ok"
"003d2ed0","FUN_003d2ed0","Global",104,false,false,"ok"
"003d2f50","FUN_003d2f50","Global",60,false,false,"ok"
"003d2fa0","FUN_003d2fa0","Global",36,false,false,"ok"
"003d2fd0","FUN_003d2fd0","Global",80,false,false,"ok"
"003d3560","FUN_003d3560","Global",36,false,false,"ok"
"003d3590","FUN_003d3590","Global",80,false,false,"ok"
"003d3850","FUN_003d3850","Global",36,false,false,"ok"
"003d3880","FUN_003d3880","Global",80,false,false,"ok"
"003d3b40","FUN_003d3b40","Global",36,false,false,"ok"
"003d3b70","FUN_003d3b70","Global",80,false,false,"ok"
"003d3e30","FUN_003d3e30","Global",8,false,false,"ok"
"003d3e40","FUN_003d3e40","Global",52,false,false,"ok"
"003d3e90","FUN_003d3e90","Global",12,false,false,"ok"
"003d3eb0","FUN_003d3eb0","Global",52,false,false,"ok"
"003d3f00","FUN_003d3f00","Global",44,false,false,"ok"
"003d3f40","FUN_003d3f40","Global",60,false,false,"ok"
"003d3ff0","FUN_003d3ff0","Global",12,false,false,"ok"
"003d4010","FUN_003d4010","Global",1,false,false,"ok"
"003d40a0","FUN_003d40a0","Global",8,false,false,"ok"
"003d4140","FUN_003d4140","Global",80,false,false,"ok"
"003d41a0","FUN_003d41a0","Global",20,false,false,"ok"
"003d41e0","FUN_003d41e0","Global",12,false,false,"ok"
"003d43a0","FUN_003d43a0","Global",20,false,false,"ok"
"003d4460","FUN_003d4460","Global",32,false,false,"ok"
"003d4550","FUN_003d4550","Global",12,false,false,"ok"
"003d45b0","FUN_003d45b0","Global",12,false,false,"ok"
"003d4610","FUN_003d4610","Global",16,false,false,"ok"
"003d47e0","FUN_003d47e0","Global",12,false,false,"ok"
"003d4a10","FUN_003d4a10","Global",28,false,false,"ok"
"003d4b10","FUN_003d4b10","Global",68,false,false,"ok"
"003d4b70","FUN_003d4b70","Global",32,false,false,"ok"
"003d4c00","FUN_003d4c00","Global",8,false,false,"ok"
"003d4c60","FUN_003d4c60","Global",4,false,false,"ok"
"003d4c70","FUN_003d4c70","Global",8,false,false,"ok"
"003d4d10","FUN_003d4d10","Global",36,false,false,"ok"
"003d4d60","FUN_003d4d60","Global",176,false,false,"ok"
"003d5010","FUN_003d5010","Global",68,false,false,"ok"
"003d5180","FUN_003d5180","Global",20,false,false,"ok"
"003d5260","FUN_003d5260","Global",28,false,false,"ok"
"003d5310","FUN_003d5310","Global",12,false,false,"ok"
"003d53c0","FUN_003d53c0","Global",8,false,false,"ok"
"003d5460","FUN_003d5460","Global",20,false,false,"ok"
"003d54d0","FUN_003d54d0","Global",168,false,false,"ok"
"003d5590","FUN_003d5590","Global",16,false,false,"ok"
"003d56b0","FUN_003d56b0","Global",12,false,false,"ok"
"003d5740","FUN_003d5740","Global",16,false,false,"ok"
"003d5880","FUN_003d5880","Global",12,false,false,"ok"
"003d5920","FUN_003d5920","Global",76,false,false,"ok"
"003d5980","FUN_003d5980","Global",12,false,false,"ok"
"003d5ab0","FUN_003d5ab0","Global",160,false,false,"ok"
"003d5b60","FUN_003d5b60","Global",20,false,false,"ok"
"003d5b80","FUN_003d5b80","Global",28,false,false,"ok"
"003d5bd0","FUN_003d5bd0","Global",24,false,false,"ok"
"003d5e10","FUN_003d5e10","Global",8,false,false,"ok"
"003d5eb0","FUN_003d5eb0","Global",20,false,false,"ok"
"003d66b0","FUN_003d66b0","Global",192,false,false,"ok"
"003d6780","FUN_003d6780","Global",168,false,false,"ok"
"003d6840","FUN_003d6840","Global",1,false,false,"ok"
"003d6850","FUN_003d6850","Global",24,false,false,"ok"
"003d6870","FUN_003d6870","Global",256,false,false,"ok"
"003d6990","FUN_003d6990","Global",24,false,false,"ok"
"003d69b0","FUN_003d69b0","Global",20,false,false,"ok"
"003d6d40","FUN_003d6d40","Global",352,false,false,"ok"
"003d6f80","FUN_003d6f80","Global",8,false,false,"ok"
"003d7080","FUN_003d7080","Global",84,false,false,"ok"
"003d70f0","FUN_003d70f0","Global",12,false,false,"ok"
"003d7290","FUN_003d7290","Global",20,false,false,"ok"
"003d73c0","FUN_003d73c0","Global",28,false,false,"ok"
"003d73f0","FUN_003d73f0","Global",112,false,false,"ok"
"003d7470","FUN_003d7470","Global",8,false,false,"ok"
"003d7640","FUN_003d7640","Global",160,false,false,"ok"
"003d7700","FUN_003d7700","Global",208,false,false,"ok"
"003d7920","FUN_003d7920","Global",36,false,false,"ok"
"003d7950","FUN_003d7950","Global",44,false,false,"ok"
"003d7990","FUN_003d7990","Global",28,false,false,"ok"
"003d79c0","FUN_003d79c0","Global",28,false,false,"ok"
"003d79f0","FUN_003d79f0","Global",28,false,false,"ok"
"003d7a20","FUN_003d7a20","Global",32,false,false,"ok"
"003d7a50","FUN_003d7a50","Global",36,false,false,"ok"
"003d7a80","FUN_003d7a80","Global",192,false,false,"ok"
"003d7b50","FUN_003d7b50","Global",96,false,false,"ok"
"003d7bc0","FUN_003d7bc0","Global",12,false,false,"ok"
"003d80b0","FUN_003d80b0","Global",12,false,false,"ok"
"003d8900","FUN_003d8900","Global",8,false,false,"ok"
"003d8a80","FUN_003d8a80","Global",416,false,false,"ok"
"003d8cc0","FUN_003d8cc0","Global",132,false,false,"ok"
"003d8da0","FUN_003d8da0","Global",68,false,false,"ok"
"003d8e00","FUN_003d8e00","Global",144,false,false,"ok"
"003d8ea0","FUN_003d8ea0","Global",80,false,false,"ok"
"003d8f00","FUN_003d8f00","Global",28,false,false,"ok"
"003d94f0","FUN_003d94f0","Global",60,false,false,"ok"
"003d96a0","FUN_003d96a0","Global",8,false,false,"ok"
"003d9830","FUN_003d9830","Global",16,false,false,"ok"
"003d9cf0","FUN_003d9cf0","Global",136,false,false,"ok"
"003d9fa0","FUN_003d9fa0","Global",72,false,false,"ok"
"003da010","FUN_003da010","Global",116,false,false,"ok"
"003da160","FUN_003da160","Global",184,false,false,"ok"
"003da230","FUN_003da230","Global",12,false,false,"ok"
"003da500","FUN_003da500","Global",160,false,false,"ok"
"003da5c0","FUN_003da5c0","Global",12,false,false,"ok"
"003da790","FUN_003da790","Global",24,false,false,"ok"
"003dac70","FUN_003dac70","Global",8,false,false,"ok"
"003daf70","FUN_003daf70","Global",92,false,false,"ok"
"003dafe0","FUN_003dafe0","Global",8,false,false,"ok"
"003db1a0","FUN_003db1a0","Global",40,false,false,"ok"
"003dc210","FUN_003dc210","Global",16,false,false,"ok"
"003dcd30","FUN_003dcd30","Global",8,false,false,"ok"
"003dd090","FUN_003dd090","Global",24,false,false,"ok"
"003dd230","FUN_003dd230","Global",16,false,false,"ok"
"003de1e0","FUN_003de1e0","Global",20,false,false,"ok"
"003de200","FUN_003de200","Global",64,false,false,"ok"
"003de250","FUN_003de250","Global",8,false,false,"ok"
"003de260","FUN_003de260","Global",12,false,false,"ok"
"003de270","FUN_003de270","Global",60,false,false,"ok"
"003de2c0","FUN_003de2c0","Global",12,false,false,"ok"
"003de4d0","FUN_003de4d0","Global",20,false,false,"ok"
"003de5a0","FUN_003de5a0","Global",68,false,false,"ok"
"003de600","FUN_003de600","Global",100,false,false,"ok"
"003de670","FUN_003de670","Global",8,false,false,"ok"
"003de6d0","FUN_003de6d0","Global",92,false,false,"ok"
"003de890","FUN_003de890","Global",64,false,false,"ok"
"003de8e0","FUN_003de8e0","Global",64,false,false,"ok"
"003de950","FUN_003de950","Global",68,false,false,"ok"
"003de9b0","FUN_003de9b0","Global",100,false,false,"ok"
"003dea20","FUN_003dea20","Global",12,false,false,"ok"
"003dea90","FUN_003dea90","Global",196,false,false,"ok"
"003ded50","FUN_003ded50","Global",56,false,false,"ok"
"003deda0","FUN_003deda0","Global",56,false,false,"ok"
"003dedf0","FUN_003dedf0","Global",20,false,false,"ok"
"003dee40","FUN_003dee40","Global",80,false,false,"ok"
"003deea0","FUN_003deea0","Global",12,false,false,"ok"
"003df1b0","FUN_003df1b0","Global",16,false,false,"ok"
"003df4b0","FUN_003df4b0","Global",20,false,false,"ok"
"003dfae0","FUN_003dfae0","Global",8,false,false,"ok"
"003dfb90","FUN_003dfb90","Global",8,false,false,"ok"
"003dfde0","FUN_003dfde0","Global",20,false,false,"ok"
"003dff50","FUN_003dff50","Global",8,false,false,"ok"
"003e0030","FUN_003e0030","Global",12,false,false,"ok"
"003e0110","FUN_003e0110","Global",104,false,false,"ok"
"003e0190","FUN_003e0190","Global",8,false,false,"ok"
"003e02d0","FUN_003e02d0","Global",12,false,false,"ok"
"003e0630","FUN_003e0630","Global",72,false,false,"ok"
"003e0690","FUN_003e0690","Global",12,false,false,"ok"
"003e0780","FUN_003e0780","Global",104,false,false,"ok"
"003e0810","FUN_003e0810","Global",12,false,false,"ok"
"003e0b50","FUN_003e0b50","Global",12,false,false,"ok"
"003e0c30","FUN_003e0c30","Global",104,false,false,"ok"
"003e0cb0","FUN_003e0cb0","Global",96,false,false,"ok"
"003e0d20","FUN_003e0d20","Global",12,false,false,"ok"
"003e0fd0","FUN_003e0fd0","Global",8,false,false,"ok"
"003e10a0","FUN_003e10a0","Global",104,false,false,"ok"
"003e1120","FUN_003e1120","Global",116,false,false,"ok"
"003e11b0","FUN_003e11b0","Global",60,false,false,"ok"
"003e1250","FUN_003e1250","Global",8,false,false,"ok"
"003e1320","FUN_003e1320","Global",104,false,false,"ok"
"003e13a0","FUN_003e13a0","Global",64,false,false,"ok"
"003e1410","FUN_003e1410","Global",8,false,false,"ok"
"003e1770","FUN_003e1770","Global",60,false,false,"ok"
"003e1800","FUN_003e1800","Global",12,false,false,"ok"
"003e1890","FUN_003e1890","Global",124,false,false,"ok"
"003e1920","FUN_003e1920","Global",24,false,false,"ok"
"003e1960","FUN_003e1960","Global",40,false,false,"ok"
"003e19a0","FUN_003e19a0","Global",20,false,false,"ok"
"003e19c0","FUN_003e19c0","Global",56,false,false,"ok"
"003e1a10","FUN_003e1a10","Global",12,false,false,"ok"
"003e1cd0","FUN_003e1cd0","Global",404,false,false,"ok"
"003e1ea0","FUN_003e1ea0","Global",12,false,false,"ok"
"003e1f80","FUN_003e1f80","Global",20,false,false,"ok"
"003e21f0","FUN_003e21f0","Global",12,false,false,"ok"
"003e24b0","FUN_003e24b0","Global",96,false,false,"ok"
"003e2520","FUN_003e2520","Global",12,false,false,"ok"
"003e26a0","FUN_003e26a0","Global",104,false,false,"ok"
"003e2720","FUN_003e2720","Global",28,false,false,"ok"
"003e2790","FUN_003e2790","Global",92,false,false,"ok"
"003e2800","FUN_003e2800","Global",352,false,false,"ok"
"003e29b0","FUN_003e29b0","Global",124,false,false,"ok"
"003e2a40","FUN_003e2a40","Global",8,false,false,"ok"
"003e2ca0","FUN_003e2ca0","Global",60,false,false,"ok"
"003e2cf0","FUN_003e2cf0","Global",8,false,false,"ok"
"003e3220","FUN_003e3220","Global",24,false,false,"ok"
"003e3400","FUN_003e3400","Global",8,false,false,"ok"
"003e3690","FUN_003e3690","Global",64,false,false,"ok"
"003e36e0","FUN_003e36e0","Global",56,false,false,"ok"
"003e3830","FUN_003e3830","Global",36,false,false,"ok"
"003e38a0","FUN_003e38a0","Global",20,false,false,"ok"
"003e4080","FUN_003e4080","Global",16,false,false,"ok"
"003e5040","FUN_003e5040","Global",28,false,false,"ok"
"003e5090","FUN_003e5090","Global",8,false,false,"ok"
"003e5100","FUN_003e5100","Global",80,false,false,"ok"
"003e5160","FUN_003e5160","Global",12,false,false,"ok"
"003e51e0","FUN_003e51e0","Global",104,false,false,"ok"
"003e5260","FUN_003e5260","Global",68,false,false,"ok"
"003e5420","FUN_003e5420","Global",8,false,false,"ok"
"003e5490","FUN_003e5490","Global",140,false,false,"ok"
"003e5670","FUN_003e5670","Global",28,false,false,"ok"
"003e56d0","FUN_003e56d0","Global",104,false,false,"ok"
"003e5750","FUN_003e5750","Global",32,false,false,"ok"
"003e57e0","FUN_003e57e0","Global",8,false,false,"ok"
"003e5850","FUN_003e5850","Global",104,false,false,"ok"
"003e58d0","FUN_003e58d0","Global",16,false,false,"ok"
"003e5b70","FUN_003e5b70","Global",8,false,false,"ok"
"003e5be0","FUN_003e5be0","Global",104,false,false,"ok"
"003e5c60","FUN_003e5c60","Global",60,false,false,"ok"
"003e5e40","FUN_003e5e40","Global",12,false,false,"ok"
"003e5ed0","FUN_003e5ed0","Global",104,false,false,"ok"
"003e5f50","FUN_003e5f50","Global",12,false,false,"ok"
"003e6130","FUN_003e6130","Global",96,false,false,"ok"
"003e61a0","FUN_003e61a0","Global",8,false,false,"ok"
"003e6210","FUN_003e6210","Global",124,false,false,"ok"
"003e62a0","FUN_003e62a0","Global",12,false,false,"ok"
"003e6320","FUN_003e6320","Global",124,false,false,"ok"
"003e63b0","FUN_003e63b0","Global",32,false,false,"ok"
"003e6440","FUN_003e6440","Global",20,false,false,"ok"
"003e6480","FUN_003e6480","Global",80,false,false,"ok"
"003e64e0","FUN_003e64e0","Global",44,false,false,"ok"
"003e6520","FUN_003e6520","Global",8,false,false,"ok"
"003e6590","FUN_003e6590","Global",104,false,false,"ok"
"003e6610","FUN_003e6610","Global",24,false,false,"ok"
"003e6650","FUN_003e6650","Global",28,false,false,"ok"
"003e66b0","FUN_003e66b0","Global",104,false,false,"ok"
"003e6730","FUN_003e6730","Global",8,false,false,"ok"
"003e68b0","FUN_003e68b0","Global",28,false,false,"ok"
"003e6910","FUN_003e6910","Global",104,false,false,"ok"
"003e6990","FUN_003e6990","Global",24,false,false,"ok"
"003e69d0","FUN_003e69d0","Global",28,false,false,"ok"
"003e6a30","FUN_003e6a30","Global",104,false,false,"ok"
"003e6ac0","FUN_003e6ac0","Global",28,false,false,"ok"
"003e6b20","FUN_003e6b20","Global",104,false,false,"ok"
"003e6bb0","FUN_003e6bb0","Global",12,false,false,"ok"
"003e6c30","FUN_003e6c30","Global",112,false,false,"ok"
"003e6cb0","FUN_003e6cb0","Global",20,false,false,"ok"
"003e6d50","FUN_003e6d50","Global",28,false,false,"ok"
"003e70d0","FUN_003e70d0","Global",28,false,false,"ok"
"003e7130","FUN_003e7130","Global",104,false,false,"ok"
"003e71b0","FUN_003e71b0","Global",8,false,false,"ok"
"003e72f0","FUN_003e72f0","Global",28,false,false,"ok"
"003e7350","FUN_003e7350","Global",112,false,false,"ok"
"003e73d0","FUN_003e73d0","Global",8,false,false,"ok"
"003e74d0","FUN_003e74d0","Global",328,false,false,"ok"
"003e7630","FUN_003e7630","Global",72,false,false,"ok"
"003e76d0","FUN_003e76d0","Global",8,false,false,"ok"
"003e7890","FUN_003e7890","Global",20,false,false,"ok"
"003e79f0","FUN_003e79f0","Global",28,false,false,"ok"
"003e7a20","FUN_003e7a20","Global",208,false,false,"ok"
"003e7b00","FUN_003e7b00","Global",132,false,false,"ok"
"003e7ba0","FUN_003e7ba0","Global",32,false,false,"ok"
"003e7cb0","FUN_003e7cb0","Global",152,false,false,"ok"
"003e7d90","FUN_003e7d90","Global",24,false,false,"ok"
"003e8630","FUN_003e8630","Global",24,false,false,"ok"
"003e8bd0","FUN_003e8bd0","Global",140,false,false,"ok"
"003e8c70","FUN_003e8c70","Global",28,false,false,"ok"
"003e8cd0","FUN_003e8cd0","Global",104,false,false,"ok"
"003e8d50","FUN_003e8d50","Global",276,false,false,"ok"
"003e8e80","FUN_003e8e80","Global",176,false,false,"ok"
"003e8fe0","FUN_003e8fe0","Global",52,false,false,"ok"
"003e9020","FUN_003e9020","Global",48,false,false,"ok"
"003e9060","FUN_003e9060","Global",12,false,false,"ok"
"003e90d0","FUN_003e90d0","Global",120,false,false,"ok"
"003e9160","FUN_003e9160","Global",76,false,false,"ok"
"003e91c0","FUN_003e91c0","Global",40,false,false,"ok"
"003e91f0","FUN_003e91f0","Global",36,false,false,"ok"
"003e9220","FUN_003e9220","Global",24,false,false,"ok"
"003e9260","FUN_003e9260","Global",272,false,false,"ok"
"003e9380","FUN_003e9380","Global",164,false,false,"ok"
"003e9440","FUN_003e9440","Global",292,false,false,"ok"
"003e9580","FUN_003e9580","Global",20,false,false,"ok"
"003e95c0","FUN_003e95c0","Global",80,false,false,"ok"
"003e9620","FUN_003e9620","Global",28,false,false,"ok"
"003e9680","FUN_003e9680","Global",104,false,false,"ok"
"003e9700","FUN_003e9700","Global",32,false,false,"ok"
"003e9800","FUN_003e9800","Global",8,false,false,"ok"
"003e98d0","FUN_003e98d0","Global",12,false,false,"ok"
"003e99a0","FUN_003e99a0","Global",68,false,false,"ok"
"003e9a00","FUN_003e9a00","Global",192,false,false,"ok"
"003e9ae0","FUN_003e9ae0","Global",28,false,false,"ok"
"003e9b40","FUN_003e9b40","Global",112,false,false,"ok"
"003e9bc0","FUN_003e9bc0","Global",120,false,false,"ok"
"003e9d40","FUN_003e9d40","Global",8,false,false,"ok"
"003e9dc0","FUN_003e9dc0","Global",80,false,false,"ok"
"003e9e20","FUN_003e9e20","Global",24,false,false,"ok"
"003e9ea0","FUN_003e9ea0","Global",28,false,false,"ok"
"003e9ef0","FUN_003e9ef0","Global",80,false,false,"ok"
"003e9f50","FUN_003e9f50","Global",112,false,false,"ok"
"003e9fd0","FUN_003e9fd0","Global",180,false,false,"ok"
"003ea0b0","FUN_003ea0b0","Global",28,false,false,"ok"
"003ea110","FUN_003ea110","Global",104,false,false,"ok"
"003ea1c0","FUN_003ea1c0","Global",136,false,false,"ok"
"003ea260","FUN_003ea260","Global",88,false,false,"ok"
"003ea2d0","FUN_003ea2d0","Global",36,false,false,"ok"
"003ea300","FUN_003ea300","Global",36,false,false,"ok"
"003ea330","FUN_003ea330","Global",36,false,false,"ok"
"003ea360","FUN_003ea360","Global",8,false,false,"ok"
"003ea3e0","FUN_003ea3e0","Global",140,false,false,"ok"
"003ea480","FUN_003ea480","Global",64,false,false,"ok"
"003ea530","FUN_003ea530","Global",12,false,false,"ok"
"003ea5c0","FUN_003ea5c0","Global",140,false,false,"ok"
"003ea660","FUN_003ea660","Global",32,false,false,"ok"
"003ea760","FUN_003ea760","Global",28,false,false,"ok"
"003ea7c0","FUN_003ea7c0","Global",112,false,false,"ok"
"003ea840","FUN_003ea840","Global",68,false,false,"ok"
"003ea8b0","FUN_003ea8b0","Global",28,false,false,"ok"
"003ea910","FUN_003ea910","Global",104,false,false,"ok"
"003ea990","FUN_003ea990","Global",200,false,false,"ok"
"003eaa70","FUN_003eaa70","Global",12,false,false,"ok"
"003eab40","FUN_003eab40","Global",80,false,false,"ok"
"003eaba0","FUN_003eaba0","Global",8,false,false,"ok"
"003eac90","FUN_003eac90","Global",28,false,false,"ok"
"003eacf0","FUN_003eacf0","Global",80,false,false,"ok"
"003ead50","FUN_003ead50","Global",60,false,false,"ok"
"003eadb0","FUN_003eadb0","Global",40,false,false,"ok"
"003eadf0","FUN_003eadf0","Global",80,false,false,"ok"
"003eae50","FUN_003eae50","Global",60,false,false,"ok"
"003eb030","FUN_003eb030","Global",16,false,false,"ok"
"003eb230","FUN_003eb230","Global",28,false,false,"ok"
"003eb290","FUN_003eb290","Global",112,false,false,"ok"
"003eb310","FUN_003eb310","Global",248,false,false,"ok"
"003eb440","FUN_003eb440","Global",28,false,false,"ok"
"003eb4a0","FUN_003eb4a0","Global",112,false,false,"ok"
"003eb520","FUN_003eb520","Global",8,false,false,"ok"
"003eb690","FUN_003eb690","Global",96,false,false,"ok"
"003eb720","FUN_003eb720","Global",52,false,false,"ok"
"003eb760","FUN_003eb760","Global",8,false,false,"ok"
"003eb7d0","FUN_003eb7d0","Global",112,false,false,"ok"
"003eb850","FUN_003eb850","Global",48,false,false,"ok"
"003eb8a0","FUN_003eb8a0","Global",124,false,false,"ok"
"003eb930","FUN_003eb930","Global",24,false,false,"ok"
"003eb9c0","FUN_003eb9c0","Global",64,false,false,"ok"
"003eba30","FUN_003eba30","Global",8,false,false,"ok"
"003ebaa0","FUN_003ebaa0","Global",112,false,false,"ok"
"003ebb20","FUN_003ebb20","Global",144,false,false,"ok"
"003ebbf0","FUN_003ebbf0","Global",220,false,false,"ok"
"003ebda0","FUN_003ebda0","Global",52,false,false,"ok"
"003ebde0","FUN_003ebde0","Global",80,false,false,"ok"
"003ebe60","FUN_003ebe60","Global",72,false,false,"ok"
"003ebef0","FUN_003ebef0","Global",52,false,false,"ok"
"003ebf60","FUN_003ebf60","Global",52,false,false,"ok"
"003ebfe0","FUN_003ebfe0","Global",60,false,false,"ok"
"003ec0b0","FUN_003ec0b0","Global",44,false,false,"ok"
"003ec120","FUN_003ec120","Global",60,false,false,"ok"
"003ec1a0","FUN_003ec1a0","Global",52,false,false,"ok"
"003ec210","FUN_003ec210","Global",52,false,false,"ok"
"003ec290","FUN_003ec290","Global",52,false,false,"ok"
"003ec2f0","FUN_003ec2f0","Global",52,false,false,"ok"
"003ec370","FUN_003ec370","Global",52,false,false,"ok"
"003ec3e0","FUN_003ec3e0","Global",52,false,false,"ok"
"003ec460","FUN_003ec460","Global",52,false,false,"ok"
"003ec4e0","FUN_003ec4e0","Global",52,false,false,"ok"
"003ec550","FUN_003ec550","Global",36,false,false,"ok"
"003ec5d0","FUN_003ec5d0","Global",52,false,false,"ok"
"003ec650","FUN_003ec650","Global",124,false,false,"ok"
"003ec6f0","FUN_003ec6f0","Global",80,false,false,"ok"
"003ec770","FUN_003ec770","Global",56,false,false,"ok"
"003ec800","FUN_003ec800","Global",52,false,false,"ok"
"003ec860","FUN_003ec860","Global",60,false,false,"ok"
"003ec8e0","FUN_003ec8e0","Global",52,false,false,"ok"
"003ec950","FUN_003ec950","Global",52,false,false,"ok"
"003ec9c0","FUN_003ec9c0","Global",52,false,false,"ok"
"003eca30","FUN_003eca30","Global",52,false,false,"ok"
"003ecab0","FUN_003ecab0","Global",52,false,false,"ok"
"003ecb20","FUN_003ecb20","Global",36,false,false,"ok"
"003ecb80","FUN_003ecb80","Global",60,false,false,"ok"
"003ecc20","FUN_003ecc20","Global",52,false,false,"ok"
"003eccc0","FUN_003eccc0","Global",196,false,false,"ok"
"003ecde0","FUN_003ecde0","Global",60,false,false,"ok"
"003ece70","FUN_003ece70","Global",52,false,false,"ok"
"003ecee0","FUN_003ecee0","Global",52,false,false,"ok"
"003ecf50","FUN_003ecf50","Global",52,false,false,"ok"
"003ecff0","FUN_003ecff0","Global",88,false,false,"ok"
"003ed0a0","FUN_003ed0a0","Global",60,false,false,"ok"
"003ed140","FUN_003ed140","Global",52,false,false,"ok"
"003ed200","FUN_003ed200","Global",60,false,false,"ok"
"003ed290","FUN_003ed290","Global",68,false,false,"ok"
"003ed320","FUN_003ed320","Global",68,false,false,"ok"
"003ed3a0","FUN_003ed3a0","Global",72,false,false,"ok"
"003ed430","FUN_003ed430","Global",76,false,false,"ok"
"003ed4b0","FUN_003ed4b0","Global",60,false,false,"ok"
"003ed520","FUN_003ed520","Global",16,false,false,"ok"
"003ed570","FUN_003ed570","Global",164,false,false,"ok"
"003ed680","FUN_003ed680","Global",80,false,false,"ok"
"003ed6e0","FUN_003ed6e0","Global",24,false,false,"ok"
"003ed840","FUN_003ed840","Global",12,false,false,"ok"
"003edb00","FUN_003edb00","Global",104,false,false,"ok"
"003edb80","FUN_003edb80","Global",16,false,false,"ok"
"003edc40","FUN_003edc40","Global",20,false,false,"ok"
"003edda0","FUN_003edda0","Global",152,false,false,"ok"
"003ede40","FUN_003ede40","Global",16,false,false,"ok"
"003edf30","FUN_003edf30","Global",8,false,false,"ok"
"003ee060","FUN_003ee060","Global",20,false,false,"ok"
"003ee140","FUN_003ee140","Global",64,false,false,"ok"
"003ee190","FUN_003ee190","Global",92,false,false,"ok"
"003ee200","FUN_003ee200","Global",96,false,false,"ok"
"003ee270","FUN_003ee270","Global",16,false,false,"ok"
"003ee330","FUN_003ee330","Global",16,false,false,"ok"
"003ee3e0","FUN_003ee3e0","Global",24,false,false,"ok"
"003ee4c0","FUN_003ee4c0","Global",12,false,false,"ok"
"003ee580","FUN_003ee580","Global",364,false,false,"ok"
"003ee700","FUN_003ee700","Global",32,false,false,"ok"
"003ee730","FUN_003ee730","Global",64,false,false,"ok"
"003ee780","FUN_003ee780","Global",64,false,false,"ok"
"003ee7d0","FUN_003ee7d0","Global",44,false,false,"ok"
"003ee850","FUN_003ee850","Global",200,false,false,"ok"
"003ee930","FUN_003ee930","Global",84,false,false,"ok"
"003ee9a0","FUN_003ee9a0","Global",8,false,false,"ok"
"003eeb40","FUN_003eeb40","Global",8,false,false,"ok"
"003ef170","FUN_003ef170","Global",32,false,false,"ok"
"003ef2c0","FUN_003ef2c0","Global",348,false,false,"ok"
"003ef430","FUN_003ef430","Global",148,false,false,"ok"
"003ef4d0","FUN_003ef4d0","Global",20,false,false,"ok"
"003efdb0","FUN_003efdb0","Global",8,false,false,"ok"
"003f0260","FUN_003f0260","Global",16,false,false,"ok"
"003f0cf0","FUN_003f0cf0","Global",16,false,false,"ok"
"003f1320","FUN_003f1320","Global",8,false,false,"ok"
"003f23e0","FUN_003f23e0","Global",8,false,false,"ok"
"003f3400","FUN_003f3400","Global",8,false,false,"ok"
"003f3c40","FUN_003f3c40","Global",8,false,false,"ok"
"003f4400","FUN_003f4400","Global",20,false,false,"ok"
"003f44b0","FUN_003f44b0","Global",12,false,false,"ok"
"003f4dd0","FUN_003f4dd0","Global",12,false,false,"ok"
"003f5c90","FUN_003f5c90","Global",12,false,false,"ok"
"003f5dd0","FUN_003f5dd0","Global",8,false,false,"ok"
"003f5e30","FUN_003f5e30","Global",144,false,false,"ok"
"003f60e0","FUN_003f60e0","Global",8,false,false,"ok"
"003f6c80","FUN_003f6c80","Global",16,false,false,"ok"
"003f6d70","FUN_003f6d70","Global",24,false,false,"ok"
"003f7140","FUN_003f7140","Global",316,false,false,"ok"
"003f72c0","FUN_003f72c0","Global",8,false,false,"ok"
"003f7390","FUN_003f7390","Global",116,false,false,"ok"
"003f7420","FUN_003f7420","Global",12,false,false,"ok"
"003f74e0","FUN_003f74e0","Global",104,false,false,"ok"
"003f7560","FUN_003f7560","Global",68,false,false,"ok"
"003f7600","FUN_003f7600","Global",12,false,false,"ok"
"003f76e0","FUN_003f76e0","Global",12,false,false,"ok"
"003f85b0","FUN_003f85b0","Global",8,false,false,"ok"
"003f8640","FUN_003f8640","Global",12,false,false,"ok"
"003f8700","FUN_003f8700","Global",288,false,false,"ok"
"003f8860","FUN_003f8860","Global",88,false,false,"ok"
"003f88d0","FUN_003f88d0","Global",8,false,false,"ok"
"003f8b30","FUN_003f8b30","Global",8,false,false,"ok"
"003f94c0","FUN_003f94c0","Global",12,false,false,"ok"
"003f9d40","FUN_003f9d40","Global",12,false,false,"ok"
"003f9f60","FUN_003f9f60","Global",216,false,false,"ok"
"003fa050","FUN_003fa050","Global",132,false,false,"ok"
"003fa0f0","FUN_003fa0f0","Global",132,false,false,"ok"
"003fa190","FUN_003fa190","Global",280,false,false,"ok"
"003fa2c0","FUN_003fa2c0","Global",280,false,false,"ok"
"003fa3f0","FUN_003fa3f0","Global",140,false,false,"ok"
"003fa4a0","FUN_003fa4a0","Global",16,false,false,"ok"
"003fa5f0","FUN_003fa5f0","Global",56,false,false,"ok"
"003fa640","FUN_003fa640","Global",72,false,false,"ok"
"003fa6a0","FUN_003fa6a0","Global",72,false,false,"ok"
"003fa700","FUN_003fa700","Global",68,false,false,"ok"
"003fa760","FUN_003fa760","Global",220,false,false,"ok"
"003fa850","FUN_003fa850","Global",56,false,false,"ok"
"003fa8a0","FUN_003fa8a0","Global",12,false,false,"ok"
"003facb0","FUN_003facb0","Global",8,false,false,"ok"
"003fad70","FUN_003fad70","Global",12,false,false,"ok"
"003fb340","FUN_003fb340","Global",880,false,false,"ok"
"003fb700","FUN_003fb700","Global",12,false,false,"ok"
"003fb900","FUN_003fb900","Global",12,false,false,"ok"
"003fb9b0","FUN_003fb9b0","Global",96,false,false,"ok"
"003fba80","FUN_003fba80","Global",28,false,false,"ok"
"003fbbf0","FUN_003fbbf0","Global",8,false,false,"ok"
"003fbd80","FUN_003fbd80","Global",8,false,false,"ok"
"003fbf10","FUN_003fbf10","Global",64,false,false,"ok"
"003fbf70","FUN_003fbf70","Global",96,false,false,"ok"
"003fbfe0","FUN_003fbfe0","Global",208,false,false,"ok"
"003fc0c0","FUN_003fc0c0","Global",72,false,false,"ok"
"003fc130","FUN_003fc130","Global",56,false,false,"ok"
"003fc180","FUN_003fc180","Global",324,false,false,"ok"
"003fc2e0","FUN_003fc2e0","Global",224,false,false,"ok"
"003fc3d0","FUN_003fc3d0","Global",164,false,false,"ok"
"003fc490","FUN_003fc490","Global",80,false,false,"ok"
"003fc520","FUN_003fc520","Global",44,false,false,"ok"
"003fc580","FUN_003fc580","Global",80,false,false,"ok"
"003fc5e0","FUN_003fc5e0","Global",76,false,false,"ok"
"003fc660","FUN_003fc660","Global",80,false,false,"ok"
"003fc6c0","FUN_003fc6c0","Global",48,false,false,"ok"
"003fc730","FUN_003fc730","Global",80,false,false,"ok"
"003fc790","FUN_003fc790","Global",48,false,false,"ok"
"003fc800","FUN_003fc800","Global",80,false,false,"ok"
"003fc860","FUN_003fc860","Global",76,false,false,"ok"
"003fc8e0","FUN_003fc8e0","Global",60,false,false,"ok"
"003fc9b0","FUN_003fc9b0","Global",92,false,false,"ok"
"003fca20","FUN_003fca20","Global",8,false,false,"ok"
"003fca30","FUN_003fca30","Global",12,false,false,"ok"
"003fca40","FUN_003fca40","Global",28,false,false,"ok"
"003fca70","FUN_003fca70","Global",88,false,false,"ok"
"003fcae0","FUN_003fcae0","Global",32,false,false,"ok"
"003fcb10","FUN_003fcb10","Global",144,false,false,"ok"
"003fcbb0","FUN_003fcbb0","Global",100,false,false,"ok"
"003fcc30","FUN_003fcc30","Global",64,false,false,"ok"
"003fcc80","FUN_003fcc80","Global",164,false,false,"ok"
"003fcd30","FUN_003fcd30","Global",28,false,false,"ok"
"003fcdc0","FUN_003fcdc0","Global",108,false,false,"ok"
"003fcea0","FUN_003fcea0","Global",24,false,false,"ok"
"003fd0c0","FUN_003fd0c0","Global",20,false,false,"ok"
"003fd1a0","FUN_003fd1a0","Global",28,false,false,"ok"
"003fd290","FUN_003fd290","Global",108,false,false,"ok"
"003fd310","FUN_003fd310","Global",60,false,false,"ok"
"003fd360","FUN_003fd360","Global",20,false,false,"ok"
"003fd530","FUN_003fd530","Global",8,false,false,"ok"
"003fd850","FUN_003fd850","Global",204,false,false,"ok"
"003fd950","FUN_003fd950","Global",176,false,false,"ok"
"003fda20","FUN_003fda20","Global",168,false,false,"ok"
"003fdae0","FUN_003fdae0","Global",28,false,false,"ok"
"003fdbf0","FUN_003fdbf0","Global",8,false,false,"ok"
"003fdd10","FUN_003fdd10","Global",256,false,false,"ok"
"003fde30","FUN_003fde30","Global",60,false,false,"ok"
"003fde80","FUN_003fde80","Global",256,false,false,"ok"
"003fdff0","FUN_003fdff0","Global",80,false,false,"ok"
"003fe050","FUN_003fe050","Global",164,false,false,"ok"
"003fe120","FUN_003fe120","Global",8,false,false,"ok"
"003fe520","FUN_003fe520","Global",8,false,false,"ok"
"003fe5c0","FUN_003fe5c0","Global",408,false,false,"ok"
"003fe7a0","FUN_003fe7a0","Global",384,false,false,"ok"
"003fe960","FUN_003fe960","Global",16,false,false,"ok"
"003fed90","FUN_003fed90","Global",8,false,false,"ok"
"003fee60","FUN_003fee60","Global",16,false,false,"ok"
"003fef80","FUN_003fef80","Global",20,false,false,"ok"
"003ff0b0","FUN_003ff0b0","Global",128,false,false,"ok"
"003ff1a0","FUN_003ff1a0","Global",124,false,false,"ok"
"003ff240","FUN_003ff240","Global",16,false,false,"ok"
"003ff340","FUN_003ff340","Global",12,false,false,"ok"
"003ff410","FUN_003ff410","Global",240,false,false,"ok"
"003ff520","FUN_003ff520","Global",16,false,false,"ok"
"003ff6a0","FUN_003ff6a0","Global",8,false,false,"ok"
"00400000","FUN_00400000","Global",12,false,false,"ok"
"00400090","FUN_00400090","Global",48,false,false,"ok"
"00400270","FUN_00400270","Global",244,false,false,"ok"
"00400380","FUN_00400380","Global",12,false,false,"ok"
"004009e0","FUN_004009e0","Global",12,false,false,"ok"
"00400cd0","FUN_00400cd0","Global",28,false,false,"ok"
"00400f20","FUN_00400f20","Global",12,false,false,"ok"
"00401790","FUN_00401790","Global",8,false,false,"ok"
"00401af0","FUN_00401af0","Global",32,false,false,"ok"
"00401e30","FUN_00401e30","Global",12,false,false,"ok"
"004026a0","FUN_004026a0","Global",208,false,false,"ok"
"00402780","FUN_00402780","Global",24,false,false,"ok"
"00402ca0","FUN_00402ca0","Global",20,false,false,"ok"
"00402e80","FUN_00402e80","Global",20,false,false,"ok"
"00403530","FUN_00403530","Global",24,false,false,"ok"
"00403620","FUN_00403620","Global",8,false,false,"ok"
"004036b0","FUN_004036b0","Global",104,false,false,"ok"
"00403730","FUN_00403730","Global",12,false,false,"ok"
"00403b00","FUN_00403b00","Global",20,false,false,"ok"
"00404030","FUN_00404030","Global",8,false,false,"ok"
"00404370","FUN_00404370","Global",24,false,false,"ok"
"00404480","FUN_00404480","Global",128,false,false,"ok"
"00404510","FUN_00404510","Global",164,false,false,"ok"
"004045d0","FUN_004045d0","Global",208,false,false,"ok"
"004046b0","FUN_004046b0","Global",12,false,false,"ok"
"004047a0","FUN_004047a0","Global",16,false,false,"ok"
"004058a0","FUN_004058a0","Global",16,false,false,"ok"
"00405a30","FUN_00405a30","Global",12,false,false,"ok"
"00405b20","FUN_00405b20","Global",104,false,false,"ok"
"00405bc0","FUN_00405bc0","Global",12,false,false,"ok"
"00405f00","FUN_00405f00","Global",8,false,false,"ok"
"00406580","FUN_00406580","Global",12,false,false,"ok"
"00406cf0","FUN_00406cf0","Global",8,false,false,"ok"
"00406fd0","FUN_00406fd0","Global",16,false,false,"ok"
"004072b0","FUN_004072b0","Global",8,false,false,"ok"
"00407be0","FUN_00407be0","Global",8,false,false,"ok"
"00407d00","FUN_00407d00","Global",104,false,false,"ok"
"00407d80","FUN_00407d80","Global",12,false,false,"ok"
"00407ea0","FUN_00407ea0","Global",24,false,false,"ok"
"00408a20","FUN_00408a20","Global",12,false,false,"ok"
"00408af0","FUN_00408af0","Global",56,false,false,"ok"
"00408ba0","FUN_00408ba0","Global",128,false,false,"ok"
"00408c40","FUN_00408c40","Global",196,false,false,"ok"
"00408d40","FUN_00408d40","Global",8,false,false,"ok"
"00409020","FUN_00409020","Global",8,false,false,"ok"
"004090f0","FUN_004090f0","Global",56,false,false,"ok"
"004093a0","FUN_004093a0","Global",8,false,false,"ok"
"00409440","FUN_00409440","Global",104,false,false,"ok"
"004094c0","FUN_004094c0","Global",8,false,false,"ok"
"00409540","FUN_00409540","Global",12,false,false,"ok"
"004097b0","FUN_004097b0","Global",8,false,false,"ok"
"00409870","FUN_00409870","Global",140,false,false,"ok"
"00409910","FUN_00409910","Global",188,false,false,"ok"
"00409a00","FUN_00409a00","Global",216,false,false,"ok"
"00409d50","FUN_00409d50","Global",8,false,false,"ok"
"00409f00","FUN_00409f00","Global",20,false,false,"ok"
"00409fa0","FUN_00409fa0","Global",140,false,false,"ok"
"0040a040","FUN_0040a040","Global",176,false,false,"ok"
"0040a120","FUN_0040a120","Global",464,false,false,"ok"
"0040a300","FUN_0040a300","Global",304,false,false,"ok"
"0040a4a0","FUN_0040a4a0","Global",8,false,false,"ok"
"0040a5e0","FUN_0040a5e0","Global",104,false,false,"ok"
"0040a660","FUN_0040a660","Global",12,false,false,"ok"
"0040a6f0","FUN_0040a6f0","Global",12,false,false,"ok"
"0040abc0","FUN_0040abc0","Global",24,false,false,"ok"
"0040b080","FUN_0040b080","Global",12,false,false,"ok"
"0040b580","FUN_0040b580","Global",20,false,false,"ok"
"0040c110","FUN_0040c110","Global",144,false,false,"ok"
"0040c1b0","FUN_0040c1b0","Global",80,false,false,"ok"
"0040c210","FUN_0040c210","Global",144,false,false,"ok"
"0040c2b0","FUN_0040c2b0","Global",60,false,false,"ok"
"0040c310","FUN_0040c310","Global",8,false,false,"ok"
"0040c790","FUN_0040c790","Global",28,false,false,"ok"
"0040c840","FUN_0040c840","Global",104,false,false,"ok"
"0040cbb0","FUN_0040cbb0","Global",152,false,false,"ok"
"0040cc60","FUN_0040cc60","Global",80,false,false,"ok"
"0040cda0","FUN_0040cda0","Global",476,false,false,"ok"
"0040d030","FUN_0040d030","Global",16,false,false,"ok"
"0040d3b0","FUN_0040d3b0","Global",28,false,false,"ok"
"0040d4a0","FUN_0040d4a0","Global",104,false,false,"ok"
"0040d520","FUN_0040d520","Global",16,false,false,"ok"
"0040d5f0","FUN_0040d5f0","Global",8,false,false,"ok"
"0040d9a0","FUN_0040d9a0","Global",16,false,false,"ok"
"0040e7d0","FUN_0040e7d0","Global",8,false,false,"ok"
"0040eb70","FUN_0040eb70","Global",8,false,false,"ok"
"0040f4a0","FUN_0040f4a0","Global",24,false,false,"ok"
"0040fca0","FUN_0040fca0","Global",28,false,false,"ok"
"004100e0","FUN_004100e0","Global",8,false,false,"ok"
"00410200","FUN_00410200","Global",204,false,false,"ok"
"004102e0","FUN_004102e0","Global",16,false,false,"ok"
"004104b0","FUN_004104b0","Global",8,false,false,"ok"
"00410fb0","FUN_00410fb0","Global",16,false,false,"ok"
"004116b0","FUN_004116b0","Global",16,false,false,"ok"
"00411980","FUN_00411980","Global",12,false,false,"ok"
"00411c40","FUN_00411c40","Global",16,false,false,"ok"
"00412520","FUN_00412520","Global",16,false,false,"ok"
"00412aa0","FUN_00412aa0","Global",196,false,false,"ok"
"00412bf0","FUN_00412bf0","Global",20,false,false,"ok"
"00412c80","FUN_00412c80","Global",52,false,false,"ok"
"00412cc0","FUN_00412cc0","Global",104,false,false,"ok"
"00412d40","FUN_00412d40","Global",8,false,false,"ok"
"00412f50","FUN_00412f50","Global",180,false,false,"ok"
"004130a0","FUN_004130a0","Global",216,false,false,"ok"
"004131a0","FUN_004131a0","Global",12,false,false,"ok"
"00413360","FUN_00413360","Global",28,false,false,"ok"
"00413400","FUN_00413400","Global",104,false,false,"ok"
"00413480","FUN_00413480","Global",16,false,false,"ok"
"004136b0","FUN_004136b0","Global",60,false,false,"ok"
"00413830","FUN_00413830","Global",8,false,false,"ok"
"00413a50","FUN_00413a50","Global",8,false,false,"ok"
"00413c90","FUN_00413c90","Global",168,false,false,"ok"
"00413d50","FUN_00413d50","Global",320,false,false,"ok"
"00413f40","FUN_00413f40","Global",12,false,false,"ok"
"00414060","FUN_00414060","Global",104,false,false,"ok"
"004140e0","FUN_004140e0","Global",52,false,false,"ok"
"00414120","FUN_00414120","Global",8,false,false,"ok"
"00414350","FUN_00414350","Global",200,false,false,"ok"
"004144d0","FUN_004144d0","Global",8,false,false,"ok"
"004145f0","FUN_004145f0","Global",304,false,false,"ok"
"004147f0","FUN_004147f0","Global",8,false,false,"ok"
"00414990","FUN_00414990","Global",28,false,false,"ok"
"004149f0","FUN_004149f0","Global",112,false,false,"ok"
"00414c60","FUN_00414c60","Global",8,false,false,"ok"
"00414e40","FUN_00414e40","Global",8,false,false,"ok"
"00415060","FUN_00415060","Global",8,false,false,"ok"
"00415350","FUN_00415350","Global",8,false,false,"ok"
"004153c0","FUN_004153c0","Global",112,false,false,"ok"
"00415440","FUN_00415440","Global",8,false,false,"ok"
"00415550","FUN_00415550","Global",148,false,false,"ok"
"00415620","FUN_00415620","Global",192,false,false,"ok"
"00415770","FUN_00415770","Global",24,false,false,"ok"
"004159c0","FUN_004159c0","Global",12,false,false,"ok"
"00415a50","FUN_00415a50","Global",128,false,false,"ok"
"00415ae0","FUN_00415ae0","Global",216,false,false,"ok"
"00415be0","FUN_00415be0","Global",348,false,false,"ok"
"00415dc0","FUN_00415dc0","Global",496,false,false,"ok"
"00416060","FUN_00416060","Global",28,false,false,"ok"
"004160c0","FUN_004160c0","Global",112,false,false,"ok"
"00416140","FUN_00416140","Global",52,false,false,"ok"
"00416180","FUN_00416180","Global",76,false,false,"ok"
"004161e0","FUN_004161e0","Global",8,false,false,"ok"
"00416480","FUN_00416480","Global",28,false,false,"ok"
"004164d0","FUN_004164d0","Global",28,false,false,"ok"
"00416540","FUN_00416540","Global",140,false,false,"ok"
"004165e0","FUN_004165e0","Global",84,false,false,"ok"
"00416650","FUN_00416650","Global",144,false,false,"ok"
"00416830","FUN_00416830","Global",12,false,false,"ok"
"00416940","FUN_00416940","Global",28,false,false,"ok"
"00416a90","FUN_00416a90","Global",704,false,false,"ok"
"00416d90","FUN_00416d90","Global",100,false,false,"ok"
"00416e10","FUN_00416e10","Global",80,false,false,"ok"
"00416e70","FUN_00416e70","Global",56,false,false,"ok"
"00416ef0","FUN_00416ef0","Global",52,false,false,"ok"
"00416f40","FUN_00416f40","Global",60,false,false,"ok"
"00416fa0","FUN_00416fa0","Global",52,false,false,"ok"
"00416ff0","FUN_00416ff0","Global",52,false,false,"ok"
"00417040","FUN_00417040","Global",60,false,false,"ok"
"004170a0","FUN_004170a0","Global",52,false,false,"ok"
"004170f0","FUN_004170f0","Global",60,false,false,"ok"
"00417150","FUN_00417150","Global",76,false,false,"ok"
"004171c0","FUN_004171c0","Global",76,false,false,"ok"
"00417230","FUN_00417230","Global",52,false,false,"ok"
"00417280","FUN_00417280","Global",52,false,false,"ok"
"004172d0","FUN_004172d0","Global",148,false,false,"ok"
"00417380","FUN_00417380","Global",84,false,false,"ok"
"004173f0","FUN_004173f0","Global",52,false,false,"ok"
"00417440","FUN_00417440","Global",52,false,false,"ok"
"00417490","FUN_00417490","Global",52,false,false,"ok"
"004174e0","FUN_004174e0","Global",76,false,false,"ok"
"00417550","FUN_00417550","Global",68,false,false,"ok"
"004175b0","FUN_004175b0","Global",60,false,false,"ok"
"00417610","FUN_00417610","Global",60,false,false,"ok"
"00417670","FUN_00417670","Global",8,false,false,"ok"
"004177f0","FUN_004177f0","Global",152,false,false,"ok"
"004178b0","FUN_004178b0","Global",108,false,false,"ok"
"00417930","FUN_00417930","Global",8,false,false,"ok"
"00417c40","FUN_00417c40","Global",248,false,false,"ok"
"00417e00","FUN_00417e00","Global",24,false,false,"ok"
"004186e0","FUN_004186e0","Global",12,false,false,"ok"
"00418a40","FUN_00418a40","Global",80,false,false,"ok"
"00418aa0","FUN_00418aa0","Global",156,false,false,"ok"
"00418b50","FUN_00418b50","Global",20,false,false,"ok"
"00418be0","FUN_00418be0","Global",80,false,false,"ok"
"00418c40","FUN_00418c40","Global",436,false,false,"ok"
"00418e20","FUN_00418e20","Global",96,false,false,"ok"
"00418ea0","FUN_00418ea0","Global",28,false,false,"ok"
"00418ef0","FUN_00418ef0","Global",80,false,false,"ok"
"00418f80","FUN_00418f80","Global",28,false,false,"ok"
"00418fd0","FUN_00418fd0","Global",80,false,false,"ok"
"00419060","FUN_00419060","Global",28,false,false,"ok"
"004190b0","FUN_004190b0","Global",80,false,false,"ok"
"00419110","FUN_00419110","Global",568,false,false,"ok"
"00419360","FUN_00419360","Global",8,false,false,"ok"
"004193e0","FUN_004193e0","Global",120,false,false,"ok"
"00419480","FUN_00419480","Global",12,false,false,"ok"
"00419530","FUN_00419530","Global",20,false,false,"ok"
"00419610","FUN_00419610","Global",12,false,false,"ok"
"004196d0","FUN_004196d0","Global",108,false,false,"ok"
"00419750","FUN_00419750","Global",132,false,false,"ok"
"00419820","FUN_00419820","Global",372,false,false,"ok"
"004199b0","FUN_004199b0","Global",100,false,false,"ok"
"00419a90","FUN_00419a90","Global",32,false,false,"ok"
"00419ad0","FUN_00419ad0","Global",80,false,false,"ok"
"00419b40","FUN_00419b40","Global",28,false,false,"ok"
"00419ba0","FUN_00419ba0","Global",80,false,false,"ok"
"00419c00","FUN_00419c00","Global",76,false,false,"ok"
"00419c60","FUN_00419c60","Global",20,false,false,"ok"
"00419ec0","FUN_00419ec0","Global",8,false,false,"ok"
"00419fb0","FUN_00419fb0","Global",8,false,false,"ok"
"0041a070","FUN_0041a070","Global",268,false,false,"ok"
"0041a1b0","FUN_0041a1b0","Global",40,false,false,"ok"
"0041a200","FUN_0041a200","Global",80,false,false,"ok"
"0041a260","FUN_0041a260","Global",60,false,false,"ok"
"0041a2f0","FUN_0041a2f0","Global",20,false,false,"ok"
"0041a330","FUN_0041a330","Global",80,false,false,"ok"
"0041a390","FUN_0041a390","Global",28,false,false,"ok"
"0041a460","FUN_0041a460","Global",20,false,false,"ok"
"0041a570","FUN_0041a570","Global",80,false,false,"ok"
"0041a5d0","FUN_0041a5d0","Global",52,false,false,"ok"
"0041a610","FUN_0041a610","Global",220,false,false,"ok"
"0041a750","FUN_0041a750","Global",8,false,false,"ok"
"0041a850","FUN_0041a850","Global",176,false,false,"ok"
"0041aaf0","FUN_0041aaf0","Global",8,false,false,"ok"
"0041ab90","FUN_0041ab90","Global",80,false,false,"ok"
"0041abf0","FUN_0041abf0","Global",28,false,false,"ok"
"0041b4b0","FUN_0041b4b0","Global",28,false,false,"ok"
"0041b510","FUN_0041b510","Global",80,false,false,"ok"
"0041b570","FUN_0041b570","Global",152,false,false,"ok"
"0041b620","FUN_0041b620","Global",176,false,false,"ok"
"0041b6e0","FUN_0041b6e0","Global",60,false,false,"ok"
"0041b730","FUN_0041b730","Global",28,false,false,"ok"
"0041b780","FUN_0041b780","Global",108,false,false,"ok"
"0041b800","FUN_0041b800","Global",164,false,false,"ok"
"0041b8c0","FUN_0041b8c0","Global",56,false,false,"ok"
"0041b900","FUN_0041b900","Global",104,false,false,"ok"
"0041b990","FUN_0041b990","Global",8,false,false,"ok"
"0041ba00","FUN_0041ba00","Global",80,false,false,"ok"
"0041ba60","FUN_0041ba60","Global",24,false,false,"ok"
"0041ba80","FUN_0041ba80","Global",136,false,false,"ok"
"0041bb20","FUN_0041bb20","Global",12,false,false,"ok"
"0041c040","FUN_0041c040","Global",132,false,false,"ok"
"0041c100","FUN_0041c100","Global",28,false,false,"ok"
"0041c150","FUN_0041c150","Global",108,false,false,"ok"
"0041c1d0","FUN_0041c1d0","Global",164,false,false,"ok"
"0041c290","FUN_0041c290","Global",56,false,false,"ok"
"0041c2e0","FUN_0041c2e0","Global",104,false,false,"ok"
"0041c360","FUN_0041c360","Global",12,false,false,"ok"
"0041c3d0","FUN_0041c3d0","Global",104,false,false,"ok"
"0041c460","FUN_0041c460","Global",76,false,false,"ok"
"0041c4c0","FUN_0041c4c0","Global",304,false,false,"ok"
"0041c620","FUN_0041c620","Global",180,false,false,"ok"
"0041c6f0","FUN_0041c6f0","Global",52,false,false,"ok"
"0041c730","FUN_0041c730","Global",52,false,false,"ok"
"0041c7c0","FUN_0041c7c0","Global",20,false,false,"ok"
"0041c810","FUN_0041c810","Global",80,false,false,"ok"
"0041c880","FUN_0041c880","Global",152,false,false,"ok"
"0041ca20","FUN_0041ca20","Global",8,false,false,"ok"
"0041ca80","FUN_0041ca80","Global",80,false,false,"ok"
"0041cae0","FUN_0041cae0","Global",132,false,false,"ok"
"0041cb80","FUN_0041cb80","Global",108,false,false,"ok"
"0041cc20","FUN_0041cc20","Global",8,false,false,"ok"
"0041cc80","FUN_0041cc80","Global",80,false,false,"ok"
"0041cce0","FUN_0041cce0","Global",160,false,false,"ok"
"0041cda0","FUN_0041cda0","Global",8,false,false,"ok"
"0041ce50","FUN_0041ce50","Global",28,false,false,"ok"
"0041cea0","FUN_0041cea0","Global",80,false,false,"ok"
"0041cf10","FUN_0041cf10","Global",300,false,false,"ok"
"0041d0b0","FUN_0041d0b0","Global",8,false,false,"ok"
"0041d180","FUN_0041d180","Global",160,false,false,"ok"
"0041d240","FUN_0041d240","Global",12,false,false,"ok"
"0041d300","FUN_0041d300","Global",8,false,false,"ok"
"0041d600","FUN_0041d600","Global",28,false,false,"ok"
"0041d830","FUN_0041d830","Global",344,false,false,"ok"
"0041d9b0","FUN_0041d9b0","Global",12,false,false,"ok"
"0041de40","FUN_0041de40","Global",168,false,false,"ok"
"0041def0","FUN_0041def0","Global",84,false,false,"ok"
"0041df70","FUN_0041df70","Global",8,false,false,"ok"
"0041dfe0","FUN_0041dfe0","Global",12,false,false,"ok"
"0041e090","FUN_0041e090","Global",12,false,false,"ok"
"0041e270","FUN_0041e270","Global",32,false,false,"ok"
"0041e2a0","FUN_0041e2a0","Global",8,false,false,"ok"
"0041e3c0","FUN_0041e3c0","Global",204,false,false,"ok"
"0041e4a0","FUN_0041e4a0","Global",8,false,false,"ok"
"0041e500","FUN_0041e500","Global",80,false,false,"ok"
"0041e570","FUN_0041e570","Global",52,false,false,"ok"
"0041e5c0","FUN_0041e5c0","Global",28,false,false,"ok"
"0041e610","FUN_0041e610","Global",80,false,false,"ok"
"0041e670","FUN_0041e670","Global",140,false,false,"ok"
"0041e770","FUN_0041e770","Global",12,false,false,"ok"
"0041ebd0","FUN_0041ebd0","Global",20,false,false,"ok"
"0041ec10","FUN_0041ec10","Global",80,false,false,"ok"
"0041ec70","FUN_0041ec70","Global",16,false,false,"ok"
"0041ecb0","FUN_0041ecb0","Global",52,false,false,"ok"
"0041ed00","FUN_0041ed00","Global",20,false,false,"ok"
"0041ed40","FUN_0041ed40","Global",80,false,false,"ok"
"0041eda0","FUN_0041eda0","Global",36,false,false,"ok"
"0041edd0","FUN_0041edd0","Global",8,false,false,"ok"
"0041ef10","FUN_0041ef10","Global",20,false,false,"ok"
"0041ef50","FUN_0041ef50","Global",80,false,false,"ok"
"0041f050","FUN_0041f050","Global",20,false,false,"ok"
"0041f0c0","FUN_0041f0c0","Global",88,false,false,"ok"
"0041f130","FUN_0041f130","Global",8,false,false,"ok"
"0041f1d0","FUN_0041f1d0","Global",264,false,false,"ok"
"0041f2f0","FUN_0041f2f0","Global",60,false,false,"ok"
"0041f350","FUN_0041f350","Global",96,false,false,"ok"
"0041f3c0","FUN_0041f3c0","Global",112,false,false,"ok"
"0041f440","FUN_0041f440","Global",80,false,false,"ok"
"0041f520","FUN_0041f520","Global",8,false,false,"ok"
"0041f590","FUN_0041f590","Global",80,false,false,"ok"
"0041f5f0","FUN_0041f5f0","Global",20,false,false,"ok"
"0041f6e0","FUN_0041f6e0","Global",16,false,false,"ok"
"0041f7a0","FUN_0041f7a0","Global",40,false,false,"ok"
"0041f850","FUN_0041f850","Global",44,false,false,"ok"
"0041f890","FUN_0041f890","Global",28,false,false,"ok"
"0041f9c0","FUN_0041f9c0","Global",32,false,false,"ok"
"0041fb30","FUN_0041fb30","Global",28,false,false,"ok"
"0041fb90","FUN_0041fb90","Global",80,false,false,"ok"
"0041fbf0","FUN_0041fbf0","Global",12,false,false,"ok"
"0041fd60","FUN_0041fd60","Global",8,false,false,"ok"
"0041fdb0","FUN_0041fdb0","Global",60,false,false,"ok"
"0041fe00","FUN_0041fe00","Global",8,false,false,"ok"
"00420260","FUN_00420260","Global",380,false,false,"ok"
"004203f0","FUN_004203f0","Global",8,false,false,"ok"
"00420450","FUN_00420450","Global",80,false,false,"ok"
"004204c0","FUN_004204c0","Global",72,false,false,"ok"
"00420530","FUN_00420530","Global",8,false,false,"ok"
"00420590","FUN_00420590","Global",80,false,false,"ok"
"00420600","FUN_00420600","Global",72,false,false,"ok"
"00420670","FUN_00420670","Global",28,false,false,"ok"
"004206c0","FUN_004206c0","Global",80,false,false,"ok"
"00420730","FUN_00420730","Global",124,false,false,"ok"
"004207d0","FUN_004207d0","Global",20,false,false,"ok"
"00420810","FUN_00420810","Global",80,false,false,"ok"
"00420870","FUN_00420870","Global",108,false,false,"ok"
"00420a70","FUN_00420a70","Global",160,false,false,"ok"
"00420b20","FUN_00420b20","Global",216,false,false,"ok"
"00420c10","FUN_00420c10","Global",20,false,false,"ok"
"00420c60","FUN_00420c60","Global",80,false,false,"ok"
"00420cc0","FUN_00420cc0","Global",8,false,false,"ok"
"00420f20","FUN_00420f20","Global",20,false,false,"ok"
"00420f80","FUN_00420f80","Global",8,false,false,"ok"
"00421030","FUN_00421030","Global",8,false,false,"ok"
"004210d0","FUN_004210d0","Global",12,false,false,"ok"
"00421160","FUN_00421160","Global",16,false,false,"ok"
"00421290","FUN_00421290","Global",8,false,false,"ok"
"004212a0","FUN_004212a0","Global",36,false,false,"ok"
"004213d0","FUN_004213d0","Global",132,false,false,"ok"
"00421470","FUN_00421470","Global",136,false,false,"ok"
"00421510","FUN_00421510","Global",36,false,false,"ok"
"00421540","FUN_00421540","Global",16,false,false,"ok"
"004215b0","FUN_004215b0","Global",52,false,false,"ok"
"00421600","FUN_00421600","Global",16,false,false,"ok"
"00421810","FUN_00421810","Global",12,false,false,"ok"
"00421960","FUN_00421960","Global",80,false,false,"ok"
"004219c0","FUN_004219c0","Global",136,false,false,"ok"
"00421a60","FUN_00421a60","Global",16,false,false,"ok"
"00421b00","FUN_00421b00","Global",32,false,false,"ok"
"00421c40","FUN_00421c40","Global",1,false,false,"ok"
"00421c50","FUN_00421c50","Global",32,false,false,"ok"
"00421da0","FUN_00421da0","Global",80,false,false,"ok"
"00421e00","FUN_00421e00","Global",116,false,false,"ok"
"00421e80","FUN_00421e80","Global",16,false,false,"ok"
"00421f20","FUN_00421f20","Global",24,false,false,"ok"
"00422050","FUN_00422050","Global",16,false,false,"ok"
"00422150","FUN_00422150","Global",112,false,false,"ok"
"004221d0","FUN_004221d0","Global",8,false,false,"ok"
"00422270","FUN_00422270","Global",116,false,false,"ok"
"004222f0","FUN_004222f0","Global",20,false,false,"ok"
"00422330","FUN_00422330","Global",80,false,false,"ok"
"004223a0","FUN_004223a0","Global",60,false,false,"ok"
"004223f0","FUN_004223f0","Global",20,false,false,"ok"
"00422430","FUN_00422430","Global",80,false,false,"ok"
"004224a0","FUN_004224a0","Global",8,false,false,"ok"
"00422610","FUN_00422610","Global",20,false,false,"ok"
"00422870","FUN_00422870","Global",28,false,false,"ok"
"004228d0","FUN_004228d0","Global",80,false,false,"ok"
"00422930","FUN_00422930","Global",40,false,false,"ok"
"00422980","FUN_00422980","Global",16,false,false,"ok"
"00422b50","FUN_00422b50","Global",52,false,false,"ok"
"00422b90","FUN_00422b90","Global",8,false,false,"ok"
"00422df0","FUN_00422df0","Global",216,false,false,"ok"
"00422f30","FUN_00422f30","Global",12,false,false,"ok"
"00423110","FUN_00423110","Global",20,false,false,"ok"
"00423150","FUN_00423150","Global",80,false,false,"ok"
"00423250","FUN_00423250","Global",148,false,false,"ok"
"00423300","FUN_00423300","Global",68,false,false,"ok"
"00423390","FUN_00423390","Global",20,false,false,"ok"
"004233d0","FUN_004233d0","Global",80,false,false,"ok"
"00423430","FUN_00423430","Global",8,false,false,"ok"
"00423520","FUN_00423520","Global",460,false,false,"ok"
"00423720","FUN_00423720","Global",32,false,false,"ok"
"00423750","FUN_00423750","Global",28,false,false,"ok"
"004237d0","FUN_004237d0","Global",160,false,false,"ok"
"00423880","FUN_00423880","Global",8,false,false,"ok"
"00423960","FUN_00423960","Global",64,false,false,"ok"
"004239b0","FUN_004239b0","Global",148,false,false,"ok"
"00423a70","FUN_00423a70","Global",48,false,false,"ok"
"00423ae0","FUN_00423ae0","Global",112,false,false,"ok"
"00423b60","FUN_00423b60","Global",140,false,false,"ok"
"00423c30","FUN_00423c30","Global",8,false,false,"ok"
"00423d00","FUN_00423d00","Global",20,false,false,"ok"
"00423e50","FUN_00423e50","Global",72,false,false,"ok"
"00423ea0","FUN_00423ea0","Global",16,false,false,"ok"
"00423f50","FUN_00423f50","Global",16,false,false,"ok"
"00424010","FUN_00424010","Global",28,false,false,"ok"
"00424070","FUN_00424070","Global",108,false,false,"ok"
"004240f0","FUN_004240f0","Global",12,false,false,"ok"
"004241b0","FUN_004241b0","Global",156,false,false,"ok"
"00424280","FUN_00424280","Global",92,false,false,"ok"
"00424310","FUN_00424310","Global",8,false,false,"ok"
"004243c0","FUN_004243c0","Global",44,false,false,"ok"
"00424410","FUN_00424410","Global",80,false,false,"ok"
"00424470","FUN_00424470","Global",56,false,false,"ok"
"004244d0","FUN_004244d0","Global",48,false,false,"ok"
"00424530","FUN_00424530","Global",64,false,false,"ok"
"00424590","FUN_00424590","Global",80,false,false,"ok"
"004245f0","FUN_004245f0","Global",56,false,false,"ok"
"00424670","FUN_00424670","Global",36,false,false,"ok"
"004246b0","FUN_004246b0","Global",36,false,false,"ok"
"004246f0","FUN_004246f0","Global",52,false,false,"ok"
"00424740","FUN_00424740","Global",80,false,false,"ok"
"004247a0","FUN_004247a0","Global",60,false,false,"ok"
"00424810","FUN_00424810","Global",80,false,false,"ok"
"00424870","FUN_00424870","Global",60,false,false,"ok"
"004248e0","FUN_004248e0","Global",36,false,false,"ok"
"00424920","FUN_00424920","Global",36,false,false,"ok"
"004249b0","FUN_004249b0","Global",80,false,false,"ok"
"00424a10","FUN_00424a10","Global",12,false,false,"ok"
"00424ab0","FUN_00424ab0","Global",36,false,false,"ok"
"00424b00","FUN_00424b00","Global",36,false,false,"ok"
"00424b40","FUN_00424b40","Global",52,false,false,"ok"
"00424b90","FUN_00424b90","Global",52,false,false,"ok"
"00424be0","FUN_00424be0","Global",52,false,false,"ok"
"00424c30","FUN_00424c30","Global",52,false,false,"ok"
"00424c80","FUN_00424c80","Global",52,false,false,"ok"
"00424cd0","FUN_00424cd0","Global",20,false,false,"ok"
"00424e10","FUN_00424e10","Global",36,false,false,"ok"
"00424e50","FUN_00424e50","Global",36,false,false,"ok"
"00424e90","FUN_00424e90","Global",52,false,false,"ok"
"00424ee0","FUN_00424ee0","Global",52,false,false,"ok"
"00424f30","FUN_00424f30","Global",52,false,false,"ok"
"00424f80","FUN_00424f80","Global",52,false,false,"ok"
"00424fd0","FUN_00424fd0","Global",96,false,false,"ok"
"00425040","FUN_00425040","Global",76,false,false,"ok"
"004250c0","FUN_004250c0","Global",96,false,false,"ok"
"00425130","FUN_00425130","Global",76,false,false,"ok"
"004251b0","FUN_004251b0","Global",96,false,false,"ok"
"00425220","FUN_00425220","Global",76,false,false,"ok"
"004252a0","FUN_004252a0","Global",96,false,false,"ok"
"00425310","FUN_00425310","Global",76,false,false,"ok"
"00425390","FUN_00425390","Global",52,false,false,"ok"
"004253e0","FUN_004253e0","Global",52,false,false,"ok"
"00425430","FUN_00425430","Global",72,false,false,"ok"
"00425490","FUN_00425490","Global",52,false,false,"ok"
"004254e0","FUN_004254e0","Global",72,false,false,"ok"
"00425540","FUN_00425540","Global",36,false,false,"ok"
"00425580","FUN_00425580","Global",60,false,false,"ok"
"004255e0","FUN_004255e0","Global",52,false,false,"ok"
"00425630","FUN_00425630","Global",52,false,false,"ok"
"00425680","FUN_00425680","Global",52,false,false,"ok"
"004256d0","FUN_004256d0","Global",52,false,false,"ok"
"00425720","FUN_00425720","Global",68,false,false,"ok"
"00425790","FUN_00425790","Global",104,false,false,"ok"
"00425820","FUN_00425820","Global",36,false,false,"ok"
"00425870","FUN_00425870","Global",36,false,false,"ok"
"004258b0","FUN_004258b0","Global",52,false,false,"ok"
"00425900","FUN_00425900","Global",72,false,false,"ok"
"00425960","FUN_00425960","Global",52,false,false,"ok"
"004259b0","FUN_004259b0","Global",116,false,false,"ok"
"00425a40","FUN_00425a40","Global",80,false,false,"ok"
"00425aa0","FUN_00425aa0","Global",44,false,false,"ok"
"00425b00","FUN_00425b00","Global",52,false,false,"ok"
"00425b60","FUN_00425b60","Global",52,false,false,"ok"
"00425bc0","FUN_00425bc0","Global",52,false,false,"ok"
"00425c20","FUN_00425c20","Global",80,false,false,"ok"
"00425c80","FUN_00425c80","Global",64,false,false,"ok"
"00425d20","FUN_00425d20","Global",60,false,false,"ok"
"00425d80","FUN_00425d80","Global",52,false,false,"ok"
"00425de0","FUN_00425de0","Global",28,false,false,"ok"
"00425f10","FUN_00425f10","Global",172,false,false,"ok"
"00425fd0","FUN_00425fd0","Global",148,false,false,"ok"
"00426080","FUN_00426080","Global",12,false,false,"ok"
"004265e0","FUN_004265e0","Global",224,false,false,"ok"
"004266d0","FUN_004266d0","Global",16,false,false,"ok"
"00426850","FUN_00426850","Global",16,false,false,"ok"
"00426b40","FUN_00426b40","Global",20,false,false,"ok"
"004276a0","FUN_004276a0","Global",12,false,false,"ok"
"004289b0","FUN_004289b0","Global",16,false,false,"ok"
"00428e10","FUN_00428e10","Global",8,false,false,"ok"
"00429b10","FUN_00429b10","Global",8,false,false,"ok"
"00429bc0","FUN_00429bc0","Global",156,false,false,"ok"
"00429c70","FUN_00429c70","Global",104,false,false,"ok"
"00429cf0","FUN_00429cf0","Global",152,false,false,"ok"
"00429da0","FUN_00429da0","Global",36,false,false,"ok"
"00429df0","FUN_00429df0","Global",80,false,false,"ok"
"00429e50","FUN_00429e50","Global",44,false,false,"ok"
"00429eb0","FUN_00429eb0","Global",80,false,false,"ok"
"00429f10","FUN_00429f10","Global",36,false,false,"ok"
"00429f60","FUN_00429f60","Global",80,false,false,"ok"
"00429fc0","FUN_00429fc0","Global",44,false,false,"ok"
"0042a020","FUN_0042a020","Global",80,false,false,"ok"
"0042a080","FUN_0042a080","Global",16,false,false,"ok"
"0042a100","FUN_0042a100","Global",112,false,false,"ok"
"0042a180","FUN_0042a180","Global",168,false,false,"ok"
"0042a330","FUN_0042a330","Global",128,false,false,"ok"
"0042a3c0","FUN_0042a3c0","Global",8,false,false,"ok"
"0042a440","FUN_0042a440","Global",104,false,false,"ok"
"0042a4c0","FUN_0042a4c0","Global",12,false,false,"ok"
"0042a5a0","FUN_0042a5a0","Global",88,false,false,"ok"
"0042a610","FUN_0042a610","Global",228,false,false,"ok"
"0042a710","FUN_0042a710","Global",88,false,false,"ok"
"0042a780","FUN_0042a780","Global",20,false,false,"ok"
"0042a820","FUN_0042a820","Global",112,false,false,"ok"
"0042a8a0","FUN_0042a8a0","Global",12,false,false,"ok"
"0042a980","FUN_0042a980","Global",112,false,false,"ok"
"0042aa00","FUN_0042aa00","Global",288,false,false,"ok"
"0042ab30","FUN_0042ab30","Global",88,false,false,"ok"
"0042aba0","FUN_0042aba0","Global",20,false,false,"ok"
"0042ac50","FUN_0042ac50","Global",140,false,false,"ok"
"0042acf0","FUN_0042acf0","Global",8,false,false,"ok"
"0042aea0","FUN_0042aea0","Global",192,false,false,"ok"
"0042af70","FUN_0042af70","Global",484,false,false,"ok"
"0042b380","FUN_0042b380","Global",12,false,false,"ok"
"0042b680","FUN_0042b680","Global",28,false,false,"ok"
"0042b6e0","FUN_0042b6e0","Global",112,false,false,"ok"
"0042b760","FUN_0042b760","Global",8,false,false,"ok"
"0042b830","FUN_0042b830","Global",96,false,false,"ok"
"0042b8a0","FUN_0042b8a0","Global",8,false,false,"ok"
"0042b960","FUN_0042b960","Global",16,false,false,"ok"
"0042bc30","FUN_0042bc30","Global",72,false,false,"ok"
"0042bc80","FUN_0042bc80","Global",44,false,false,"ok"
"0042bd20","FUN_0042bd20","Global",28,false,false,"ok"
"0042bd80","FUN_0042bd80","Global",112,false,false,"ok"
"0042be00","FUN_0042be00","Global",168,false,false,"ok"
"0042bec0","FUN_0042bec0","Global",64,false,false,"ok"
"0042bf20","FUN_0042bf20","Global",180,false,false,"ok"
"0042bff0","FUN_0042bff0","Global",28,false,false,"ok"
"0042c060","FUN_0042c060","Global",140,false,false,"ok"
"0042c100","FUN_0042c100","Global",8,false,false,"ok"
"0042c300","FUN_0042c300","Global",76,false,false,"ok"
"0042c360","FUN_0042c360","Global",8,false,false,"ok"
"0042c430","FUN_0042c430","Global",372,false,false,"ok"
"0042c5f0","FUN_0042c5f0","Global",28,false,false,"ok"
"0042c6c0","FUN_0042c6c0","Global",156,false,false,"ok"
"0042c770","FUN_0042c770","Global",28,false,false,"ok"
"0042cd80","FUN_0042cd80","Global",12,false,false,"ok"
"0042d1e0","FUN_0042d1e0","Global",8,false,false,"ok"
"0042da30","FUN_0042da30","Global",16,false,false,"ok"
"0042dbe0","FUN_0042dbe0","Global",284,false,false,"ok"
"0042dd10","FUN_0042dd10","Global",220,false,false,"ok"
"0042de50","FUN_0042de50","Global",76,false,false,"ok"
"0042deb0","FUN_0042deb0","Global",8,false,false,"ok"
"0042df20","FUN_0042df20","Global",112,false,false,"ok"
"0042dfd0","FUN_0042dfd0","Global",76,false,false,"ok"
"0042e050","FUN_0042e050","Global",128,false,false,"ok"
"0042e110","FUN_0042e110","Global",20,false,false,"ok"
"0042e1a0","FUN_0042e1a0","Global",104,false,false,"ok"
"0042e220","FUN_0042e220","Global",8,false,false,"ok"
"0042e310","FUN_0042e310","Global",52,false,false,"ok"
"0042e360","FUN_0042e360","Global",136,false,false,"ok"
"0042e410","FUN_0042e410","Global",28,false,false,"ok"
"0042e4c0","FUN_0042e4c0","Global",104,false,false,"ok"
"0042e540","FUN_0042e540","Global",8,false,false,"ok"
"0042e6f0","FUN_0042e6f0","Global",52,false,false,"ok"
"0042e740","FUN_0042e740","Global",312,false,false,"ok"
"0042e8a0","FUN_0042e8a0","Global",8,false,false,"ok"
"0042e920","FUN_0042e920","Global",112,false,false,"ok"
"0042e9a0","FUN_0042e9a0","Global",52,false,false,"ok"
"0042e9e0","FUN_0042e9e0","Global",8,false,false,"ok"
"0042ea70","FUN_0042ea70","Global",76,false,false,"ok"
"0042ead0","FUN_0042ead0","Global",304,false,false,"ok"
"0042ec20","FUN_0042ec20","Global",272,false,false,"ok"
"0042edf0","FUN_0042edf0","Global",12,false,false,"ok"
"0042ef70","FUN_0042ef70","Global",164,false,false,"ok"
"0042f040","FUN_0042f040","Global",12,false,false,"ok"
"0042f290","FUN_0042f290","Global",56,false,false,"ok"
"0042f2e0","FUN_0042f2e0","Global",12,false,false,"ok"
"0042f3d0","FUN_0042f3d0","Global",16,false,false,"ok"
"00430060","FUN_00430060","Global",8,false,false,"ok"
"004301a0","FUN_004301a0","Global",76,false,false,"ok"
"00430230","FUN_00430230","Global",132,false,false,"ok"
"004302f0","FUN_004302f0","Global",68,false,false,"ok"
"00430360","FUN_00430360","Global",12,false,false,"ok"
"00430550","FUN_00430550","Global",12,false,false,"ok"
"00430920","FUN_00430920","Global",24,false,false,"ok"
"00430e50","FUN_00430e50","Global",16,false,false,"ok"
"00431010","FUN_00431010","Global",20,false,false,"ok"
"004310b0","FUN_004310b0","Global",28,false,false,"ok"
"00431130","FUN_00431130","Global",160,false,false,"ok"
"004311e0","FUN_004311e0","Global",8,false,false,"ok"
"004314b0","FUN_004314b0","Global",8,false,false,"ok"
"00431650","FUN_00431650","Global",8,false,false,"ok"
"00431770","FUN_00431770","Global",400,false,false,"ok"
"00431950","FUN_00431950","Global",40,false,false,"ok"
"00431980","FUN_00431980","Global",48,false,false,"ok"
"004319c0","FUN_004319c0","Global",80,false,false,"ok"
"00431a20","FUN_00431a20","Global",136,false,false,"ok"
"00431b80","FUN_00431b80","Global",8,false,false,"ok"
"00431bf0","FUN_00431bf0","Global",112,false,false,"ok"
"00431c70","FUN_00431c70","Global",28,false,false,"ok"
"00431de0","FUN_00431de0","Global",12,false,false,"ok"
"00431e70","FUN_00431e70","Global",80,false,false,"ok"
"00431ed0","FUN_00431ed0","Global",60,false,false,"ok"
"00431f20","FUN_00431f20","Global",32,false,false,"ok"
"00431fd0","FUN_00431fd0","Global",8,false,false,"ok"
"00432220","FUN_00432220","Global",8,false,false,"ok"
"004324c0","FUN_004324c0","Global",8,false,false,"ok"
"004325d0","FUN_004325d0","Global",112,false,false,"ok"
"00432650","FUN_00432650","Global",132,false,false,"ok"
"004326e0","FUN_004326e0","Global",96,false,false,"ok"
"00432760","FUN_00432760","Global",20,false,false,"ok"
"004327a0","FUN_004327a0","Global",80,false,false,"ok"
"00432810","FUN_00432810","Global",8,false,false,"ok"
"00432a10","FUN_00432a10","Global",28,false,false,"ok"
"00432a70","FUN_00432a70","Global",132,false,false,"ok"
"00432b10","FUN_00432b10","Global",52,false,false,"ok"
"00432b50","FUN_00432b50","Global",384,false,false,"ok"
"00432cf0","FUN_00432cf0","Global",8,false,false,"ok"
"00432f80","FUN_00432f80","Global",116,false,false,"ok"
"00433010","FUN_00433010","Global",8,false,false,"ok"
"004330b0","FUN_004330b0","Global",220,false,false,"ok"
"004331a0","FUN_004331a0","Global",8,false,false,"ok"
"00433200","FUN_00433200","Global",80,false,false,"ok"
"00433260","FUN_00433260","Global",64,false,false,"ok"
"004332b0","FUN_004332b0","Global",216,false,false,"ok"
"004333a0","FUN_004333a0","Global",60,false,false,"ok"
"00433400","FUN_00433400","Global",52,false,false,"ok"
"00433450","FUN_00433450","Global",36,false,false,"ok"
"00433490","FUN_00433490","Global",76,false,false,"ok"
"00433500","FUN_00433500","Global",72,false,false,"ok"
"00433570","FUN_00433570","Global",64,false,false,"ok"
"004335d0","FUN_004335d0","Global",60,false,false,"ok"
"00433630","FUN_00433630","Global",68,false,false,"ok"
"00433690","FUN_00433690","Global",100,false,false,"ok"
"00433710","FUN_00433710","Global",52,false,false,"ok"
"00433760","FUN_00433760","Global",68,false,false,"ok"
"004337c0","FUN_004337c0","Global",60,false,false,"ok"
"00433820","FUN_00433820","Global",80,false,false,"ok"
"00433880","FUN_00433880","Global",12,false,false,"ok"
"00433910","FUN_00433910","Global",80,false,false,"ok"
"00433970","FUN_00433970","Global",72,false,false,"ok"
"004339f0","FUN_004339f0","Global",52,false,false,"ok"
"00433a40","FUN_00433a40","Global",64,false,false,"ok"
"00433aa0","FUN_00433aa0","Global",52,false,false,"ok"
"00433af0","FUN_00433af0","Global",52,false,false,"ok"
"00433b40","FUN_00433b40","Global",52,false,false,"ok"
"00433b90","FUN_00433b90","Global",60,false,false,"ok"
"00433bf0","FUN_00433bf0","Global",68,false,false,"ok"
"00433c50","FUN_00433c50","Global",60,false,false,"ok"
"00433cb0","FUN_00433cb0","Global",52,false,false,"ok"
"00433d00","FUN_00433d00","Global",60,false,false,"ok"
"00433d60","FUN_00433d60","Global",60,false,false,"ok"
"00433dc0","FUN_00433dc0","Global",76,false,false,"ok"
"00433e30","FUN_00433e30","Global",60,false,false,"ok"
"00433e90","FUN_00433e90","Global",80,false,false,"ok"
"00433f20","FUN_00433f20","Global",44,false,false,"ok"
"00433f80","FUN_00433f80","Global",8,false,false,"ok"
"00434090","FUN_00434090","Global",140,false,false,"ok"
"00434130","FUN_00434130","Global",8,false,false,"ok"
"00434360","FUN_00434360","Global",12,false,false,"ok"
"00434440","FUN_00434440","Global",108,false,false,"ok"
"004344e0","FUN_004344e0","Global",924,false,false,"ok"
"00434890","FUN_00434890","Global",12,false,false,"ok"
"00434ba0","FUN_00434ba0","Global",440,false,false,"ok"
"00434dc0","FUN_00434dc0","Global",8,false,false,"ok"
"00435470","FUN_00435470","Global",20,false,false,"ok"
"00435520","FUN_00435520","Global",136,false,false,"ok"
"004355f0","FUN_004355f0","Global",100,false,false,"ok"
"00435670","FUN_00435670","Global",60,false,false,"ok"
"004356d0","FUN_004356d0","Global",272,false,false,"ok"
"00435950","FUN_00435950","Global",8,false,false,"ok"
"00435a90","FUN_00435a90","Global",20,false,false,"ok"
"00435b30","FUN_00435b30","Global",8,false,false,"ok"
"00435c10","FUN_00435c10","Global",188,false,false,"ok"
"00435ce0","FUN_00435ce0","Global",8,false,false,"ok"
"00435f90","FUN_00435f90","Global",28,false,false,"ok"
"00435fc0","FUN_00435fc0","Global",156,false,false,"ok"
"00436070","FUN_00436070","Global",84,false,false,"ok"
"004360e0","FUN_004360e0","Global",88,false,false,"ok"
"00436150","FUN_00436150","Global",12,false,false,"ok"
"004361d0","FUN_004361d0","Global",136,false,false,"ok"
"004362a0","FUN_004362a0","Global",76,false,false,"ok"
"00436300","FUN_00436300","Global",28,false,false,"ok"
"00436330","FUN_00436330","Global",12,false,false,"ok"
"00436400","FUN_00436400","Global",12,false,false,"ok"
"00436480","FUN_00436480","Global",136,false,false,"ok"
"00436570","FUN_00436570","Global",180,false,false,"ok"
"00436680","FUN_00436680","Global",28,false,false,"ok"
"004366b0","FUN_004366b0","Global",12,false,false,"ok"
"004367c0","FUN_004367c0","Global",12,false,false,"ok"
"00436840","FUN_00436840","Global",136,false,false,"ok"
"004368e0","FUN_004368e0","Global",120,false,false,"ok"
"00436970","FUN_00436970","Global",288,false,false,"ok"
"00436ad0","FUN_00436ad0","Global",28,false,false,"ok"
"00436b00","FUN_00436b00","Global",156,false,false,"ok"
"00436bb0","FUN_00436bb0","Global",84,false,false,"ok"
"00436c20","FUN_00436c20","Global",104,false,false,"ok"
"00436ca0","FUN_00436ca0","Global",12,false,false,"ok"
"00436d20","FUN_00436d20","Global",136,false,false,"ok"
"00436dc0","FUN_00436dc0","Global",136,false,false,"ok"
"00436e60","FUN_00436e60","Global",236,false,false,"ok"
"00436f60","FUN_00436f60","Global",28,false,false,"ok"
"00436f90","FUN_00436f90","Global",12,false,false,"ok"
"00437270","FUN_00437270","Global",156,false,false,"ok"
"00437330","FUN_00437330","Global",12,false,false,"ok"
"004373b0","FUN_004373b0","Global",136,false,false,"ok"
"00437480","FUN_00437480","Global",336,false,false,"ok"
"00437640","FUN_00437640","Global",28,false,false,"ok"
"00437670","FUN_00437670","Global",16,false,false,"ok"
"004377f0","FUN_004377f0","Global",12,false,false,"ok"
"00437870","FUN_00437870","Global",136,false,false,"ok"
"00437940","FUN_00437940","Global",76,false,false,"ok"
"004379a0","FUN_004379a0","Global",68,false,false,"ok"
"00437a20","FUN_00437a20","Global",76,false,false,"ok"
"00437ad0","FUN_00437ad0","Global",8,false,false,"ok"
"00437b40","FUN_00437b40","Global",112,false,false,"ok"
"00437bc0","FUN_00437bc0","Global",144,false,false,"ok"
"00437c60","FUN_00437c60","Global",36,false,false,"ok"
"00437c90","FUN_00437c90","Global",244,false,false,"ok"
"00437da0","FUN_00437da0","Global",12,false,false,"ok"
"00437e20","FUN_00437e20","Global",112,false,false,"ok"
"00437ea0","FUN_00437ea0","Global",56,false,false,"ok"
"00437ee0","FUN_00437ee0","Global",64,false,false,"ok"
"00438020","FUN_00438020","Global",20,false,false,"ok"
"004380e0","FUN_004380e0","Global",156,false,false,"ok"
"00438190","FUN_00438190","Global",64,false,false,"ok"
"004381e0","FUN_004381e0","Global",52,false,false,"ok"
"00438350","FUN_00438350","Global",180,false,false,"ok"
"00438420","FUN_00438420","Global",12,false,false,"ok"
"004384b0","FUN_004384b0","Global",112,false,false,"ok"
"00438530","FUN_00438530","Global",12,false,false,"ok"
"00438990","FUN_00438990","Global",8,false,false,"ok"
"00438a10","FUN_00438a10","Global",112,false,false,"ok"
"00438a90","FUN_00438a90","Global",16,false,false,"ok"
"00439080","FUN_00439080","Global",12,false,false,"ok"
"00439110","FUN_00439110","Global",136,false,false,"ok"
"004391e0","FUN_004391e0","Global",324,false,false,"ok"
"00439380","FUN_00439380","Global",40,false,false,"ok"
"004393e0","FUN_004393e0","Global",96,false,false,"ok"
"00439460","FUN_00439460","Global",8,false,false,"ok"
"00439630","FUN_00439630","Global",12,false,false,"ok"
"004396f0","FUN_004396f0","Global",136,false,false,"ok"
"00439790","FUN_00439790","Global",12,false,false,"ok"
"00439870","FUN_00439870","Global",304,false,false,"ok"
"00439be0","FUN_00439be0","Global",56,false,false,"ok"
"00439d10","FUN_00439d10","Global",144,false,false,"ok"
"00439dc0","FUN_00439dc0","Global",84,false,false,"ok"
"00439e40","FUN_00439e40","Global",8,false,false,"ok"
"00439eb0","FUN_00439eb0","Global",112,false,false,"ok"
"00439f30","FUN_00439f30","Global",8,false,false,"ok"
"0043a040","FUN_0043a040","Global",12,false,false,"ok"
"0043a0d0","FUN_0043a0d0","Global",112,false,false,"ok"
"0043a150","FUN_0043a150","Global",20,false,false,"ok"
"0043a5b0","FUN_0043a5b0","Global",912,false,false,"ok"
"0043a9a0","FUN_0043a9a0","Global",20,false,false,"ok"
"0043aa30","FUN_0043aa30","Global",136,false,false,"ok"
"0043aad0","FUN_0043aad0","Global",136,false,false,"ok"
"0043ab70","FUN_0043ab70","Global",8,false,false,"ok"
"0043ad30","FUN_0043ad30","Global",28,false,false,"ok"
"0043ad60","FUN_0043ad60","Global",164,false,false,"ok"
"0043ae20","FUN_0043ae20","Global",84,false,false,"ok"
"0043ae90","FUN_0043ae90","Global",196,false,false,"ok"
"0043af60","FUN_0043af60","Global",20,false,false,"ok"
"0043b000","FUN_0043b000","Global",136,false,false,"ok"
"0043b0a0","FUN_0043b0a0","Global",136,false,false,"ok"
"0043b140","FUN_0043b140","Global",256,false,false,"ok"
"0043b2b0","FUN_0043b2b0","Global",156,false,false,"ok"
"0043b380","FUN_0043b380","Global",144,false,false,"ok"
"0043b430","FUN_0043b430","Global",96,false,false,"ok"
"0043b4d0","FUN_0043b4d0","Global",8,false,false,"ok"
"0043b540","FUN_0043b540","Global",112,false,false,"ok"
"0043b5c0","FUN_0043b5c0","Global",8,false,false,"ok"
"0043ba40","FUN_0043ba40","Global",12,false,false,"ok"
"0043bac0","FUN_0043bac0","Global",132,false,false,"ok"
"0043bb60","FUN_0043bb60","Global",108,false,false,"ok"
"0043bbe0","FUN_0043bbe0","Global",264,false,false,"ok"
"0043bd10","FUN_0043bd10","Global",172,false,false,"ok"
"0043bdd0","FUN_0043bdd0","Global",136,false,false,"ok"
"0043be80","FUN_0043be80","Global",76,false,false,"ok"
"0043bee0","FUN_0043bee0","Global",128,false,false,"ok"
"0043bf70","FUN_0043bf70","Global",164,false,false,"ok"
"0043c030","FUN_0043c030","Global",8,false,false,"ok"
"0043c0a0","FUN_0043c0a0","Global",104,false,false,"ok"
"0043c120","FUN_0043c120","Global",52,false,false,"ok"
"0043c160","FUN_0043c160","Global",404,false,false,"ok"
"0043c330","FUN_0043c330","Global",8,false,false,"ok"
"0043c480","FUN_0043c480","Global",616,false,false,"ok"
"0043c710","FUN_0043c710","Global",28,false,false,"ok"
"0043c7d0","FUN_0043c7d0","Global",184,false,false,"ok"
"0043c8d0","FUN_0043c8d0","Global",8,false,false,"ok"
"0043cc00","FUN_0043cc00","Global",52,false,false,"ok"
"0043cc80","FUN_0043cc80","Global",12,false,false,"ok"
"0043cd00","FUN_0043cd00","Global",112,false,false,"ok"
"0043cd80","FUN_0043cd80","Global",156,false,false,"ok"
"0043ce30","FUN_0043ce30","Global",180,false,false,"ok"
"0043cf00","FUN_0043cf00","Global",84,false,false,"ok"
"0043cf70","FUN_0043cf70","Global",96,false,false,"ok"
"0043cff0","FUN_0043cff0","Global",108,false,false,"ok"
"0043d070","FUN_0043d070","Global",136,false,false,"ok"
"0043d110","FUN_0043d110","Global",28,false,false,"ok"
"0043d170","FUN_0043d170","Global",112,false,false,"ok"
"0043d1f0","FUN_0043d1f0","Global",24,false,false,"ok"
"0043d2a0","FUN_0043d2a0","Global",28,false,false,"ok"
"0043d300","FUN_0043d300","Global",112,false,false,"ok"
"0043d380","FUN_0043d380","Global",120,false,false,"ok"
"0043d610","FUN_0043d610","Global",172,false,false,"ok"
"0043d6e0","FUN_0043d6e0","Global",16,false,false,"ok"
"0043d800","FUN_0043d800","Global",28,false,false,"ok"
"0043d860","FUN_0043d860","Global",112,false,false,"ok"
"0043d8e0","FUN_0043d8e0","Global",52,false,false,"ok"
"0043d930","FUN_0043d930","Global",124,false,false,"ok"
"0043d9d0","FUN_0043d9d0","Global",8,false,false,"ok"
"0043da50","FUN_0043da50","Global",136,false,false,"ok"
"0043daf0","FUN_0043daf0","Global",16,false,false,"ok"
"0043e2f0","FUN_0043e2f0","Global",8,false,false,"ok"
"0043e380","FUN_0043e380","Global",112,false,false,"ok"
"0043e400","FUN_0043e400","Global",108,false,false,"ok"
"0043e4c0","FUN_0043e4c0","Global",28,false,false,"ok"
"0043e520","FUN_0043e520","Global",112,false,false,"ok"
"0043e5a0","FUN_0043e5a0","Global",208,false,false,"ok"
"0043e680","FUN_0043e680","Global",120,false,false,"ok"
"0043e730","FUN_0043e730","Global",12,false,false,"ok"
"0043e890","FUN_0043e890","Global",52,false,false,"ok"
"0043e8f0","FUN_0043e8f0","Global",52,false,false,"ok"
"0043e950","FUN_0043e950","Global",52,false,false,"ok"
"0043e9b0","FUN_0043e9b0","Global",52,false,false,"ok"
"0043ea00","FUN_0043ea00","Global",52,false,false,"ok"
"0043ea50","FUN_0043ea50","Global",52,false,false,"ok"
"0043eab0","FUN_0043eab0","Global",60,false,false,"ok"
"0043eb10","FUN_0043eb10","Global",68,false,false,"ok"
"0043eb70","FUN_0043eb70","Global",52,false,false,"ok"
"0043ebc0","FUN_0043ebc0","Global",60,false,false,"ok"
"0043ec20","FUN_0043ec20","Global",52,false,false,"ok"
"0043ec80","FUN_0043ec80","Global",60,false,false,"ok"
"0043ece0","FUN_0043ece0","Global",60,false,false,"ok"
"0043ed40","FUN_0043ed40","Global",96,false,false,"ok"
"0043edd0","FUN_0043edd0","Global",52,false,false,"ok"
"0043ee30","FUN_0043ee30","Global",60,false,false,"ok"
"0043ee90","FUN_0043ee90","Global",60,false,false,"ok"
"0043eef0","FUN_0043eef0","Global",76,false,false,"ok"
"0043ef70","FUN_0043ef70","Global",84,false,false,"ok"
"0043f010","FUN_0043f010","Global",60,false,false,"ok"
"0043f080","FUN_0043f080","Global",52,false,false,"ok"
"0043f0d0","FUN_0043f0d0","Global",60,false,false,"ok"
"0043f130","FUN_0043f130","Global",60,false,false,"ok"
"0043f190","FUN_0043f190","Global",60,false,false,"ok"
"0043f1f0","FUN_0043f1f0","Global",60,false,false,"ok"
"0043f250","FUN_0043f250","Global",60,false,false,"ok"
"0043f2b0","FUN_0043f2b0","Global",60,false,false,"ok"
"0043f310","FUN_0043f310","Global",60,false,false,"ok"
"0043f370","FUN_0043f370","Global",60,false,false,"ok"
"0043f3d0","FUN_0043f3d0","Global",76,false,false,"ok"
"0043f440","FUN_0043f440","Global",16,false,false,"ok"
"0043fab0","FUN_0043fab0","Global",8,false,false,"ok"
"00440290","FUN_00440290","Global",208,false,false,"ok"
"00440450","FUN_00440450","Global",28,false,false,"ok"
"00440b30","FUN_00440b30","Global",12,false,false,"ok"
"00441270","FUN_00441270","Global",8,false,false,"ok"
"00441330","FUN_00441330","Global",8,false,false,"ok"
"004413a0","FUN_004413a0","Global",8,false,false,"ok"
"00441420","FUN_00441420","Global",8,false,false,"ok"
"004414a0","FUN_004414a0","Global",24,false,false,"ok"
"004414c0","FUN_004414c0","Global",12,false,false,"ok"
"00441580","FUN_00441580","Global",16,false,false,"ok"
"004415a0","FUN_004415a0","Global",12,false,false,"ok"
"004415d0","FUN_004415d0","Global",12,false,false,"ok"
"004418b0","FUN_004418b0","Global",312,false,false,"ok"
"00441a40","FUN_00441a40","Global",16,false,false,"ok"
"00441b80","FUN_00441b80","Global",160,false,false,"ok"
"00441cc0","FUN_00441cc0","Global",152,false,false,"ok"
"00441d60","FUN_00441d60","Global",12,false,false,"ok"
"004421a0","FUN_004421a0","Global",16,false,false,"ok"
"00442330","FUN_00442330","Global",20,false,false,"ok"
"00442400","FUN_00442400","Global",104,false,false,"ok"
"00442480","FUN_00442480","Global",72,false,false,"ok"
"004424d0","FUN_004424d0","Global",448,false,false,"ok"
"004426a0","FUN_004426a0","Global",8,false,false,"ok"
"00442af0","FUN_00442af0","Global",52,false,false,"ok"
"00442b30","FUN_00442b30","Global",56,false,false,"ok"
"00442b80","FUN_00442b80","Global",20,false,false,"ok"
"00444480","FUN_00444480","Global",20,false,false,"ok"
"004445b0","FUN_004445b0","Global",20,false,false,"ok"
"00444e40","FUN_00444e40","Global",20,false,false,"ok"
"004450b0","FUN_004450b0","Global",20,false,false,"ok"
"004450f0","FUN_004450f0","Global",108,false,false,"ok"
"00445170","FUN_00445170","Global",116,false,false,"ok"
"00445200","FUN_00445200","Global",68,false,false,"ok"
"00445250","FUN_00445250","Global",64,false,false,"ok"
"004452b0","FUN_004452b0","Global",136,false,false,"ok"
"00445350","FUN_00445350","Global",96,false,false,"ok"
"004453c0","FUN_004453c0","Global",152,false,false,"ok"
"00445470","FUN_00445470","Global",80,false,false,"ok"
"00445510","FUN_00445510","Global",8,false,false,"ok"
"00445590","FUN_00445590","Global",112,false,false,"ok"
"00445620","FUN_00445620","Global",112,false,false,"ok"
"004456d0","FUN_004456d0","Global",108,false,false,"ok"
"00445760","FUN_00445760","Global",136,false,false,"ok"
"00445800","FUN_00445800","Global",164,false,false,"ok"
"004458b0","FUN_004458b0","Global",64,false,false,"ok"
"00445900","FUN_00445900","Global",60,false,false,"ok"
"00445a30","FUN_00445a30","Global",20,false,false,"ok"
"00445ad0","FUN_00445ad0","Global",112,false,false,"ok"
"00445b60","FUN_00445b60","Global",8,false,false,"ok"
"00445be0","FUN_00445be0","Global",8,false,false,"ok"
"00445ce0","FUN_00445ce0","Global",48,false,false,"ok"
"00445d30","FUN_00445d30","Global",268,false,false,"ok"
"00445ea0","FUN_00445ea0","Global",8,false,false,"ok"
"00445f30","FUN_00445f30","Global",112,false,false,"ok"
"00445fc0","FUN_00445fc0","Global",244,false,false,"ok"
"004460e0","FUN_004460e0","Global",16,false,false,"ok"
"00446330","FUN_00446330","Global",172,false,false,"ok"
"00446400","FUN_00446400","Global",60,false,false,"ok"
"00446460","FUN_00446460","Global",68,false,false,"ok"
"00446520","FUN_00446520","Global",344,false,false,"ok"
"00446690","FUN_00446690","Global",8,false,false,"ok"
"00446700","FUN_00446700","Global",112,false,false,"ok"
"00446790","FUN_00446790","Global",12,false,false,"ok"
"00447200","FUN_00447200","Global",8,false,false,"ok"
"004473c0","FUN_004473c0","Global",8,false,false,"ok"
"00447430","FUN_00447430","Global",112,false,false,"ok"
"004474c0","FUN_004474c0","Global",8,false,false,"ok"
"00447710","FUN_00447710","Global",28,false,false,"ok"
"00447840","FUN_00447840","Global",136,false,false,"ok"
"004478e0","FUN_004478e0","Global",8,false,false,"ok"
"00447970","FUN_00447970","Global",8,false,false,"ok"
"00447a10","FUN_00447a10","Global",96,false,false,"ok"
"00447a80","FUN_00447a80","Global",8,false,false,"ok"
"00447e10","FUN_00447e10","Global",12,false,false,"ok"
"00448140","FUN_00448140","Global",60,false,false,"ok"
"00448190","FUN_00448190","Global",28,false,false,"ok"
"004485a0","FUN_004485a0","Global",8,false,false,"ok"
"00448830","FUN_00448830","Global",28,false,false,"ok"
"004489d0","FUN_004489d0","Global",8,false,false,"ok"
"00448b80","FUN_00448b80","Global",168,false,false,"ok"
"00448c40","FUN_00448c40","Global",76,false,false,"ok"
"00448ca0","FUN_00448ca0","Global",8,false,false,"ok"
"00448e90","FUN_00448e90","Global",8,false,false,"ok"
"004490a0","FUN_004490a0","Global",32,false,false,"ok"
"004498b0","FUN_004498b0","Global",8,false,false,"ok"
"00449c30","FUN_00449c30","Global",8,false,false,"ok"
"00449ef0","FUN_00449ef0","Global",564,false,false,"ok"
"0044a1c0","FUN_0044a1c0","Global",12,false,false,"ok"
"0044a280","FUN_0044a280","Global",144,false,false,"ok"
"0044a330","FUN_0044a330","Global",8,false,false,"ok"
"0044a570","FUN_0044a570","Global",12,false,false,"ok"
"0044a840","FUN_0044a840","Global",96,false,false,"ok"
"0044a8b0","FUN_0044a8b0","Global",16,false,false,"ok"
"0044a9b0","FUN_0044a9b0","Global",12,false,false,"ok"
"0044ac50","FUN_0044ac50","Global",196,false,false,"ok"
"0044ad20","FUN_0044ad20","Global",20,false,false,"ok"
"0044ad60","FUN_0044ad60","Global",80,false,false,"ok"
"0044adc0","FUN_0044adc0","Global",108,false,false,"ok"
"0044ae60","FUN_0044ae60","Global",152,false,false,"ok"
"0044af20","FUN_0044af20","Global",8,false,false,"ok"
"0044b0b0","FUN_0044b0b0","Global",8,false,false,"ok"
"0044b3c0","FUN_0044b3c0","Global",20,false,false,"ok"
"0044b460","FUN_0044b460","Global",80,false,false,"ok"
"0044b4d0","FUN_0044b4d0","Global",120,false,false,"ok"
"0044b560","FUN_0044b560","Global",44,false,false,"ok"
"0044b660","FUN_0044b660","Global",16,false,false,"ok"
"0044b6d0","FUN_0044b6d0","Global",12,false,false,"ok"
"0044b780","FUN_0044b780","Global",132,false,false,"ok"
"0044b820","FUN_0044b820","Global",68,false,false,"ok"
"0044b8e0","FUN_0044b8e0","Global",44,false,false,"ok"
"0044b940","FUN_0044b940","Global",12,false,false,"ok"
"0044ba20","FUN_0044ba20","Global",96,false,false,"ok"
"0044ba90","FUN_0044ba90","Global",76,false,false,"ok"
"0044bb10","FUN_0044bb10","Global",68,false,false,"ok"
"0044bb70","FUN_0044bb70","Global",76,false,false,"ok"
"0044bbe0","FUN_0044bbe0","Global",8,false,false,"ok"
"0044bc90","FUN_0044bc90","Global",8,false,false,"ok"
"0044bd30","FUN_0044bd30","Global",96,false,false,"ok"
"0044bda0","FUN_0044bda0","Global",76,false,false,"ok"
"0044be20","FUN_0044be20","Global",8,false,false,"ok"
"0044bed0","FUN_0044bed0","Global",20,false,false,"ok"
"0044bf90","FUN_0044bf90","Global",56,false,false,"ok"
"0044c020","FUN_0044c020","Global",8,false,false,"ok"
"0044c0c0","FUN_0044c0c0","Global",56,false,false,"ok"
"0044c150","FUN_0044c150","Global",44,false,false,"ok"
"0044c1b0","FUN_0044c1b0","Global",108,false,false,"ok"
"0044c230","FUN_0044c230","Global",128,false,false,"ok"
"0044c2c0","FUN_0044c2c0","Global",116,false,false,"ok"
"0044c340","FUN_0044c340","Global",64,false,false,"ok"
"0044c3b0","FUN_0044c3b0","Global",16,false,false,"ok"
"0044c580","FUN_0044c580","Global",80,false,false,"ok"
"0044c5e0","FUN_0044c5e0","Global",8,false,false,"ok"
"0044c700","FUN_0044c700","Global",12,false,false,"ok"
"0044c7f0","FUN_0044c7f0","Global",16,false,false,"ok"
"0044c940","FUN_0044c940","Global",172,false,false,"ok"
"0044ca10","FUN_0044ca10","Global",12,false,false,"ok"
"0044cab0","FUN_0044cab0","Global",180,false,false,"ok"
"0044cb80","FUN_0044cb80","Global",8,false,false,"ok"
"0044cf70","FUN_0044cf70","Global",76,false,false,"ok"
"0044cfd0","FUN_0044cfd0","Global",56,false,false,"ok"
"0044d020","FUN_0044d020","Global",136,false,false,"ok"
"0044d0c0","FUN_0044d0c0","Global",16,false,false,"ok"
"0044d7a0","FUN_0044d7a0","Global",12,false,false,"ok"
"0044da00","FUN_0044da00","Global",616,false,false,"ok"
"0044dd00","FUN_0044dd00","Global",12,false,false,"ok"
"0044dda0","FUN_0044dda0","Global",140,false,false,"ok"
"0044de50","FUN_0044de50","Global",8,false,false,"ok"
"0044df80","FUN_0044df80","Global",188,false,false,"ok"
"0044e050","FUN_0044e050","Global",8,false,false,"ok"
"0044e1d0","FUN_0044e1d0","Global",288,false,false,"ok"
"0044e300","FUN_0044e300","Global",28,false,false,"ok"
"0044e370","FUN_0044e370","Global",8,false,false,"ok"
"0044e3f0","FUN_0044e3f0","Global",128,false,false,"ok"
"0044e490","FUN_0044e490","Global",24,false,false,"ok"
"0044e650","FUN_0044e650","Global",8,false,false,"ok"
"0044e9e0","FUN_0044e9e0","Global",240,false,false,"ok"
"0044eb30","FUN_0044eb30","Global",28,false,false,"ok"
"0044eb80","FUN_0044eb80","Global",80,false,false,"ok"
"0044ebe0","FUN_0044ebe0","Global",76,false,false,"ok"
"0044ec40","FUN_0044ec40","Global",60,false,false,"ok"
"0044ec90","FUN_0044ec90","Global",8,false,false,"ok"
"0044ed40","FUN_0044ed40","Global",92,false,false,"ok"
"0044edb0","FUN_0044edb0","Global",56,false,false,"ok"
"0044ee20","FUN_0044ee20","Global",96,false,false,"ok"
"0044ee90","FUN_0044ee90","Global",76,false,false,"ok"
"0044ef10","FUN_0044ef10","Global",8,false,false,"ok"
"0044f040","FUN_0044f040","Global",12,false,false,"ok"
"0044f100","FUN_0044f100","Global",80,false,false,"ok"
"0044f160","FUN_0044f160","Global",80,false,false,"ok"
"0044f200","FUN_0044f200","Global",12,false,false,"ok"
"0044f2c0","FUN_0044f2c0","Global",56,false,false,"ok"
"0044f330","FUN_0044f330","Global",56,false,false,"ok"
"0044f3d0","FUN_0044f3d0","Global",12,false,false,"ok"
"0044f4a0","FUN_0044f4a0","Global",80,false,false,"ok"
"0044f670","FUN_0044f670","Global",32,false,false,"ok"
"0044f960","FUN_0044f960","Global",72,false,false,"ok"
"0044f9c0","FUN_0044f9c0","Global",8,false,false,"ok"
"0044fa90","FUN_0044fa90","Global",80,false,false,"ok"
"0044faf0","FUN_0044faf0","Global",8,false,false,"ok"
"0044fbb0","FUN_0044fbb0","Global",8,false,false,"ok"
"00450290","FUN_00450290","Global",44,false,false,"ok"
"00450310","FUN_00450310","Global",80,false,false,"ok"
"00450370","FUN_00450370","Global",68,false,false,"ok"
"004503c0","FUN_004503c0","Global",8,false,false,"ok"
"00450440","FUN_00450440","Global",16,false,false,"ok"
"00450660","FUN_00450660","Global",128,false,false,"ok"
"00450740","FUN_00450740","Global",28,false,false,"ok"
"00450970","FUN_00450970","Global",80,false,false,"ok"
"004509d0","FUN_004509d0","Global",8,false,false,"ok"
"00450ae0","FUN_00450ae0","Global",80,false,false,"ok"
"00450b80","FUN_00450b80","Global",80,false,false,"ok"
"00450be0","FUN_00450be0","Global",16,false,false,"ok"
"00450f60","FUN_00450f60","Global",280,false,false,"ok"
"00451090","FUN_00451090","Global",36,false,false,"ok"
"004510f0","FUN_004510f0","Global",80,false,false,"ok"
"00451150","FUN_00451150","Global",12,false,false,"ok"
"00451330","FUN_00451330","Global",88,false,false,"ok"
"004513a0","FUN_004513a0","Global",24,false,false,"ok"
"00451520","FUN_00451520","Global",104,false,false,"ok"
"004515a0","FUN_004515a0","Global",96,false,false,"ok"
"00451610","FUN_00451610","Global",16,false,false,"ok"
"004517f0","FUN_004517f0","Global",264,false,false,"ok"
"00451920","FUN_00451920","Global",12,false,false,"ok"
"00451d40","FUN_00451d40","Global",72,false,false,"ok"
"00451da0","FUN_00451da0","Global",12,false,false,"ok"
"00451f20","FUN_00451f20","Global",112,false,false,"ok"
"00451fa0","FUN_00451fa0","Global",28,false,false,"ok"
"00452360","FUN_00452360","Global",624,false,false,"ok"
"004525e0","FUN_004525e0","Global",16,false,false,"ok"
"00452930","FUN_00452930","Global",420,false,false,"ok"
"00452af0","FUN_00452af0","Global",24,false,false,"ok"
"00452df0","FUN_00452df0","Global",28,false,false,"ok"
"004531e0","FUN_004531e0","Global",12,false,false,"ok"
"00453640","FUN_00453640","Global",8,false,false,"ok"
"004539a0","FUN_004539a0","Global",8,false,false,"ok"
"00453b80","FUN_00453b80","Global",140,false,false,"ok"
"00453c20","FUN_00453c20","Global",88,false,false,"ok"
"00453c90","FUN_00453c90","Global",28,false,false,"ok"
"00453e60","FUN_00453e60","Global",200,false,false,"ok"
"00453fc0","FUN_00453fc0","Global",12,false,false,"ok"
"004542c0","FUN_004542c0","Global",48,false,false,"ok"
"00454300","FUN_00454300","Global",12,false,false,"ok"
"00454520","FUN_00454520","Global",268,false,false,"ok"
"00454640","FUN_00454640","Global",8,false,false,"ok"
"004549b0","FUN_004549b0","Global",8,false,false,"ok"
"00454d10","FUN_00454d10","Global",12,false,false,"ok"
"00455080","FUN_00455080","Global",72,false,false,"ok"
"00455130","FUN_00455130","Global",24,false,false,"ok"
"00455a90","FUN_00455a90","Global",392,false,false,"ok"
"00455c20","FUN_00455c20","Global",204,false,false,"ok"
"00455f20","FUN_00455f20","Global",20,false,false,"ok"
"00456010","FUN_00456010","Global",80,false,false,"ok"
"004560a0","FUN_004560a0","Global",152,false,false,"ok"
"00456140","FUN_00456140","Global",124,false,false,"ok"
"004561d0","FUN_004561d0","Global",12,false,false,"ok"
"00456610","FUN_00456610","Global",16,false,false,"ok"
"00456830","FUN_00456830","Global",8,false,false,"ok"
"00456b30","FUN_00456b30","Global",320,false,false,"ok"
"00456c80","FUN_00456c80","Global",104,false,false,"ok"
"00456e30","FUN_00456e30","Global",100,false,false,"ok"
"00456eb0","FUN_00456eb0","Global",424,false,false,"ok"
"00457180","FUN_00457180","Global",28,false,false,"ok"
"004571f0","FUN_004571f0","Global",32,false,false,"ok"
"00457590","FUN_00457590","Global",12,false,false,"ok"
"004576a0","FUN_004576a0","Global",112,false,false,"ok"
"00457720","FUN_00457720","Global",68,false,false,"ok"
"00457770","FUN_00457770","Global",100,false,false,"ok"
"004577f0","FUN_004577f0","Global",124,false,false,"ok"
"00457880","FUN_00457880","Global",280,false,false,"ok"
"004579b0","FUN_004579b0","Global",8,false,false,"ok"
"00457ab0","FUN_00457ab0","Global",312,false,false,"ok"
"00457c40","FUN_00457c40","Global",8,false,false,"ok"
"00457d70","FUN_00457d70","Global",196,false,false,"ok"
"00457e40","FUN_00457e40","Global",56,false,false,"ok"
"00457e90","FUN_00457e90","Global",16,false,false,"ok"
"00458180","FUN_00458180","Global",12,false,false,"ok"
"004588a0","FUN_004588a0","Global",208,false,false,"ok"
"00458980","FUN_00458980","Global",16,false,false,"ok"
"00458d70","FUN_00458d70","Global",8,false,false,"ok"
"00458fa0","FUN_00458fa0","Global",80,false,false,"ok"
"00459000","FUN_00459000","Global",208,false,false,"ok"
"004590e0","FUN_004590e0","Global",12,false,false,"ok"
"004591c0","FUN_004591c0","Global",12,false,false,"ok"
"004593d0","FUN_004593d0","Global",12,false,false,"ok"
"00459490","FUN_00459490","Global",212,false,false,"ok"
"00459580","FUN_00459580","Global",16,false,false,"ok"
"004596d0","FUN_004596d0","Global",12,false,false,"ok"
"00459820","FUN_00459820","Global",252,false,false,"ok"
"00459930","FUN_00459930","Global",264,false,false,"ok"
"00459a80","FUN_00459a80","Global",124,false,false,"ok"
"00459b10","FUN_00459b10","Global",16,false,false,"ok"
"00459d90","FUN_00459d90","Global",184,false,false,"ok"
"00459ea0","FUN_00459ea0","Global",12,false,false,"ok"
"0045a050","FUN_0045a050","Global",28,false,false,"ok"
"0045a0b0","FUN_0045a0b0","Global",80,false,false,"ok"
"0045a320","FUN_0045a320","Global",80,false,false,"ok"
"0045a380","FUN_0045a380","Global",28,false,false,"ok"
"0045a430","FUN_0045a430","Global",80,false,false,"ok"
"0045a490","FUN_0045a490","Global",36,false,false,"ok"
"0045a4c0","FUN_0045a4c0","Global",116,false,false,"ok"
"0045a550","FUN_0045a550","Global",8,false,false,"ok"
"0045a700","FUN_0045a700","Global",20,false,false,"ok"
"0045a7a0","FUN_0045a7a0","Global",28,false,false,"ok"
"0045a860","FUN_0045a860","Global",112,false,false,"ok"
"0045a8e0","FUN_0045a8e0","Global",8,false,false,"ok"
"0045aa50","FUN_0045aa50","Global",188,false,false,"ok"
"0045ab20","FUN_0045ab20","Global",12,false,false,"ok"
"0045ad10","FUN_0045ad10","Global",428,false,false,"ok"
"0045af00","FUN_0045af00","Global",8,false,false,"ok"
"0045af80","FUN_0045af80","Global",8,false,false,"ok"
"0045b000","FUN_0045b000","Global",112,false,false,"ok"
"0045b090","FUN_0045b090","Global",108,false,false,"ok"
"0045b110","FUN_0045b110","Global",80,false,false,"ok"
"0045b1e0","FUN_0045b1e0","Global",152,false,false,"ok"
"0045b2a0","FUN_0045b2a0","Global",24,false,false,"ok"
"0045b400","FUN_0045b400","Global",52,false,false,"ok"
"0045b450","FUN_0045b450","Global",28,false,false,"ok"
"0045b490","FUN_0045b490","Global",8,false,false,"ok"
"0045b530","FUN_0045b530","Global",132,false,false,"ok"
"0045b5d0","FUN_0045b5d0","Global",8,false,false,"ok"
"0045b830","FUN_0045b830","Global",24,false,false,"ok"
"0045bb50","FUN_0045bb50","Global",16,false,false,"ok"
"0045be10","FUN_0045be10","Global",240,false,false,"ok"
"0045bf20","FUN_0045bf20","Global",20,false,false,"ok"
"0045c2d0","FUN_0045c2d0","Global",72,false,false,"ok"
"0045c320","FUN_0045c320","Global",28,false,false,"ok"
"0045c3f0","FUN_0045c3f0","Global",8,false,false,"ok"
"0045c4d0","FUN_0045c4d0","Global",136,false,false,"ok"
"0045c580","FUN_0045c580","Global",52,false,false,"ok"
"0045c5c0","FUN_0045c5c0","Global",100,false,false,"ok"
"0045c630","FUN_0045c630","Global",452,false,false,"ok"
"0045ca50","FUN_0045ca50","Global",8,false,false,"ok"
"0045cb90","FUN_0045cb90","Global",200,false,false,"ok"
"0045cc80","FUN_0045cc80","Global",8,false,false,"ok"
"0045cd50","FUN_0045cd50","Global",24,false,false,"ok"
"0045ce30","FUN_0045ce30","Global",96,false,false,"ok"
"0045cea0","FUN_0045cea0","Global",44,false,false,"ok"
"0045cee0","FUN_0045cee0","Global",8,false,false,"ok"
"0045d1b0","FUN_0045d1b0","Global",8,false,false,"ok"
"0045d230","FUN_0045d230","Global",104,false,false,"ok"
"0045d2b0","FUN_0045d2b0","Global",40,false,false,"ok"
"0045d2e0","FUN_0045d2e0","Global",420,false,false,"ok"
"0045d500","FUN_0045d500","Global",16,false,false,"ok"
"0045d800","FUN_0045d800","Global",52,false,false,"ok"
"0045d850","FUN_0045d850","Global",156,false,false,"ok"
"0045d920","FUN_0045d920","Global",68,false,false,"ok"
"0045d980","FUN_0045d980","Global",116,false,false,"ok"
"0045da10","FUN_0045da10","Global",68,false,false,"ok"
"0045da70","FUN_0045da70","Global",68,false,false,"ok"
"0045daf0","FUN_0045daf0","Global",56,false,false,"ok"
"0045db50","FUN_0045db50","Global",96,false,false,"ok"
"0045dbc0","FUN_0045dbc0","Global",68,false,false,"ok"
"0045dc20","FUN_0045dc20","Global",80,false,false,"ok"
"0045dc80","FUN_0045dc80","Global",80,false,false,"ok"
"0045dd10","FUN_0045dd10","Global",72,false,false,"ok"
"0045ddd0","FUN_0045ddd0","Global",56,false,false,"ok"
"0045de30","FUN_0045de30","Global",80,false,false,"ok"
"0045deb0","FUN_0045deb0","Global",108,false,false,"ok"
"0045df40","FUN_0045df40","Global",80,false,false,"ok"
"0045dfa0","FUN_0045dfa0","Global",76,false,false,"ok"
"0045e020","FUN_0045e020","Global",108,false,false,"ok"
"0045e0b0","FUN_0045e0b0","Global",100,false,false,"ok"
"0045e130","FUN_0045e130","Global",80,false,false,"ok"
"0045e190","FUN_0045e190","Global",68,false,false,"ok"
"0045e1f0","FUN_0045e1f0","Global",68,false,false,"ok"
"0045e250","FUN_0045e250","Global",68,false,false,"ok"
"0045e2a0","FUN_0045e2a0","Global",84,false,false,"ok"
"0045e300","FUN_0045e300","Global",56,false,false,"ok"
"0045e360","FUN_0045e360","Global",80,false,false,"ok"
"0045e3d0","FUN_0045e3d0","Global",8,false,false,"ok"
"0045e570","FUN_0045e570","Global",152,false,false,"ok"
"0045e630","FUN_0045e630","Global",108,false,false,"ok"
"0045e6b0","FUN_0045e6b0","Global",8,false,false,"ok"
"0045e9c0","FUN_0045e9c0","Global",248,false,false,"ok"
"0045eb80","FUN_0045eb80","Global",24,false,false,"ok"
"0045f460","FUN_0045f460","Global",12,false,false,"ok"
"0045f7c0","FUN_0045f7c0","Global",80,false,false,"ok"
"0045f820","FUN_0045f820","Global",164,false,false,"ok"
"0045f910","FUN_0045f910","Global",12,false,false,"ok"
"0045fa00","FUN_0045fa00","Global",8,false,false,"ok"
"0045fb10","FUN_0045fb10","Global",64,false,false,"ok"
"0045fb60","FUN_0045fb60","Global",72,false,false,"ok"
"0045fbc0","FUN_0045fbc0","Global",16,false,false,"ok"
"0045fd20","FUN_0045fd20","Global",16,false,false,"ok"
"0045fdc0","FUN_0045fdc0","Global",16,false,false,"ok"
"0045fe90","FUN_0045fe90","Global",8,false,false,"ok"
"0045fee0","FUN_0045fee0","Global",68,false,false,"ok"
"0045ff30","FUN_0045ff30","Global",8,false,false,"ok"
"0045fff0","FUN_0045fff0","Global",28,false,false,"ok"
"00460310","FUN_00460310","Global",8,false,false,"ok"
"004603d0","FUN_004603d0","Global",8,false,false,"ok"
"004604d0","FUN_004604d0","Global",20,false,false,"ok"
"00461d70","FUN_00461d70","Global",64,false,false,"ok"
"00461dc0","FUN_00461dc0","Global",20,false,false,"ok"
"00463810","FUN_00463810","Global",8,false,false,"ok"
"00463880","FUN_00463880","Global",20,false,false,"ok"
"004638e0","FUN_004638e0","Global",80,false,false,"ok"
"00463940","FUN_00463940","Global",16,false,false,"ok"
"00463c30","FUN_00463c30","Global",8,false,false,"ok"
"00465da0","FUN_00465da0","Global",16,false,false,"ok"
"004660f0","FUN_004660f0","Global",12,false,false,"ok"
"004668f0","FUN_004668f0","Global",12,false,false,"ok"
"00466c60","FUN_00466c60","Global",12,false,false,"ok"
"00467160","FUN_00467160","Global",32,false,false,"ok"
"00467610","FUN_00467610","Global",8,false,false,"ok"
"00467780","FUN_00467780","Global",8,false,false,"ok"
"00467860","FUN_00467860","Global",180,false,false,"ok"
"00467930","FUN_00467930","Global",12,false,false,"ok"
"00467a50","FUN_00467a50","Global",12,false,false,"ok"
"00467f60","FUN_00467f60","Global",12,false,false,"ok"
"00468a40","FUN_00468a40","Global",12,false,false,"ok"
"00469040","FUN_00469040","Global",8,false,false,"ok"
"00469a50","FUN_00469a50","Global",16,false,false,"ok"
"0046a360","FUN_0046a360","Global",224,false,false,"ok"
"0046a460","FUN_0046a460","Global",40,false,false,"ok"
"0046a4a0","FUN_0046a4a0","Global",8,false,false,"ok"
"0046ac10","FUN_0046ac10","Global",52,false,false,"ok"
"0046ac60","FUN_0046ac60","Global",44,false,false,"ok"
"0046ace0","FUN_0046ace0","Global",220,false,false,"ok"
"0046add0","FUN_0046add0","Global",200,false,false,"ok"
"0046aef0","FUN_0046aef0","Global",88,false,false,"ok"
"0046b020","FUN_0046b020","Global",380,false,false,"ok"
"0046b1b0","FUN_0046b1b0","Global",28,false,false,"ok"
"0046b210","FUN_0046b210","Global",112,false,false,"ok"
"0046bac0","FUN_0046bac0","Global",360,false,false,"ok"
"0046bc50","FUN_0046bc50","Global",12,false,false,"ok"
"0046bfc0","FUN_0046bfc0","Global",20,false,false,"ok"
"0046c740","FUN_0046c740","Global",20,false,false,"ok"
"0046c7d0","FUN_0046c7d0","Global",132,false,false,"ok"
"0046c8a0","FUN_0046c8a0","Global",108,false,false,"ok"
"0046c920","FUN_0046c920","Global",12,false,false,"ok"
"0046cbc0","FUN_0046cbc0","Global",252,false,false,"ok"
"0046cd40","FUN_0046cd40","Global",16,false,false,"ok"
"0046cf50","FUN_0046cf50","Global",56,false,false,"ok"
"0046cfa0","FUN_0046cfa0","Global",8,false,false,"ok"
"0046d1c0","FUN_0046d1c0","Global",12,false,false,"ok"
"0046d3a0","FUN_0046d3a0","Global",8,false,false,"ok"
"0046d470","FUN_0046d470","Global",372,false,false,"ok"
"0046d600","FUN_0046d600","Global",20,false,false,"ok"
"0046d8e0","FUN_0046d8e0","Global",16,false,false,"ok"
"0046e060","FUN_0046e060","Global",12,false,false,"ok"
"0046e750","FUN_0046e750","Global",24,false,false,"ok"
"0046fb60","FUN_0046fb60","Global",12,false,false,"ok"
"004700d0","FUN_004700d0","Global",12,false,false,"ok"
"00470290","FUN_00470290","Global",20,false,false,"ok"
"00470390","FUN_00470390","Global",168,false,false,"ok"
"00470450","FUN_00470450","Global",12,false,false,"ok"
"00470570","FUN_00470570","Global",92,false,false,"ok"
"004705e0","FUN_004705e0","Global",8,false,false,"ok"
"00470a30","FUN_00470a30","Global",8,false,false,"ok"
"00471290","FUN_00471290","Global",12,false,false,"ok"
"00471690","FUN_00471690","Global",68,false,false,"ok"
"004716f0","FUN_004716f0","Global",52,false,false,"ok"
"00471740","FUN_00471740","Global",44,false,false,"ok"
"004717f0","FUN_004717f0","Global",56,false,false,"ok"
"00471870","FUN_00471870","Global",56,false,false,"ok"
"00471900","FUN_00471900","Global",20,false,false,"ok"
"00471940","FUN_00471940","Global",108,false,false,"ok"
"004719c0","FUN_004719c0","Global",112,false,false,"ok"
"00471a50","FUN_00471a50","Global",56,false,false,"ok"
"00471a90","FUN_00471a90","Global",96,false,false,"ok"
"00471b10","FUN_00471b10","Global",8,false,false,"ok"
"00471b80","FUN_00471b80","Global",80,false,false,"ok"
"00471be0","FUN_00471be0","Global",56,false,false,"ok"
"00471c30","FUN_00471c30","Global",12,false,false,"ok"
"00471e20","FUN_00471e20","Global",32,false,false,"ok"
"00471ea0","FUN_00471ea0","Global",20,false,false,"ok"
"00471f40","FUN_00471f40","Global",80,false,false,"ok"
"00471fa0","FUN_00471fa0","Global",52,false,false,"ok"
"00471fe0","FUN_00471fe0","Global",32,false,false,"ok"
"004721a0","FUN_004721a0","Global",68,false,false,"ok"
"00472220","FUN_00472220","Global",8,false,false,"ok"
"004724e0","FUN_004724e0","Global",56,false,false,"ok"
"00472530","FUN_00472530","Global",12,false,false,"ok"
"004725a0","FUN_004725a0","Global",120,false,false,"ok"
"00472630","FUN_00472630","Global",8,false,false,"ok"
"00472710","FUN_00472710","Global",12,false,false,"ok"
"00472820","FUN_00472820","Global",12,false,false,"ok"
"00472980","FUN_00472980","Global",12,false,false,"ok"
"00472ad0","FUN_00472ad0","Global",216,false,false,"ok"
"00472bf0","FUN_00472bf0","Global",136,false,false,"ok"
"00472c90","FUN_00472c90","Global",16,false,false,"ok"
"004732a0","FUN_004732a0","Global",20,false,false,"ok"
"004736f0","FUN_004736f0","Global",8,false,false,"ok"
"004738a0","FUN_004738a0","Global",40,false,false,"ok"
"004738e0","FUN_004738e0","Global",20,false,false,"ok"
"00473e30","FUN_00473e30","Global",8,false,false,"ok"
"00473ff0","FUN_00473ff0","Global",108,false,false,"ok"
"00474090","FUN_00474090","Global",32,false,false,"ok"
"004740f0","FUN_004740f0","Global",68,false,false,"ok"
"00474140","FUN_00474140","Global",32,false,false,"ok"
"00474190","FUN_00474190","Global",56,false,false,"ok"
"004741e0","FUN_004741e0","Global",48,false,false,"ok"
"00474240","FUN_00474240","Global",8,false,false,"ok"
"004742e0","FUN_004742e0","Global",176,false,false,"ok"
"004743b0","FUN_004743b0","Global",12,false,false,"ok"
"00474860","FUN_00474860","Global",12,false,false,"ok"
"00474b20","FUN_00474b20","Global",20,false,false,"ok"
"00474ec0","FUN_00474ec0","Global",12,false,false,"ok"
"00474f60","FUN_00474f60","Global",132,false,false,"ok"
"00475060","FUN_00475060","Global",24,false,false,"ok"
"004753b0","FUN_004753b0","Global",92,false,false,"ok"
"00475430","FUN_00475430","Global",88,false,false,"ok"
"004754e0","FUN_004754e0","Global",12,false,false,"ok"
"00475950","FUN_00475950","Global",28,false,false,"ok"
"00475a60","FUN_00475a60","Global",28,false,false,"ok"
"00475cc0","FUN_00475cc0","Global",72,false,false,"ok"
"00475e00","FUN_00475e00","Global",100,false,false,"ok"
"00475ed0","FUN_00475ed0","Global",56,false,false,"ok"
"00475f20","FUN_00475f20","Global",52,false,false,"ok"
"00475f70","FUN_00475f70","Global",80,false,false,"ok"
"00475fd0","FUN_00475fd0","Global",148,false,false,"ok"
"00476080","FUN_00476080","Global",80,false,false,"ok"
"004760e0","FUN_004760e0","Global",148,false,false,"ok"
"00476190","FUN_00476190","Global",144,false,false,"ok"
"00476230","FUN_00476230","Global",100,false,false,"ok"
"004762d0","FUN_004762d0","Global",36,false,false,"ok"
"00476310","FUN_00476310","Global",52,false,false,"ok"
"00476360","FUN_00476360","Global",36,false,false,"ok"
"004763a0","FUN_004763a0","Global",64,false,false,"ok"
"004763f0","FUN_004763f0","Global",28,false,false,"ok"
"00476420","FUN_00476420","Global",88,false,false,"ok"
"004764d0","FUN_004764d0","Global",8,false,false,"ok"
"00476690","FUN_00476690","Global",28,false,false,"ok"
"00476740","FUN_00476740","Global",112,false,false,"ok"
"004767d0","FUN_004767d0","Global",20,false,false,"ok"
"004769a0","FUN_004769a0","Global",72,false,false,"ok"
"00476a50","FUN_00476a50","Global",8,false,false,"ok"
"00476df0","FUN_00476df0","Global",24,false,false,"ok"
"004770e0","FUN_004770e0","Global",28,false,false,"ok"
"00477150","FUN_00477150","Global",112,false,false,"ok"
"004771e0","FUN_004771e0","Global",8,false,false,"ok"
"004774e0","FUN_004774e0","Global",16,false,false,"ok"
"004778f0","FUN_004778f0","Global",20,false,false,"ok"
"00477930","FUN_00477930","Global",80,false,false,"ok"
"00477990","FUN_00477990","Global",8,false,false,"ok"
"00477b20","FUN_00477b20","Global",108,false,false,"ok"
"00477ba0","FUN_00477ba0","Global",264,false,false,"ok"
"00477d90","FUN_00477d90","Global",164,false,false,"ok"
"00477e70","FUN_00477e70","Global",44,false,false,"ok"
"00477ed0","FUN_00477ed0","Global",56,false,false,"ok"
"00477f60","FUN_00477f60","Global",56,false,false,"ok"
"00478030","FUN_00478030","Global",220,false,false,"ok"
"00478130","FUN_00478130","Global",88,false,false,"ok"
"004781b0","FUN_004781b0","Global",28,false,false,"ok"
"00479030","FUN_00479030","Global",8,false,false,"ok"
"00479710","FUN_00479710","Global",12,false,false,"ok"
"00479f40","FUN_00479f40","Global",80,false,false,"ok"
"00479fa0","FUN_00479fa0","Global",8,false,false,"ok"
"0047a100","FUN_0047a100","Global",40,false,false,"ok"
"0047a450","FUN_0047a450","Global",28,false,false,"ok"
"0047a750","FUN_0047a750","Global",16,false,false,"ok"
"0047aa20","FUN_0047aa20","Global",12,false,false,"ok"
"0047ae60","FUN_0047ae60","Global",16,false,false,"ok"
"0047b280","FUN_0047b280","Global",12,false,false,"ok"
"0047b720","FUN_0047b720","Global",16,false,false,"ok"
"0047bd00","FUN_0047bd00","Global",8,false,false,"ok"
"0047bf30","FUN_0047bf30","Global",12,false,false,"ok"
"0047c330","FUN_0047c330","Global",80,false,false,"ok"
"0047c390","FUN_0047c390","Global",80,false,false,"ok"
"0047c3f0","FUN_0047c3f0","Global",8,false,false,"ok"
"0047c550","FUN_0047c550","Global",16,false,false,"ok"
"0047c6d0","FUN_0047c6d0","Global",20,false,false,"ok"
"0047ca40","FUN_0047ca40","Global",16,false,false,"ok"
"0047cd00","FUN_0047cd00","Global",28,false,false,"ok"
"0047cd30","FUN_0047cd30","Global",64,false,false,"ok"
"0047d140","FUN_0047d140","Global",344,false,false,"ok"
"0047d2b0","FUN_0047d2b0","Global",192,false,false,"ok"
"0047d380","FUN_0047d380","Global",12,false,false,"ok"
"0047d980","FUN_0047d980","Global",16,false,false,"ok"
"0047da90","FUN_0047da90","Global",16,false,false,"ok"
"0047dc00","FUN_0047dc00","Global",96,false,false,"ok"
"0047dd40","FUN_0047dd40","Global",56,false,false,"ok"
"0047dd90","FUN_0047dd90","Global",20,false,false,"ok"
"0047e0a0","FUN_0047e0a0","Global",16,false,false,"ok"
"0047e6d0","FUN_0047e6d0","Global",12,false,false,"ok"
"0047e960","FUN_0047e960","Global",32,false,false,"ok"
"0047edd0","FUN_0047edd0","Global",80,false,false,"ok"
"0047ee30","FUN_0047ee30","Global",80,false,false,"ok"
"0047ee90","FUN_0047ee90","Global",80,false,false,"ok"
"0047eef0","FUN_0047eef0","Global",80,false,false,"ok"
"0047ef50","FUN_0047ef50","Global",12,false,false,"ok"
"004801b0","FUN_004801b0","Global",80,false,false,"ok"
"00480210","FUN_00480210","Global",80,false,false,"ok"
"00480270","FUN_00480270","Global",88,false,false,"ok"
"004802e0","FUN_004802e0","Global",20,false,false,"ok"
"00480830","FUN_00480830","Global",80,false,false,"ok"
"00480890","FUN_00480890","Global",80,false,false,"ok"
"004808f0","FUN_004808f0","Global",8,false,false,"ok"
"00480be0","FUN_00480be0","Global",16,false,false,"ok"
"00480d70","FUN_00480d70","Global",80,false,false,"ok"
"00480dd0","FUN_00480dd0","Global",24,false,false,"ok"
"00480df0","FUN_00480df0","Global",1,false,false,"ok"
"00480e00","FUN_00480e00","Global",1,false,false,"ok"
"00480e10","FUN_00480e10","Global",96,false,false,"ok"
"00480f00","FUN_00480f00","Global",12,false,false,"ok"
"00481080","FUN_00481080","Global",80,false,false,"ok"
"00481220","FUN_00481220","Global",16,false,false,"ok"
"00481320","FUN_00481320","Global",156,false,false,"ok"
"004813d0","FUN_004813d0","Global",100,false,false,"ok"
"00481440","FUN_00481440","Global",100,false,false,"ok"
"004814b0","FUN_004814b0","Global",100,false,false,"ok"
"00481520","FUN_00481520","Global",204,false,false,"ok"
"00481600","FUN_00481600","Global",80,false,false,"ok"
"00481660","FUN_00481660","Global",172,false,false,"ok"
"00481720","FUN_00481720","Global",100,false,false,"ok"
"00481790","FUN_00481790","Global",80,false,false,"ok"
"004817f0","FUN_004817f0","Global",80,false,false,"ok"
"00481850","FUN_00481850","Global",212,false,false,"ok"
"00481930","FUN_00481930","Global",468,false,false,"ok"
"00481b20","FUN_00481b20","Global",288,false,false,"ok"
"00481c50","FUN_00481c50","Global",8,false,false,"ok"
"00481ee0","FUN_00481ee0","Global",12,false,false,"ok"
"004822b0","FUN_004822b0","Global",92,false,false,"ok"
"00482410","FUN_00482410","Global",48,false,false,"ok"
"00482560","FUN_00482560","Global",16,false,false,"ok"
"004826d0","FUN_004826d0","Global",12,false,false,"ok"
"004829c0","FUN_004829c0","Global",12,false,false,"ok"
"00482a70","FUN_00482a70","Global",104,false,false,"ok"
"00482af0","FUN_00482af0","Global",52,false,false,"ok"
"00482b40","FUN_00482b40","Global",28,false,false,"ok"
"00482c80","FUN_00482c80","Global",424,false,false,"ok"
"00482ec0","FUN_00482ec0","Global",68,false,false,"ok"
"00482f10","FUN_00482f10","Global",12,false,false,"ok"
"00483070","FUN_00483070","Global",8,false,false,"ok"
"00483440","FUN_00483440","Global",16,false,false,"ok"
"004836e0","FUN_004836e0","Global",184,false,false,"ok"
"00483a50","FUN_00483a50","Global",20,false,false,"ok"
"004840a0","FUN_004840a0","Global",8,false,false,"ok"
"00484480","FUN_00484480","Global",20,false,false,"ok"
"004845f0","FUN_004845f0","Global",8,false,false,"ok"
"00484680","FUN_00484680","Global",20,false,false,"ok"
"004847b0","FUN_004847b0","Global",44,false,false,"ok"
"00484830","FUN_00484830","Global",44,false,false,"ok"
"004848a0","FUN_004848a0","Global",80,false,false,"ok"
"00484920","FUN_00484920","Global",80,false,false,"ok"
"004849c0","FUN_004849c0","Global",44,false,false,"ok"
"00484a40","FUN_00484a40","Global",44,false,false,"ok"
"00484ac0","FUN_00484ac0","Global",44,false,false,"ok"
"00484b40","FUN_00484b40","Global",44,false,false,"ok"
"00484bb0","FUN_00484bb0","Global",12,false,false,"ok"
"00484cb0","FUN_00484cb0","Global",56,false,false,"ok"
"00484d20","FUN_00484d20","Global",80,false,false,"ok"
"00484d80","FUN_00484d80","Global",100,false,false,"ok"
"00484e00","FUN_00484e00","Global",12,false,false,"ok"
"00484e10","FUN_00484e10","Global",40,false,false,"ok"
"00484e50","FUN_00484e50","Global",672,false,false,"ok"
"00485100","FUN_00485100","Global",28,false,false,"ok"
"00485600","FUN_00485600","Global",24,false,false,"ok"
"004859c0","FUN_004859c0","Global",36,false,false,"ok"
"00485da0","FUN_00485da0","Global",12,false,false,"ok"
"00485f10","FUN_00485f10","Global",28,false,false,"ok"
"004862d0","FUN_004862d0","Global",116,false,false,"ok"
"00486450","FUN_00486450","Global",16,false,false,"ok"
"00486850","FUN_00486850","Global",16,false,false,"ok"
"00486bd0","FUN_00486bd0","Global",20,false,false,"ok"
"004871a0","FUN_004871a0","Global",16,false,false,"ok"
"00487580","FUN_00487580","Global",16,false,false,"ok"
"00487950","FUN_00487950","Global",16,false,false,"ok"
"00487d30","FUN_00487d30","Global",20,false,false,"ok"
"00488240","FUN_00488240","Global",20,false,false,"ok"
"00488750","FUN_00488750","Global",104,false,false,"ok"
"00488820","FUN_00488820","Global",12,false,false,"ok"
"00488a90","FUN_00488a90","Global",108,false,false,"ok"
"00488bb0","FUN_00488bb0","Global",104,false,false,"ok"
"00488c80","FUN_00488c80","Global",104,false,false,"ok"
"00488d50","FUN_00488d50","Global",104,false,false,"ok"
"00488e20","FUN_00488e20","Global",192,false,false,"ok"
"00488f80","FUN_00488f80","Global",1,false,false,"ok"
"00488f90","FUN_00488f90","Global",12,false,false,"ok"
"00489030","FUN_00489030","Global",12,false,false,"ok"
"004890c0","FUN_004890c0","Global",96,false,false,"ok"
"00489130","FUN_00489130","Global",160,false,false,"ok"
"004891e0","FUN_004891e0","Global",36,false,false,"ok"
"00489370","FUN_00489370","Global",80,false,false,"ok"
"00489400","FUN_00489400","Global",24,false,false,"ok"
"00489b70","FUN_00489b70","Global",8,false,false,"ok"
"0048a320","FUN_0048a320","Global",148,false,false,"ok"
"0048a3d0","FUN_0048a3d0","Global",16,false,false,"ok"
"0048a620","FUN_0048a620","Global",8,false,false,"ok"
"0048a850","FUN_0048a850","Global",8,false,false,"ok"
"0048ad90","FUN_0048ad90","Global",8,false,false,"ok"
"0048ae00","FUN_0048ae00","Global",108,false,false,"ok"
"0048af00","FUN_0048af00","Global",24,false,false,"ok"
"0048b020","FUN_0048b020","Global",32,false,false,"ok"
"0048b5a0","FUN_0048b5a0","Global",244,false,false,"ok"
"0048b6a0","FUN_0048b6a0","Global",8,false,false,"ok"
"0048b810","FUN_0048b810","Global",8,false,false,"ok"
"0048b8e0","FUN_0048b8e0","Global",52,false,false,"ok"
"0048b940","FUN_0048b940","Global",52,false,false,"ok"
"0048b9a0","FUN_0048b9a0","Global",392,false,false,"ok"
"0048bb30","FUN_0048bb30","Global",112,false,false,"ok"
"0048bca0","FUN_0048bca0","Global",8,false,false,"ok"
"0048c400","FUN_0048c400","Global",8,false,false,"ok"
"0048c620","FUN_0048c620","Global",20,false,false,"ok"
"0048c7a0","FUN_0048c7a0","Global",32,false,false,"ok"
"0048c800","FUN_0048c800","Global",1,false,false,"ok"
"0048c810","FUN_0048c810","Global",284,false,false,"ok"
"0048c970","thunk_FUN_0048c7a0","Global",8,false,true,"ok"
"0048c990","FUN_0048c990","Global",8,false,false,"ok"
"0048c9a0","FUN_0048c9a0","Global",232,false,false,"ok"
"0048caa0","FUN_0048caa0","Global",72,false,false,"ok"
"0048cb00","FUN_0048cb00","Global",44,false,false,"ok"
"0048cb50","FUN_0048cb50","Global",60,false,false,"ok"
"0048ccd8","FUN_0048ccd8","Global",4,false,false,"ok"
"0048d268","FUN_0048d268","Global",36,false,false,"ok"
"0048d330","FUN_0048d330","Global",20,false,false,"ok"
"0048d3f0","FUN_0048d3f0","Global",20,false,false,"ok"
"0048d4b0","FUN_0048d4b0","Global",20,false,false,"ok"
"0048d570","FUN_0048d570","Global",20,false,false,"ok"
"0048d630","FUN_0048d630","Global",20,false,false,"ok"
"0048d6b8","FUN_0048d6b8","Global",92,false,false,"ok"
"0048d748","FUN_0048d748","Global",76,false,false,"ok"
"0048d7a8","FUN_0048d7a8","Global",16,false,false,"ok"
"0048d870","FUN_0048d870","Global",16,false,false,"ok"
"0048d990","FUN_0048d990","Global",20,false,false,"ok"
"0048da70","FUN_0048da70","Global",16,false,false,"ok"
"0048db48","FUN_0048db48","Global",8,false,false,"ok"
"0048dbc0","FUN_0048dbc0","Global",40,false,false,"ok"
"0048dc20","FUN_0048dc20","Global",8,false,false,"ok"
"0048dc30","thunk_FUN_0048dc60","Global",8,false,true,"ok"
"0048dc40","FUN_0048dc40","Global",12,false,false,"ok"
"0048dc60","FUN_0048dc60","Global",12,false,false,"ok"
"0048dc80","FUN_0048dc80","Global",1,false,false,"ok"
"0048dcb0","FUN_0048dcb0","Global",1,false,false,"ok"
"0048dcd0","FUN_0048dcd0","Global",1,false,false,"ok"
"0048dce0","FUN_0048dce0","Global",1,false,false,"ok"
"0048dd40","FUN_0048dd40","Global",12,false,false,"ok"
"0048ddd0","FUN_0048ddd0","Global",12,false,false,"ok"
"0048de70","FUN_0048de70","Global",12,false,false,"ok"
"0048df10","FUN_0048df10","Global",12,false,false,"ok"
"0048e0a0","FUN_0048e0a0","Global",8,false,false,"ok"
"0048e370","FUN_0048e370","Global",76,false,false,"ok"
"0048e410","FUN_0048e410","Global",52,false,false,"ok"
"0048e460","FUN_0048e460","Global",12,false,false,"ok"
"0048e500","FUN_0048e500","Global",12,false,false,"ok"
"0048e590","FUN_0048e590","Global",148,false,false,"ok"
"0048e6c0","FUN_0048e6c0","Global",260,false,false,"ok"
"0048e860","FUN_0048e860","Global",88,false,false,"ok"
"0048e8d0","FUN_0048e8d0","Global",1,false,false,"ok"
"0048e8e0","FUN_0048e8e0","Global",8,false,false,"ok"
"0048e910","FUN_0048e910","Global",60,false,false,"ok"
"0048e960","FUN_0048e960","Global",116,false,false,"ok"
"0048ea10","FUN_0048ea10","Global",40,false,false,"ok"
"0048ea40","FUN_0048ea40","Global",308,false,false,"ok"
"0048ec10","FUN_0048ec10","Global",136,false,false,"ok"
"0048ecb0","FUN_0048ecb0","Global",216,false,false,"ok"
"0048eda0","FUN_0048eda0","Global",16,false,false,"ok"
"0048ee50","FUN_0048ee50","Global",20,false,false,"ok"
"0048eff0","FUN_0048eff0","Global",20,false,false,"ok"
"0048f1a0","FUN_0048f1a0","Global",16,false,false,"ok"
"0048f2a0","FUN_0048f2a0","Global",24,false,false,"ok"
"0048f730","FUN_0048f730","Global",20,false,false,"ok"
"0048f8a0","FUN_0048f8a0","Global",16,false,false,"ok"
"0048faf0","FUN_0048faf0","Global",32,false,false,"ok"
"0048fb50","FUN_0048fb50","Global",276,false,false,"ok"
"0048fc80","FUN_0048fc80","Global",8,false,false,"ok"
"0048fde0","FUN_0048fde0","Global",60,false,false,"ok"
"0048fe30","FUN_0048fe30","Global",40,false,false,"ok"
"0048fe70","FUN_0048fe70","Global",12,false,false,"ok"
"0048fe80","FUN_0048fe80","Global",8,false,false,"ok"
"004900b0","FUN_004900b0","Global",20,false,false,"ok"
"004902a0","FUN_004902a0","Global",84,false,false,"ok"
"00490350","FUN_00490350","Global",72,false,false,"ok"
"004903f0","FUN_004903f0","Global",12,false,false,"ok"
"00490490","FUN_00490490","Global",12,false,false,"ok"
"004905a0","FUN_004905a0","Global",40,false,false,"ok"
"004905e0","FUN_004905e0","Global",92,false,false,"ok"
"00490650","FUN_00490650","Global",32,false,false,"ok"
"00490920","FUN_00490920","Global",8,false,false,"ok"
"00490af0","FUN_00490af0","Global",12,false,false,"ok"
"00490f30","FUN_00490f30","Global",64,false,false,"ok"
"00490f80","FUN_00490f80","Global",60,false,false,"ok"
"00490fd0","FUN_00490fd0","Global",8,false,false,"ok"
"00491060","FUN_00491060","Global",12,false,false,"ok"
"00491330","FUN_00491330","Global",16,false,false,"ok"
"00491b30","FUN_00491b30","Global",12,false,false,"ok"
"00491fb0","FUN_00491fb0","Global",8,false,false,"ok"
"004921d0","FUN_004921d0","Global",8,false,false,"ok"
"00492330","FUN_00492330","Global",408,false,false,"ok"
"004924e0","FUN_004924e0","Global",20,false,false,"ok"
"00492710","FUN_00492710","Global",124,false,false,"ok"
"004927a0","FUN_004927a0","Global",20,false,false,"ok"
"00492a00","FUN_00492a00","Global",28,false,false,"ok"
"00492b80","FUN_00492b80","Global",152,false,false,"ok"
"00492c30","FUN_00492c30","Global",12,false,false,"ok"
"00492d60","FUN_00492d60","Global",8,false,false,"ok"
"00492f10","FUN_00492f10","Global",220,false,false,"ok"
"00493000","FUN_00493000","Global",12,false,false,"ok"
"00493200","FUN_00493200","Global",164,false,false,"ok"
"004932c0","FUN_004932c0","Global",16,false,false,"ok"
"004933c0","FUN_004933c0","Global",8,false,false,"ok"
"00493460","FUN_00493460","Global",60,false,false,"ok"
"00493500","FUN_00493500","Global",8,false,false,"ok"
"004935c0","FUN_004935c0","Global",44,false,false,"ok"
"00493600","FUN_00493600","Global",16,false,false,"ok"
"00493730","FUN_00493730","Global",16,false,false,"ok"
"00493950","FUN_00493950","Global",8,false,false,"ok"
"00493ca0","FUN_00493ca0","Global",16,false,false,"ok"
"00493de0","FUN_00493de0","Global",24,false,false,"ok"
"00493fc0","FUN_00493fc0","Global",20,false,false,"ok"
"00494390","FUN_00494390","Global",112,false,false,"ok"
"00494420","FUN_00494420","Global",8,false,false,"ok"
"00494840","FUN_00494840","Global",16,false,false,"ok"
"00494940","FUN_00494940","Global",8,false,false,"ok"
"00494ac0","FUN_00494ac0","Global",176,false,false,"ok"
"00494b90","FUN_00494b90","Global",96,false,false,"ok"
"00494c00","FUN_00494c00","Global",20,false,false,"ok"
"00494d70","FUN_00494d70","Global",36,false,false,"ok"
"00494da0","FUN_00494da0","Global",8,false,false,"ok"
"00495020","FUN_00495020","Global",12,false,false,"ok"
"00495140","FUN_00495140","Global",212,false,false,"ok"
"00495250","FUN_00495250","Global",12,false,false,"ok"
"00495520","FUN_00495520","Global",20,false,false,"ok"
"004956e0","FUN_004956e0","Global",16,false,false,"ok"
"00495860","FUN_00495860","Global",28,false,false,"ok"
"004959d0","FUN_004959d0","Global",8,false,false,"ok"
"00495b60","FUN_00495b60","Global",12,false,false,"ok"
"00495ed0","FUN_00495ed0","Global",208,false,false,"ok"
"00495fb0","FUN_00495fb0","Global",56,false,false,"ok"
"004960b0","FUN_004960b0","Global",340,false,false,"ok"
"00496220","FUN_00496220","Global",116,false,false,"ok"
"004962a0","FUN_004962a0","Global",12,false,false,"ok"
"00497210","FUN_00497210","Global",8,false,false,"ok"
"004981b0","FUN_004981b0","Global",8,false,false,"ok"
"004991d0","FUN_004991d0","Global",16,false,false,"ok"
"004992a0","FUN_004992a0","Global",96,false,false,"ok"
"00499310","FUN_00499310","Global",96,false,false,"ok"
"004993e0","FUN_004993e0","Global",200,false,false,"ok"
"004994c0","FUN_004994c0","Global",68,false,false,"ok"
"00499510","FUN_00499510","Global",24,false,false,"ok"
"004997c0","FUN_004997c0","Global",12,false,false,"ok"
"00499a10","FUN_00499a10","Global",24,false,false,"ok"
"00499ba0","FUN_00499ba0","Global",12,false,false,"ok"
"00499c80","FUN_00499c80","Global",12,false,false,"ok"
"00499da0","FUN_00499da0","Global",16,false,false,"ok"
"00499ee0","FUN_00499ee0","Global",8,false,false,"ok"
"0049a620","FUN_0049a620","Global",12,false,false,"ok"
"0049a830","FUN_0049a830","Global",16,false,false,"ok"
"0049aa20","FUN_0049aa20","Global",108,false,false,"ok"
"0049aaa0","FUN_0049aaa0","Global",8,false,false,"ok"
"0049d7b0","FUN_0049d7b0","Global",12,false,false,"ok"
"004a02c0","FUN_004a02c0","Global",12,false,false,"ok"
"004a0370","FUN_004a0370","Global",40,false,false,"ok"
"004a04a0","FUN_004a04a0","Global",16,false,false,"ok"
"004a0800","FUN_004a0800","Global",136,false,false,"ok"
"004a08b0","FUN_004a08b0","Global",52,false,false,"ok"
"004a0900","FUN_004a0900","Global",16,false,false,"ok"
"004a0ca0","FUN_004a0ca0","Global",28,false,false,"ok"
"004a10a0","FUN_004a10a0","Global",12,false,false,"ok"
"004a1c50","FUN_004a1c50","Global",12,false,false,"ok"
"004a1fc0","FUN_004a1fc0","Global",20,false,false,"ok"
"004a2560","FUN_004a2560","Global",20,false,false,"ok"
"004a2960","FUN_004a2960","Global",20,false,false,"ok"
"004a2b40","FUN_004a2b40","Global",8,false,false,"ok"
"004a2ba0","FUN_004a2ba0","Global",8,false,false,"ok"
"004a2c50","FUN_004a2c50","Global",12,false,false,"ok"
"004a2d10","FUN_004a2d10","Global",12,false,false,"ok"
"004a2e00","FUN_004a2e00","Global",12,false,false,"ok"
"004a2f10","FUN_004a2f10","Global",28,false,false,"ok"
"004a2f40","FUN_004a2f40","Global",52,false,false,"ok"
"004a2f90","FUN_004a2f90","Global",36,false,false,"ok"
"004a2fc0","FUN_004a2fc0","Global",48,false,false,"ok"
"004a3010","FUN_004a3010","Global",84,false,false,"ok"
"004a3080","FUN_004a3080","Global",20,false,false,"ok"
"004a3200","FUN_004a3200","Global",52,false,false,"ok"
"004a3240","FUN_004a3240","Global",52,false,false,"ok"
"004a32a0","FUN_004a32a0","Global",8,false,false,"ok"
"004a3410","FUN_004a3410","Global",20,false,false,"ok"
"004a3be0","FUN_004a3be0","Global",104,false,false,"ok"
"004a3c50","FUN_004a3c50","Global",96,false,false,"ok"
"004a3cc0","FUN_004a3cc0","Global",92,false,false,"ok"
"004a3d30","FUN_004a3d30","Global",100,false,false,"ok"
"004a3db0","FUN_004a3db0","Global",52,false,false,"ok"
"004a3e30","FUN_004a3e30","Global",312,false,false,"ok"
"004a4180","FUN_004a4180","Global",12,false,false,"ok"
"004a4400","FUN_004a4400","Global",8,false,false,"ok"
"004a44b0","FUN_004a44b0","Global",36,false,false,"ok"
"004a44f0","FUN_004a44f0","Global",32,false,false,"ok"
"004a4520","FUN_004a4520","Global",8,false,false,"ok"
"004a45d0","FUN_004a45d0","Global",36,false,false,"ok"
"004a4610","FUN_004a4610","Global",8,false,false,"ok"
"004a4690","FUN_004a4690","Global",80,false,false,"ok"
"004a46f0","FUN_004a46f0","Global",88,false,false,"ok"
"004a4760","FUN_004a4760","Global",80,false,false,"ok"
"004a47c0","FUN_004a47c0","Global",16,false,false,"ok"
"004a4e40","FUN_004a4e40","Global",24,false,false,"ok"
"004a5020","FUN_004a5020","Global",12,false,false,"ok"
"004a51f0","FUN_004a51f0","Global",20,false,false,"ok"
"004a5230","FUN_004a5230","Global",84,false,false,"ok"
"004a52a0","FUN_004a52a0","Global",416,false,false,"ok"
"004a54e0","FUN_004a54e0","Global",96,false,false,"ok"
"004a55a0","FUN_004a55a0","Global",8,false,false,"ok"
"004a5790","FUN_004a5790","Global",12,false,false,"ok"
"004a5c20","FUN_004a5c20","Global",200,false,false,"ok"
"004a5d00","FUN_004a5d00","Global",1172,false,false,"ok"
"004a6610","FUN_004a6610","Global",152,false,false,"ok"
"004a66c0","FUN_004a66c0","Global",12,false,false,"ok"
"004a67f0","FUN_004a67f0","Global",8,false,false,"ok"
"004a6f00","FUN_004a6f00","Global",16,false,false,"ok"
"004a7240","FUN_004a7240","Global",16,false,false,"ok"
"004a74a0","FUN_004a74a0","Global",40,false,false,"ok"
"004a7a40","FUN_004a7a40","Global",572,false,false,"ok"
"004a7d60","FUN_004a7d60","Global",292,false,false,"ok"
"004a7ea0","FUN_004a7ea0","Global",12,false,false,"ok"
"004a80b0","FUN_004a80b0","Global",432,false,false,"ok"
"004a8270","FUN_004a8270","Global",8,false,false,"ok"
"004a83d0","FUN_004a83d0","Global",136,false,false,"ok"
"004a85a0","FUN_004a85a0","Global",8,false,false,"ok"
"004a87b0","FUN_004a87b0","Global",20,false,false,"ok"
"004a89d0","FUN_004a89d0","Global",16,false,false,"ok"
"004a8db0","FUN_004a8db0","Global",260,false,false,"ok"
"004a8ec0","FUN_004a8ec0","Global",12,false,false,"ok"
"004a91b0","FUN_004a91b0","Global",8,false,false,"ok"
"004a93c0","FUN_004a93c0","Global",36,false,false,"ok"
"004a95c0","FUN_004a95c0","Global",256,false,false,"ok"
"004a96f0","FUN_004a96f0","Global",16,false,false,"ok"
"004a9c10","FUN_004a9c10","Global",12,false,false,"ok"
"004a9f20","FUN_004a9f20","Global",1,false,false,"ok"
"004a9f30","FUN_004a9f30","Global",12,false,false,"ok"
"004aa000","FUN_004aa000","Global",96,false,false,"ok"
"004aa070","FUN_004aa070","Global",16,false,false,"ok"
"004aa410","FUN_004aa410","Global",20,false,false,"ok"
"004aa4d0","FUN_004aa4d0","Global",96,false,false,"ok"
"004aa6f0","FUN_004aa6f0","Global",68,false,false,"ok"
"004aa7f0","FUN_004aa7f0","Global",60,false,false,"ok"
"004aa840","FUN_004aa840","Global",72,false,false,"ok"
"004aa890","FUN_004aa890","Global",12,false,false,"ok"
"004aa9a0","FUN_004aa9a0","Global",12,false,false,"ok"
"004aaa50","FUN_004aaa50","Global",16,false,false,"ok"
"004aacc0","FUN_004aacc0","Global",16,false,false,"ok"
"004ab1c0","FUN_004ab1c0","Global",16,false,false,"ok"
"004ab2b0","FUN_004ab2b0","Global",12,false,false,"ok"
"004ab720","FUN_004ab720","Global",8,false,false,"ok"
"004ab7c0","FUN_004ab7c0","Global",76,false,false,"ok"
"004ab820","FUN_004ab820","Global",68,false,false,"ok"
"004ab880","FUN_004ab880","Global",20,false,false,"ok"
"004ab8b0","FUN_004ab8b0","Global",8,false,false,"ok"
"004aba80","FUN_004aba80","Global",12,false,false,"ok"
"004abc10","FUN_004abc10","Global",100,false,false,"ok"
"004abc80","FUN_004abc80","Global",8,false,false,"ok"
"004abd80","FUN_004abd80","Global",96,false,false,"ok"
"004abdf0","FUN_004abdf0","Global",68,false,false,"ok"
"004abe50","FUN_004abe50","Global",20,false,false,"ok"
"004abe80","FUN_004abe80","Global",84,false,false,"ok"
"004abef0","FUN_004abef0","Global",20,false,false,"ok"
"004abf20","FUN_004abf20","Global",68,false,false,"ok"
"004abf80","FUN_004abf80","Global",20,false,false,"ok"
"004abfb0","FUN_004abfb0","Global",68,false,false,"ok"
"004ac010","FUN_004ac010","Global",20,false,false,"ok"
"004ac1a0","FUN_004ac1a0","Global",80,false,false,"ok"
"004ac250","FUN_004ac250","Global",8,false,false,"ok"
"004ac960","FUN_004ac960","Global",8,false,false,"ok"
"004acb80","FUN_004acb80","Global",12,false,false,"ok"
"004acd50","FUN_004acd50","Global",80,false,false,"ok"
"004ace30","FUN_004ace30","Global",8,false,false,"ok"
"004ad560","FUN_004ad560","Global",8,false,false,"ok"
"004ad780","FUN_004ad780","Global",12,false,false,"ok"
"004ad850","FUN_004ad850","Global",100,false,false,"ok"
"004ad8c0","FUN_004ad8c0","Global",20,false,false,"ok"
"004ada20","FUN_004ada20","Global",308,false,false,"ok"
"004adb60","FUN_004adb60","Global",20,false,false,"ok"
"004adc10","FUN_004adc10","Global",112,false,false,"ok"
"004adca0","FUN_004adca0","Global",12,false,false,"ok"
"004ade10","FUN_004ade10","Global",112,false,false,"ok"
"004ade90","FUN_004ade90","Global",8,false,false,"ok"
"004ae3c0","FUN_004ae3c0","Global",20,false,false,"ok"
"004ae7e0","FUN_004ae7e0","Global",12,false,false,"ok"
"004ae870","FUN_004ae870","Global",112,false,false,"ok"
"004ae900","FUN_004ae900","Global",8,false,false,"ok"
"004aeac0","FUN_004aeac0","Global",20,false,false,"ok"
"004aecc0","FUN_004aecc0","Global",8,false,false,"ok"
"004aed40","FUN_004aed40","Global",112,false,false,"ok"
"004aedd0","FUN_004aedd0","Global",240,false,false,"ok"
"004aeee0","FUN_004aeee0","Global",112,false,false,"ok"
"004aef60","FUN_004aef60","Global",12,false,false,"ok"
"004af1c0","FUN_004af1c0","Global",28,false,false,"ok"
"004af280","FUN_004af280","Global",144,false,false,"ok"
"004af570","FUN_004af570","Global",444,false,false,"ok"
"004af7b0","FUN_004af7b0","Global",172,false,false,"ok"
"004af8c0","FUN_004af8c0","Global",8,false,false,"ok"
"004b0290","FUN_004b0290","Global",56,false,false,"ok"
"004b0370","FUN_004b0370","Global",8,false,false,"ok"
"004b0410","FUN_004b0410","Global",12,false,false,"ok"
"004b04c0","FUN_004b04c0","Global",20,false,false,"ok"
"004b0590","FUN_004b0590","Global",12,false,false,"ok"
"004b0660","FUN_004b0660","Global",152,false,false,"ok"
"004b0710","FUN_004b0710","Global",8,false,false,"ok"
"004b0830","FUN_004b0830","Global",112,false,false,"ok"
"004b08c0","FUN_004b08c0","Global",220,false,false,"ok"
"004b09d0","FUN_004b09d0","Global",24,false,false,"ok"
"004b0b30","FUN_004b0b30","Global",84,false,false,"ok"
"004b0c30","FUN_004b0c30","Global",8,false,false,"ok"
"004b13a0","FUN_004b13a0","Global",8,false,false,"ok"
"004b15c0","FUN_004b15c0","Global",12,false,false,"ok"
"004b16b0","FUN_004b16b0","Global",28,false,false,"ok"
"004b1700","FUN_004b1700","Global",80,false,false,"ok"
"004b1760","FUN_004b1760","Global",48,false,false,"ok"
"004b17a0","FUN_004b17a0","Global",92,false,false,"ok"
"004b1810","FUN_004b1810","Global",68,false,false,"ok"
"004b1870","FUN_004b1870","Global",24,false,false,"ok"
"004b1ad0","FUN_004b1ad0","Global",28,false,false,"ok"
"004b1b20","FUN_004b1b20","Global",80,false,false,"ok"
"004b1b80","FUN_004b1b80","Global",48,false,false,"ok"
"004b1bc0","FUN_004b1bc0","Global",92,false,false,"ok"
"004b1c30","FUN_004b1c30","Global",68,false,false,"ok"
"004b1c90","FUN_004b1c90","Global",8,false,false,"ok"
"004b1e10","FUN_004b1e10","Global",28,false,false,"ok"
"004b1eb0","FUN_004b1eb0","Global",80,false,false,"ok"
"004b1f10","FUN_004b1f10","Global",48,false,false,"ok"
"004b1f50","FUN_004b1f50","Global",20,false,false,"ok"
"004b21b0","FUN_004b21b0","Global",80,false,false,"ok"
"004b2210","FUN_004b2210","Global",8,false,false,"ok"
"004b2270","FUN_004b2270","Global",96,false,false,"ok"
"004b22e0","FUN_004b22e0","Global",68,false,false,"ok"
"004b2330","FUN_004b2330","Global",60,false,false,"ok"
"004b2380","FUN_004b2380","Global",156,false,false,"ok"
"004b2430","FUN_004b2430","Global",76,false,false,"ok"
"004b2490","FUN_004b2490","Global",12,false,false,"ok"
"004b2500","FUN_004b2500","Global",80,false,false,"ok"
"004b2560","FUN_004b2560","Global",56,false,false,"ok"
"004b25b0","FUN_004b25b0","Global",8,false,false,"ok"
"004b27a0","FUN_004b27a0","Global",504,false,false,"ok"
"004b2a10","FUN_004b2a10","Global",20,false,false,"ok"
"004b2a90","FUN_004b2a90","Global",96,false,false,"ok"
"004b2b00","FUN_004b2b00","Global",60,false,false,"ok"
"004b2fb0","FUN_004b2fb0","Global",80,false,false,"ok"
"004b3040","FUN_004b3040","Global",12,false,false,"ok"
"004b30d0","FUN_004b30d0","Global",108,false,false,"ok"
"004b3150","FUN_004b3150","Global",56,false,false,"ok"
"004b31a0","FUN_004b31a0","Global",132,false,false,"ok"
"004b3240","FUN_004b3240","Global",1104,false,false,"ok"
"004b3a40","FUN_004b3a40","Global",20,false,false,"ok"
"004b3af0","FUN_004b3af0","Global",108,false,false,"ok"
"004b3b70","FUN_004b3b70","Global",60,false,false,"ok"
"004b3bc0","FUN_004b3bc0","Global",108,false,false,"ok"
"004b3c40","FUN_004b3c40","Global",12,false,false,"ok"
"004b4320","FUN_004b4320","Global",12,false,false,"ok"
"004b43c0","FUN_004b43c0","Global",108,false,false,"ok"
"004b4440","FUN_004b4440","Global",56,false,false,"ok"
"004b4490","FUN_004b4490","Global",88,false,false,"ok"
"004b4500","FUN_004b4500","Global",12,false,false,"ok"
"004b4bf0","FUN_004b4bf0","Global",16,false,false,"ok"
"004b4dc0","FUN_004b4dc0","Global",56,false,false,"ok"
"004b4fa0","FUN_004b4fa0","Global",16,false,false,"ok"
"004b5080","FUN_004b5080","Global",260,false,false,"ok"
"004b5190","FUN_004b5190","Global",16,false,false,"ok"
"004b52a0","FUN_004b52a0","Global",88,false,false,"ok"
"004b52f8","FUN_004b52f8","Global",344,false,false,"ok"
"004b5460","FUN_004b5460","Global",4,false,false,"ok"
"004b5490","FUN_004b5490","Global",20,false,false,"ok"
"004b5780","FUN_004b5780","Global",12,false,false,"ok"
"004b5b40","FUN_004b5b40","Global",20,false,false,"ok"
"004b5cb0","FUN_004b5cb0","Global",16,false,false,"ok"
"004b5e00","FUN_004b5e00","Global",12,false,false,"ok"
"004b6050","FUN_004b6050","Global",16,false,false,"ok"
"004b6df0","FUN_004b6df0","Global",8,false,false,"ok"
"004b7240","FUN_004b7240","Global",12,false,false,"ok"
"004b7330","FUN_004b7330","Global",304,false,false,"ok"
"004b7480","FUN_004b7480","Global",16,false,false,"ok"
"004b76a0","FUN_004b76a0","Global",20,false,false,"ok"
"004b8400","FUN_004b8400","Global",12,false,false,"ok"
"004b84e0","FUN_004b84e0","Global",32,false,false,"ok"
"004b87f0","FUN_004b87f0","Global",24,false,false,"ok"
"004b94f0","FUN_004b94f0","Global",12,false,false,"ok"
"004b9cc0","FUN_004b9cc0","Global",12,false,false,"ok"
"004ba370","FUN_004ba370","Global",16,false,false,"ok"
"004baee0","FUN_004baee0","Global",8,false,false,"ok"
"004bb000","FUN_004bb000","Global",144,false,false,"ok"
"004bb0a0","FUN_004bb0a0","Global",204,false,false,"ok"
"004bb180","FUN_004bb180","Global",20,false,false,"ok"
"004bbac0","FUN_004bbac0","Global",8,false,false,"ok"
"004bbe50","FUN_004bbe50","Global",116,false,false,"ok"
"004bbed0","FUN_004bbed0","Global",8,false,false,"ok"
"004bc000","FUN_004bc000","Global",16,false,false,"ok"
"004bc250","FUN_004bc250","Global",8,false,false,"ok"
"004bc2c0","FUN_004bc2c0","Global",148,false,false,"ok"
"004bc360","FUN_004bc360","Global",28,false,false,"ok"
"004bc5f0","FUN_004bc5f0","Global",8,false,false,"ok"
"004bcc10","FUN_004bcc10","Global",12,false,false,"ok"
"004bd580","FUN_004bd580","Global",60,false,false,"ok"
"004bd5d0","FUN_004bd5d0","Global",204,false,false,"ok"
"004bd720","FUN_004bd720","Global",228,false,false,"ok"
"004bd820","FUN_004bd820","Global",204,false,false,"ok"
"004bd900","FUN_004bd900","Global",176,false,false,"ok"
"004bd9c0","FUN_004bd9c0","Global",24,false,false,"ok"
"004bdb90","FUN_004bdb90","Global",16,false,false,"ok"
"004be070","FUN_004be070","Global",16,false,false,"ok"
"004be200","FUN_004be200","Global",16,false,false,"ok"
"004be360","FUN_004be360","Global",184,false,false,"ok"
"004be430","FUN_004be430","Global",64,false,false,"ok"
"004be480","FUN_004be480","Global",80,false,false,"ok"
"004be4e0","FUN_004be4e0","Global",44,false,false,"ok"
"004be590","FUN_004be590","Global",88,false,false,"ok"
"004be6b0","FUN_004be6b0","Global",520,false,false,"ok"
"004be960","FUN_004be960","Global",12,false,false,"ok"
"004bef10","FUN_004bef10","Global",8,false,false,"ok"
"004bf750","FUN_004bf750","Global",12,false,false,"ok"
"004bfbb0","FUN_004bfbb0","Global",148,false,false,"ok"
"004bfc60","FUN_004bfc60","Global",40,false,false,"ok"
"004bfc90","FUN_004bfc90","Global",24,false,false,"ok"
"004bfcb0","FUN_004bfcb0","Global",28,false,false,"ok"
"004bfce0","FUN_004bfce0","Global",68,false,false,"ok"
"004bfd40","FUN_004bfd40","Global",296,false,false,"ok"
"004bfe80","FUN_004bfe80","Global",8,false,false,"ok"
"004bff80","FUN_004bff80","Global",120,false,false,"ok"
"004c0010","FUN_004c0010","Global",120,false,false,"ok"
"004c00b0","FUN_004c00b0","Global",112,false,false,"ok"
"004c01e0","FUN_004c01e0","Global",36,false,false,"ok"
"004c0380","FUN_004c0380","Global",28,false,false,"ok"
"004c03b0","FUN_004c03b0","Global",100,false,false,"ok"
"004c0420","FUN_004c0420","Global",12,false,false,"ok"
"004c0490","FUN_004c0490","Global",20,false,false,"ok"
"004c0540","FUN_004c0540","Global",56,false,false,"ok"
"004c0590","FUN_004c0590","Global",28,false,false,"ok"
"004c05d0","FUN_004c05d0","Global",8,false,false,"ok"
"004c06a0","FUN_004c06a0","Global",168,false,false,"ok"
"004c0770","FUN_004c0770","Global",24,false,false,"ok"
"004c08d0","FUN_004c08d0","Global",128,false,false,"ok"
"004c0960","FUN_004c0960","Global",40,false,false,"ok"
"004c0e80","FUN_004c0e80","Global",60,false,false,"ok"
"004c0f20","FUN_004c0f20","Global",148,false,false,"ok"
"004c10e0","FUN_004c10e0","Global",40,false,false,"ok"
"004c1160","FUN_004c1160","Global",12,false,false,"ok"
"004c1270","FUN_004c1270","Global",8,false,false,"ok"
"004c1320","FUN_004c1320","Global",36,false,false,"ok"
"004c1440","FUN_004c1440","Global",100,false,false,"ok"
"004c14c0","FUN_004c14c0","Global",20,false,false,"ok"
"004c1570","FUN_004c1570","Global",64,false,false,"ok"
"004c15c0","FUN_004c15c0","Global",48,false,false,"ok"
"004c1600","FUN_004c1600","Global",156,false,false,"ok"
"004c16b0","FUN_004c16b0","Global",8,false,false,"ok"
"004c1890","FUN_004c1890","Global",24,false,false,"ok"
"004c18b0","FUN_004c18b0","Global",128,false,false,"ok"
"004c1940","FUN_004c1940","Global",20,false,false,"ok"
"004c1d10","FUN_004c1d10","Global",72,false,false,"ok"
"004c1d70","FUN_004c1d70","Global",16,false,false,"ok"
"004c2590","FUN_004c2590","Global",24,false,false,"ok"
"004c25f0","FUN_004c25f0","Global",20,false,false,"ok"
"004c2630","FUN_004c2630","Global",108,false,false,"ok"
"004c26b0","FUN_004c26b0","Global",24,false,false,"ok"
"004c2950","FUN_004c2950","Global",180,false,false,"ok"
"004c2a20","FUN_004c2a20","Global",16,false,false,"ok"
"004c2d90","FUN_004c2d90","Global",20,false,false,"ok"
"004c2dd0","FUN_004c2dd0","Global",80,false,false,"ok"
"004c2e30","FUN_004c2e30","Global",132,false,false,"ok"
"004c2ed0","FUN_004c2ed0","Global",140,false,false,"ok"
"004c2f90","FUN_004c2f90","Global",12,false,false,"ok"
"004c3000","FUN_004c3000","Global",108,false,false,"ok"
"004c3080","FUN_004c3080","Global",28,false,false,"ok"
"004c3270","FUN_004c3270","Global",192,false,false,"ok"
"004c3480","FUN_004c3480","Global",8,false,false,"ok"
"004c3730","FUN_004c3730","Global",328,false,false,"ok"
"004c38d0","FUN_004c38d0","Global",12,false,false,"ok"
"004c3940","FUN_004c3940","Global",8,false,false,"ok"
"004c39f0","FUN_004c39f0","Global",80,false,false,"ok"
"004c3a50","FUN_004c3a50","Global",80,false,false,"ok"
"004c3ab0","FUN_004c3ab0","Global",64,false,false,"ok"
"004c3b00","FUN_004c3b00","Global",16,false,false,"ok"
"004c3c00","FUN_004c3c00","Global",108,false,false,"ok"
"004c3c80","FUN_004c3c80","Global",56,false,false,"ok"
"004c3ce0","FUN_004c3ce0","Global",132,false,false,"ok"
"004c3d80","FUN_004c3d80","Global",8,false,false,"ok"
"004c3de0","FUN_004c3de0","Global",80,false,false,"ok"
"004c3e40","FUN_004c3e40","Global",60,false,false,"ok"
"004c3e90","FUN_004c3e90","Global",16,false,false,"ok"
"004c44a0","FUN_004c44a0","Global",12,false,false,"ok"
"004c45a0","FUN_004c45a0","Global",12,false,false,"ok"
"004c4680","FUN_004c4680","Global",128,false,false,"ok"
"004c4710","FUN_004c4710","Global",24,false,false,"ok"
"004c4860","FUN_004c4860","Global",20,false,false,"ok"
"004c5180","FUN_004c5180","Global",28,false,false,"ok"
"004c5220","FUN_004c5220","Global",108,false,false,"ok"
"004c52a0","FUN_004c52a0","Global",128,false,false,"ok"
"004c5350","FUN_004c5350","Global",12,false,false,"ok"
"004c56e0","FUN_004c56e0","Global",20,false,false,"ok"
"004c57f0","FUN_004c57f0","Global",80,false,false,"ok"
"004c5850","FUN_004c5850","Global",124,false,false,"ok"
"004c58e0","FUN_004c58e0","Global",316,false,false,"ok"
"004c5a30","FUN_004c5a30","Global",8,false,false,"ok"
"004c5c80","FUN_004c5c80","Global",8,false,false,"ok"
"004c5e60","FUN_004c5e60","Global",8,false,false,"ok"
"004c62a0","FUN_004c62a0","Global",28,false,false,"ok"
"004c6300","FUN_004c6300","Global",128,false,false,"ok"
"004c63d0","FUN_004c63d0","Global",8,false,false,"ok"
"004c65e0","FUN_004c65e0","Global",8,false,false,"ok"
"004c68a0","FUN_004c68a0","Global",332,false,false,"ok"
"004c6b00","FUN_004c6b00","Global",24,false,false,"ok"
"004c7070","FUN_004c7070","Global",28,false,false,"ok"
"004c70c0","FUN_004c70c0","Global",80,false,false,"ok"
"004c7120","FUN_004c7120","Global",16,false,false,"ok"
"004c72c0","FUN_004c72c0","Global",8,false,false,"ok"
"004c74d0","FUN_004c74d0","Global",16,false,false,"ok"
"004c7720","FUN_004c7720","Global",8,false,false,"ok"
"004c7800","FUN_004c7800","Global",128,false,false,"ok"
"004c78a0","FUN_004c78a0","Global",132,false,false,"ok"
"004c7950","FUN_004c7950","Global",148,false,false,"ok"
"004c7a00","FUN_004c7a00","Global",12,false,false,"ok"
"004c8960","FUN_004c8960","Global",84,false,false,"ok"
"004c8ca0","FUN_004c8ca0","Global",12,false,false,"ok"
"004c8f90","FUN_004c8f90","Global",8,false,false,"ok"
"004c9340","FUN_004c9340","Global",32,false,false,"ok"
"004c9500","FUN_004c9500","Global",12,false,false,"ok"
"004c95f0","FUN_004c95f0","Global",56,false,false,"ok"
"004c96b0","FUN_004c96b0","Global",24,false,false,"ok"
"004c9c40","FUN_004c9c40","Global",8,false,false,"ok"
"004ca6f0","FUN_004ca6f0","Global",3236,false,false,"ok"
"004cb3a0","FUN_004cb3a0","Global",20,false,false,"ok"
"004cb4b0","FUN_004cb4b0","Global",140,false,false,"ok"
"004cb5a0","FUN_004cb5a0","Global",8,false,false,"ok"
"004cb6e0","FUN_004cb6e0","Global",8,false,false,"ok"
"004cb990","FUN_004cb990","Global",16,false,false,"ok"
"004cba90","FUN_004cba90","Global",16,false,false,"ok"
"004cc180","FUN_004cc180","Global",184,false,false,"ok"
"004cc260","FUN_004cc260","Global",16,false,false,"ok"
"004ccb90","FUN_004ccb90","Global",8,false,false,"ok"
"004ccce0","FUN_004ccce0","Global",20,false,false,"ok"
"004cd210","FUN_004cd210","Global",444,false,false,"ok"
"004cd480","FUN_004cd480","Global",60,false,false,"ok"
"004cd4d0","FUN_004cd4d0","Global",20,false,false,"ok"
"004cd510","FUN_004cd510","Global",80,false,false,"ok"
"004cd570","FUN_004cd570","Global",16,false,false,"ok"
"004cd800","FUN_004cd800","Global",8,false,false,"ok"
"004cd9a0","FUN_004cd9a0","Global",56,false,false,"ok"
"004cd9e0","FUN_004cd9e0","Global",20,false,false,"ok"
"004cdd90","FUN_004cdd90","Global",36,false,false,"ok"
"004cddd0","FUN_004cddd0","Global",60,false,false,"ok"
"004cde30","FUN_004cde30","Global",68,false,false,"ok"
"004cde90","FUN_004cde90","Global",60,false,false,"ok"
"004cdef0","FUN_004cdef0","Global",60,false,false,"ok"
"004cdf50","FUN_004cdf50","Global",76,false,false,"ok"
"004cdfc0","FUN_004cdfc0","Global",52,false,false,"ok"
"004ce010","FUN_004ce010","Global",80,false,false,"ok"
"004ce080","FUN_004ce080","Global",60,false,false,"ok"
"004ce0e0","FUN_004ce0e0","Global",60,false,false,"ok"
"004ce140","FUN_004ce140","Global",60,false,false,"ok"
"004ce1a0","FUN_004ce1a0","Global",36,false,false,"ok"
"004ce1e0","FUN_004ce1e0","Global",36,false,false,"ok"
"004ce220","FUN_004ce220","Global",8,false,false,"ok"
"004ce380","FUN_004ce380","Global",28,false,false,"ok"
"004cea50","FUN_004cea50","Global",8,false,false,"ok"
"004cf2c0","FUN_004cf2c0","Global",12,false,false,"ok"
"004cf720","FUN_004cf720","Global",148,false,false,"ok"
"004cf7d0","FUN_004cf7d0","Global",40,false,false,"ok"
"004cf800","FUN_004cf800","Global",136,false,false,"ok"
"004cf890","FUN_004cf890","Global",48,false,false,"ok"
"004cf8d0","FUN_004cf8d0","Global",52,false,false,"ok"
"004cf920","FUN_004cf920","Global",8,false,false,"ok"
"004cf9c0","FUN_004cf9c0","Global",8,false,false,"ok"
"004cfa80","FUN_004cfa80","Global",88,false,false,"ok"
"004cfaf0","FUN_004cfaf0","Global",8,false,false,"ok"
"004cfec0","FUN_004cfec0","Global",28,false,false,"ok"
"004cfef0","FUN_004cfef0","Global",68,false,false,"ok"
"004d0050","FUN_004d0050","Global",16,false,false,"ok"
"004d0120","FUN_004d0120","Global",8,false,false,"ok"
"004d02b0","FUN_004d02b0","Global",20,false,false,"ok"
"004d0500","FUN_004d0500","Global",24,false,false,"ok"
"004d0660","FUN_004d0660","Global",8,false,false,"ok"
"004d0740","FUN_004d0740","Global",12,false,false,"ok"
"004d0860","FUN_004d0860","Global",12,false,false,"ok"
"004d0930","FUN_004d0930","Global",12,false,false,"ok"
"004d0a20","FUN_004d0a20","Global",28,false,false,"ok"
"004d0c00","FUN_004d0c00","Global",144,false,false,"ok"
"004d0cc0","FUN_004d0cc0","Global",12,false,false,"ok"
"004d0d60","FUN_004d0d60","Global",588,false,false,"ok"
"004d1010","FUN_004d1010","Global",8,false,false,"ok"
"004d4400","FUN_004d4400","Global",8,false,false,"ok"
"004d6120","FUN_004d6120","Global",80,false,false,"ok"
"004d6180","FUN_004d6180","Global",64,false,false,"ok"
"004d6230","FUN_004d6230","Global",104,false,false,"ok"
"004d6330","FUN_004d6330","Global",124,false,false,"ok"
"004d63f0","FUN_004d63f0","Global",96,false,false,"ok"
"004d6470","FUN_004d6470","Global",8,false,false,"ok"
"004d6480","FUN_004d6480","Global",12,false,false,"ok"
"004d64c0","FUN_004d64c0","Global",12,false,false,"ok"
"004d64d0","FUN_004d64d0","Global",80,false,false,"ok"
"004d6530","FUN_004d6530","Global",180,false,false,"ok"
"004d6710","FUN_004d6710","Global",80,false,false,"ok"
"004d6830","FUN_004d6830","Global",24,false,false,"ok"
"004d6850","FUN_004d6850","Global",108,false,false,"ok"
"004d68d0","FUN_004d68d0","Global",536,false,false,"ok"
"004d6af0","FUN_004d6af0","Global",212,false,false,"ok"
"004d6be0","FUN_004d6be0","Global",496,false,false,"ok"
"004d7200","FUN_004d7200","Global",68,false,false,"ok"
"004d7250","FUN_004d7250","Global",8,false,false,"ok"
"004d74a0","FUN_004d74a0","Global",20,false,false,"ok"
"004d74d0","FUN_004d74d0","Global",20,false,false,"ok"
"004d77f0","FUN_004d77f0","Global",28,false,false,"ok"
"004d79e0","FUN_004d79e0","Global",124,false,false,"ok"
"004d7a80","FUN_004d7a80","Global",8,false,false,"ok"
"004d7b80","FUN_004d7b80","Global",80,false,false,"ok"
"004d7d10","FUN_004d7d10","Global",44,false,false,"ok"
"004d7d50","FUN_004d7d50","Global",20,false,false,"ok"
"004d96d0","FUN_004d96d0","Global",148,false,false,"ok"
"004d9770","FUN_004d9770","Global",264,false,false,"ok"
"004d98a0","FUN_004d98a0","Global",20,false,false,"ok"
"004d9a80","FUN_004d9a80","Global",84,false,false,"ok"
"004d9b10","FUN_004d9b10","Global",8,false,false,"ok"
"004d9ce0","FUN_004d9ce0","Global",56,false,false,"ok"
"004d9d30","FUN_004d9d30","Global",68,false,false,"ok"
"004d9d80","FUN_004d9d80","Global",8,false,false,"ok"
"004d9d90","FUN_004d9d90","Global",56,false,false,"ok"
"004d9de0","FUN_004d9de0","Global",64,false,false,"ok"
"004d9e80","FUN_004d9e80","Global",16,false,false,"ok"
"004da350","FUN_004da350","Global",20,false,false,"ok"
"004da6a0","FUN_004da6a0","Global",12,false,false,"ok"
"004dab70","FUN_004dab70","Global",28,false,false,"ok"
"004dad90","FUN_004dad90","Global",8,false,false,"ok"
"004daea0","FUN_004daea0","Global",172,false,false,"ok"
"004daf60","FUN_004daf60","Global",520,false,false,"ok"
"004db180","FUN_004db180","Global",152,false,false,"ok"
"004db220","FUN_004db220","Global",120,false,false,"ok"
"004db2c0","FUN_004db2c0","Global",8,false,false,"ok"
"004db380","FUN_004db380","Global",8,false,false,"ok"
"004db7b0","FUN_004db7b0","Global",16,false,false,"ok"
"004dbc40","FUN_004dbc40","Global",12,false,false,"ok"
"004dbed0","FUN_004dbed0","Global",220,false,false,"ok"
"004dc000","FUN_004dc000","Global",16,false,false,"ok"
"004dc490","FUN_004dc490","Global",8,false,false,"ok"
"004dc7b0","FUN_004dc7b0","Global",204,false,false,"ok"
"004dc8d0","FUN_004dc8d0","Global",12,false,false,"ok"
"004dcc60","FUN_004dcc60","Global",16,false,false,"ok"
"004dce40","FUN_004dce40","Global",144,false,false,"ok"
"004dcfd0","FUN_004dcfd0","Global",20,false,false,"ok"
"004dd1f0","FUN_004dd1f0","Global",88,false,false,"ok"
"004dd270","FUN_004dd270","Global",84,false,false,"ok"
"004dd330","FUN_004dd330","Global",64,false,false,"ok"
"004dd3a0","FUN_004dd3a0","Global",40,false,false,"ok"
"004dd400","FUN_004dd400","Global",180,false,false,"ok"
"004dd4c0","FUN_004dd4c0","Global",528,false,false,"ok"
"004dd6e0","FUN_004dd6e0","Global",28,false,false,"ok"
"004dd760","FUN_004dd760","Global",100,false,false,"ok"
"004dd7f0","FUN_004dd7f0","Global",128,false,false,"ok"
"004dd880","FUN_004dd880","Global",8,false,false,"ok"
"004de460","FUN_004de460","Global",112,false,false,"ok"
"004de4f0","FUN_004de4f0","Global",12,false,false,"ok"
"004dec60","FUN_004dec60","Global",72,false,false,"ok"
"004dedd0","FUN_004dedd0","Global",120,false,false,"ok"
"004dee70","FUN_004dee70","Global",444,false,false,"ok"
"004df070","FUN_004df070","Global",260,false,false,"ok"
"004df1a0","FUN_004df1a0","Global",72,false,false,"ok"
"004df220","FUN_004df220","Global",24,false,false,"ok"
"004df3e0","FUN_004df3e0","Global",132,false,false,"ok"
"004df4a0","FUN_004df4a0","Global",168,false,false,"ok"
"004df560","FUN_004df560","Global",104,false,false,"ok"
"004df5e0","FUN_004df5e0","Global",8,false,false,"ok"
"004dfb00","FUN_004dfb00","Global",512,false,false,"ok"
"004dfd20","FUN_004dfd20","Global",272,false,false,"ok"
"004dff10","FUN_004dff10","Global",16,false,false,"ok"
"004e1100","FUN_004e1100","Global",92,false,false,"ok"
"004e1170","FUN_004e1170","Global",80,false,false,"ok"
"004e11d0","FUN_004e11d0","Global",48,false,false,"ok"
"004e1210","FUN_004e1210","Global",84,false,false,"ok"
"004e1280","FUN_004e1280","Global",96,false,false,"ok"
"004e1420","FUN_004e1420","Global",8,false,false,"ok"
"004e1ac0","FUN_004e1ac0","Global",32,false,false,"ok"
"004e1bb0","FUN_004e1bb0","Global",112,false,false,"ok"
"004e1cf0","FUN_004e1cf0","Global",136,false,false,"ok"
"004e20a0","FUN_004e20a0","Global",8,false,false,"ok"
"004e24f0","FUN_004e24f0","Global",1,false,false,"ok"
"004e2500","FUN_004e2500","Global",12,false,false,"ok"
"004e25b0","FUN_004e25b0","Global",184,false,false,"ok"
"004e2690","FUN_004e2690","Global",64,false,false,"ok"
"004e26e0","FUN_004e26e0","Global",100,false,false,"ok"
"004e2850","FUN_004e2850","Global",180,false,false,"ok"
"004e2a70","FUN_004e2a70","Global",900,false,false,"ok"
"004e3870","FUN_004e3870","Global",212,false,false,"ok"
"004e3b10","FUN_004e3b10","Global",20,false,false,"ok"
"004e3bb0","FUN_004e3bb0","Global",128,false,false,"ok"
"004e3c50","FUN_004e3c50","Global",24,false,false,"ok"
"004e3d20","FUN_004e3d20","Global",12,false,false,"ok"
"004e3e50","FUN_004e3e50","Global",8,false,false,"ok"
"004e4180","FUN_004e4180","Global",12,false,false,"ok"
"004e4230","FUN_004e4230","Global",120,false,false,"ok"
"004e42d0","FUN_004e42d0","Global",112,false,false,"ok"
"004e4350","FUN_004e4350","Global",104,false,false,"ok"
"004e4440","FUN_004e4440","Global",40,false,false,"ok"
"004e44e0","FUN_004e44e0","Global",20,false,false,"ok"
"004e48a0","FUN_004e48a0","Global",20,false,false,"ok"
"004e48e0","FUN_004e48e0","Global",80,false,false,"ok"
"004e4940","FUN_004e4940","Global",52,false,false,"ok"
"004e4990","FUN_004e4990","Global",8,false,false,"ok"
"004e4ad0","FUN_004e4ad0","Global",8,false,false,"ok"
"004e4b40","FUN_004e4b40","Global",132,false,false,"ok"
"004e4be0","FUN_004e4be0","Global",328,false,false,"ok"
"004e4d80","FUN_004e4d80","Global",12,false,false,"ok"
"004e4e50","FUN_004e4e50","Global",188,false,false,"ok"
"004e4f80","FUN_004e4f80","Global",8,false,false,"ok"
"004e4ff0","FUN_004e4ff0","Global",132,false,false,"ok"
"004e5090","FUN_004e5090","Global",124,false,false,"ok"
"004e5120","FUN_004e5120","Global",80,false,false,"ok"
"004e5180","FUN_004e5180","Global",8,false,false,"ok"
"004e5360","FUN_004e5360","Global",208,false,false,"ok"
"004e54a0","FUN_004e54a0","Global",224,false,false,"ok"
"004e5730","FUN_004e5730","Global",20,false,false,"ok"
"004e5900","FUN_004e5900","Global",12,false,false,"ok"
"004e59a0","FUN_004e59a0","Global",136,false,false,"ok"
"004e5a40","FUN_004e5a40","Global",56,false,false,"ok"
"004e5a90","FUN_004e5a90","Global",100,false,false,"ok"
"004e5b10","FUN_004e5b10","Global",8,false,false,"ok"
"004e5e70","FUN_004e5e70","Global",8,false,false,"ok"
"004e5ef0","FUN_004e5ef0","Global",112,false,false,"ok"
"004e5f70","FUN_004e5f70","Global",16,false,false,"ok"
"004e5f90","FUN_004e5f90","Global",68,false,false,"ok"
"004e5fe0","FUN_004e5fe0","Global",188,false,false,"ok"
"004e60c0","FUN_004e60c0","Global",260,false,false,"ok"
"004e62f0","FUN_004e62f0","Global",8,false,false,"ok"
"004e6450","FUN_004e6450","Global",28,false,false,"ok"
"004e64a0","FUN_004e64a0","Global",100,false,false,"ok"
"004e6540","FUN_004e6540","Global",256,false,false,"ok"
"004e6670","FUN_004e6670","Global",84,false,false,"ok"
"004e66d0","FUN_004e66d0","Global",12,false,false,"ok"
"004e6840","FUN_004e6840","Global",16,false,false,"ok"
"004e6a20","FUN_004e6a20","Global",8,false,false,"ok"
"004e6ae0","FUN_004e6ae0","Global",76,false,false,"ok"
"004e6b40","FUN_004e6b40","Global",528,false,false,"ok"
"004e6dc0","FUN_004e6dc0","Global",84,false,false,"ok"
"004e6e20","FUN_004e6e20","Global",172,false,false,"ok"
"004e6f40","FUN_004e6f40","Global",16,false,false,"ok"
"004e7280","FUN_004e7280","Global",8,false,false,"ok"
"004e8160","FUN_004e8160","Global",12,false,false,"ok"
"004e8550","FUN_004e8550","Global",52,false,false,"ok"
"004e85a0","FUN_004e85a0","Global",52,false,false,"ok"
"004e85f0","FUN_004e85f0","Global",52,false,false,"ok"
"004e8650","FUN_004e8650","Global",52,false,false,"ok"
"004e86a0","FUN_004e86a0","Global",60,false,false,"ok"
"004e8720","FUN_004e8720","Global",60,false,false,"ok"
"004e87a0","FUN_004e87a0","Global",60,false,false,"ok"
"004e8810","FUN_004e8810","Global",112,false,false,"ok"
"004e88d0","FUN_004e88d0","Global",8,false,false,"ok"
"004e8990","FUN_004e8990","Global",8,false,false,"ok"
"004e8a30","FUN_004e8a30","Global",52,false,false,"ok"
"004e8a80","FUN_004e8a80","Global",32,false,false,"ok"
"004e8b70","FUN_004e8b70","Global",128,false,false,"ok"
"004e8c10","FUN_004e8c10","Global",16,false,false,"ok"
"004e9670","FUN_004e9670","Global",172,false,false,"ok"
"004e9730","FUN_004e9730","Global",324,false,false,"ok"
"004e9890","FUN_004e9890","Global",8,false,false,"ok"
"004e9cb0","FUN_004e9cb0","Global",80,false,false,"ok"
"004e9d10","FUN_004e9d10","Global",52,false,false,"ok"
"004e9d90","FUN_004e9d90","Global",40,false,false,"ok"
"004e9e20","FUN_004e9e20","Global",40,false,false,"ok"
"004e9e80","FUN_004e9e80","Global",100,false,false,"ok"
"004e9f00","FUN_004e9f00","Global",1,false,false,"ok"
"004e9f10","FUN_004e9f10","Global",148,false,false,"ok"
"004e9fc0","FUN_004e9fc0","Global",172,false,false,"ok"
"004ea080","FUN_004ea080","Global",76,false,false,"ok"
"004ea130","FUN_004ea130","Global",308,false,false,"ok"
"004ea280","FUN_004ea280","Global",112,false,false,"ok"
"004ea310","FUN_004ea310","Global",1,false,false,"ok"
"004ea320","FUN_004ea320","Global",148,false,false,"ok"
"004ea3d0","FUN_004ea3d0","Global",172,false,false,"ok"
"004ea490","FUN_004ea490","Global",76,false,false,"ok"
"004ea540","FUN_004ea540","Global",8,false,false,"ok"
"004eac60","FUN_004eac60","Global",12,false,false,"ok"
"004ead30","FUN_004ead30","Global",180,false,false,"ok"
"004eae00","FUN_004eae00","Global",100,false,false,"ok"
"004eae70","FUN_004eae70","Global",12,false,false,"ok"
"004eb250","FUN_004eb250","Global",20,false,false,"ok"
"004eb2f0","FUN_004eb2f0","Global",112,false,false,"ok"
"004eb380","FUN_004eb380","Global",28,false,false,"ok"
"004eb450","FUN_004eb450","Global",308,false,false,"ok"
"004eb700","FUN_004eb700","Global",8,false,false,"ok"
"004eb860","FUN_004eb860","Global",108,false,false,"ok"
"004eb8e0","FUN_004eb8e0","Global",1,false,false,"ok"
"004eb8f0","FUN_004eb8f0","Global",148,false,false,"ok"
"004eb9a0","FUN_004eb9a0","Global",252,false,false,"ok"
"004ebab0","FUN_004ebab0","Global",8,false,false,"ok"
"004ebb40","FUN_004ebb40","Global",112,false,false,"ok"
"004ebc60","FUN_004ebc60","Global",8,false,false,"ok"
"004ebd40","FUN_004ebd40","Global",360,false,false,"ok"
"004ebec0","FUN_004ebec0","Global",8,false,false,"ok"
"004ec630","FUN_004ec630","Global",112,false,false,"ok"
"004ec6e0","FUN_004ec6e0","Global",104,false,false,"ok"
"004ec760","FUN_004ec760","Global",52,false,false,"ok"
"004eca90","FUN_004eca90","Global",28,false,false,"ok"
"004ecb30","FUN_004ecb30","Global",112,false,false,"ok"
"004ecbc0","FUN_004ecbc0","Global",12,false,false,"ok"
"004eccc0","FUN_004eccc0","Global",8,false,false,"ok"
"004ed530","FUN_004ed530","Global",116,false,false,"ok"
"004ed5b0","FUN_004ed5b0","Global",92,false,false,"ok"
"004ed680","FUN_004ed680","Global",24,false,false,"ok"
"004ed740","FUN_004ed740","Global",16,false,false,"ok"
"004ed800","FUN_004ed800","Global",8,false,false,"ok"
"004ed8c0","FUN_004ed8c0","Global",8,false,false,"ok"
"004ed980","FUN_004ed980","Global",12,false,false,"ok"
"004eda60","FUN_004eda60","Global",8,false,false,"ok"
"004edb20","FUN_004edb20","Global",148,false,false,"ok"
"004edbd0","FUN_004edbd0","Global",80,false,false,"ok"
"004edd10","FUN_004edd10","Global",80,false,false,"ok"
"004ede10","FUN_004ede10","Global",8,false,false,"ok"
"004edf80","FUN_004edf80","Global",364,false,false,"ok"
"004ee130","FUN_004ee130","Global",20,false,false,"ok"
"004ee380","FUN_004ee380","Global",12,false,false,"ok"
"004ee510","FUN_004ee510","Global",28,false,false,"ok"
"004ee5d0","FUN_004ee5d0","Global",104,false,false,"ok"
"004ee650","FUN_004ee650","Global",80,false,false,"ok"
"004ee6b0","FUN_004ee6b0","Global",8,false,false,"ok"
"004ee8a0","FUN_004ee8a0","Global",288,false,false,"ok"
"004eeb40","FUN_004eeb40","Global",20,false,false,"ok"
"004eec10","FUN_004eec10","Global",80,false,false,"ok"
"004eecb0","FUN_004eecb0","Global",432,false,false,"ok"
"004eeea0","FUN_004eeea0","Global",8,false,false,"ok"
"004eefa0","FUN_004eefa0","Global",200,false,false,"ok"
"004ef080","FUN_004ef080","Global",28,false,false,"ok"
"004ef470","FUN_004ef470","Global",28,false,false,"ok"
"004ef540","FUN_004ef540","Global",104,false,false,"ok"
"004ef5c0","FUN_004ef5c0","Global",20,false,false,"ok"
"004ef7a0","FUN_004ef7a0","Global",8,false,false,"ok"
"004efab0","FUN_004efab0","Global",296,false,false,"ok"
"004efd60","FUN_004efd60","Global",144,false,false,"ok"
"004efe10","FUN_004efe10","Global",20,false,false,"ok"
"004f0210","FUN_004f0210","Global",8,false,false,"ok"
"004f0460","FUN_004f0460","Global",12,false,false,"ok"
"004f0580","FUN_004f0580","Global",144,false,false,"ok"
"004f0630","FUN_004f0630","Global",16,false,false,"ok"
"004f0910","FUN_004f0910","Global",8,false,false,"ok"
"004f0a90","FUN_004f0a90","Global",92,false,false,"ok"
"004f0b00","FUN_004f0b00","Global",20,false,false,"ok"
"004f0f40","FUN_004f0f40","Global",12,false,false,"ok"
"004f1080","FUN_004f1080","Global",12,false,false,"ok"
"004f11c0","FUN_004f11c0","Global",8,false,false,"ok"
"004f12c0","FUN_004f12c0","Global",20,false,false,"ok"
"004f13b0","FUN_004f13b0","Global",24,false,false,"ok"
"004f1490","FUN_004f1490","Global",20,false,false,"ok"
"004f1580","FUN_004f1580","Global",72,false,false,"ok"
"004f1610","FUN_004f1610","Global",92,false,false,"ok"
"004f16d0","FUN_004f16d0","Global",64,false,false,"ok"
"004f1720","FUN_004f1720","Global",60,false,false,"ok"
"004f1770","FUN_004f1770","Global",104,false,false,"ok"
"004f17f0","FUN_004f17f0","Global",16,false,false,"ok"
"004f1830","FUN_004f1830","Global",28,false,false,"ok"
"004f1900","FUN_004f1900","Global",28,false,false,"ok"
"004f1b50","FUN_004f1b50","Global",8,false,false,"ok"
"004f1f30","FUN_004f1f30","Global",56,false,false,"ok"
"004f2170","FUN_004f2170","Global",36,false,false,"ok"
"004f21c0","FUN_004f21c0","Global",184,false,false,"ok"
"004f2320","FUN_004f2320","Global",72,false,false,"ok"
"004f2370","FUN_004f2370","Global",88,false,false,"ok"
"004f23d0","FUN_004f23d0","Global",48,false,false,"ok"
"004f2410","FUN_004f2410","Global",116,false,false,"ok"
"004f2490","FUN_004f2490","Global",12,false,false,"ok"
"004f24a0","FUN_004f24a0","Global",20,false,false,"ok"
"004f25b0","FUN_004f25b0","Global",8,false,false,"ok"
"004f2680","FUN_004f2680","Global",68,false,false,"ok"
"004f26e0","FUN_004f26e0","Global",48,false,false,"ok"
"004f2720","FUN_004f2720","Global",80,false,false,"ok"
"004f2780","FUN_004f2780","Global",188,false,false,"ok"
"004f2850","FUN_004f2850","Global",16,false,false,"ok"
"004f29b0","FUN_004f29b0","Global",12,false,false,"ok"
"004f2b30","FUN_004f2b30","Global",20,false,false,"ok"
"004f30a0","FUN_004f30a0","Global",448,false,false,"ok"
"004f3270","FUN_004f3270","Global",20,false,false,"ok"
"004f3540","FUN_004f3540","Global",36,false,false,"ok"
"004f3570","FUN_004f3570","Global",40,false,false,"ok"
"004f35a0","FUN_004f35a0","Global",108,false,false,"ok"
"004f36f0","FUN_004f36f0","Global",332,false,false,"ok"
"004f3940","FUN_004f3940","Global",28,false,false,"ok"
"004f3f50","FUN_004f3f50","Global",8,false,false,"ok"
"004f44d0","FUN_004f44d0","Global",8,false,false,"ok"
"004f4750","FUN_004f4750","Global",336,false,false,"ok"
"004f48b0","FUN_004f48b0","Global",164,false,false,"ok"
"004f4aa0","FUN_004f4aa0","Global",248,false,false,"ok"
"004f4c00","FUN_004f4c00","Global",16,false,false,"ok"
"004f4d30","FUN_004f4d30","Global",8,false,false,"ok"
"004f5220","FUN_004f5220","Global",8,false,false,"ok"
"004f52e0","FUN_004f52e0","Global",20,false,false,"ok"
"004f54f0","FUN_004f54f0","Global",12,false,false,"ok"
"004f55b0","FUN_004f55b0","Global",104,false,false,"ok"
"004f5620","FUN_004f5620","Global",40,false,false,"ok"
"004f5690","FUN_004f5690","Global",8,false,false,"ok"
"004f59c0","FUN_004f59c0","Global",16,false,false,"ok"
"004f5cf0","FUN_004f5cf0","Global",24,false,false,"ok"
"004f6160","FUN_004f6160","Global",28,false,false,"ok"
"004f65c0","FUN_004f65c0","Global",8,false,false,"ok"
"004f65d0","FUN_004f65d0","Global",12,false,false,"ok"
"004f6670","FUN_004f6670","Global",20,false,false,"ok"
"004f6c40","FUN_004f6c40","Global",148,false,false,"ok"
"004f6cf0","FUN_004f6cf0","Global",116,false,false,"ok"
"004f6dd0","FUN_004f6dd0","Global",168,false,false,"ok"
"004f6e90","FUN_004f6e90","Global",12,false,false,"ok"
"004f6f50","FUN_004f6f50","Global",12,false,false,"ok"
"004f7220","FUN_004f7220","Global",8,false,false,"ok"
"004f7370","FUN_004f7370","Global",88,false,false,"ok"
"004f73e0","FUN_004f73e0","Global",120,false,false,"ok"
"004f7470","FUN_004f7470","Global",192,false,false,"ok"
"004f7540","FUN_004f7540","Global",24,false,false,"ok"
"004f7880","FUN_004f7880","Global",12,false,false,"ok"
"004f7d30","FUN_004f7d30","Global",8,false,false,"ok"
"004f8110","FUN_004f8110","Global",88,false,false,"ok"
"004f8180","FUN_004f8180","Global",120,false,false,"ok"
"004f8210","FUN_004f8210","Global",192,false,false,"ok"
"004f82e0","FUN_004f82e0","Global",24,false,false,"ok"
"004f87a0","FUN_004f87a0","Global",136,false,false,"ok"
"004f8860","FUN_004f8860","Global",164,false,false,"ok"
"004f8950","FUN_004f8950","Global",64,false,false,"ok"
"004f89a0","FUN_004f89a0","Global",164,false,false,"ok"
"004f8a50","FUN_004f8a50","Global",20,false,false,"ok"
"004f8a80","FUN_004f8a80","Global",84,false,false,"ok"
"004f8af0","FUN_004f8af0","Global",116,false,false,"ok"
"004f8b80","FUN_004f8b80","Global",220,false,false,"ok"
"004f8c70","FUN_004f8c70","Global",12,false,false,"ok"
"004f8d80","FUN_004f8d80","Global",12,false,false,"ok"
"004f8e20","FUN_004f8e20","Global",44,false,false,"ok"
"004f9000","FUN_004f9000","Global",80,false,false,"ok"
"004f9160","FUN_004f9160","Global",28,false,false,"ok"
"004f9410","FUN_004f9410","Global",60,false,false,"ok"
"004f9460","FUN_004f9460","Global",28,false,false,"ok"
"004f97a0","FUN_004f97a0","Global",16,false,false,"ok"
"004f9920","FUN_004f9920","Global",8,false,false,"ok"
"004f9980","FUN_004f9980","Global",8,false,false,"ok"
"004f9a30","FUN_004f9a30","Global",68,false,false,"ok"
"004f9a90","FUN_004f9a90","Global",12,false,false,"ok"
"004f9c80","FUN_004f9c80","Global",8,false,false,"ok"
"004fa170","FUN_004fa170","Global",12,false,false,"ok"
"004fa260","FUN_004fa260","Global",28,false,false,"ok"
"004fa4a0","FUN_004fa4a0","Global",40,false,false,"ok"
"004fa540","FUN_004fa540","Global",8,false,false,"ok"
"004fa5a0","FUN_004fa5a0","Global",12,false,false,"ok"
"004fa680","FUN_004fa680","Global",20,false,false,"ok"
"004fa800","FUN_004fa800","Global",12,false,false,"ok"
"004fa940","FUN_004fa940","Global",12,false,false,"ok"
"004fa9f0","FUN_004fa9f0","Global",296,false,false,"ok"
"004fac50","FUN_004fac50","Global",8,false,false,"ok"
"004faec0","FUN_004faec0","Global",60,false,false,"ok"
"004faf10","FUN_004faf10","Global",84,false,false,"ok"
"004faf70","FUN_004faf70","Global",68,false,false,"ok"
"004fafc0","FUN_004fafc0","Global",20,false,false,"ok"
"004fb2c0","FUN_004fb2c0","Global",68,false,false,"ok"
"004fb310","FUN_004fb310","Global",76,false,false,"ok"
"004fb370","FUN_004fb370","Global",8,false,false,"ok"
"004fb500","FUN_004fb500","Global",80,false,false,"ok"
"004fb560","FUN_004fb560","Global",4,false,false,"ok"
"004fb5a0","FUN_004fb5a0","Global",48,false,false,"ok"
"004fb5e0","FUN_004fb5e0","Global",108,false,false,"ok"
"004fb690","FUN_004fb690","Global",16,false,false,"ok"
"004fb850","FUN_004fb850","Global",16,false,false,"ok"
"004fc340","FUN_004fc340","Global",24,false,false,"ok"
"004fc410","FUN_004fc410","Global",84,false,false,"ok"
"004fcb20","FUN_004fcb20","Global",20,false,false,"ok"
"004fcd50","FUN_004fcd50","Global",28,false,false,"ok"
"004fd0b8","FUN_004fd0b8","Global",4,false,false,"ok"
"004fd268","FUN_004fd268","Global",60,false,false,"ok"
"004fd2b8","FUN_004fd2b8","Global",24,false,false,"ok"
"004fd2d8","FUN_004fd2d8","Global",20,false,false,"ok"
"004fd380","FUN_004fd380","Global",4,false,false,"ok"
"004fd3d0","FUN_004fd3d0","Global",8,false,false,"ok"
"004fd5e8","FUN_004fd5e8","Global",16,false,false,"ok"
"004fd690","FUN_004fd690","Global",4,false,false,"ok"
"004fd8f8","FUN_004fd8f8","Global",8,false,false,"ok"
"004fd958","FUN_004fd958","Global",24,false,false,"ok"
"004fda08","FUN_004fda08","Global",16,false,false,"ok"
"004fda98","FUN_004fda98","Global",8,false,false,"ok"
"004fdb48","FUN_004fdb48","Global",8,false,false,"ok"
"004fdbd8","FUN_004fdbd8","Global",8,false,false,"ok"
"004fdc68","FUN_004fdc68","Global",4,false,false,"ok"
"004fdce0","FUN_004fdce0","Global",12,false,false,"ok"
"004fddc8","FUN_004fddc8","Global",12,false,false,"ok"
"004fdeb8","FUN_004fdeb8","Global",32,false,false,"ok"
"004fdef0","FUN_004fdef0","Global",12,false,false,"ok"
"004fe088","FUN_004fe088","Global",96,false,false,"ok"
"004fe330","FUN_004fe330","Global",8,false,false,"ok"
"004fe5f0","FUN_004fe5f0","Global",12,false,false,"ok"
"004fe6e8","FUN_004fe6e8","Global",8,false,false,"ok"
"004fe8f8","FUN_004fe8f8","Global",16,false,false,"ok"
"004feb58","FUN_004feb58","Global",36,false,false,"ok"
"004fee80","FUN_004fee80","Global",36,false,false,"ok"
"004ff020","FUN_004ff020","Global",28,false,false,"ok"
"004ff0a8","FUN_004ff0a8","Global",8,false,false,"ok"
"004ff108","FUN_004ff108","Global",1,false,false,"ok"
"004ff120","FUN_004ff120","Global",36,false,false,"ok"
"004ff1c0","FUN_004ff1c0","Global",24,false,false,"ok"
"004ff2b0","FUN_004ff2b0","Global",64,false,false,"ok"
"004ff370","FUN_004ff370","Global",16,false,false,"ok"
"004ff450","FUN_004ff450","Global",16,false,false,"ok"
"004ff530","FUN_004ff530","Global",16,false,false,"ok"
"004ff610","FUN_004ff610","Global",104,false,false,"ok"
"004ff688","FUN_004ff688","Global",36,false,false,"ok"
"004ff6c0","FUN_004ff6c0","Global",32,false,false,"ok"
"004ff7c8","FUN_004ff7c8","Global",16,false,false,"ok"
"004ff8f8","FUN_004ff8f8","Global",32,false,false,"ok"
"004ffaf0","FUN_004ffaf0","Global",52,false,false,"ok"
"004ffb98","FUN_004ffb98","Global",48,false,false,"ok"
"004ffc18","FUN_004ffc18","Global",64,false,false,"ok"
"004ffc90","FUN_004ffc90","Global",20,false,false,"ok"
"004ffcc0","FUN_004ffcc0","Global",8,false,false,"ok"
"005005b0","FUN_005005b0","Global",148,false,false,"ok"
"00500660","FUN_00500660","Global",40,false,false,"ok"
"00500690","FUN_00500690","Global",8,false,false,"ok"
"00500970","FUN_00500970","Global",16,false,false,"ok"
"00500e10","FUN_00500e10","Global",68,false,false,"ok"
"00500e60","FUN_00500e60","Global",36,false,false,"ok"
"00500eb0","FUN_00500eb0","Global",16,false,false,"ok"
"00501370","FUN_00501370","Global",68,false,false,"ok"
"005013c0","FUN_005013c0","Global",8,false,false,"ok"
"00501440","FUN_00501440","Global",20,false,false,"ok"
"005014d0","FUN_005014d0","Global",28,false,false,"ok"
"00501500","FUN_00501500","Global",72,false,false,"ok"
"005015c0","FUN_005015c0","Global",8,false,false,"ok"
"00501690","FUN_00501690","Global",96,false,false,"ok"
"00501710","FUN_00501710","Global",16,false,false,"ok"
"005044b0","FUN_005044b0","Global",8,false,false,"ok"
"00506420","FUN_00506420","Global",168,false,false,"ok"
"005064e0","FUN_005064e0","Global",32,false,false,"ok"
"00506680","FUN_00506680","Global",40,false,false,"ok"
"00506b60","FUN_00506b60","Global",364,false,false,"ok"
"00506d10","FUN_00506d10","Global",20,false,false,"ok"
"00506d40","FUN_00506d40","Global",20,false,false,"ok"
"00506d70","FUN_00506d70","Global",8,false,false,"ok"
"00507c10","FUN_00507c10","Global",280,false,false,"ok"
"00507d80","FUN_00507d80","Global",156,false,false,"ok"
"00507ea0","FUN_00507ea0","Global",100,false,false,"ok"
"00508030","FUN_00508030","Global",100,false,false,"ok"
"005080b0","FUN_005080b0","Global",388,false,false,"ok"
"00508260","FUN_00508260","Global",84,false,false,"ok"
"005082d0","FUN_005082d0","Global",16,false,false,"ok"
"00508370","FUN_00508370","Global",16,false,false,"ok"
"005084e0","FUN_005084e0","Global",220,false,false,"ok"
"005085e0","FUN_005085e0","Global",84,false,false,"ok"
"00508650","FUN_00508650","Global",56,false,false,"ok"
"005086a0","FUN_005086a0","Global",16,false,false,"ok"
"00508760","FUN_00508760","Global",8,false,false,"ok"
"005087d0","FUN_005087d0","Global",8,false,false,"ok"
"00508880","FUN_00508880","Global",16,false,false,"ok"
"00508930","FUN_00508930","Global",12,false,false,"ok"
"005089f0","FUN_005089f0","Global",80,false,false,"ok"
"00508a50","FUN_00508a50","Global",172,false,false,"ok"
"00508b10","FUN_00508b10","Global",80,false,false,"ok"
"00508b70","FUN_00508b70","Global",172,false,false,"ok"
"00508d30","FUN_00508d30","Global",252,false,false,"ok"
"00508e90","FUN_00508e90","Global",148,false,false,"ok"
"00508f30","FUN_00508f30","Global",272,false,false,"ok"
"00509050","FUN_00509050","Global",1,false,false,"ok"
"00509100","FUN_00509100","Global",12,false,false,"ok"
"00509210","FUN_00509210","Global",108,false,false,"ok"
"005092e0","FUN_005092e0","Global",16,false,false,"ok"
"00509420","FUN_00509420","Global",32,false,false,"ok"
"00509650","FUN_00509650","Global",1,false,false,"ok"
"00509660","FUN_00509660","Global",144,false,false,"ok"
"00509700","FUN_00509700","Global",24,false,false,"ok"
"00509980","FUN_00509980","Global",8,false,false,"ok"
"0050ad50","FUN_0050ad50","Global",132,false,false,"ok"
"0050adf0","FUN_0050adf0","Global",8,false,false,"ok"
"0050b140","FUN_0050b140","Global",32,false,false,"ok"
"0050b180","FUN_0050b180","Global",12,false,false,"ok"
"0050b490","FUN_0050b490","Global",100,false,false,"ok"
"0050b510","FUN_0050b510","Global",12,false,false,"ok"
"0050b660","FUN_0050b660","Global",12,false,false,"ok"
"0050ba40","FUN_0050ba40","Global",148,false,false,"ok"
"0050bb00","FUN_0050bb00","Global",108,false,false,"ok"
"0050bb90","FUN_0050bb90","Global",8,false,false,"ok"
"0050bc20","FUN_0050bc20","Global",68,false,false,"ok"
"0050bc70","FUN_0050bc70","Global",124,false,false,"ok"
"0050bd00","FUN_0050bd00","Global",12,false,false,"ok"
"0050c680","FUN_0050c680","Global",8,false,false,"ok"
"0050cb40","FUN_0050cb40","Global",8,false,false,"ok"
"0050cbe0","FUN_0050cbe0","Global",20,false,false,"ok"
"0050cd40","FUN_0050cd40","Global",28,false,false,"ok"
"0050ce20","FUN_0050ce20","Global",36,false,false,"ok"
"0050d330","FUN_0050d330","Global",24,false,false,"ok"
"0050d720","FUN_0050d720","Global",52,false,false,"ok"
"0050d7b0","FUN_0050d7b0","Global",92,false,false,"ok"
"0050d8b0","FUN_0050d8b0","Global",316,false,false,"ok"
"0050dad0","FUN_0050dad0","Global",80,false,false,"ok"
"0050db40","FUN_0050db40","Global",8,false,false,"ok"
"0050dc40","FUN_0050dc40","Global",64,false,false,"ok"
"0050dc90","FUN_0050dc90","Global",44,false,false,"ok"
"0050dcd0","FUN_0050dcd0","Global",16,false,false,"ok"
"0050e2a0","FUN_0050e2a0","Global",12,false,false,"ok"
"0050e490","FUN_0050e490","Global",72,false,false,"ok"
"0050e4e0","FUN_0050e4e0","Global",148,false,false,"ok"
"0050e590","FUN_0050e590","Global",24,false,false,"ok"
"0050e5b0","FUN_0050e5b0","Global",168,false,false,"ok"
"0050e810","FUN_0050e810","Global",168,false,false,"ok"
"0050e8e0","FUN_0050e8e0","Global",36,false,false,"ok"
"0050e930","FUN_0050e930","Global",36,false,false,"ok"
"0050e980","FUN_0050e980","Global",32,false,false,"ok"
"0050e9d0","FUN_0050e9d0","Global",80,false,false,"ok"
"0050eac0","FUN_0050eac0","Global",12,false,false,"ok"
"0050f430","FUN_0050f430","Global",8,false,false,"ok"
"0050fb30","FUN_0050fb30","Global",12,false,false,"ok"
"0050fdc0","FUN_0050fdc0","Global",24,false,false,"ok"
"005101e0","FUN_005101e0","Global",148,false,false,"ok"
"005102c0","FUN_005102c0","Global",24,false,false,"ok"
"005102f0","FUN_005102f0","Global",72,false,false,"ok"
"00510350","FUN_00510350","Global",12,false,false,"ok"
"00510520","FUN_00510520","Global",36,false,false,"ok"
"00510cc0","FUN_00510cc0","Global",24,false,false,"ok"
"00511550","FUN_00511550","Global",68,false,false,"ok"
"005115b0","FUN_005115b0","Global",20,false,false,"ok"
"005115e0","FUN_005115e0","Global",8,false,false,"ok"
"00511650","FUN_00511650","Global",16,false,false,"ok"
"00511750","FUN_00511750","Global",20,false,false,"ok"
"005117f0","FUN_005117f0","Global",28,false,false,"ok"
"00511ab0","FUN_00511ab0","Global",92,false,false,"ok"
"00511b50","FUN_00511b50","Global",112,false,false,"ok"
"00511bd0","FUN_00511bd0","Global",28,false,false,"ok"
"005122d0","FUN_005122d0","Global",448,false,false,"ok"
"005124a0","FUN_005124a0","Global",12,false,false,"ok"
"00512760","FUN_00512760","Global",692,false,false,"ok"
"00512a20","FUN_00512a20","Global",224,false,false,"ok"
"00512b10","FUN_00512b10","Global",184,false,false,"ok"
"00512be0","FUN_00512be0","Global",224,false,false,"ok"
"00512cd0","FUN_00512cd0","Global",24,false,false,"ok"
"00513140","FUN_00513140","Global",64,false,false,"ok"
"00513190","FUN_00513190","Global",24,false,false,"ok"
"00513270","FUN_00513270","Global",1440,false,false,"ok"
"00513830","FUN_00513830","Global",16,false,false,"ok"
"00513b90","FUN_00513b90","Global",164,false,false,"ok"
"00515ed0","FUN_00515ed0","Global",196,false,false,"ok"
"00515fa0","FUN_00515fa0","Global",20,false,false,"ok"
"005162f0","FUN_005162f0","Global",52,false,false,"ok"
"00516330","FUN_00516330","Global",20,false,false,"ok"
"00516970","FUN_00516970","Global",56,false,false,"ok"
"00516aa0","FUN_00516aa0","Global",52,false,false,"ok"
"00516ae0","FUN_00516ae0","Global",52,false,false,"ok"
"00516b20","FUN_00516b20","Global",20,false,false,"ok"
"00516e00","FUN_00516e00","Global",8,false,false,"ok"
"00517b10","FUN_00517b10","Global",16,false,false,"ok"
"00518630","FUN_00518630","Global",668,false,false,"ok"
"005188e0","FUN_005188e0","Global",596,false,false,"ok"
"00518b50","FUN_00518b50","Global",28,false,false,"ok"
"005191d0","FUN_005191d0","Global",28,false,false,"ok"
"00519cd0","FUN_00519cd0","Global",32,false,false,"ok"
"00519d00","FUN_00519d00","Global",24,false,false,"ok"
"00519d20","FUN_00519d20","Global",60,false,false,"ok"
"00519d70","FUN_00519d70","Global",16,false,false,"ok"
"00519ff0","FUN_00519ff0","Global",8,false,false,"ok"
"0051a860","FUN_0051a860","Global",16,false,false,"ok"
"0051ac20","FUN_0051ac20","Global",12,false,false,"ok"
"0051b390","FUN_0051b390","Global",16,false,false,"ok"
"0051c350","FUN_0051c350","Global",80,false,false,"ok"
"0051c3b0","FUN_0051c3b0","Global",48,false,false,"ok"
"0051c3e8","FUN_0051c3e8","Global",92,false,false,"ok"
"0051c450","FUN_0051c450","Global",88,false,false,"ok"
"0051c4f0","FUN_0051c4f0","Global",208,false,false,"ok"
"0051c718","FUN_0051c718","Global",124,false,false,"ok"
"0051c800","FUN_0051c800","Global",64,false,false,"ok"
"0051c8a0","FUN_0051c8a0","Global",116,false,false,"ok"
"0051c920","FUN_0051c920","Global",76,false,false,"ok"
"0051c978","FUN_0051c978","Global",108,false,false,"ok"
"0051c9f0","FUN_0051c9f0","Global",416,false,false,"ok"
"0051ccf0","FUN_0051ccf0","Global",20,false,false,"ok"
"0051cd10","FUN_0051cd10","Global",208,false,false,"ok"
"0051ce68","FUN_0051ce68","Global",92,false,false,"ok"
"0051cf00","FUN_0051cf00","Global",152,false,false,"ok"
"0051cfa0","FUN_0051cfa0","Global",100,false,false,"ok"
"0051d010","FUN_0051d010","Global",208,false,false,"ok"
"0051d218","FUN_0051d218","Global",252,false,false,"ok"
"0051d500","FUN_0051d500","Global",324,false,false,"ok"
"0051d718","FUN_0051d718","Global",300,false,false,"ok"
"0051d938","FUN_0051d938","Global",136,false,false,"ok"
"0051d9e8","FUN_0051d9e8","Global",112,false,false,"ok"
"0051daa0","FUN_0051daa0","Global",48,false,false,"ok"
"0051db78","FUN_0051db78","Global",116,false,false,"ok"
"0051dc48","FUN_0051dc48","Global",104,false,false,"ok"
"0051dd00","FUN_0051dd00","Global",40,false,false,"ok"
"0051ddd0","FUN_0051ddd0","Global",28,false,false,"ok"
"0051ddf8","FUN_0051ddf8","Global",104,false,false,"ok"
"0051dec0","FUN_0051dec0","Global",20,false,false,"ok"
"0051dee0","FUN_0051dee0","Global",16,false,false,"ok"
"0051e1c0","FUN_0051e1c0","Global",148,false,false,"ok"
"0051e460","FUN_0051e460","Global",12,false,false,"ok"
"0051f510","FUN_0051f510","Global",232,false,false,"ok"
"0051f610","FUN_0051f610","Global",4,false,false,"ok"
"0051f620","FUN_0051f620","Global",148,false,false,"ok"
"0051f6c0","FUN_0051f6c0","Global",12,false,false,"ok"
"0051f7a0","FUN_0051f7a0","Global",24,false,false,"ok"
"0051fad0","FUN_0051fad0","Global",20,false,false,"ok"
"00520f80","FUN_00520f80","Global",16,false,false,"ok"
"00521c20","FUN_00521c20","Global",20,false,false,"ok"
"00521dc0","FUN_00521dc0","Global",8,false,false,"ok"
"00521fc0","FUN_00521fc0","Global",8,false,false,"ok"
"00522090","FUN_00522090","Global",12,false,false,"ok"
"00522260","FUN_00522260","Global",28,false,false,"ok"
"00522290","FUN_00522290","Global",208,false,false,"ok"
"00522400","FUN_00522400","Global",124,false,false,"ok"
"00522490","FUN_00522490","Global",160,false,false,"ok"
"00522550","FUN_00522550","Global",48,false,false,"ok"
"00522590","FUN_00522590","Global",16,false,false,"ok"
"00522910","FUN_00522910","Global",40,false,false,"ok"
"005229d0","FUN_005229d0","Global",16,false,false,"ok"
"00522a70","FUN_00522a70","Global",12,false,false,"ok"
"00522d30","FUN_00522d30","Global",12,false,false,"ok"
"005230c0","FUN_005230c0","Global",116,false,false,"ok"
"00523270","FUN_00523270","Global",24,false,false,"ok"
"00523410","FUN_00523410","Global",52,false,false,"ok"
"00523510","FUN_00523510","Global",60,false,false,"ok"
"00523560","FUN_00523560","Global",28,false,false,"ok"
"00523600","FUN_00523600","Global",60,false,false,"ok"
"005236e0","FUN_005236e0","Global",20,false,false,"ok"
"005237c0","FUN_005237c0","Global",16,false,false,"ok"
"00523860","FUN_00523860","Global",8,false,false,"ok"
"00525790","FUN_00525790","Global",12,false,false,"ok"
"005274e0","FUN_005274e0","Global",16,false,false,"ok"
"005297c0","FUN_005297c0","Global",8,false,false,"ok"
"00529a90","FUN_00529a90","Global",20,false,false,"ok"
"00529ce0","FUN_00529ce0","Global",20,false,false,"ok"
"00529d10","FUN_00529d10","Global",16,false,false,"ok"
"0052a7c0","FUN_0052a7c0","Global",12,false,false,"ok"
"0052ac20","FUN_0052ac20","Global",152,false,false,"ok"
"0052acd0","FUN_0052acd0","Global",32,false,false,"ok"
"0052ad00","FUN_0052ad00","Global",40,false,false,"ok"
"0052ad30","FUN_0052ad30","Global",20,false,false,"ok"
"0052af80","FUN_0052af80","Global",20,false,false,"ok"
"0052afb0","FUN_0052afb0","Global",16,false,false,"ok"
"0052ba30","FUN_0052ba30","Global",12,false,false,"ok"
"0052be90","FUN_0052be90","Global",152,false,false,"ok"
"0052bf40","FUN_0052bf40","Global",32,false,false,"ok"
"0052bf70","FUN_0052bf70","Global",40,false,false,"ok"
"0052bfa0","FUN_0052bfa0","Global",72,false,false,"ok"
"0052c000","FUN_0052c000","Global",16,false,false,"ok"
"0052c3c0","FUN_0052c3c0","Global",56,false,false,"ok"
"0052c470","FUN_0052c470","Global",260,false,false,"ok"
"0052c610","FUN_0052c610","Global",88,false,false,"ok"
"0052c680","FUN_0052c680","Global",224,false,false,"ok"
"0052cb60","FUN_0052cb60","Global",24,false,false,"ok"
"0052ce10","FUN_0052ce10","Global",88,false,false,"ok"
"0052ce80","FUN_0052ce80","Global",8,false,false,"ok"
"0052e2a0","FUN_0052e2a0","Global",16,false,false,"ok"
"0052e970","FUN_0052e970","Global",28,false,false,"ok"
"0052eaf0","FUN_0052eaf0","Global",12,false,false,"ok"
"0052f090","FUN_0052f090","Global",32,false,false,"ok"
"0052f3a8","FUN_0052f3a8","Global",108,false,false,"ok"
"00530148","FUN_00530148","Global",288,false,false,"ok"
"005306c8","FUN_005306c8","Global",572,false,false,"ok"
"00530c30","FUN_00530c30","Global",160,false,false,"ok"
"00530cd8","FUN_00530cd8","Global",224,false,false,"ok"
"00530dc0","FUN_00530dc0","Global",272,false,false,"ok"
"00530ed8","FUN_00530ed8","Global",44,false,false,"ok"
"00530f50","FUN_00530f50","Global",284,false,false,"ok"
"00531078","FUN_00531078","Global",120,false,false,"ok"
"00531130","FUN_00531130","Global",72,false,false,"ok"
"00531190","FUN_00531190","Global",36,false,false,"ok"
"005311c0","FUN_005311c0","Global",52,false,false,"ok"
"00531200","FUN_00531200","Global",80,false,false,"ok"
"00531280","FUN_00531280","Global",132,false,false,"ok"
"00531358","FUN_00531358","Global",48,false,false,"ok"
"00531418","FUN_00531418","Global",184,false,false,"ok"
"00531678","FUN_00531678","Global",72,false,false,"ok"
"005316d0","FUN_005316d0","Global",84,false,false,"ok"
"00531738","FUN_00531738","Global",128,false,false,"ok"
"005319c0","FUN_005319c0","Global",128,false,false,"ok"
"00531b00","FUN_00531b00","Global",24,false,false,"ok"
"00531c20","FUN_00531c20","Global",68,false,false,"ok"
"00531c70","FUN_00531c70","Global",168,false,false,"ok"
"00531d28","FUN_00531d28","Global",140,false,false,"ok"
"00531dc8","FUN_00531dc8","Global",32,false,false,"ok"
"00531df8","FUN_00531df8","Global",68,false,false,"ok"
"00531e50","FUN_00531e50","Global",148,false,false,"ok"
"00531ef0","FUN_00531ef0","Global",68,false,false,"ok"
"00532030","FUN_00532030","Global",52,false,false,"ok"
"00532078","FUN_00532078","Global",136,false,false,"ok"
"00532158","FUN_00532158","Global",72,false,false,"ok"
"005321e0","FUN_005321e0","Global",152,false,false,"ok"
"005322f8","FUN_005322f8","Global",160,false,false,"ok"
"00532598","FUN_00532598","Global",8,false,false,"ok"
"00532648","FUN_00532648","Global",36,false,false,"ok"
"00532700","FUN_00532700","Global",36,false,false,"ok"
"00532800","FUN_00532800","Global",36,false,false,"ok"
"00532ca8","FUN_00532ca8","Global",104,false,false,"ok"
"00532d60","FUN_00532d60","Global",176,false,false,"ok"
"00532e20","FUN_00532e20","Global",140,false,false,"ok"
"00532fb0","FUN_00532fb0","Global",100,false,false,"ok"
"00533170","FUN_00533170","Global",72,false,false,"ok"
"00533240","FUN_00533240","Global",72,false,false,"ok"
"005332a8","FUN_005332a8","Global",76,false,false,"ok"
"00533310","FUN_00533310","Global",72,false,false,"ok"
"00533378","FUN_00533378","Global",76,false,false,"ok"
"005333e0","FUN_005333e0","Global",260,false,false,"ok"
"00533508","FUN_00533508","Global",104,false,false,"ok"
"00533578","FUN_00533578","Global",56,false,false,"ok"
"005335b8","FUN_005335b8","Global",16,false,false,"ok"
"00533638","FUN_00533638","Global",44,false,false,"ok"
"00533678","FUN_00533678","Global",44,false,false,"ok"
"005336b8","FUN_005336b8","Global",44,false,false,"ok"
"00533708","FUN_00533708","Global",44,false,false,"ok"
"00533770","FUN_00533770","Global",44,false,false,"ok"
"005337d8","FUN_005337d8","Global",44,false,false,"ok"
"00533840","FUN_00533840","Global",8,false,false,"ok"
"00533870","FUN_00533870","Global",24,false,false,"ok"
"00533890","FUN_00533890","Global",96,false,false,"ok"
"005338f8","FUN_005338f8","Global",96,false,false,"ok"
"00533b18","FUN_00533b18","Global",36,false,false,"ok"
"00533bf8","FUN_00533bf8","Global",144,false,false,"ok"
"00533e20","FUN_00533e20","Global",60,false,false,"ok"
"00533f48","FUN_00533f48","Global",148,false,false,"ok"
"00534008","FUN_00534008","Global",244,false,false,"ok"
"00534130","FUN_00534130","Global",44,false,false,"ok"
"00534168","FUN_00534168","Global",144,false,false,"ok"
"00534228","FUN_00534228","Global",180,false,false,"ok"
"005343b8","FUN_005343b8","Global",232,false,false,"ok"
"005344d0","FUN_005344d0","Global",332,false,false,"ok"
"00534648","FUN_00534648","Global",184,false,false,"ok"
"005348e8","FUN_005348e8","Global",68,false,false,"ok"
"00534958","FUN_00534958","Global",280,false,false,"ok"
"00534aa8","FUN_00534aa8","Global",88,false,false,"ok"
"00534c78","FUN_00534c78","Global",160,false,false,"ok"
"00534d48","FUN_00534d48","Global",232,false,false,"ok"
"00534e68","FUN_00534e68","Global",144,false,false,"ok"
"00534f28","FUN_00534f28","Global",408,false,false,"ok"
"005350f8","FUN_005350f8","Global",296,false,false,"ok"
"00535258","FUN_00535258","Global",140,false,false,"ok"
"005352e4","FUN_005352e4","Global",48,false,false,"ok"
"00535328","FUN_00535328","Global",192,false,false,"ok"
"005353f0","FUN_005353f0","Global",52,false,false,"ok"
"00535438","FUN_00535438","Global",1344,false,false,"ok"
"00535b60","FUN_00535b60","Global",140,false,false,"ok"
"00535ea0","FUN_00535ea0","Global",496,false,false,"ok"
"00536458","FUN_00536458","Global",660,false,false,"ok"
"00536778","FUN_00536778","Global",1044,false,false,"ok"
"00536ba0","FUN_00536ba0","Global",620,false,false,"ok"
"00536f40","FUN_00536f40","Global",308,false,false,"ok"
"005374e8","FUN_005374e8","Global",220,false,false,"ok"
"00537cc8","FUN_00537cc8","Global",344,false,false,"ok"
"00538078","FUN_00538078","Global",120,false,false,"ok"
"00538148","FUN_00538148","Global",372,false,false,"ok"
"00538f70","FUN_00538f70","Global",556,false,false,"ok"
"005391a8","FUN_005391a8","Global",328,false,false,"ok"
"00539b60","FUN_00539b60","Global",48,false,false,"ok"
"00539c68","FUN_00539c68","Global",80,false,false,"ok"
"00539ef0","FUN_00539ef0","Global",1096,false,false,"ok"
"0053a3b8","FUN_0053a3b8","Global",60,false,false,"ok"
"0053a400","FUN_0053a400","Global",176,false,false,"ok"
"0053a528","FUN_0053a528","Global",44,false,false,"ok"
"0053a560","FUN_0053a560","Global",320,false,false,"ok"
"0053a800","FUN_0053a800","Global",248,false,false,"ok"
"0053a9e8","FUN_0053a9e8","Global",152,false,false,"ok"
"0053ab20","FUN_0053ab20","Global",536,false,false,"ok"
"0053adb0","FUN_0053adb0","Global",40,false,false,"ok"
"0053ae88","FUN_0053ae88","Global",52,false,false,"ok"
"0053aec8","FUN_0053aec8","Global",124,false,false,"ok"
"0053afa0","FUN_0053afa0","Global",32,false,false,"ok"
"0053afc8","FUN_0053afc8","Global",40,false,false,"ok"
"0053b1f8","FUN_0053b1f8","Global",116,false,false,"ok"
"0053b2e0","FUN_0053b2e0","Global",112,false,false,"ok"
"0053b358","FUN_0053b358","Global",20,false,false,"ok"
"0053b3b8","FUN_0053b3b8","Global",20,false,false,"ok"
"0053b3e8","FUN_0053b3e8","Global",20,false,false,"ok"
"0053b440","FUN_0053b440","Global",8,false,false,"ok"
"0053b460","FUN_0053b460","Global",8,false,false,"ok"
"0053b4d0","FUN_0053b4d0","Global",8,false,false,"ok"
"0053b520","FUN_0053b520","Global",8,false,false,"ok"
"0053b550","FUN_0053b550","Global",8,false,false,"ok"
"0053b560","FUN_0053b560","Global",8,false,false,"ok"
"0053b570","FUN_0053b570","Global",8,false,false,"ok"
"0053b580","FUN_0053b580","Global",8,false,false,"ok"
"0053b590","FUN_0053b590","Global",8,false,false,"ok"
"0053b5c0","FUN_0053b5c0","Global",8,false,false,"ok"
"0053b5d0","FUN_0053b5d0","Global",8,false,false,"ok"
"0053b5e0","FUN_0053b5e0","Global",8,false,false,"ok"
"0053b5f0","FUN_0053b5f0","Global",8,false,false,"ok"
"0053b620","FUN_0053b620","Global",8,false,false,"ok"
"0053b630","FUN_0053b630","Global",8,false,false,"ok"
"0053b660","FUN_0053b660","Global",8,false,false,"ok"
"0053b6b0","FUN_0053b6b0","Global",8,false,false,"ok"
"0053b6d0","FUN_0053b6d0","Global",8,false,false,"ok"
"0053b710","FUN_0053b710","Global",8,false,false,"ok"
"0053b720","FUN_0053b720","Global",8,false,false,"ok"
"0053b740","FUN_0053b740","Global",8,false,false,"ok"
"0053b750","FUN_0053b750","Global",8,false,false,"ok"
"0053b760","FUN_0053b760","Global",8,false,false,"ok"
"0053b790","FUN_0053b790","Global",8,false,false,"ok"
"0053b7a0","FUN_0053b7a0","Global",8,false,false,"ok"
"0053b800","FUN_0053b800","Global",8,false,false,"ok"
"0053b820","FUN_0053b820","Global",8,false,false,"ok"
"0053b830","FUN_0053b830","Global",8,false,false,"ok"
"0053b840","FUN_0053b840","Global",8,false,false,"ok"
"0053b850","FUN_0053b850","Global",8,false,false,"ok"
"0053b860","FUN_0053b860","Global",8,false,false,"ok"
"0053b870","FUN_0053b870","Global",8,false,false,"ok"
"0053b8d0","FUN_0053b8d0","Global",8,false,false,"ok"
"0053baa0","FUN_0053baa0","Global",8,false,false,"ok"
"0053baf0","FUN_0053baf0","Global",8,false,false,"ok"
"0053bb30","FUN_0053bb30","Global",8,false,false,"ok"
"0053bb40","FUN_0053bb40","Global",8,false,false,"ok"
"0053bb60","FUN_0053bb60","Global",8,false,false,"ok"
"0053bb90","FUN_0053bb90","Global",8,false,false,"ok"
"0053bbc0","FUN_0053bbc0","Global",8,false,false,"ok"
"0053bbe0","FUN_0053bbe0","Global",8,false,false,"ok"
"0053bbf0","FUN_0053bbf0","Global",8,false,false,"ok"
"0053bc20","FUN_0053bc20","Global",8,false,false,"ok"
"0053bc30","FUN_0053bc30","Global",8,false,false,"ok"
"0053bc40","FUN_0053bc40","Global",8,false,false,"ok"
"0053bc50","FUN_0053bc50","Global",8,false,false,"ok"
"0053bc80","FUN_0053bc80","Global",8,false,false,"ok"
"0053bc90","FUN_0053bc90","Global",8,false,false,"ok"
"0053bca0","FUN_0053bca0","Global",4,false,false,"ok"
"0053bcb0","FUN_0053bcb0","Global",132,false,false,"ok"
"0053bd40","FUN_0053bd40","Global",152,false,false,"ok"
"0053bde8","FUN_0053bde8","Global",116,false,false,"ok"
"0053be68","FUN_0053be68","Global",108,false,false,"ok"
"0053bee0","FUN_0053bee0","Global",16,false,false,"ok"
"0053bf08","FUN_0053bf08","Global",1,false,false,"ok"
"0053bf18","FUN_0053bf18","Global",1,false,false,"ok"
"0053bf20","FUN_0053bf20","Global",96,false,false,"ok"
"0053bfd0","FUN_0053bfd0","Global",1,false,false,"ok"
"0053bfd8","FUN_0053bfd8","Global",12,false,false,"ok"
"0053bff8","FUN_0053bff8","Global",32,false,false,"ok"
"0053c020","FUN_0053c020","Global",16,false,false,"ok"
"0053c048","FUN_0053c048","Global",16,false,false,"ok"
"0053c070","FUN_0053c070","Global",20,false,false,"ok"
"0053c118","FUN_0053c118","Global",116,false,false,"ok"
"0053c1b0","FUN_0053c1b0","Global",20,false,false,"ok"
"0053c258","FUN_0053c258","Global",116,false,false,"ok"
"0053c2f0","FUN_0053c2f0","Global",8,false,false,"ok"
"0053c300","FUN_0053c300","Global",92,false,false,"ok"
"0053c368","FUN_0053c368","Global",92,false,false,"ok"
"0053c3d0","FUN_0053c3d0","Global",92,false,false,"ok"
"0053c438","FUN_0053c438","Global",92,false,false,"ok"
"0053c4a0","FUN_0053c4a0","Global",24,false,false,"ok"
"0053c4c0","FUN_0053c4c0","Global",24,false,false,"ok"
"0053c4e0","FUN_0053c4e0","Global",24,false,false,"ok"
"0053c500","FUN_0053c500","Global",24,false,false,"ok"
"0053c520","FUN_0053c520","Global",216,false,false,"ok"
"0053c5f8","FUN_0053c5f8","Global",92,false,false,"ok"
"0053c6e8","FUN_0053c6e8","Global",136,false,false,"ok"
"0053c780","FUN_0053c780","Global",112,false,false,"ok"
"0053c800","FUN_0053c800","Global",140,false,false,"ok"
"0053c898","FUN_0053c898","Global",32,false,false,"ok"
"0053c960","FUN_0053c960","Global",148,false,false,"ok"
"0053cad8","FUN_0053cad8","Global",16,false,false,"ok"
"0053cb00","FUN_0053cb00","Global",56,false,false,"ok"
"0053cb48","FUN_0053cb48","Global",24,false,false,"ok"
"0053cba0","FUN_0053cba0","Global",24,false,false,"ok"
"0053cbc8","FUN_0053cbc8","Global",36,false,false,"ok"
"0053cbf8","FUN_0053cbf8","Global",24,false,false,"ok"
"0053cc20","FUN_0053cc20","Global",40,false,false,"ok"
"0053cc58","FUN_0053cc58","Global",40,false,false,"ok"
"0053ccc0","FUN_0053ccc0","Global",24,false,false,"ok"
"0053cce8","FUN_0053cce8","Global",24,false,false,"ok"
"0053cd10","FUN_0053cd10","Global",24,false,false,"ok"
"0053cd38","FUN_0053cd38","Global",28,false,false,"ok"
"0053cda0","FUN_0053cda0","Global",52,false,false,"ok"
"0053cde0","FUN_0053cde0","Global",144,false,false,"ok"
"0053cf78","FUN_0053cf78","Global",164,false,false,"ok"
"0053d0f0","FUN_0053d0f0","Global",200,false,false,"ok"
"0053d1c0","FUN_0053d1c0","Global",180,false,false,"ok"
"0053d280","FUN_0053d280","Global",48,false,false,"ok"
"0053d2b8","FUN_0053d2b8","Global",168,false,false,"ok"
"0053d368","FUN_0053d368","Global",52,false,false,"ok"
"0053d3a0","FUN_0053d3a0","Global",100,false,false,"ok"
"0053d430","FUN_0053d430","Global",460,false,false,"ok"
"0053d608","FUN_0053d608","Global",376,false,false,"ok"
"0053e378","FUN_0053e378","Global",32,false,false,"ok"
"0053e3a0","FUN_0053e3a0","Global",32,false,false,"ok"
"0053e3c8","FUN_0053e3c8","Global",44,false,false,"ok"
"0053e418","FUN_0053e418","Global",44,false,false,"ok"
"0053e450","FUN_0053e450","Global",60,false,false,"ok"
"0053e498","FUN_0053e498","Global",72,false,false,"ok"
"0053e508","FUN_0053e508","Global",92,false,false,"ok"
"0053e588","FUN_0053e588","Global",92,false,false,"ok"
"0053e680","FUN_0053e680","Global",308,false,false,"ok"
"0053e900","FUN_0053e900","Global",44,false,false,"ok"
"0053e968","FUN_0053e968","Global",112,false,false,"ok"
"0053ea30","FUN_0053ea30","Global",300,false,false,"ok"
"0053eb68","FUN_0053eb68","Global",52,false,false,"ok"
"0053eba8","FUN_0053eba8","Global",52,false,false,"ok"
"0053ebe8","FUN_0053ebe8","Global",72,false,false,"ok"
"0053ed30","FUN_0053ed30","Global",68,false,false,"ok"
"0053ede0","FUN_0053ede0","Global",72,false,false,"ok"
"0053ef80","FUN_0053ef80","Global",28,false,false,"ok"
"0053efa8","FUN_0053efa8","Global",64,false,false,"ok"
"0053f050","FUN_0053f050","Global",20,false,false,"ok"
"0053f070","FUN_0053f070","Global",8,false,false,"ok"
"0053f0a0","FUN_0053f0a0","Global",36,false,false,"ok"
"0053f0e0","FUN_0053f0e0","Global",128,false,false,"ok"
"0053f1b0","FUN_0053f1b0","Global",48,false,false,"ok"
"0053f1f0","FUN_0053f1f0","Global",200,false,false,"ok"
"0053f2c0","FUN_0053f2c0","Global",232,false,false,"ok"
"0053f428","FUN_0053f428","Global",16,false,false,"ok"
"0053f478","FUN_0053f478","Global",48,false,false,"ok"
"0053f4b8","FUN_0053f4b8","Global",80,false,false,"ok"
"0053f588","FUN_0053f588","Global",208,false,false,"ok"
"0053f768","FUN_0053f768","Global",388,false,false,"ok"
"0053f968","FUN_0053f968","Global",44,false,false,"ok"
"0053f9a8","FUN_0053f9a8","Global",104,false,false,"ok"
"0053fb10","FUN_0053fb10","Global",76,false,false,"ok"
"0053fba8","FUN_0053fba8","Global",76,false,false,"ok"
"0053fc38","FUN_0053fc38","Global",28,false,false,"ok"
"0053fc90","FUN_0053fc90","Global",60,false,false,"ok"
"0053fe58","FUN_0053fe58","Global",60,false,false,"ok"
"0053fe98","FUN_0053fe98","Global",68,false,false,"ok"
"0053ff08","FUN_0053ff08","Global",84,false,false,"ok"
"0053ff88","FUN_0053ff88","Global",72,false,false,"ok"
"00540010","FUN_00540010","Global",128,false,false,"ok"
"00540100","FUN_00540100","Global",76,false,false,"ok"
"00540170","FUN_00540170","Global",68,false,false,"ok"
"00540528","FUN_00540528","Global",68,false,false,"ok"
"00540580","FUN_00540580","Global",36,false,false,"ok"
"005405b0","FUN_005405b0","Global",12,false,false,"ok"
"00540660","FUN_00540660","Global",48,false,false,"ok"
"005406a8","FUN_005406a8","Global",152,false,false,"ok"
"005408b0","FUN_005408b0","Global",132,false,false,"ok"
"00540940","FUN_00540940","Global",36,false,false,"ok"
"00540978","FUN_00540978","Global",36,false,false,"ok"
"00540ab8","FUN_00540ab8","Global",28,false,false,"ok"
"00540ba8","FUN_00540ba8","Global",92,false,false,"ok"
"00540e38","FUN_00540e38","Global",52,false,false,"ok"
"00540fb0","FUN_00540fb0","Global",68,false,false,"ok"
"005411f0","FUN_005411f0","Global",76,false,false,"ok"
"00541460","FUN_00541460","Global",76,false,false,"ok"
"00541720","FUN_00541720","Global",76,false,false,"ok"
"00541aa8","FUN_00541aa8","Global",84,false,false,"ok"
"00541c90","FUN_00541c90","Global",64,false,false,"ok"
"00541e40","FUN_00541e40","Global",16,false,false,"ok"
"00541e60","FUN_00541e60","Global",64,false,false,"ok"
"00542018","FUN_00542018","Global",16,false,false,"ok"
"00542038","FUN_00542038","Global",72,false,false,"ok"
"005422b8","FUN_005422b8","Global",44,false,false,"ok"
"005423e8","FUN_005423e8","Global",16,false,false,"ok"
"00542408","FUN_00542408","Global",32,false,false,"ok"
"005424d0","FUN_005424d0","Global",52,false,false,"ok"
"00542638","FUN_00542638","Global",52,false,false,"ok"
"00542790","FUN_00542790","Global",64,false,false,"ok"
"00542948","FUN_00542948","Global",72,false,false,"ok"
"00542b98","FUN_00542b98","Global",60,false,false,"ok"
"00542da0","FUN_00542da0","Global",16,false,false,"ok"
"00542dc0","FUN_00542dc0","Global",60,false,false,"ok"
"00542f70","FUN_00542f70","Global",80,false,false,"ok"
"005431f0","FUN_005431f0","Global",16,false,false,"ok"
"00543210","FUN_00543210","Global",68,false,false,"ok"
"00543450","FUN_00543450","Global",76,false,false,"ok"
"005436f8","FUN_005436f8","Global",60,false,false,"ok"
"005438f0","FUN_005438f0","Global",72,false,false,"ok"
"00543ad0","FUN_00543ad0","Global",48,false,false,"ok"
"00543b58","FUN_00543b58","Global",96,false,false,"ok"
"00543bc8","FUN_00543bc8","Global",108,false,false,"ok"
"00543c48","FUN_00543c48","Global",100,false,false,"ok"
"00543cc0","FUN_00543cc0","Global",20,false,false,"ok"
"00543ce0","FUN_00543ce0","Global",132,false,false,"ok"
"00543dd0","FUN_00543dd0","Global",88,false,false,"ok"
"00543e40","FUN_00543e40","Global",88,false,false,"ok"
"00543eb0","FUN_00543eb0","Global",88,false,false,"ok"
"00543f20","FUN_00543f20","Global",100,false,false,"ok"
"00543fa0","FUN_00543fa0","Global",100,false,false,"ok"
"00544020","FUN_00544020","Global",80,false,false,"ok"
"00544120","FUN_00544120","Global",132,false,false,"ok"
"005441b0","FUN_005441b0","Global",40,false,false,"ok"
"005441e8","FUN_005441e8","Global",104,false,false,"ok"
"005443f0","FUN_005443f0","Global",104,false,false,"ok"
"005445f8","FUN_005445f8","Global",52,false,false,"ok"
"00544688","FUN_00544688","Global",44,false,false,"ok"
"00544728","FUN_00544728","Global",52,false,false,"ok"
"005447b8","FUN_005447b8","Global",20,false,false,"ok"
"005447d8","FUN_005447d8","Global",20,false,false,"ok"
"005447f8","FUN_005447f8","Global",100,false,false,"ok"
"00544a20","FUN_00544a20","Global",24,false,false,"ok"
"00544a40","FUN_00544a40","Global",20,false,false,"ok"
"00544a60","FUN_00544a60","Global",88,false,false,"ok"
"00544b68","FUN_00544b68","Global",20,false,false,"ok"
"00544bb0","FUN_00544bb0","Global",152,false,false,"ok"
"00544ca0","FUN_00544ca0","Global",164,false,false,"ok"
"00544d80","FUN_00544d80","Global",324,false,false,"ok"
"00544ed8","FUN_00544ed8","Global",32,false,false,"ok"
"00544f00","FUN_00544f00","Global",72,false,false,"ok"
"00544f50","FUN_00544f50","Global",208,false,false,"ok"
"00545060","FUN_00545060","Global",88,false,false,"ok"
"00545148","FUN_00545148","Global",8,false,false,"ok"
"00545190","FUN_00545190","Global",8,false,false,"ok"
"005451a0","FUN_005451a0","Global",8,false,false,"ok"
"005451b0","FUN_005451b0","Global",148,false,false,"ok"
"00545298","FUN_00545298","Global",8,false,false,"ok"
"005452a8","FUN_005452a8","Global",40,false,false,"ok"
"00545338","FUN_00545338","Global",56,false,false,"ok"
"00545378","FUN_00545378","Global",432,false,false,"ok"
"005458e0","FUN_005458e0","Global",28,false,false,"ok"
"00545930","FUN_00545930","Global",12,false,false,"ok"
"00545948","FUN_00545948","Global",60,false,false,"ok"
"005459b8","FUN_005459b8","Global",8,false,false,"ok"
"00545a40","FUN_00545a40","Global",8,false,false,"ok"
"00545a50","FUN_00545a50","Global",44,false,false,"ok"
"00545a88","FUN_00545a88","Global",244,false,false,"ok"
"00545b88","FUN_00545b88","Global",8,false,false,"ok"
"00545b98","FUN_00545b98","Global",84,false,false,"ok"
"00545bf0","FUN_00545bf0","Global",8,false,false,"ok"
"00545c00","FUN_00545c00","Global",8,false,false,"ok"
"00545c48","FUN_00545c48","Global",8,false,false,"ok"
"00545c58","FUN_00545c58","Global",20,false,false,"ok"
"00545cc0","FUN_00545cc0","Global",156,false,false,"ok"
"00545db0","FUN_00545db0","Global",8,false,false,"ok"
"00545dc0","FUN_00545dc0","Global",96,false,false,"ok"
"00545ed8","thunk_FUN_00545338","Global",8,false,true,"ok"
"00545f50","FUN_00545f50","Global",72,false,false,"ok"
"00545f98","FUN_00545f98","Global",40,false,false,"ok"
"00545fc0","FUN_00545fc0","Global",76,false,false,"ok"
"00546010","FUN_00546010","Global",8,false,false,"ok"
"00546020","FUN_00546020","Global",8,false,false,"ok"
"00546068","FUN_00546068","Global",8,false,false,"ok"
"00546078","FUN_00546078","Global",192,false,false,"ok"
"00546150","FUN_00546150","Global",68,false,false,"ok"
"005461c0","FUN_005461c0","Global",16,false,false,"ok"
"005461d0","FUN_005461d0","Global",16,false,false,"ok"
"005461f0","FUN_005461f0","Global",116,false,false,"ok"
"00546348","FUN_00546348","Global",176,false,false,"ok"
"00546430","FUN_00546430","Global",124,false,false,"ok"
"005464c0","FUN_005464c0","Global",104,false,false,"ok"
"00546540","FUN_00546540","Global",72,false,false,"ok"
"00546758","FUN_00546758","Global",28,false,false,"ok"
"00546790","FUN_00546790","Global",608,false,false,"ok"
"00546a38","FUN_00546a38","Global",52,false,false,"ok"
"00546a88","FUN_00546a88","Global",72,false,false,"ok"
"00546b08","FUN_00546b08","Global",96,false,false,"ok"
"00546b78","FUN_00546b78","Global",64,false,false,"ok"
"00546bc0","FUN_00546bc0","Global",60,false,false,"ok"
"00546c60","FUN_00546c60","Global",68,false,false,"ok"
"00546cb0","FUN_00546cb0","Global",64,false,false,"ok"
"00546d00","FUN_00546d00","Global",84,false,false,"ok"
"00546d60","FUN_00546d60","Global",60,false,false,"ok"
"00546e10","FUN_00546e10","Global",68,false,false,"ok"
"00546e60","FUN_00546e60","Global",60,false,false,"ok"
"00546f28","FUN_00546f28","Global",68,false,false,"ok"
"00546f78","FUN_00546f78","Global",112,false,false,"ok"
"00547048","FUN_00547048","Global",20,false,false,"ok"
"00547090","FUN_00547090","Global",68,false,false,"ok"
"005470e0","FUN_005470e0","Global",56,false,false,"ok"
"00547150","FUN_00547150","Global",68,false,false,"ok"
"005471a0","FUN_005471a0","Global",88,false,false,"ok"
"00547298","FUN_00547298","Global",116,false,false,"ok"
"00547318","FUN_00547318","Global",48,false,false,"ok"
"005473c0","FUN_005473c0","Global",104,false,false,"ok"
"00547430","FUN_00547430","Global",76,false,false,"ok"
"00547510","FUN_00547510","Global",84,false,false,"ok"
"00547570","FUN_00547570","Global",172,false,false,"ok"
"005476a0","FUN_005476a0","Global",144,false,false,"ok"
"00547790","FUN_00547790","Global",156,false,false,"ok"
"00547838","FUN_00547838","Global",112,false,false,"ok"
"005478b0","FUN_005478b0","Global",36,false,false,"ok"
"00547958","FUN_00547958","Global",176,false,false,"ok"
"00547a68","FUN_00547a68","Global",112,false,false,"ok"
"00547b10","FUN_00547b10","Global",108,false,false,"ok"
"00547ca0","FUN_00547ca0","Global",4,false,false,"ok"
"00547cb0","FUN_00547cb0","Global",72,false,false,"ok"
"00547d18","FUN_00547d18","Global",152,false,false,"ok"
"00547dc8","FUN_00547dc8","Global",100,false,false,"ok"
"00548140","FUN_00548140","Global",180,false,false,"ok"
"00548200","FUN_00548200","Global",72,false,false,"ok"
"005482c8","FUN_005482c8","Global",476,false,false,"ok"
"005484b0","FUN_005484b0","Global",252,false,false,"ok"
"005485b8","FUN_005485b8","Global",224,false,false,"ok"
"005486a0","FUN_005486a0","Global",372,false,false,"ok"
"00548938","FUN_00548938","Global",84,false,false,"ok"
"00548998","FUN_00548998","Global",140,false,false,"ok"
"00548a30","FUN_00548a30","Global",720,false,false,"ok"
"00548f30","FUN_00548f30","Global",312,false,false,"ok"
"00549070","FUN_00549070","Global",372,false,false,"ok"
"005491f0","FUN_005491f0","Global",1108,false,false,"ok"
"00549908","FUN_00549908","Global",472,false,false,"ok"
"00549ae8","FUN_00549ae8","Global",84,false,false,"ok"
"00549b48","FUN_00549b48","Global",104,false,false,"ok"
"00549bb8","FUN_00549bb8","Global",36,false,false,"ok"
"00549c40","FUN_00549c40","Global",32,false,false,"ok"
"00549cc8","FUN_00549cc8","Global",60,false,false,"ok"
"00549fd0","FUN_00549fd0","Global",40,false,false,"ok"
"0054a038","FUN_0054a038","Global",48,false,false,"ok"
"0054a0b0","FUN_0054a0b0","Global",48,false,false,"ok"
"0054a128","FUN_0054a128","Global",20,false,false,"ok"
"0054a170","FUN_0054a170","Global",48,false,false,"ok"
"0054a1f0","FUN_0054a1f0","Global",48,false,false,"ok"
"0054a270","FUN_0054a270","Global",44,false,false,"ok"
"0054a2a8","FUN_0054a2a8","Global",44,false,false,"ok"
"0054a2e0","FUN_0054a2e0","Global",140,false,false,"ok"
"0054a390","FUN_0054a390","Global",36,false,false,"ok"
"0054a3c0","FUN_0054a3c0","Global",24,false,false,"ok"
"0054a3d8","FUN_0054a3d8","Global",32,false,false,"ok"
"0054a400","FUN_0054a400","Global",28,false,false,"ok"
"0054a420","FUN_0054a420","Global",72,false,false,"ok"
"0054a488","FUN_0054a488","Global",16,false,false,"ok"
"0054a540","FUN_0054a540","Global",48,false,false,"ok"
"0054a598","FUN_0054a598","Global",140,false,false,"ok"
"0054a7c8","FUN_0054a7c8","Global",124,false,false,"ok"
"0054ba30","FUN_0054ba30","Global",1,false,false,"ok"
"0054ba38","FUN_0054ba38","Global",1,false,false,"ok"
"0054ba40","FUN_0054ba40","Global",4,false,false,"ok"
"0054ba50","FUN_0054ba50","Global",104,false,false,"ok"
"0054bc10","FUN_0054bc10","Global",72,false,false,"ok"
"0054bd28","FUN_0054bd28","Global",100,false,false,"ok"
"0054be60","FUN_0054be60","Global",84,false,false,"ok"
"0054bec0","FUN_0054bec0","Global",108,false,false,"ok"
"0054bf38","FUN_0054bf38","Global",188,false,false,"ok"
"0054c030","FUN_0054c030","Global",28,false,false,"ok"
"0054c070","FUN_0054c070","Global",132,false,false,"ok"
"0054c100","FUN_0054c100","Global",124,false,false,"ok"
"0054c1b8","FUN_0054c1b8","Global",212,false,false,"ok"
"0054c298","FUN_0054c298","Global",36,false,false,"ok"
"0054c318","FUN_0054c318","Global",68,false,false,"ok"
"0054c368","FUN_0054c368","Global",24,false,false,"ok"
"0054c488","FUN_0054c488","Global",360,false,false,"ok"
"0054c780","FUN_0054c780","Global",320,false,false,"ok"
"0054c8f0","FUN_0054c8f0","Global",84,false,false,"ok"
"0054cda0","FUN_0054cda0","Global",52,false,false,"ok"
"0054ce00","FUN_0054ce00","Global",20,false,false,"ok"
"0054cf08","FUN_0054cf08","Global",296,false,false,"ok"
"0054d2e8","FUN_0054d2e8","Global",100,false,false,"ok"
"0054d380","FUN_0054d380","Global",28,false,false,"ok"
"0054d408","FUN_0054d408","Global",36,false,false,"ok"
"0054d458","FUN_0054d458","Global",232,false,false,"ok"
"0054d5a0","FUN_0054d5a0","Global",20,false,false,"ok"
"0054d5c0","FUN_0054d5c0","Global",84,false,false,"ok"
"0054d650","FUN_0054d650","Global",4,false,false,"ok"
"0054d660","FUN_0054d660","Global",36,false,false,"ok"
"0054d688","FUN_0054d688","Global",28,false,false,"ok"
"0054d6a8","FUN_0054d6a8","Global",56,false,false,"ok"
"0054d708","FUN_0054d708","Global",304,false,false,"ok"
"0054d860","FUN_0054d860","Global",60,false,false,"ok"
"0054d8b8","FUN_0054d8b8","Global",72,false,false,"ok"
"0054d900","FUN_0054d900","Global",448,false,false,"ok"
"0054db58","FUN_0054db58","Global",376,false,false,"ok"
"0054e280","FUN_0054e280","Global",16,false,false,"ok"
"0054e398","FUN_0054e398","Global",80,false,false,"ok"
"0054e430","FUN_0054e430","Global",68,false,false,"ok"
"0054e5e8","FUN_0054e5e8","Global",160,false,false,"ok"
"0054e6a8","FUN_0054e6a8","Global",116,false,false,"ok"
"0054e728","FUN_0054e728","Global",68,false,false,"ok"
"0054e778","FUN_0054e778","Global",140,false,false,"ok"
"0054e820","FUN_0054e820","Global",36,false,false,"ok"
"0054e850","FUN_0054e850","Global",236,false,false,"ok"
"0054e958","FUN_0054e958","Global",24,false,false,"ok"
"0054ea88","FUN_0054ea88","Global",120,false,false,"ok"
"0054eb08","FUN_0054eb08","Global",132,false,false,"ok"
"0054ebc8","FUN_0054ebc8","Global",48,false,false,"ok"
"0054ec00","FUN_0054ec00","Global",48,false,false,"ok"
"0054ee10","FUN_0054ee10","Global",188,false,false,"ok"
"0054ef10","FUN_0054ef10","Global",304,false,false,"ok"
"0054f068","FUN_0054f068","Global",80,false,false,"ok"
"0054f0d0","FUN_0054f0d0","Global",108,false,false,"ok"
"0054f330","FUN_0054f330","Global",228,false,false,"ok"
"0054f4c8","FUN_0054f4c8","Global",352,false,false,"ok"
"0054f650","FUN_0054f650","Global",192,false,false,"ok"
"0054f720","FUN_0054f720","Global",104,false,false,"ok"
"0054f790","FUN_0054f790","Global",56,false,false,"ok"
"0054f7f0","FUN_0054f7f0","Global",84,false,false,"ok"
"0054f850","FUN_0054f850","Global",100,false,false,"ok"
"0054f8c0","FUN_0054f8c0","Global",124,false,false,"ok"
"005502c8","FUN_005502c8","Global",92,false,false,"ok"
"00550330","FUN_00550330","Global",80,false,false,"ok"
"00550390","FUN_00550390","Global",72,false,false,"ok"
"005503f8","FUN_005503f8","Global",172,false,false,"ok"
"00550998","FUN_00550998","Global",40,false,false,"ok"
"005509d0","FUN_005509d0","Global",20,false,false,"ok"
"00550b50","FUN_00550b50","Global",48,false,false,"ok"
"00550ba8","FUN_00550ba8","Global",20,false,false,"ok"
"00550c18","FUN_00550c18","Global",120,false,false,"ok"
"00550c98","FUN_00550c98","Global",104,false,false,"ok"
"00550d70","FUN_00550d70","Global",124,false,false,"ok"
"00550e08","FUN_00550e08","Global",32,false,false,"ok"
"00550e28","FUN_00550e28","Global",36,false,false,"ok"
"00550e90","FUN_00550e90","Global",52,false,false,"ok"
"00550ef0","FUN_00550ef0","Global",20,false,false,"ok"
"00550f90","FUN_00550f90","Global",124,false,false,"ok"
"00551028","FUN_00551028","Global",160,false,false,"ok"
"005510d0","FUN_005510d0","Global",88,false,false,"ok"
"00551138","FUN_00551138","Global",120,false,false,"ok"
"005511b8","FUN_005511b8","Global",88,false,false,"ok"
"00551220","FUN_00551220","Global",28,false,false,"ok"
"00551240","FUN_00551240","Global",108,false,false,"ok"
"00551318","FUN_00551318","Global",160,false,false,"ok"
"005515d8","FUN_005515d8","Global",8,false,false,"ok"
"00551720","FUN_00551720","Global",100,false,false,"ok"
"00551838","FUN_00551838","Global",112,false,false,"ok"
"00551970","FUN_00551970","Global",68,false,false,"ok"
"005519c0","FUN_005519c0","Global",32,false,false,"ok"
"00551c48","FUN_00551c48","Global",252,false,false,"ok"
"00551e00","FUN_00551e00","Global",104,false,false,"ok"
"00552010","FUN_00552010","Global",40,false,false,"ok"
"00552098","FUN_00552098","Global",572,false,false,"ok"
"00552fb0","FUN_00552fb0","Global",36,false,false,"ok"
"00553000","FUN_00553000","Global",88,false,false,"ok"
"005530e8","FUN_005530e8","Global",244,false,false,"ok"
"00553320","FUN_00553320","Global",44,false,false,"ok"
"00553350","FUN_00553350","Global",216,false,false,"ok"
"00553580","FUN_00553580","Global",44,false,false,"ok"
"00553600","FUN_00553600","Global",24,false,false,"ok"
"00553620","FUN_00553620","Global",40,false,false,"ok"
"00553708","FUN_00553708","Global",52,false,false,"ok"
"00553890","FUN_00553890","Global",60,false,false,"ok"
"005538d8","FUN_005538d8","Global",100,false,false,"ok"
"00553990","FUN_00553990","Global",116,false,false,"ok"
"00553a08","FUN_00553a08","Global",572,false,false,"ok"
"00555078","FUN_00555078","Global",124,false,false,"ok"
"00555318","FUN_00555318","Global",412,false,false,"ok"
"005560a8","FUN_005560a8","Global",64,false,false,"ok"
"00556100","FUN_00556100","Global",64,false,false,"ok"
"00556158","FUN_00556158","Global",80,false,false,"ok"
"005561b8","FUN_005561b8","Global",20,false,false,"ok"
"005562d0","FUN_005562d0","Global",24,false,false,"ok"
"00556370","FUN_00556370","Global",12,false,false,"ok"
"005563e0","FUN_005563e0","Global",12,false,false,"ok"
"00556510","FUN_00556510","Global",16,false,false,"ok"
"00556670","FUN_00556670","Global",68,false,false,"ok"
"00556710","FUN_00556710","Global",36,false,false,"ok"
"00556b50","FUN_00556b50","Global",16,false,false,"ok"
"00556e80","FUN_00556e80","Global",8,false,false,"ok"
"00557020","FUN_00557020","Global",8,false,false,"ok"
"00557590","FUN_00557590","Global",40,false,false,"ok"
"00557660","FUN_00557660","Global",28,false,false,"ok"
"005576b0","FUN_005576b0","Global",8,false,false,"ok"
"005576c0","FUN_005576c0","Global",8,false,false,"ok"
"005576f0","FUN_005576f0","Global",8,false,false,"ok"
"00557700","FUN_00557700","Global",8,false,false,"ok"
"00557710","FUN_00557710","Global",8,false,false,"ok"
"00557720","FUN_00557720","Global",8,false,false,"ok"
"00557730","FUN_00557730","Global",8,false,false,"ok"
"00557840","FUN_00557840","Global",12,false,false,"ok"
"00557a40","FUN_00557a40","Global",108,false,false,"ok"
"00557ac0","FUN_00557ac0","Global",108,false,false,"ok"
"00557b40","FUN_00557b40","Global",136,false,false,"ok"
"00557be0","FUN_00557be0","Global",88,false,false,"ok"
"00557c50","FUN_00557c50","Global",88,false,false,"ok"
"00557cc0","FUN_00557cc0","Global",108,false,false,"ok"
"00557d50","FUN_00557d50","Global",88,false,false,"ok"
"00557dc0","FUN_00557dc0","Global",8,false,false,"ok"
"00557f00","FUN_00557f00","Global",40,false,false,"ok"
"00557f30","FUN_00557f30","Global",84,false,false,"ok"
"00557f90","FUN_00557f90","Global",12,false,false,"ok"
"00558140","FUN_00558140","Global",116,false,false,"ok"
"005581c0","FUN_005581c0","Global",236,false,false,"ok"
"00558330","FUN_00558330","Global",80,false,false,"ok"
"00558390","FUN_00558390","Global",128,false,false,"ok"
"00558420","FUN_00558420","Global",8,false,false,"ok"
"00558570","FUN_00558570","Global",60,false,false,"ok"
"00558600","FUN_00558600","Global",16,false,false,"ok"
"00558630","FUN_00558630","Global",112,false,false,"ok"
"005586b0","FUN_005586b0","Global",16,false,false,"ok"
"00558cc0","FUN_00558cc0","Global",384,false,false,"ok"
"00558fa0","FUN_00558fa0","Global",20,false,false,"ok"
"00559040","FUN_00559040","Global",24,false,false,"ok"
"00559430","FUN_00559430","Global",28,false,false,"ok"
"005594a0","FUN_005594a0","Global",28,false,false,"ok"
"00559500","FUN_00559500","Global",24,false,false,"ok"
"00559590","FUN_00559590","Global",8,false,false,"ok"
"00559790","FUN_00559790","Global",96,false,false,"ok"
"00559800","FUN_00559800","Global",20,false,false,"ok"
"00559850","FUN_00559850","Global",100,false,false,"ok"
"005599f0","FUN_005599f0","Global",116,false,false,"ok"
"00559a80","FUN_00559a80","Global",36,false,false,"ok"
"00559ab0","FUN_00559ab0","Global",8,false,false,"ok"
"00559ac0","FUN_00559ac0","Global",40,false,false,"ok"
"00559bd0","FUN_00559bd0","Global",244,false,false,"ok"
"00559cd0","FUN_00559cd0","Global",132,false,false,"ok"
"00559d70","FUN_00559d70","Global",44,false,false,"ok"
"00559da0","FUN_00559da0","Global",36,false,false,"ok"
"00559dd0","FUN_00559dd0","Global",16,false,false,"ok"
"0055bd60","FUN_0055bd60","Global",8,false,false,"ok"
"0055c0b0","FUN_0055c0b0","Global",40,false,false,"ok"
"0055c0e0","FUN_0055c0e0","Global",8,false,false,"ok"
"0055c4f0","FUN_0055c4f0","Global",384,false,false,"ok"
"0055c910","FUN_0055c910","Global",68,false,false,"ok"
"0055c960","FUN_0055c960","Global",76,false,false,"ok"
"0055c9c0","FUN_0055c9c0","Global",32,false,false,"ok"
"0055cf60","FUN_0055cf60","Global",12,false,false,"ok"
"0055d8c0","FUN_0055d8c0","Global",8,false,false,"ok"
"0055da10","FUN_0055da10","Global",16,false,false,"ok"
"0055dbd0","FUN_0055dbd0","Global",12,false,false,"ok"
"0055ded0","FUN_0055ded0","Global",12,false,false,"ok"
"0055e760","FUN_0055e760","Global",12,false,false,"ok"
"0055eb50","FUN_0055eb50","Global",244,false,false,"ok"
"0055ec70","FUN_0055ec70","Global",296,false,false,"ok"
"0055edb0","FUN_0055edb0","Global",292,false,false,"ok"
"0055efd0","FUN_0055efd0","Global",28,false,false,"ok"
"0055f000","FUN_0055f000","Global",104,false,false,"ok"
"0055f2f0","FUN_0055f2f0","Global",152,false,false,"ok"
"0055f3c0","FUN_0055f3c0","Global",8,false,false,"ok"
"0055f4b0","FUN_0055f4b0","Global",88,false,false,"ok"
"0055f510","FUN_0055f510","Global",16,false,false,"ok"
"0055fb00","FUN_0055fb00","Global",28,false,false,"ok"
"0055fce0","FUN_0055fce0","Global",572,false,false,"ok"
"00560010","FUN_00560010","Global",8,false,false,"ok"
"00560150","FUN_00560150","Global",8,false,false,"ok"
"005602a0","FUN_005602a0","Global",400,false,false,"ok"
"00560460","FUN_00560460","Global",120,false,false,"ok"
"00560520","FUN_00560520","Global",8,false,false,"ok"
"00560890","FUN_00560890","Global",324,false,false,"ok"
"00560a10","FUN_00560a10","Global",268,false,false,"ok"
"00560dd0","FUN_00560dd0","Global",8,false,false,"ok"
"00560e50","FUN_00560e50","Global",16,false,false,"ok"
"00561050","FUN_00561050","Global",8,false,false,"ok"
"00561520","FUN_00561520","Global",196,false,false,"ok"
"00561600","FUN_00561600","Global",20,false,false,"ok"
"00561660","FUN_00561660","Global",16,false,false,"ok"
"00561680","FUN_00561680","Global",40,false,false,"ok"
"005616c0","FUN_005616c0","Global",16,false,false,"ok"
"005616e0","FUN_005616e0","Global",40,false,false,"ok"
"00561740","FUN_00561740","Global",476,false,false,"ok"
"005619a0","FUN_005619a0","Global",352,false,false,"ok"
"00561c30","FUN_00561c30","Global",140,false,false,"ok"
"00561cd0","FUN_00561cd0","Global",12,false,false,"ok"
"00561de0","FUN_00561de0","Global",128,false,false,"ok"
"00561e70","FUN_00561e70","Global",16,false,false,"ok"
"005620d0","FUN_005620d0","Global",20,false,false,"ok"
"005628b0","FUN_005628b0","Global",108,false,false,"ok"
"00562930","FUN_00562930","Global",200,false,false,"ok"
"00562d60","FUN_00562d60","Global",100,false,false,"ok"
"00562ec0","FUN_00562ec0","Global",268,false,false,"ok"
"00562fe0","FUN_00562fe0","Global",372,false,false,"ok"
"005631f0","FUN_005631f0","Global",536,false,false,"ok"
"005635f0","FUN_005635f0","Global",8,false,false,"ok"
"00563750","FUN_00563750","Global",132,false,false,"ok"
"00563a20","FUN_00563a20","Global",40,false,false,"ok"
"00563a60","FUN_00563a60","Global",20,false,false,"ok"
"005642c0","FUN_005642c0","Global",104,false,false,"ok"
"00564340","FUN_00564340","Global",388,false,false,"ok"
"00564500","FUN_00564500","Global",172,false,false,"ok"
"00564660","FUN_00564660","Global",52,false,false,"ok"
"005646c0","FUN_005646c0","Global",96,false,false,"ok"
"00564780","FUN_00564780","Global",36,false,false,"ok"
"005647b0","FUN_005647b0","Global",12,false,false,"ok"
"00564880","FUN_00564880","Global",244,false,false,"ok"
"00564cd0","FUN_00564cd0","Global",44,false,false,"ok"
"00564fc0","FUN_00564fc0","Global",108,false,false,"ok"
"00565040","FUN_00565040","Global",32,false,false,"ok"
"00565290","FUN_00565290","Global",384,false,false,"ok"
"00565430","FUN_00565430","Global",1040,false,false,"ok"
"00565cd0","FUN_00565cd0","Global",64,false,false,"ok"
"00565d40","FUN_00565d40","Global",4,false,false,"ok"
"00565d60","FUN_00565d60","Global",68,false,false,"ok"
"00565e80","FUN_00565e80","Global",536,false,false,"ok"
"005660e0","FUN_005660e0","Global",316,false,false,"ok"
"00566230","FUN_00566230","Global",24,false,false,"ok"
"00566650","FUN_00566650","Global",168,false,false,"ok"
"005671c0","FUN_005671c0","Global",588,false,false,"ok"
"005674f0","FUN_005674f0","Global",364,false,false,"ok"
"00567670","FUN_00567670","Global",24,false,false,"ok"
"00567ce0","FUN_00567ce0","Global",760,false,false,"ok"
"00568000","FUN_00568000","Global",24,false,false,"ok"
"00568450","FUN_00568450","Global",568,false,false,"ok"
"005686a0","FUN_005686a0","Global",232,false,false,"ok"
"005687a0","FUN_005687a0","Global",184,false,false,"ok"
"00569200","FUN_00569200","Global",36,false,false,"ok"
"00569430","FUN_00569430","Global",20,false,false,"ok"
"005698b0","FUN_005698b0","Global",28,false,false,"ok"
"00569a10","FUN_00569a10","Global",176,false,false,"ok"
"00569ca0","FUN_00569ca0","Global",8,false,false,"ok"
"00569db0","FUN_00569db0","Global",76,false,false,"ok"
"00569e10","FUN_00569e10","Global",68,false,false,"ok"
"00569e70","FUN_00569e70","Global",340,false,false,"ok"
"00569fe0","FUN_00569fe0","Global",32,false,false,"ok"
"0056a110","FUN_0056a110","Global",52,false,false,"ok"
"0056a160","FUN_0056a160","Global",40,false,false,"ok"
"0056a1a0","FUN_0056a1a0","Global",48,false,false,"ok"
"0056a1e0","FUN_0056a1e0","Global",64,false,false,"ok"
"0056a230","FUN_0056a230","Global",552,false,false,"ok"
"0056a4f0","FUN_0056a4f0","Global",48,false,false,"ok"
"0056a530","FUN_0056a530","Global",8,false,false,"ok"
"0056a650","FUN_0056a650","Global",1,false,false,"ok"
"0056a660","FUN_0056a660","Global",28,false,false,"ok"
"0056c300","FUN_0056c300","Global",136,false,false,"ok"
"0056c3b0","FUN_0056c3b0","Global",80,false,false,"ok"
"0056c420","FUN_0056c420","Global",196,false,false,"ok"
"0056c4f0","FUN_0056c4f0","Global",220,false,false,"ok"
"0056c5e0","FUN_0056c5e0","Global",244,false,false,"ok"
"0056c6e0","FUN_0056c6e0","Global",20,false,false,"ok"
"0056c870","FUN_0056c870","Global",28,false,false,"ok"
"0056ca30","FUN_0056ca30","Global",20,false,false,"ok"
"0056cbd0","FUN_0056cbd0","Global",20,false,false,"ok"
"0056cdd0","FUN_0056cdd0","Global",124,false,false,"ok"
"0056cf20","FUN_0056cf20","Global",148,false,false,"ok"
"0056d030","FUN_0056d030","Global",112,false,false,"ok"
"0056d0e0","FUN_0056d0e0","Global",24,false,false,"ok"
"0056d310","FUN_0056d310","Global",156,false,false,"ok"
"0056d3c0","FUN_0056d3c0","Global",80,false,false,"ok"
"0056d420","FUN_0056d420","Global",16,false,false,"ok"
"0056ea40","FUN_0056ea40","Global",12,false,false,"ok"
"0056eb70","FUN_0056eb70","Global",12,false,false,"ok"
"0056ef50","FUN_0056ef50","Global",16,false,false,"ok"
"0056f120","FUN_0056f120","Global",176,false,false,"ok"
"0056f1e0","FUN_0056f1e0","Global",1,false,false,"ok"
"0056f210","FUN_0056f210","Global",736,false,false,"ok"
"0056f770","FUN_0056f770","Global",8,false,false,"ok"
"0056fc00","FUN_0056fc00","Global",208,false,false,"ok"
"0056fce0","FUN_0056fce0","Global",12,false,false,"ok"
"0056fee0","FUN_0056fee0","Global",20,false,false,"ok"
"00570460","FUN_00570460","Global",396,false,false,"ok"
"00570710","FUN_00570710","Global",96,false,false,"ok"
"005707c0","FUN_005707c0","Global",20,false,false,"ok"
"00572cf0","FUN_00572cf0","Global",20,false,false,"ok"
"005732f0","FUN_005732f0","Global",8,false,false,"ok"
"00573830","FUN_00573830","Global",88,false,false,"ok"
"005739c0","FUN_005739c0","Global",84,false,false,"ok"
"00573ae0","FUN_00573ae0","Global",52,false,false,"ok"
"00573c50","FUN_00573c50","Global",52,false,false,"ok"
"00573d80","FUN_00573d80","Global",284,false,false,"ok"
"00573ef0","FUN_00573ef0","Global",16,false,false,"ok"
"005740a0","FUN_005740a0","Global",80,false,false,"ok"
"00574100","FUN_00574100","Global",1276,false,false,"ok"
"00574630","FUN_00574630","Global",452,false,false,"ok"
"00574810","FUN_00574810","Global",72,false,false,"ok"
"005748a0","FUN_005748a0","Global",56,false,false,"ok"
"00574930","FUN_00574930","Global",76,false,false,"ok"
"005749f0","FUN_005749f0","Global",628,false,false,"ok"
"00574d90","FUN_00574d90","Global",84,false,false,"ok"
"00574df0","FUN_00574df0","Global",24,false,false,"ok"
"00575630","FUN_00575630","Global",20,false,false,"ok"
"00575790","FUN_00575790","Global",12,false,false,"ok"
"00575950","FUN_00575950","Global",12,false,false,"ok"
"00575b10","FUN_00575b10","Global",12,false,false,"ok"
"00575d60","FUN_00575d60","Global",24,false,false,"ok"
"00576030","FUN_00576030","Global",16,false,false,"ok"
"005763d0","FUN_005763d0","Global",16,false,false,"ok"
"00576540","FUN_00576540","Global",16,false,false,"ok"
"00576c60","FUN_00576c60","Global",68,false,false,"ok"
"00576d90","FUN_00576d90","Global",544,false,false,"ok"
"00576fe0","FUN_00576fe0","Global",20,false,false,"ok"
"00577410","FUN_00577410","Global",12,false,false,"ok"
"00577dd0","FUN_00577dd0","Global",144,false,false,"ok"
"00577fb0","FUN_00577fb0","Global",388,false,false,"ok"
"00578a60","FUN_00578a60","Global",8,false,false,"ok"
"00579210","FUN_00579210","Global",16,false,false,"ok"
"00579990","FUN_00579990","Global",16,false,false,"ok"
"0057a0a0","FUN_0057a0a0","Global",16,false,false,"ok"
"0057a8b0","FUN_0057a8b0","Global",16,false,false,"ok"
"0057af70","FUN_0057af70","Global",176,false,false,"ok"
"0057b110","FUN_0057b110","Global",480,false,false,"ok"
"0057b650","FUN_0057b650","Global",192,false,false,"ok"
"0057b940","FUN_0057b940","Global",156,false,false,"ok"
"0057b9f0","FUN_0057b9f0","Global",16,false,false,"ok"
"0057bd40","FUN_0057bd40","Global",12,false,false,"ok"
"0057c190","FUN_0057c190","Global",32,false,false,"ok"
"0057c510","FUN_0057c510","Global",24,false,false,"ok"
"0057c5e0","FUN_0057c5e0","Global",292,false,false,"ok"
"0057c720","FUN_0057c720","Global",332,false,false,"ok"
"0057c890","FUN_0057c890","Global",156,false,false,"ok"
"0057c940","FUN_0057c940","Global",20,false,false,"ok"
"0057d000","FUN_0057d000","Global",16,false,false,"ok"
"0057d510","FUN_0057d510","Global",20,false,false,"ok"
"0057d7a0","FUN_0057d7a0","Global",16,false,false,"ok"
"0057d840","FUN_0057d840","Global",44,false,false,"ok"
"0057d9b0","FUN_0057d9b0","Global",20,false,false,"ok"
"0057de60","FUN_0057de60","Global",20,false,false,"ok"
"0057e0e0","FUN_0057e0e0","Global",12,false,false,"ok"
"0057e3c0","FUN_0057e3c0","Global",12,false,false,"ok"
"0057e6c0","FUN_0057e6c0","Global",24,false,false,"ok"
"0057e860","FUN_0057e860","Global",420,false,false,"ok"
"0057ea20","FUN_0057ea20","Global",180,false,false,"ok"
"0057eb90","FUN_0057eb90","Global",12,false,false,"ok"
"0057ef40","FUN_0057ef40","Global",12,false,false,"ok"
"0057f2f0","FUN_0057f2f0","Global",12,false,false,"ok"
"0057f540","FUN_0057f540","Global",8,false,false,"ok"
"0057f9a0","FUN_0057f9a0","Global",12,false,false,"ok"
"0057fc80","FUN_0057fc80","Global",32,false,false,"ok"
"0057fdb0","FUN_0057fdb0","Global",20,false,false,"ok"
"00580120","FUN_00580120","Global",12,false,false,"ok"
"00580330","FUN_00580330","Global",24,false,false,"ok"
"005807b0","FUN_005807b0","Global",472,false,false,"ok"
"005809a0","FUN_005809a0","Global",36,false,false,"ok"
"00580a30","FUN_00580a30","Global",8,false,false,"ok"
"00580a70","FUN_00580a70","Global",496,false,false,"ok"
"00580c70","FUN_00580c70","Global",160,false,false,"ok"
"00580d20","FUN_00580d20","Global",12,false,false,"ok"
"00580d50","FUN_00580d50","Global",48,false,false,"ok"
"00580d80","FUN_00580d80","Global",48,false,false,"ok"
"00580db0","FUN_00580db0","Global",12,false,false,"ok"
"00580dc0","FUN_00580dc0","Global",12,false,false,"ok"
"00580dd0","FUN_00580dd0","Global",12,false,false,"ok"
"00580df0","FUN_00580df0","Global",8,false,false,"ok"
"00580eb0","FUN_00580eb0","Global",8,false,false,"ok"
"00580f30","FUN_00580f30","Global",52,false,false,"ok"
"00580f70","FUN_00580f70","Global",12,false,false,"ok"
"00580f80","FUN_00580f80","Global",52,false,false,"ok"
"00580fc0","FUN_00580fc0","Global",12,false,false,"ok"
"00580fd0","FUN_00580fd0","Global",12,false,false,"ok"
"00580fe0","FUN_00580fe0","Global",12,false,false,"ok"
"00581000","FUN_00581000","Global",12,false,false,"ok"
"00581020","FUN_00581020","Global",8,false,false,"ok"
"00581050","FUN_00581050","Global",12,false,false,"ok"
"00581080","FUN_00581080","Global",12,false,false,"ok"
"00581230","FUN_00581230","Global",288,false,false,"ok"
"00581370","FUN_00581370","Global",12,false,false,"ok"
"00581380","FUN_00581380","Global",12,false,false,"ok"
"00581510","FUN_00581510","Global",12,false,false,"ok"
"005815c0","FUN_005815c0","Global",12,false,false,"ok"
"005815d0","FUN_005815d0","Global",132,false,false,"ok"
"00581680","FUN_00581680","Global",8,false,false,"ok"
"00581690","FUN_00581690","Global",8,false,false,"ok"
"005816a0","FUN_005816a0","Global",8,false,false,"ok"
"005816b0","FUN_005816b0","Global",8,false,false,"ok"
"00581700","FUN_00581700","Global",8,false,false,"ok"
"005817f0","FUN_005817f0","Global",44,false,false,"ok"
"00581a00","FUN_00581a00","Global",32,false,false,"ok"
"00581e80","FUN_00581e80","Global",16,false,false,"ok"
"00581f90","FUN_00581f90","Global",20,false,false,"ok"
"00582170","FUN_00582170","Global",24,false,false,"ok"
"005822b0","FUN_005822b0","Global",28,false,false,"ok"
"005822f0","FUN_005822f0","Global",8,false,false,"ok"
"005828b0","FUN_005828b0","Global",20,false,false,"ok"
"00582980","FUN_00582980","Global",612,false,false,"ok"
"00582c10","FUN_00582c10","Global",24,false,false,"ok"
"00582db0","FUN_00582db0","Global",40,false,false,"ok"
"00583250","FUN_00583250","Global",240,false,false,"ok"
"005833f0","FUN_005833f0","Global",12,false,false,"ok"
"005834d0","FUN_005834d0","Global",8,false,false,"ok"
"005838a0","FUN_005838a0","Global",8,false,false,"ok"
"00583cd0","FUN_00583cd0","Global",16,false,false,"ok"
"00584200","FUN_00584200","Global",20,false,false,"ok"
"005844f0","FUN_005844f0","Global",16,false,false,"ok"
"00584a10","FUN_00584a10","Global",24,false,false,"ok"
"00584b80","FUN_00584b80","Global",108,false,false,"ok"
"00584c00","FUN_00584c00","Global",36,false,false,"ok"
"00584ca0","FUN_00584ca0","Global",84,false,false,"ok"
"00584d50","FUN_00584d50","Global",28,false,false,"ok"
"00584e50","FUN_00584e50","Global",88,false,false,"ok"
"00584ec0","FUN_00584ec0","Global",164,false,false,"ok"
"00584fc0","FUN_00584fc0","Global",12,false,false,"ok"
"005851f0","thunk_FUN_00585200","Global",8,false,true,"ok"
"00585200","FUN_00585200","Global",28,false,false,"ok"
"005860b0","thunk_FUN_005860c0","Global",8,false,true,"ok"
"005860c0","FUN_005860c0","Global",8,false,false,"ok"
"00586120","FUN_00586120","Global",12,false,false,"ok"
"00586280","thunk_FUN_00586290","Global",8,false,true,"ok"
"00586290","FUN_00586290","Global",8,false,false,"ok"
"00586390","FUN_00586390","Global",8,false,false,"ok"
"00587d00","FUN_00587d00","Global",28,false,false,"ok"
"005880c0","FUN_005880c0","Global",92,false,false,"ok"
"00588130","FUN_00588130","Global",324,false,false,"ok"
"00588440","FUN_00588440","Global",8,false,false,"ok"
"005888a0","FUN_005888a0","Global",128,false,false,"ok"
"00588940","FUN_00588940","Global",28,false,false,"ok"
"00588d50","FUN_00588d50","Global",124,false,false,"ok"
"00588ec0","FUN_00588ec0","Global",8,false,false,"ok"
"00589330","FUN_00589330","Global",148,false,false,"ok"
"005893d0","FUN_005893d0","Global",140,false,false,"ok"
"00589530","FUN_00589530","Global",8,false,false,"ok"
"005895f0","FUN_005895f0","Global",12,false,false,"ok"
"005897c0","FUN_005897c0","Global",8,false,false,"ok"
"00589cb0","FUN_00589cb0","Global",100,false,false,"ok"
"00589e10","FUN_00589e10","Global",100,false,false,"ok"
"00589fe0","FUN_00589fe0","Global",60,false,false,"ok"
"0058a030","FUN_0058a030","Global",20,false,false,"ok"
"0058a060","FUN_0058a060","Global",12,false,false,"ok"
"0058a9b0","FUN_0058a9b0","Global",12,false,false,"ok"
"0058ae10","FUN_0058ae10","Global",40,false,false,"ok"
"0058ae40","FUN_0058ae40","Global",20,false,false,"ok"
"0058ae70","FUN_0058ae70","Global",12,false,false,"ok"
"0058b7a0","FUN_0058b7a0","Global",12,false,false,"ok"
"0058bc00","FUN_0058bc00","Global",40,false,false,"ok"
"0058bc30","FUN_0058bc30","Global",16,false,false,"ok"
"0058c050","FUN_0058c050","Global",560,false,false,"ok"
"0058c2a0","FUN_0058c2a0","Global",28,false,false,"ok"
"0058c330","FUN_0058c330","Global",8,false,false,"ok"
"0058c340","FUN_0058c340","Global",16,false,false,"ok"
"0058c3c0","FUN_0058c3c0","Global",12,false,false,"ok"
"0058c6b0","FUN_0058c6b0","Global",240,false,false,"ok"
"0058c880","FUN_0058c880","Global",12,false,false,"ok"
"0058cbf0","FUN_0058cbf0","Global",80,false,false,"ok"
"0058ccc0","FUN_0058ccc0","Global",8,false,false,"ok"
"0058d3f0","FUN_0058d3f0","Global",8,false,false,"ok"
"0058d610","FUN_0058d610","Global",20,false,false,"ok"
"0058d800","FUN_0058d800","Global",80,false,false,"ok"
"0058d8b0","FUN_0058d8b0","Global",8,false,false,"ok"
"0058dfd0","FUN_0058dfd0","Global",8,false,false,"ok"
"0058e1f0","FUN_0058e1f0","Global",12,false,false,"ok"
"0058e2c0","FUN_0058e2c0","Global",76,false,false,"ok"
"0058e320","FUN_0058e320","Global",132,false,false,"ok"
"0058e3b0","FUN_0058e3b0","Global",28,false,false,"ok"
"0058e900","FUN_0058e900","Global",8,false,false,"ok"
"0058ea00","FUN_0058ea00","Global",140,false,false,"ok"
"0058eaa0","FUN_0058eaa0","Global",24,false,false,"ok"
"0058ee00","FUN_0058ee00","Global",144,false,false,"ok"
"0058f000","FUN_0058f000","Global",132,false,false,"ok"
"0058f0e0","FUN_0058f0e0","Global",36,false,false,"ok"
"0058f160","FUN_0058f160","Global",28,false,false,"ok"
"00591e10","FUN_00591e10","Global",20,false,false,"ok"
"005920b0","FUN_005920b0","Global",20,false,false,"ok"
"005924b0","FUN_005924b0","Global",208,false,false,"ok"
"00592650","FUN_00592650","Global",100,false,false,"ok"
"00592750","FUN_00592750","Global",100,false,false,"ok"
"005927c0","FUN_005927c0","Global",76,false,false,"ok"
"00592820","FUN_00592820","Global",380,false,false,"ok"
"005929c0","FUN_005929c0","Global",308,false,false,"ok"
"00592ba0","FUN_00592ba0","Global",28,false,false,"ok"
"00592da0","FUN_00592da0","Global",84,false,false,"ok"
"00592e00","FUN_00592e00","Global",88,false,false,"ok"
"00592e70","FUN_00592e70","Global",16,false,false,"ok"
"00593250","FUN_00593250","Global",36,false,false,"ok"
"00593280","FUN_00593280","Global",100,false,false,"ok"
"005932f0","FUN_005932f0","Global",20,false,false,"ok"
"00593460","FUN_00593460","Global",16,false,false,"ok"
"00593490","FUN_00593490","Global",12,false,false,"ok"
"005940f0","FUN_005940f0","Global",136,false,false,"ok"
"00594380","FUN_00594380","Global",28,false,false,"ok"
"005943b0","FUN_005943b0","Global",40,false,false,"ok"
"005943e0","FUN_005943e0","Global",8,false,false,"ok"
"00594410","FUN_00594410","Global",72,false,false,"ok"
"00594460","FUN_00594460","Global",32,false,false,"ok"
"00595210","FUN_00595210","Global",236,false,false,"ok"
"00595310","FUN_00595310","Global",116,false,false,"ok"
"00595440","FUN_00595440","Global",20,false,false,"ok"
"00595460","FUN_00595460","Global",44,false,false,"ok"
"005954a0","FUN_005954a0","Global",56,false,false,"ok"
"005954f0","FUN_005954f0","Global",8,false,false,"ok"
"00595b50","FUN_00595b50","Global",136,false,false,"ok"
"00596040","FUN_00596040","Global",64,false,false,"ok"
"00596090","FUN_00596090","Global",20,false,false,"ok"
"005960b0","FUN_005960b0","Global",64,false,false,"ok"
"005964d0","FUN_005964d0","Global",28,false,false,"ok"
"00596730","FUN_00596730","Global",176,false,false,"ok"
"00596800","FUN_00596800","Global",60,false,false,"ok"
"00596860","FUN_00596860","Global",12,false,false,"ok"
"00596af0","FUN_00596af0","Global",16,false,false,"ok"
"00596d30","FUN_00596d30","Global",16,false,false,"ok"
"00597620","FUN_00597620","Global",28,false,false,"ok"
"00597850","FUN_00597850","Global",28,false,false,"ok"
"00597990","FUN_00597990","Global",12,false,false,"ok"
"00597ab0","FUN_00597ab0","Global",16,false,false,"ok"
"00597cf0","FUN_00597cf0","Global",12,false,false,"ok"
"00597e70","FUN_00597e70","Global",236,false,false,"ok"
"00597f80","FUN_00597f80","Global",16,false,false,"ok"
"00598140","FUN_00598140","Global",144,false,false,"ok"
"005981e0","FUN_005981e0","Global",16,false,false,"ok"
"00598410","FUN_00598410","Global",252,false,false,"ok"
"00598750","FUN_00598750","Global",8,false,false,"ok"
"005988a0","FUN_005988a0","Global",68,false,false,"ok"
"005988f0","FUN_005988f0","Global",20,false,false,"ok"
"00598fe0","FUN_00598fe0","Global",16,false,false,"ok"
"00599350","FUN_00599350","Global",20,false,false,"ok"
"00599740","FUN_00599740","Global",124,false,false,"ok"
"00599800","FUN_00599800","Global",188,false,false,"ok"
"00599940","FUN_00599940","Global",264,false,false,"ok"
"00599b00","FUN_00599b00","Global",24,false,false,"ok"
"00599cb0","FUN_00599cb0","Global",32,false,false,"ok"
"00599e10","FUN_00599e10","Global",12,false,false,"ok"
"0059be80","FUN_0059be80","Global",12,false,false,"ok"
"0059c940","FUN_0059c940","Global",28,false,false,"ok"
"0059c960","FUN_0059c960","Global",24,false,false,"ok"
"0059cbe0","FUN_0059cbe0","Global",16,false,false,"ok"
"0059cca0","FUN_0059cca0","Global",232,false,false,"ok"
"0059cdc0","FUN_0059cdc0","Global",28,false,false,"ok"
"0059d000","FUN_0059d000","Global",16,false,false,"ok"
"0059d2c0","FUN_0059d2c0","Global",152,false,false,"ok"
"0059d360","FUN_0059d360","Global",8,false,false,"ok"
"0059d570","FUN_0059d570","Global",20,false,false,"ok"
"0059d890","FUN_0059d890","Global",20,false,false,"ok"
"0059db70","FUN_0059db70","Global",20,false,false,"ok"
"0059ddd0","FUN_0059ddd0","Global",320,false,false,"ok"
"0059df20","FUN_0059df20","Global",1,false,false,"ok"
"0059df30","FUN_0059df30","Global",144,false,false,"ok"
"0059dfd0","FUN_0059dfd0","Global",84,false,false,"ok"
"0059e040","FUN_0059e040","Global",28,false,false,"ok"
"0059e070","FUN_0059e070","Global",1,false,false,"ok"
"0059e080","FUN_0059e080","Global",24,false,false,"ok"
"0059e0a0","FUN_0059e0a0","Global",28,false,false,"ok"
"0059e180","FUN_0059e180","Global",1,false,false,"ok"
"0059e190","FUN_0059e190","Global",28,false,false,"ok"
"0059e1e0","FUN_0059e1e0","Global",16,false,false,"ok"
"0059e330","FUN_0059e330","Global",8,false,false,"ok"
"0059e350","FUN_0059e350","Global",20,false,false,"ok"
"0059e3a0","FUN_0059e3a0","Global",1,false,false,"ok"
"0059e410","FUN_0059e410","Global",12,false,false,"ok"
"0059e510","FUN_0059e510","Global",12,false,false,"ok"
"0059e920","FUN_0059e920","Global",136,false,false,"ok"
"0059e9d0","FUN_0059e9d0","Global",1,false,false,"ok"
"0059e9e0","FUN_0059e9e0","Global",32,false,false,"ok"
"0059ead0","FUN_0059ead0","Global",24,false,false,"ok"
"0059eb00","FUN_0059eb00","Global",28,false,false,"ok"
"0059eb30","FUN_0059eb30","Global",1,false,false,"ok"
"0059ed80","FUN_0059ed80","Global",244,false,false,"ok"
"0059ee80","FUN_0059ee80","Global",4,false,false,"ok"
"0059ee90","FUN_0059ee90","Global",1,false,false,"ok"
"0059eea0","FUN_0059eea0","Global",1,false,false,"ok"
"0059eef0","FUN_0059eef0","Global",44,false,false,"ok"
"0059ef30","FUN_0059ef30","Global",68,false,false,"ok"
"0059ef80","FUN_0059ef80","Global",68,false,false,"ok"
"0059efd0","FUN_0059efd0","Global",76,false,false,"ok"
"0059f030","FUN_0059f030","Global",64,false,false,"ok"
"0059f090","FUN_0059f090","Global",72,false,false,"ok"
"0059f110","FUN_0059f110","Global",64,false,false,"ok"
"0059f250","FUN_0059f250","Global",180,false,false,"ok"
"0059f310","FUN_0059f310","Global",1,false,false,"ok"
"0059f320","FUN_0059f320","Global",64,false,false,"ok"
"0059f3b0","FUN_0059f3b0","Global",84,false,false,"ok"
"0059f4a0","FUN_0059f4a0","Global",60,false,false,"ok"
"0059f550","FUN_0059f550","Global",68,false,false,"ok"
"0059f5a0","FUN_0059f5a0","Global",68,false,false,"ok"
"0059f690","FUN_0059f690","Global",32,false,false,"ok"
"0059f6e0","FUN_0059f6e0","Global",20,false,false,"ok"
"0059f740","FUN_0059f740","Global",152,false,false,"ok"
"0059f7e0","FUN_0059f7e0","Global",28,false,false,"ok"
"0059f830","FUN_0059f830","Global",68,false,false,"ok"
"0059f9b0","FUN_0059f9b0","Global",116,false,false,"ok"
"0059fa30","FUN_0059fa30","Global",116,false,false,"ok"
"0059fab0","FUN_0059fab0","Global",64,false,false,"ok"
"0059fc60","FUN_0059fc60","Global",188,false,false,"ok"
"0059fd30","FUN_0059fd30","Global",76,false,false,"ok"
"0059fec0","FUN_0059fec0","Global",36,false,false,"ok"
"0059fef0","FUN_0059fef0","Global",12,false,false,"ok"
"005a0060","FUN_005a0060","Global",8,false,false,"ok"
"005a01e0","FUN_005a01e0","Global",16,false,false,"ok"
"005a0250","FUN_005a0250","Global",12,false,false,"ok"
"005a03e0","FUN_005a03e0","Global",1,false,false,"ok"
"005a03f0","FUN_005a03f0","Global",48,false,false,"ok"
"005a0430","FUN_005a0430","Global",1,false,false,"ok"
"005a0490","FUN_005a0490","Global",8,false,false,"ok"
"005a04a0","FUN_005a04a0","Global",124,false,false,"ok"
"005a0530","FUN_005a0530","Global",28,false,false,"ok"
"005a0560","FUN_005a0560","Global",32,false,false,"ok"
"005a09f0","FUN_005a09f0","Global",196,false,false,"ok"
"005a0af0","FUN_005a0af0","Global",460,false,false,"ok"
"005a0ce0","FUN_005a0ce0","Global",8,false,false,"ok"
"005a0f60","FUN_005a0f60","Global",584,false,false,"ok"
"005a1210","FUN_005a1210","Global",284,false,false,"ok"
"005a1340","FUN_005a1340","Global",12,false,false,"ok"
"005a14b0","FUN_005a14b0","Global",84,false,false,"ok"
"005a1670","FUN_005a1670","Global",84,false,false,"ok"
"005a1770","FUN_005a1770","Global",8,false,false,"ok"
"005a1ec0","FUN_005a1ec0","Global",8,false,false,"ok"
"005a20e0","FUN_005a20e0","Global",12,false,false,"ok"
"00629718","FUN_00629718","Global",296,false,false,"ok"
"00629dc8","FUN_00629dc8","Global",184,false,false,"ok"
"00629fa8","FUN_00629fa8","Global",200,false,false,"ok"
"0062a078","FUN_0062a078","Global",148,false,false,"ok"
"0062a400","FUN_0062a400","Global",252,false,false,"ok"
"0062a508","FUN_0062a508","Global",308,false,false,"ok"
"0062a648","FUN_0062a648","Global",80,false,false,"ok"
"0062a7e8","FUN_0062a7e8","Global",24,false,false,"ok"
"0062a830","FUN_0062a830","Global",432,false,false,"ok"
"006356bc","FUN_006356bc","Global",156,false,false,"ok"
"00657ec0","FUN_00657ec0","Global",44,false,false,"ok"
"00657f20","FUN_00657f20","Global",40,false,false,"ok"
"00657fe0","FUN_00657fe0","Global",20,false,false,"ok"
"00658350","FUN_00658350","Global",72,false,false,"ok"
"006583b0","FUN_006583b0","Global",44,false,false,"ok"
"00658600","FUN_00658600","Global",40,false,false,"ok"
"00658a20","FUN_00658a20","Global",48,false,false,"ok"
"00658a80","FUN_00658a80","Global",40,false,false,"ok"
"00658ae0","FUN_00658ae0","Global",212,false,false,"ok"
"00658c50","FUN_00658c50","Global",44,false,false,"ok"
"00658f50","FUN_00658f50","Global",44,false,false,"ok"
"00659030","FUN_00659030","Global",40,false,false,"ok"
"006590b0","FUN_006590b0","Global",44,false,false,"ok"
"00659200","FUN_00659200","Global",44,false,false,"ok"
"00659560","FUN_00659560","Global",40,false,false,"ok"
"006595c0","FUN_006595c0","Global",40,false,false,"ok"
"006598b0","FUN_006598b0","Global",40,false,false,"ok"
"00659910","FUN_00659910","Global",40,false,false,"ok"
"00659b80","FUN_00659b80","Global",44,false,false,"ok"
"00659c20","FUN_00659c20","Global",40,false,false,"ok"
"00659d60","FUN_00659d60","Global",40,false,false,"ok"
"0065a090","FUN_0065a090","Global",52,false,false,"ok"
"0065a200","FUN_0065a200","Global",28,false,false,"ok"
"0065a290","FUN_0065a290","Global",44,false,false,"ok"
"0065a2f0","FUN_0065a2f0","Global",40,false,false,"ok"
"0065a340","FUN_0065a340","Global",44,false,false,"ok"
"0065a3b0","FUN_0065a3b0","Global",8,false,false,"ok"
"0065a710","FUN_0065a710","Global",32,false,false,"ok"
"0065a7a0","FUN_0065a7a0","Global",52,false,false,"ok"
"0065a860","FUN_0065a860","Global",60,false,false,"ok"
"0065a950","FUN_0065a950","Global",40,false,false,"ok"
"0065aab0","FUN_0065aab0","Global",44,false,false,"ok"
"0065ab00","FUN_0065ab00","Global",52,false,false,"ok"
"0065ab60","FUN_0065ab60","Global",40,false,false,"ok"
"0065aba0","FUN_0065aba0","Global",56,false,false,"ok"
"0065add0","FUN_0065add0","Global",44,false,false,"ok"
"0065ae30","FUN_0065ae30","Global",872,false,false,"ok"
"0065b1a0","FUN_0065b1a0","Global",400,false,false,"ok"
