address,length,value
"005eec80",13,"""ANIM\\PED.IFP"""
"005ef288",16,"""DOOR_LHinge_O"""
"005ef298",16,"""DOOR_RHinge_O"""
"005ef2c0",11,"""BIKEs_Ride"""
"005ef2d0",12,"""BIKEs_Still"""
"005ef2e0",11,"""BIKEs_Left"""
"005ef2f0",12,"""BIKEs_Right"""
"005ef300",11,"""BIKEs_Back"""
"005ef310",10,"""BIKEs_Fwd"""
"005ef320",13,"""BIKEs_pushes"""
"005ef330",10,"""BIKEs_hit"""
"005ef340",17,"""BIKEs_drivebyLHS"""
"005ef360",17,"""BIKEs_drivebyRHS"""
"005ef380",16,"""BIKEs_drivebyFT"""
"005ef390",16,"""BIKEs_passenger"""
"005ef3d0",11,"""BIKEv_Ride"""
"005ef3e0",12,"""BIKEv_Still"""
"005ef3f0",11,"""BIKEv_Left"""
"005ef400",12,"""BIKEv_Right"""
"005ef410",11,"""BIKEv_Back"""
"005ef420",10,"""BIKEv_Fwd"""
"005ef430",13,"""BIKEv_pushes"""
"005ef440",10,"""BIKEv_hit"""
"005ef450",17,"""BIKEv_drivebyLHS"""
"005ef470",17,"""BIKEv_drivebyRHS"""
"005ef490",16,"""BIKEv_drivebyFT"""
"005ef4a0",16,"""BIKEv_passenger"""
"005ef4e0",11,"""BIKEh_Ride"""
"005ef4f0",12,"""BIKEh_Still"""
"005ef500",11,"""BIKEh_Left"""
"005ef510",12,"""BIKEh_Right"""
"005ef520",11,"""BIKEh_Back"""
"005ef530",10,"""BIKEh_Fwd"""
"005ef540",13,"""BIKEh_pushes"""
"005ef550",10,"""BIKEh_hit"""
"005ef560",17,"""BIKEh_drivebyLHS"""
"005ef580",17,"""BIKEh_drivebyRHS"""
"005ef5a0",16,"""BIKEh_drivebyFT"""
"005ef5b0",16,"""BIKEh_passenger"""
"005ef5f0",11,"""BIKEd_Ride"""
"005ef600",12,"""BIKEd_Still"""
"005ef610",11,"""BIKEd_Left"""
"005ef620",12,"""BIKEd_Right"""
"005ef630",11,"""BIKEd_Back"""
"005ef640",10,"""BIKEd_Fwd"""
"005ef650",13,"""BIKEd_pushes"""
"005ef660",10,"""BIKEd_hit"""
"005ef670",17,"""BIKEd_drivebyLHS"""
"005ef690",17,"""BIKEd_drivebyRHS"""
"005ef6b0",16,"""BIKEd_drivebyFT"""
"005ef6c0",16,"""BIKEd_passenger"""
"005ef700",9,"""WF_Still"""
"005ef710",9,"""WF_Right"""
"005ef720",10,"""WF_pushes"""
"005ef730",14,"""WF_drivebyLHS"""
"005ef740",14,"""WF_drivebyRHS"""
"005ef750",13,"""WF_drivebyFT"""
"005ef760",13,"""WF_passenger"""
"005ef7a0",9,"""BMX_Ride"""
"005ef7b0",10,"""BMX_still"""
"005ef7c0",9,"""BMX_Left"""
"005ef7d0",10,"""BMX_Right"""
"005ef7e0",9,"""BMX_back"""
"005ef7f0",11,"""BMX_pushes"""
"005ef800",10,"""BMX_still"""
"005ef810",16,"""BMX_driveby_LHS"""
"005ef820",16,"""BMX_driveby_RHS"""
"005ef830",14,"""BMX_drivebyFT"""
"005ef840",9,"""BMX_Ride"""
"005ef850",13,"""BMX_bunnyhop"""
"005ef860",10,"""BMX_pedal"""
"005ef870",11,"""BMX_sprint"""
"005ef8c0",9,"""MTB_Ride"""
"005ef8d0",10,"""MTB_still"""
"005ef8e0",9,"""MTB_Left"""
"005ef8f0",10,"""MTB_Right"""
"005ef900",9,"""MTB_back"""
"005ef910",11,"""MTB_pushes"""
"005ef920",10,"""MTB_still"""
"005ef930",16,"""MTB_driveby_LHS"""
"005ef940",16,"""MTB_driveby_RHS"""
"005ef950",14,"""MTB_drivebyFT"""
"005ef960",9,"""MTB_Ride"""
"005ef970",13,"""MTB_bunnyhop"""
"005ef980",10,"""MTB_pedal"""
"005ef990",11,"""MTB_sprint"""
"005ef9e0",12,"""CHOPPA_Ride"""
"005ef9f0",13,"""CHOPPA_still"""
"005efa00",12,"""CHOPPA_Left"""
"005efa10",13,"""CHOPPA_Right"""
"005efa20",12,"""CHOPPA_back"""
"005efa30",11,"""CHOPPA_fwd"""
"005efa40",14,"""CHOPPA_pushes"""
"005efa50",13,"""CHOPPA_still"""
"005efa60",19,"""CHOPPA_driveby_LHS"""
"005efa80",19,"""CHOPPA_driveby_RHS"""
"005efaa0",17,"""CHOPPA_drivebyFT"""
"005efab8",12,"""CHOPPA_Ride"""
"005efad0",16,"""CHOPPA_bunnyhop"""
"005efae0",13,"""CHOPPA_pedal"""
"005efaf0",14,"""CHOPPA_sprint"""
"005efb40",10,"""QUAD_ride"""
"005efb50",10,"""QUAD_ride"""
"005efb60",10,"""QUAD_Left"""
"005efb70",11,"""QUAD_Right"""
"005efb80",10,"""QUAD_back"""
"005efb90",9,"""QUAD_FWD"""
"005efba0",13,"""QUAD_reverse"""
"005efbb0",10,"""QUAD_ride"""
"005efbc0",17,"""QUAD_driveby_LHS"""
"005efbe0",17,"""QUAD_driveby_RHS"""
"005efc00",16,"""QUAD_driveby_FT"""
"005efc10",15,"""QUAD_passenger"""
"005efd30",12,"""python_fire"""
"005efd40",18,"""python_crouchfire"""
"005efd58",14,"""python_reload"""
"005efd70",20,"""python_crouchreload"""
"005efda0",17,"""python_fire_poor"""
"005efdc0",18,"""python_crouchfire"""
"005efdd8",14,"""python_reload"""
"005efdf0",20,"""python_crouchreload"""
"005efe20",12,"""colt45_fire"""
"005efe30",18,"""colt45_crouchfire"""
"005efe48",14,"""colt45_reload"""
"005efe60",20,"""colt45_crouchreload"""
"005efe90",19,"""colt45_fire_2hands"""
"005efeb0",18,"""colt45_crouchfire"""
"005efec8",14,"""colt45_reload"""
"005efee0",20,"""colt45_crouchreload"""
"005eff10",12,"""colt45_fire"""
"005eff20",17,"""2guns_crouchfire"""
"005eff38",14,"""colt45_reload"""
"005eff50",20,"""colt45_crouchreload"""
"005eff80",12,"""colt45_fire"""
"005eff90",18,"""colt45_crouchfire"""
"005effa8",15,"""sawnoff_reload"""
"005effc0",20,"""colt45_crouchreload"""
"005efff0",12,"""colt45_fire"""
"005f0000",17,"""2guns_crouchfire"""
"005f0018",15,"""sawnoff_reload"""
"005f0030",20,"""colt45_crouchreload"""
"005f0060",13,"""Silence_fire"""
"005f0070",18,"""SilenceCrouchFire"""
"005f0088",15,"""Silence_reload"""
"005f0098",13,"""CrouchReload"""
"005f00c0",13,"""shotgun_fire"""
"005f00d0",19,"""shotgun_crouchfire"""
"005f00f0",18,"""shotgun_fire_poor"""
"005f0110",19,"""shotgun_crouchfire"""
"005f0128",11,"""buddy_fire"""
"005f0140",17,"""buddy_crouchfire"""
"005f0158",13,"""buddy_reload"""
"005f0170",19,"""buddy_crouchreload"""
"005f01a0",16,"""buddy_fire_poor"""
"005f01b0",17,"""buddy_crouchfire"""
"005f01c8",13,"""buddy_reload"""
"005f01e0",19,"""buddy_crouchreload"""
"005f0210",9,"""UZI_fire"""
"005f0220",15,"""UZI_crouchfire"""
"005f0230",11,"""UZI_reload"""
"005f0240",17,"""UZI_crouchreload"""
"005f0270",14,"""UZI_fire_poor"""
"005f0280",15,"""UZI_crouchfire"""
"005f0290",11,"""UZI_reload"""
"005f02a0",17,"""UZI_crouchreload"""
"005f02d0",11,"""RIFLE_fire"""
"005f02e0",17,"""RIFLE_crouchfire"""
"005f02f8",11,"""RIFLE_load"""
"005f0310",17,"""RIFLE_crouchload"""
"005f0340",16,"""RIFLE_fire_poor"""
"005f0350",17,"""RIFLE_crouchfire"""
"005f0368",11,"""RIFLE_load"""
"005f0380",17,"""RIFLE_crouchload"""
"005f03b0",20,"""WEAPON_start_throw"""
"005f03c8",16,"""WEAPON_throwu"""
"005f03d8",16,"""WEAPON_throw"""
"005f03f8",11,"""FLAME_fire"""
"005f0408",11,"""RocketFire"""
"005f0418",14,"""spraycan_fire"""
"005f0428",15,"""goggles_put_on"""
"005f04b8",9,"""FightA_1"""
"005f04c8",9,"""FightA_2"""
"005f04d8",9,"""FightA_3"""
"005f04e8",9,"""FightA_G"""
"005f04f8",9,"""FightA_M"""
"005f0508",13,"""FightA_Block"""
"005f0518",10,"""FIGHTIDLE"""
"005f0558",9,"""FightB_1"""
"005f0568",9,"""FightB_2"""
"005f0578",9,"""FightB_3"""
"005f0588",9,"""FightB_G"""
"005f0598",9,"""FightB_M"""
"005f05a8",13,"""FightB_Block"""
"005f05b8",12,"""FightB_Idle"""
"005f05f8",9,"""FightC_1"""
"005f0608",9,"""FightC_2"""
"005f0618",9,"""FightC_3"""
"005f0628",9,"""FightC_G"""
"005f0638",9,"""FightC_M"""
"005f0648",13,"""FightC_Block"""
"005f0658",12,"""FightC_Idle"""
"005f0698",9,"""FightD_1"""
"005f06a8",9,"""FightD_2"""
"005f06b8",9,"""FightD_3"""
"005f06c8",9,"""FightD_G"""
"005f06d8",9,"""FightD_M"""
"005f06e8",13,"""FightD_Block"""
"005f06f8",12,"""FightD_Idle"""
"005f0738",9,"""BAT_PART"""
"005f0748",10,"""Bat_Hit_1"""
"005f0758",10,"""Bat_Hit_2"""
"005f0768",10,"""Bat_Hit_3"""
"005f0778",10,"""Bat_Block"""
"005f0788",9,"""Bat_Idle"""
"005f07c8",11,"""knife_part"""
"005f07d8",12,"""knife_hit_1"""
"005f07e8",12,"""knife_hit_2"""
"005f07f8",12,"""knife_hit_3"""
"005f0808",12,"""knife_block"""
"005f0820",17,"""WEAPON_knifeidle"""
"005f0868",11,"""sword_part"""
"005f0878",12,"""sword_Hit_1"""
"005f0888",12,"""sword_Hit_2"""
"005f0898",12,"""sword_Hit_3"""
"005f08a8",12,"""sword_block"""
"005f08b8",11,"""sword_idle"""
"005f08f8",12,"""Dildo_Hit_1"""
"005f0908",12,"""Dildo_Hit_2"""
"005f0918",12,"""Dildo_Hit_3"""
"005f0928",12,"""Dildo_block"""
"005f0938",11,"""Dildo_idle"""
"005f0978",14,"""Flower_attack"""
"005f0988",14,"""Flower_attack"""
"005f0998",14,"""Flower_attack"""
"005f09a8",14,"""Flower_attack"""
"005f09b8",14,"""Flower_attack"""
"005f09c8",11,"""Flower_hit"""
"005f09d8",11,"""Flower_hit"""
"005f09e8",11,"""Flower_hit"""
"005f0a20",10,"""CSaw_Part"""
"005f0a30",11,"""CSaw_Hit_1"""
"005f0a40",11,"""CSaw_Hit_2"""
"005f0a50",11,"""CSaw_Hit_3"""
"005f0a60",10,"""CSaw_Part"""
"005f0a70",10,"""Idle_CSaw"""
"005f0aa8",10,"""FIGHTkick"""
"005f0ab8",12,"""FIGHTkick_B"""
"005f0ac8",10,"""FIGHTkick"""
"005f0ad8",10,"""FIGHTkick"""
"005f0ae8",10,"""FIGHTkick"""
"005f0af8",14,"""HIT_FightKick"""
"005f0b10",16,"""Hit_FightKick_B"""
"005f0b40",9,"""GUN_BUTT"""
"005f0b50",16,"""GUN_BUTT_crouch"""
"005f0b60",9,"""GUN_BUTT"""
"005f0b70",9,"""GUN_BUTT"""
"005f0b80",9,"""GUN_BUTT"""
"005f0b90",13,"""HIT_GUN_BUTT"""
"005f0ba0",13,"""HIT_GUN_BUTT"""
"005f0c70",13,"""KILL_Partial"""
"005f0c80",18,"""KILL_Knife_Player"""
"005f0ca0",22,"""KILL_Knife_Ped_Damage"""
"005f0cc0",19,"""KILL_Knife_Ped_Die"""
"005f0d10",16,"""Gang_DrivebyLHS"""
"005f0d20",20,"""Gang_DrivebyTop_LHS"""
"005f0d40",20,"""Gang_DrivebyLHS_Fwd"""
"005f0d60",20,"""Gang_DrivebyLHS_Bwd"""
"005f0d80",16,"""Gang_DrivebyRHS"""
"005f0d90",20,"""Gang_DrivebyTop_RHS"""
"005f0db0",20,"""Gang_DrivebyRHS_Fwd"""
"005f0dd0",20,"""Gang_DrivebyRHS_Bwd"""
"005f0e10",17,"""Pass_Driveby_LHS"""
"005f0e30",17,"""Pass_Driveby_RHS"""
"005f0e50",17,"""Pass_Driveby_FWD"""
"005f0e70",17,"""Pass_Driveby_BWD"""
"005f0ea0",11,"""COP_Dvby_L"""
"005f0eb0",11,"""COP_Dvby_R"""
"005f0ec0",12,"""COP_Dvby_FT"""
"005f0ed0",11,"""COP_Dvby_B"""
"005f0ef0",17,"""Pass_Driveby_LHS"""
"005f0f10",17,"""Pass_Driveby_RHS"""
"005f0f30",17,"""Pass_Driveby_FWD"""
"005f0f50",17,"""Pass_Driveby_BWD"""
"005f0fc0",15,"""ParkSit_M_Loop"""
"005f0fd0",13,"""Lay_Bac_Loop"""
"005f0fe0",15,"""ParkSit_W_Loop"""
"005f1048",13,"""ParkSit_M_in"""
"005f1058",11,"""Lay_Bac_in"""
"005f1068",13,"""ParkSit_W_in"""
"005f1078",11,"""batherdown"""
"005f1088",14,"""SitnWait_in_W"""
"005f1098",14,"""ParkSit_M_out"""
"005f10a8",12,"""Lay_Bac_out"""
"005f10b8",14,"""ParkSit_W_out"""
"005f10c8",9,"""batherup"""
"005f10d8",15,"""SitnWait_out_W"""
"005f10f0",16,"""ParkSit_M_IdleA"""
"005f1100",16,"""ParkSit_M_IdleB"""
"005f1110",16,"""ParkSit_M_IdleC"""
"005f1120",16,"""ParkSit_W_IdleA"""
"005f1130",16,"""ParkSit_W_IdleB"""
"005f1210",15,"""prtial_gngtlkA"""
"005f1220",15,"""prtial_gngtlkB"""
"005f1230",15,"""prtial_gngtlkC"""
"005f1240",15,"""prtial_gngtlkD"""
"005f1250",15,"""prtial_gngtlkE"""
"005f1260",15,"""prtial_gngtlkF"""
"005f1270",15,"""prtial_gngtlkG"""
"005f1280",15,"""prtial_gngtlkH"""
"005f1290",12,"""dealer_deal"""
"005f12a0",10,"""drugs_buy"""
"005f12b0",9,"""hndshkaa"""
"005f12c0",9,"""Hndshkba"""
"005f12d0",9,"""Hndshkca"""
"005f12e0",9,"""Hndshkcb"""
"005f12f0",9,"""Hndshkda"""
"005f1300",9,"""Hndshkea"""
"005f1310",9,"""Hndshkfa"""
"005f1320",11,"""shake_cara"""
"005f1330",12,"""shake_carSH"""
"005f1340",11,"""shake_carK"""
"005f1350",12,"""drnkbr_prtl"""
"005f1360",12,"""smkcig_prtl"""
"005f1370",14,"""drnkbr_prtl_f"""
"005f1380",14,"""smkcig_prtl_f"""
"005f1390",9,"""leanIDLE"""
"005f13a0",11,"""Invite_yes"""
"005f13b0",10,"""Invite_no"""
"005f1528",12,"""Stepsit_in"""
"005f1538",12,"""Stepsit_out"""
"005f1548",16,"""Stepsit_loop"""
"005f1588",9,"""BED_In_L"""
"005f1598",11,"""BED_Loop_L"""
"005f15a8",10,"""BED_Out_L"""
"005f15b8",9,"""BED_In_R"""
"005f15c8",11,"""BED_Loop_R"""
"005f15d8",10,"""BED_Out_R"""
"005f15e8",9,"""LOU_Loop"""
"005f1628",11,"""OFF_Sit_In"""
"005f1640",18,"""OFF_Sit_2Idle_180"""
"005f1660",18,"""OFF_Sit_Idle_Loop"""
"005f1680",18,"""OFF_Sit_Type_Loop"""
"005f16a0",19,"""OFF_Sit_Bored_Loop"""
"005f16b8",14,"""OFF_Sit_Crash"""
"005f16c8",14,"""OFF_Sit_Drink"""
"005f16d8",13,"""OFF_Sit_Read"""
"005f16e8",14,"""OFF_Sit_Watch"""
"005f1728",12,"""shop_shelf"""
"005f1738",12,"""shop_pay"""
"005f1748",16,"""shop_cashier"""
"005f1860",11,"""riot_angry"""
"005f1870",13,"""riot_angry_b"""
"005f1880",11,"""riot_chant"""
"005f1890",13,"""riot_punches"""
"005f18a0",11,"""riot_shout"""
"005f18b0",15,"""riot_challenge"""
"005f18c0",10,"""riot_fuku"""
"005f19a8",9,"""gsign1LH"""
"005f19b8",9,"""gsign2LH"""
"005f19c8",9,"""gsign3LH"""
"005f19d8",9,"""gsign4LH"""
"005f19e8",9,"""gsign5LH"""
"005f1a18",9,"""lhgsign1"""
"005f1a28",9,"""lhgsign2"""
"005f1a38",9,"""lhgsign3"""
"005f1a48",9,"""lhgsign4"""
"005f1a58",9,"""lhgsign5"""
"005f1a88",9,"""rhgsign1"""
"005f1a98",9,"""rhgsign2"""
"005f1aa8",9,"""rhgsign3"""
"005f1ab8",9,"""rhgsign4"""
"005f1ac8",9,"""rhgsign5"""
"005f1b88",12,"""walk_player"""
"005f1b98",11,"""run_player"""
"005f1ba8",12,"""SPRINT_civi"""
"005f1bb8",12,"""IDLE_STANCE"""
"005f1bc8",10,"""roadcross"""
"005f1bd8",11,"""walk_start"""
"005f1c08",10,"""fatsprint"""
"005f1c18",13,"""fatwalkstart"""
"005f1c48",11,"""musclewalk"""
"005f1c58",10,"""musclerun"""
"005f1c68",13,"""musclesprint"""
"005f1c78",11,"""muscleidle"""
"005f1c88",11,"""muscleidle"""
"005f1ca0",16,"""musclewalkstart"""
"005f1cc8",12,"""walk_rocket"""
"005f1cd8",11,"""run_rocket"""
"005f1ce8",11,"""run_rocket"""
"005f1cf8",12,"""idle_rocket"""
"005f1d08",10,"""roadcross"""
"005f1d20",18,"""walk_start_rocket"""
"005f1d58",15,"""fatwalk_rocket"""
"005f1d68",14,"""fatrun_rocket"""
"005f1d78",14,"""fatrun_rocket"""
"005f1d88",15,"""fatidle_rocket"""
"005f1d98",15,"""fatidle_rocket"""
"005f1db0",17,"""fatwalkst_rocket"""
"005f1df0",18,"""musclewalk_rocket"""
"005f1e08",15,"""mscle_rckt_run"""
"005f1e18",15,"""mscle_rckt_run"""
"005f1e30",18,"""muscleidle_rocket"""
"005f1e50",18,"""muscleidle_rocket"""
"005f1e70",18,"""mscle_rckt_walkst"""
"005f1ea8",11,"""walk_armed"""
"005f1eb8",10,"""run_armed"""
"005f1ec8",10,"""run_armed"""
"005f1ed8",11,"""idle_armed"""
"005f1ee8",10,"""roadcross"""
"005f1f00",17,"""walk_start_armed"""
"005f1f38",14,"""fatwalk_armed"""
"005f1f48",13,"""fatrun_armed"""
"005f1f58",13,"""fatrun_armed"""
"005f1f68",14,"""fatidle_armed"""
"005f1f78",14,"""fatidle_armed"""
"005f1fc0",17,"""musclewalk_armed"""
"005f1fe0",16,"""musclerun_armed"""
"005f1ff0",16,"""musclerun_armed"""
"005f2000",17,"""muscleidle_armed"""
"005f2020",17,"""muscleidle_armed"""
"005f2040",18,"""msclewalkst_armed"""
"005f2078",12,"""walk_player"""
"005f2088",11,"""run_player"""
"005f2098",11,"""run_player"""
"005f20a8",12,"""IDLE_STANCE"""
"005f20b8",10,"""roadcross"""
"005f20c8",11,"""walk_start"""
"005f20f8",13,"""fatwalkstart"""
"005f2128",11,"""musclewalk"""
"005f2138",10,"""musclerun"""
"005f2148",10,"""musclerun"""
"005f2158",11,"""muscleidle"""
"005f2168",11,"""muscleidle"""
"005f2180",16,"""musclewalkstart"""
"005f21a8",10,"""walk_csaw"""
"005f21b8",9,"""run_csaw"""
"005f21c8",9,"""run_csaw"""
"005f21d8",10,"""IDLE_csaw"""
"005f21e8",10,"""roadcross"""
"005f2200",16,"""walk_start_csaw"""
"005f2228",13,"""fatwalk_csaw"""
"005f2238",12,"""fatrun_csaw"""
"005f2248",12,"""fatrun_csaw"""
"005f2258",13,"""fatidle_csaw"""
"005f2268",13,"""fatidle_csaw"""
"005f2280",18,"""fatwalkstart_csaw"""
"005f22c0",16,"""musclewalk_csaw"""
"005f22d0",15,"""mscle_run_csaw"""
"005f22e0",15,"""mscle_run_csaw"""
"005f22f0",16,"""muscleidle_csaw"""
"005f2300",16,"""muscleidle_csaw"""
"005f2310",17,"""msclewalkst_csaw"""
"005f2348",13,"""player_sneak"""
"005f2358",11,"""run_player"""
"005f2368",12,"""SPRINT_civi"""
"005f2378",12,"""IDLE_STANCE"""
"005f2388",10,"""roadcross"""
"005f23a0",23,"""player_sneak_walkstart"""
"005f23d8",12,"""walk_player"""
"005f23e8",11,"""run_player"""
"005f23f8",12,"""SPRINT_civi"""
"005f2408",13,"""Jetpack_Idle"""
"005f2418",10,"""roadcross"""
"005f2428",11,"""walk_start"""
"005f2458",12,"""Swim_Breast"""
"005f2468",11,"""SWIM_crawl"""
"005f2480",16,"""Swim_Dive_Under"""
"005f2490",11,"""Swim_Under"""
"005f24a0",11,"""Swim_Glide"""
"005f24b0",13,"""Swim_jumpout"""
"005f2510",12,"""crry_prtial"""
"005f2540",12,"""crry_prtial"""
"005f2580",12,"""crry_prtial"""
"005f25c8",12,"""idle_tired"""
"005f25d8",14,"""CAR_align_LHS"""
"005f25e8",14,"""CAR_align_RHS"""
"005f2600",16,"""CAR_alignHI_LHS"""
"005f2610",16,"""CAR_alignHI_RHS"""
"005f2620",13,"""CAR_open_LHS"""
"005f2630",13,"""CAR_open_RHS"""
"005f2640",13,"""CAR_open_LHS"""
"005f2650",13,"""CAR_open_RHS"""
"005f2660",14,"""CAR_getin_LHS"""
"005f2670",14,"""CAR_getin_RHS"""
"005f2680",14,"""CAR_getin_LHS"""
"005f2690",14,"""CAR_getin_RHS"""
"005f26a0",16,"""CAR_pullout_LHS"""
"005f26b0",16,"""CAR_pullout_RHS"""
"005f26c0",18,"""CAR_closedoor_LHS"""
"005f26e0",18,"""CAR_closedoor_RHS"""
"005f2700",18,"""CAR_closedoor_LHS"""
"005f2720",18,"""CAR_closedoor_RHS"""
"005f2740",16,"""CAR_shuffle_RHS"""
"005f2750",16,"""CAR_shuffle_RHS"""
"005f2760",15,"""CAR_getout_LHS"""
"005f2770",15,"""CAR_getout_RHS"""
"005f2780",15,"""CAR_getout_LHS"""
"005f2790",15,"""CAR_getout_RHS"""
"005f27a0",14,"""CAR_jackedLHS"""
"005f27b0",14,"""CAR_jackedRHS"""
"005f27c0",14,"""CAR_close_LHS"""
"005f27d0",14,"""CAR_close_RHS"""
"005f27e0",14,"""CAR_close_LHS"""
"005f27f0",14,"""CAR_close_RHS"""
"005f2800",16,"""CAR_rollout_LHS"""
"005f2810",16,"""CAR_rollout_RHS"""
"005f2820",13,"""CAR_rolldoor"""
"005f2830",16,"""CAR_fallout_LHS"""
"005f2840",16,"""CAR_fallout_RHS"""
"005f2850",19,"""CAR_doorlocked_LHS"""
"005f2870",19,"""CAR_doorlocked_RHS"""
"005f2930",14,"""CAR_align_LHS"""
"005f2940",14,"""CAR_align_RHS"""
"005f2950",16,"""CAR_alignHI_LHS"""
"005f2960",16,"""CAR_alignHI_RHS"""
"005f2970",13,"""CAR_open_LHS"""
"005f2980",13,"""CAR_open_RHS"""
"005f2990",13,"""CAR_open_LHS"""
"005f29a0",13,"""CAR_open_RHS"""
"005f29b0",15,"""CAR_getinL_LHS"""
"005f29c0",15,"""CAR_getinL_RHS"""
"005f29d0",15,"""CAR_getinL_LHS"""
"005f29e0",15,"""CAR_getinL_RHS"""
"005f29f0",17,"""CAR_pulloutL_LHS"""
"005f2a10",17,"""CAR_pulloutL_RHS"""
"005f2a30",19,"""CAR_closedoorL_LHS"""
"005f2a50",19,"""CAR_closedoorL_RHS"""
"005f2a70",19,"""CAR_closedoorL_LHS"""
"005f2a90",19,"""CAR_closedoorL_RHS"""
"005f2ab0",17,"""CAR_Lshuffle_RHS"""
"005f2ad0",17,"""CAR_Lshuffle_RHS"""
"005f2af0",16,"""CAR_getoutL_LHS"""
"005f2b00",16,"""CAR_getoutL_RHS"""
"005f2b10",16,"""CAR_getoutL_LHS"""
"005f2b20",16,"""CAR_getoutL_RHS"""
"005f2b30",15,"""CAR_LjackedLHS"""
"005f2b40",15,"""CAR_LjackedRHS"""
"005f2b50",14,"""CAR_close_LHS"""
"005f2b60",14,"""CAR_close_RHS"""
"005f2b70",14,"""CAR_close_LHS"""
"005f2b80",14,"""CAR_close_RHS"""
"005f2b90",16,"""CAR_rollout_LHS"""
"005f2ba0",16,"""CAR_rollout_RHS"""
"005f2bb0",15,"""CAR_rolldoorLO"""
"005f2bc0",16,"""CAR_fallout_LHS"""
"005f2bd0",16,"""CAR_fallout_RHS"""
"005f2be0",19,"""CAR_doorlocked_LHS"""
"005f2c00",19,"""CAR_doorlocked_RHS"""
"005f2cc0",16,"""TRUCK_ALIGN_LHS"""
"005f2cd0",16,"""TRUCK_ALIGN_RHS"""
"005f2ce0",16,"""TRUCK_ALIGN_LHS"""
"005f2cf0",16,"""TRUCK_ALIGN_LHS"""
"005f2d00",15,"""TRUCK_open_LHS"""
"005f2d10",15,"""TRUCK_open_RHS"""
"005f2d20",15,"""TRUCK_open_LHS"""
"005f2d30",15,"""TRUCK_open_RHS"""
"005f2d40",16,"""TRUCK_getin_LHS"""
"005f2d50",16,"""TRUCK_getin_RHS"""
"005f2d60",16,"""TRUCK_getin_LHS"""
"005f2d70",16,"""TRUCK_getin_RHS"""
"005f2d80",18,"""TRUCK_pullout_LHS"""
"005f2da0",18,"""TRUCK_pullout_RHS"""
"005f2dc0",20,"""TRUCK_closedoor_LHS"""
"005f2de0",20,"""TRUCK_closedoor_RHS"""
"005f2e00",20,"""TRUCK_closedoor_LHS"""
"005f2e20",20,"""TRUCK_closedoor_RHS"""
"005f2e38",14,"""TRUCK_Shuffle"""
"005f2e48",14,"""TRUCK_Shuffle"""
"005f2e60",17,"""TRUCK_getout_LHS"""
"005f2e80",17,"""TRUCK_getout_RHS"""
"005f2ea0",17,"""TRUCK_getout_LHS"""
"005f2ec0",17,"""TRUCK_getout_RHS"""
"005f2ee0",16,"""TRUCK_jackedLHS"""
"005f2ef0",16,"""TRUCK_jackedRHS"""
"005f2f00",16,"""TRUCK_close_LHS"""
"005f2f10",16,"""TRUCK_close_RHS"""
"005f2f20",16,"""TRUCK_close_LHS"""
"005f2fe0",13,"""BIKE_pickupR"""
"005f2ff0",13,"""BIKE_pickupL"""
"005f3000",13,"""BIKE_pullupR"""
"005f3010",13,"""BIKE_pullupL"""
"005f3020",12,"""BIKE_elbowL"""
"005f3030",12,"""BIKE_elbowR"""
"005f3040",12,"""BIKE_elbowL"""
"005f3050",14,"""BIKE_fall_off"""
"005f3060",14,"""BIKE_fall_off"""
"005f3110",14,"""BIKEs_jumponR"""
"005f3120",14,"""BIKEs_jumponL"""
"005f3130",14,"""BIKEs_jumponR"""
"005f3140",14,"""BIKEs_jumponL"""
"005f3150",11,"""BIKEs_kick"""
"005f3160",16,"""BIKEs_getoffRHS"""
"005f3170",16,"""BIKEs_getoffLHS"""
"005f3180",16,"""BIKEs_getoffRHS"""
"005f3190",16,"""BIKEs_getoffLHS"""
"005f31a0",17,"""BIKEs_getoffBACK"""
"005f31c0",17,"""BIKEs_getoffBACK"""
"005f31e0",17,"""BIKEs_getoffBACK"""
"005f32a0",14,"""BIKEv_jumponR"""
"005f32b0",14,"""BIKEv_jumponL"""
"005f32c0",14,"""BIKEv_jumponR"""
"005f32d0",14,"""BIKEv_jumponL"""
"005f32e0",11,"""BIKEv_kick"""
"005f32f0",16,"""BIKEv_getoffRHS"""
"005f3300",16,"""BIKEv_getoffLHS"""
"005f3310",16,"""BIKEv_getoffRHS"""
"005f3320",16,"""BIKEv_getoffLHS"""
"005f3330",17,"""BIKEv_getoffBACK"""
"005f3350",17,"""BIKEv_getoffBACK"""
"005f3370",17,"""BIKEv_getoffBACK"""
"005f3430",14,"""Bikeh_jumponL"""
"005f3440",14,"""Bikeh_jumponR"""
"005f3450",14,"""Bikeh_jumponL"""
"005f3460",14,"""Bikeh_jumponR"""
"005f3470",11,"""Bikeh_kick"""
"005f3480",16,"""Bikeh_getoffRHS"""
"005f3490",16,"""Bikeh_getoffLHS"""
"005f34a0",16,"""Bikeh_getoffRHS"""
"005f34b0",16,"""Bikeh_getoffLHS"""
"005f34c0",17,"""Bikeh_getoffBACK"""
"005f34e0",17,"""Bikeh_getoffBACK"""
"005f3500",17,"""Bikeh_getoffBACK"""
"005f35c0",14,"""Biked_jumponR"""
"005f35d0",14,"""Biked_jumponL"""
"005f35e0",14,"""Biked_jumponR"""
"005f35f0",14,"""Biked_jumponL"""
"005f3600",11,"""Biked_kick"""
"005f3610",16,"""Biked_getoffRHS"""
"005f3620",16,"""Biked_getoffLHS"""
"005f3630",16,"""Biked_getoffRHS"""
"005f3640",16,"""Biked_getoffLHS"""
"005f3650",17,"""Biked_getoffBACK"""
"005f3670",17,"""Biked_getoffBACK"""
"005f3690",17,"""Biked_getoffBACK"""
"005f3750",11,"""wf_jumponL"""
"005f3760",11,"""wf_jumponR"""
"005f3770",11,"""wf_jumponL"""
"005f3780",11,"""wf_jumponR"""
"005f3790",13,"""wf_getoffLHS"""
"005f37a0",13,"""wf_getoffRHS"""
"005f37b0",13,"""wf_getoffLHS"""
"005f37c0",13,"""wf_getoffRHS"""
"005f37d0",14,"""wf_getoffBACK"""
"005f37e0",14,"""wf_getoffBACK"""
"005f37f0",14,"""wf_getoffBACK"""
"005f38a0",12,"""bmx_jumponL"""
"005f38b0",12,"""bmx_jumponR"""
"005f38c0",12,"""bmx_jumponL"""
"005f38d0",12,"""bmx_jumponR"""
"005f38e0",14,"""bmx_getoffLHS"""
"005f38f0",14,"""bmx_getoffRHS"""
"005f3900",14,"""bmx_getoffLHS"""
"005f3910",14,"""bmx_getoffRHS"""
"005f3920",15,"""bmx_getoffBACK"""
"005f3930",15,"""bmx_getoffBACK"""
"005f3940",15,"""bmx_getoffBACK"""
"005f39f0",12,"""mtb_jumponL"""
"005f3a00",12,"""mtb_jumponR"""
"005f3a10",12,"""mtb_jumponL"""
"005f3a20",12,"""mtb_jumponR"""
"005f3a30",14,"""mtb_getoffLHS"""
"005f3a40",14,"""mtb_getoffRHS"""
"005f3a50",14,"""mtb_getoffLHS"""
"005f3a60",14,"""mtb_getoffRHS"""
"005f3a70",15,"""mtb_getoffBACK"""
"005f3a80",15,"""mtb_getoffBACK"""
"005f3a90",15,"""mtb_getoffBACK"""
"005f3b40",15,"""choppa_jumponL"""
"005f3b50",15,"""choppa_jumponR"""
"005f3b60",15,"""choppa_jumponL"""
"005f3b70",15,"""choppa_jumponR"""
"005f3b80",17,"""choppa_getoffLHS"""
"005f3ba0",17,"""choppa_getoffRHS"""
"005f3bc0",17,"""choppa_getoffLHS"""
"005f3be0",17,"""choppa_getoffRHS"""
"005f3c00",18,"""choppa_getoffBACK"""
"005f3c20",18,"""choppa_getoffBACK"""
"005f3c40",18,"""choppa_getoffBACK"""
"005f3d00",15,"""quad_geton_LHS"""
"005f3d10",15,"""quad_geton_RHS"""
"005f3d20",15,"""quad_geton_LHS"""
"005f3d30",15,"""quad_geton_RHS"""
"005f3d40",10,"""quad_kick"""
"005f3d50",16,"""quad_getoff_LHS"""
"005f3d60",16,"""quad_getoff_RHS"""
"005f3d70",16,"""quad_getoff_LHS"""
"005f3d80",16,"""quad_getoff_RHS"""
"005f3d90",14,"""quad_getoff_B"""
"005f3da0",14,"""quad_getoff_B"""
"005f3db0",14,"""quad_getoff_B"""
"005f3e60",18,"""VAN_open_back_LHS"""
"005f3e80",18,"""VAN_open_back_RHS"""
"005f3ea0",19,"""VAN_getin_back_LHS"""
"005f3ec0",19,"""VAN_getin_back_RHS"""
"005f3ee0",19,"""VAN_close_back_LHS"""
"005f3f00",19,"""VAN_close_back_RHS"""
"005f3f20",20,"""VAN_getout_back_LHS"""
"005f3f40",20,"""VAN_getout_back_RHS"""
"005f4000",16,"""Plane_align_LHS"""
"005f4010",11,"""Plane_open"""
"005f4020",12,"""Plane_getin"""
"005f4030",12,"""Plane_close"""
"005f4040",13,"""Plane_getout"""
"005f4050",12,"""Plane_close"""
"005f4100",11,"""COACH_opnL"""
"005f4110",11,"""COACH_opnR"""
"005f4120",11,"""COACH_opnL"""
"005f4130",11,"""COACH_opnR"""
"005f4140",10,"""COACH_inL"""
"005f4150",10,"""COACH_inR"""
"005f4160",10,"""COACH_inL"""
"005f4170",10,"""COACH_inR"""
"005f4180",11,"""COACH_outL"""
"005f4190",11,"""COACH_outR"""
"005f41a0",11,"""COACH_outL"""
"005f41b0",11,"""COACH_outR"""
"005f4260",9,"""BUS_open"""
"005f4270",13,"""BUS_open_RHS"""
"005f4280",9,"""BUS_open"""
"005f4290",14,"""BUS_getin_LHS"""
"005f42a0",14,"""BUS_getin_RHS"""
"005f42b0",14,"""BUS_getin_LHS"""
"005f42c0",16,"""BUS_pullout_LHS"""
"005f42d0",16,"""BUS_pullout_LHS"""
"005f42e0",10,"""BUS_close"""
"005f42f0",10,"""BUS_close"""
"005f4300",15,"""BUS_getout_LHS"""
"005f4310",15,"""BUS_getout_RHS"""
"005f4320",15,"""BUS_getout_LHS"""
"005f4330",15,"""BUS_jacked_LHS"""
"005f4340",15,"""BUS_jacked_LHS"""
"005f4350",10,"""BUS_close"""
"005f4360",10,"""BUS_close"""
"005f4410",16,"""DOZER_align_LHS"""
"005f4420",16,"""DOZER_align_RHS"""
"005f4430",16,"""DOZER_align_LHS"""
"005f4440",16,"""DOZER_align_LHS"""
"005f4450",16,"""DOZER_getin_LHS"""
"005f4460",16,"""DOZER_getin_RHS"""
"005f4470",16,"""DOZER_getin_LHS"""
"005f4480",16,"""DOZER_getin_RHS"""
"005f4490",18,"""DOZER_pullout_LHS"""
"005f44b0",18,"""DOZER_pullout_RHS"""
"005f44d0",17,"""DOZER_getout_LHS"""
"005f44f0",17,"""DOZER_getout_RHS"""
"005f4510",17,"""DOZER_getout_LHS"""
"005f4530",17,"""DOZER_getout_RHS"""
"005f4550",17,"""DOZER_Jacked_LHS"""
"005f4570",17,"""DOZER_Jacked_RHS"""
"005f4630",15,"""KART_getin_LHS"""
"005f4640",15,"""KART_getin_RHS"""
"005f4650",16,"""KART_getout_LHS"""
"005f4710",14,"""CAR_align_LHS"""
"005f4720",14,"""CAR_align_RHS"""
"005f4730",16,"""CAR_alignHI_LHS"""
"005f4740",16,"""CAR_alignHI_RHS"""
"005f4750",13,"""CAR_open_LHS"""
"005f4760",13,"""CAR_open_RHS"""
"005f4770",13,"""CAR_open_LHS"""
"005f4780",13,"""CAR_open_RHS"""
"005f4790",15,"""CAR_jumpin_LHS"""
"005f47a0",14,"""CAR_getin_RHS"""
"005f47b0",15,"""CAR_jumpin_LHS"""
"005f47c0",14,"""CAR_getin_RHS"""
"005f47d0",16,"""CAR_pullout_LHS"""
"005f47e0",16,"""CAR_pullout_RHS"""
"005f47f0",18,"""CAR_closedoor_LHS"""
"005f4810",18,"""CAR_closedoor_RHS"""
"005f4830",18,"""CAR_closedoor_LHS"""
"005f4850",18,"""CAR_closedoor_RHS"""
"005f4870",16,"""CAR_shuffle_RHS"""
"005f4880",16,"""CAR_shuffle_RHS"""
"005f4890",15,"""CAR_getout_LHS"""
"005f48a0",15,"""CAR_getout_RHS"""
"005f48b0",15,"""CAR_getout_LHS"""
"005f48c0",15,"""CAR_getout_RHS"""
"005f48d0",14,"""CAR_jackedLHS"""
"005f48e0",14,"""CAR_jackedRHS"""
"005f48f0",14,"""CAR_close_LHS"""
"005f4900",14,"""CAR_close_RHS"""
"005f4910",14,"""CAR_close_LHS"""
"005f4920",14,"""CAR_close_RHS"""
"005f4930",16,"""CAR_rollout_LHS"""
"005f4940",16,"""CAR_rollout_RHS"""
"005f4950",13,"""CAR_rolldoor"""
"005f4960",16,"""CAR_fallout_LHS"""
"005f4970",16,"""CAR_fallout_RHS"""
"005f4980",19,"""CAR_doorlocked_LHS"""
"005f49a0",19,"""CAR_doorlocked_RHS"""
"005f4a60",15,"""CAR_jumpin_LHS"""
"005f4a70",15,"""CAR_jumpin_RHS"""
"005f4a80",18,"""vortex_getout_LHS"""
"005f4aa0",18,"""vortex_getout_RHS"""
"005f4b60",15,"""TANK_align_LHS"""
"005f4b70",14,"""TANK_open_LHS"""
"005f4b80",15,"""TANK_getin_LHS"""
"005f4b90",15,"""TANK_close_LHS"""
"005f4ba0",16,"""TANK_getout_LHS"""
"005f4c60",13,"""BF_getin_LHS"""
"005f4c70",13,"""BF_getin_RHS"""
"005f4c80",14,"""BF_getout_LHS"""
"005f4c90",14,"""BF_getout_RHS"""
"005f4d40",13,"""SHAMAL_align"""
"005f4d50",12,"""SHAMAL_open"""
"005f4d60",17,"""SHAMAL_getin_LHS"""
"005f4d80",18,"""SHAMAL_getout_LHS"""
"005f4e40",11,"""Plane_open"""
"005f4e50",12,"""Plane_getin"""
"005f4e60",12,"""Plane_close"""
"005f4e70",13,"""Plane_getout"""
"005f4e80",12,"""Plane_close"""
"005f4f30",13,"""NEVADA_getin"""
"005f4f40",14,"""NEVADA_getout"""
"005f5630",8,"""default"""
"005f5690",8,"""bikes"""
"005f56a0",8,"""bikes"""
"005f5720",8,"""biked"""
"005f5730",8,"""biked"""
"005f5750",12,"""wayfarer"""
"005f5760",12,"""wayfarer"""
"005f57e0",8,"""choppa"""
"005f57f0",8,"""choppa"""
"005f5840",8,"""python"""
"005f5850",8,"""python"""
"005f5870",12,"""pythonbad"""
"005f5880",8,"""python"""
"005f58d0",12,"""colt_cop"""
"005f5930",8,"""sawnoff"""
"005f5960",12,"""sawnoffpro"""
"005f5990",12,"""silenced"""
"005f59a0",12,"""silenced"""
"005f59f0",12,"""shotgunbad"""
"005f5a50",12,"""buddybad"""
"005f5ae0",8,"""rifle"""
"005f5af0",8,"""rifle"""
"005f5b10",12,"""riflebad"""
"005f5b20",8,"""rifle"""
"005f5b40",8,"""sniper"""
"005f5b50",8,"""rifle"""
"005f5b70",8,"""grenade"""
"005f5b80",8,"""grenade"""
"005f5ba0",8,"""flame"""
"005f5bb0",8,"""flame"""
"005f5bd0",8,"""rocket"""
"005f5be0",8,"""rocket"""
"005f5c00",12,"""spraycan"""
"005f5c10",12,"""spraycan"""
"005f5c30",8,"""goggles"""
"005f5c40",8,"""goggles"""
"005f5c60",8,"""melee_1"""
"005f5c90",8,"""melee_2"""
"005f5ca0",8,"""fight_b"""
"005f5cc0",8,"""melee_3"""
"005f5cd0",8,"""fight_c"""
"005f5d00",8,"""fight_d"""
"005f5d30",12,"""baseball"""
"005f5d60",12,"""baseball"""
"005f5db0",8,"""sword_1"""
"005f5dc0",8,"""sword"""
"005f5e10",12,"""flowers_1"""
"005f5e20",8,"""flowers"""
"005f5e50",12,"""chainsaw"""
"005f5e70",12,"""kick_std"""
"005f5ed0",8,"""medic"""
"005f5ee0",8,"""medic"""
"005f5f00",8,"""beach"""
"005f5f10",8,"""beach"""
"005f5f30",12,"""sunbathe"""
"005f5f40",12,"""sunbathe"""
"005f5f60",12,"""playidles"""
"005f5f70",12,"""playidles"""
"005f5fc0",8,"""strip"""
"005f5fd0",8,"""strip"""
"005f5ff0",8,"""gangs"""
"005f6000",8,"""gangs"""
"005f6020",12,"""attractors"""
"005f6030",12,"""attractors"""
"005f6050",8,"""player"""
"005f60b0",12,"""muscular"""
"005f60c0",12,"""muscular"""
"005f60e0",16,"""playerrocket"""
"005f6110",16,"""playerrocketf"""
"005f6140",16,"""playerrocketm"""
"005f6150",12,"""muscular"""
"005f6170",16,"""player2armed"""
"005f61a0",16,"""player2armedf"""
"005f61d0",16,"""player2armedm"""
"005f61e0",12,"""muscular"""
"005f6200",12,"""playerBBBat"""
"005f6230",16,"""playerBBBatf"""
"005f6260",16,"""playerBBBatm"""
"005f6270",12,"""muscular"""
"005f6290",12,"""playercsaw"""
"005f62c0",12,"""playercsawf"""
"005f62f0",12,"""playercsawm"""
"005f6300",12,"""muscular"""
"005f6320",12,"""playersneak"""
"005f6350",16,"""playerjetpack"""
"005f63b0",12,"""drivebys"""
"005f63c0",12,"""drivebys"""
"005f6470",12,"""fat_tired"""
"005f64a0",12,"""handsignal"""
"005f64b0",8,"""ghands"""
"005f64d0",12,"""handsignalL"""
"005f64e0",8,"""ghands"""
"005f6500",8,"""lhand"""
"005f6510",8,"""ghands"""
"005f6530",8,"""rhand"""
"005f6540",8,"""ghands"""
"005f6560",8,"""carry"""
"005f6570",8,"""carry"""
"005f65a0",8,"""carry"""
"005f65d0",8,"""carry"""
"005f65f0",12,"""int_house"""
"005f6600",12,"""int_house"""
"005f6620",12,"""int_office"""
"005f6630",12,"""int_office"""
"005f6650",12,"""int_shop"""
"005f6660",12,"""int_shop"""
"005f6680",12,"""stealth_kn"""
"005f66b0",12,"""stdcaramims"""
"005f66e0",12,"""lowcaramims"""
"005f6710",12,"""trkcaranims"""
"005f6720",8,"""truck"""
"005f6740",16,"""stdbikeanims"""
"005f6770",16,"""sportbikeanims"""
"005f6780",8,"""bikes"""
"005f67a0",16,"""vespabikeanims"""
"005f67d0",16,"""harleybikeanims"""
"005f6800",16,"""dirtbikeanims"""
"005f6810",8,"""biked"""
"005f6830",16,"""wayfbikeanims"""
"005f6840",12,"""wayfarer"""
"005f6860",16,"""bmxbikeanims"""
"005f6890",16,"""mtbbikeanims"""
"005f68c0",16,"""choppabikeanims"""
"005f68d0",8,"""choppa"""
"005f68f0",16,"""quadbikeanims"""
"005f6920",12,"""vancaranims"""
"005f6950",16,"""rustplaneanims"""
"005f6960",8,"""rustler"""
"005f6980",16,"""coachcaranims"""
"005f6990",8,"""coach"""
"005f69b0",12,"""buscaranims"""
"005f69e0",16,"""dozercaranims"""
"005f69f0",8,"""dozer"""
"005f6a10",16,"""kartcaranims"""
"005f6a40",16,"""convcaranims"""
"005f6a70",16,"""mtrkcaranims"""
"005f6a80",8,"""truck"""
"005f6aa0",16,"""traincarranims"""
"005f6ab0",8,"""coach"""
"005f6ad0",16,"""stdtallcaramims"""
"005f6b00",16,"""hovercaranims"""
"005f6b10",8,"""vortex"""
"005f6b30",16,"""tankcaranims"""
"005f6b60",16,"""bfinjcaramims"""
"005f6b70",16,"""BF_injection"""
"005f6b90",16,"""learplaneanims"""
"005f6ba0",8,"""shamal"""
"005f6bc0",16,"""harrplaneanims"""
"005f6bd0",8,"""rustler"""
"005f6bf0",16,"""stdcarupright"""
"005f6c20",16,"""nvadaplaneanims"""
"005f7160",20,"""Bip01 R Clavicle"""
"005f7178",12,"""R UpperArm"""
"005f7188",12,"""R Forearm"""
"005f7198",12,"""R Fingers"""
"005f71a8",12,"""R Finger01"""
"005f71c0",20,"""Bip01 L Clavicle"""
"005f71d8",12,"""L UpperArm"""
"005f71e8",12,"""L Forearm"""
"005f71f8",12,"""L Fingers"""
"005f7208",12,"""L Finger01"""
"005f7218",12,"""L Breast"""
"005f7228",12,"""R Breast"""
"005f7240",24,"""ASSERT File:%s Line:%d\n"""
"005f7258",16,"""MemoryHeap.cpp"""
"005f7270",24,"""ASSERT File:%s Line:%d\n"""
"005f7288",16,"""MemoryHeap.cpp"""
"005f72a0",32,"""ASSERT File:%s Line:%d:\n\t%s\n"""
"005f72c0",16,"""MemoryHeap.cpp"""
"005f72d0",24,"""Block outside of memory"""
"005f72f0",24,"""ASSERT File:%s Line:%d\n"""
"005f7308",16,"""MemoryHeap.cpp"""
"005f7320",29,"""ASSERT File:%s Line:%d:\n\t%s\n"""
"005f7340",15,"""MemoryHeap.cpp"""
"005f7350",19,"""MemoryHeap corrupt"""
"005f7370",32,"""ASSERT File:%s Line:%d:\n\t%s\n"""
"005f7390",16,"""MemoryHeap.cpp"""
"005f73a0",24,"""Block outside of memory"""
"005f73c0",32,"""ASSERT File:%s Line:%d:\n\t%s\n"""
"005f73e0",16,"""MemoryHeap.cpp"""
"005f73f0",24,"""Block outside of memory"""
"005f7410",32,"""ASSERT File:%s Line:%d:\n\t%s\n"""
"005f7430",16,"""MemoryHeap.cpp"""
"005f7440",20,"""MemoryHeap corrupt"""
"005f7460",24,"""ASSERT File:%s Line:%d\n"""
"005f7478",16,"""MemoryHeap.cpp"""
"005f7490",24,"""ASSERT File:%s Line:%d\n"""
"005f74a8",16,"""MemoryHeap.cpp"""
"005f74c0",24,"""ASSERT File:%s Line:%d\n"""
"005f74d8",16,"""MemoryHeap.cpp"""
"005f74f0",24,"""ASSERT File:%s Line:%d\n"""
"005f7508",16,"""MemoryHeap.cpp"""
"005f7520",24,"""ASSERT File:%s Line:%d\n"""
"005f7538",16,"""MemoryHeap.cpp"""
"005f7550",32,"""ASSERT File:%s Line:%d:\n\t%s\n"""
"005f7570",16,"""MemoryHeap.cpp"""
"005f7580",20,"""MemoryHeap corrupt"""
"005f75a0",32,"""ASSERT File:%s Line:%d:\n\t%s\n"""
"005f75c0",16,"""MemoryHeap.cpp"""
"005f75d0",24,"""Memory isn't aligned"""
"005f75f0",32,"""ASSERT File:%s Line:%d:\n\t%s\n"""
"005f7610",16,"""MemoryHeap.cpp"""
"005f7620",40,"""Aligned memory is outside memory block"""
"005f7650",32,"""ASSERT File:%s Line:%d:\n\t%s\n"""
"005f7670",16,"""MemoryHeap.cpp"""
"005f7680",20,"""MemoryHeap corrupt"""
"005f76bf",49,"""?skyfs.c : Ran out of space in cd info array\n"""
"005f76f0",24,"""Cannot find %s on CD\n"""
"005f7738",9,"""particle"""
"005f7748",9,"""shad_car"""
"005f7758",9,"""shad_ped"""
"005f7768",10,"""shad_heli"""
"005f7778",10,"""shad_bike"""
"005f7788",13,"""shad_rcbaron"""
"005f7798",9,"""shad_exp"""
"005f77a8",10,"""headlight"""
"005f77b8",11,"""headlight1"""
"005f77c8",13,"""bloodpool_64"""
"005f77d8",12,"""wincrack_32"""
"005f77e8",13,"""lamp_shad_64"""
"005f7810",16,"""explosion_small"""
"005f7820",16,"""explosion_small"""
"005f7830",20,"""explosion_molotov"""
"005f7850",20,"""explosion_molotov"""
"005f7870",16,"""explosion_small"""
"005f7880",16,"""explosion_small"""
"005f7890",20,"""explosion_medium"""
"005f78b0",16,"""explosion_large"""
"005f78c0",16,"""explosion_large"""
"005f78d0",16,"""explosion_large"""
"005f78e0",16,"""explosion_large"""
"005f78f0",16,"""explosion_small"""
"005f7900",16,"""explosion_small"""
"005f7910",16,"""explosion_tiny"""
"005f7920",16,"""explosion_tiny"""
"005f7930",20,"""explosion_fuel_car"""
"005f7948",12,"""teargasAD"""
"005f7958",12,"""camflash"""
"005f7968",13,"""flamethrower"""
"005f7978",9,"""spraycan"""
"005f7988",13,"""extinguisher"""
"005f7998",9,"""particle"""
"005f79a8",10,"""target256"""
"005f79b8",11,"""target256m"""
"005f79c8",11,"""lockonFire"""
"005f79d8",12,"""lockonFireA"""
"005f79e8",13,"""BRASSKNUCKLE"""
"005f79f8",9,"""GOLFCLUB"""
"005f7a08",11,"""NIGHTSTICK"""
"005f7a18",12,"""BASEBALLBAT"""
"005f7a28",9,"""CHAINSAW"""
"005f7a38",10,"""ROCKET_HS"""
"005f7a48",14,"""FREEFALL_BOMB"""
"005f7a60",16,"""PISTOL_SILENCED"""
"005f7a70",13,"""DESERT_EAGLE"""
"005f7a80",10,"""MICRO_UZI"""
"005f7a90",13,"""COUNTRYRIFLE"""
"005f7aa0",12,"""SNIPERRIFLE"""
"005f7ab0",10,"""RLAUNCHER"""
"005f7ac0",13,"""RLAUNCHER_HS"""
"005f7ad0",9,"""FTHROWER"""
"005f7ae0",15,"""SATCHEL_CHARGE"""
"005f7af0",10,"""DETONATOR"""
"005f7b00",9,"""SPRAYCAN"""
"005f7b10",13,"""EXTINGUISHER"""
"005f7b20",12,"""NIGHTVISION"""
"005f7b30",9,"""INFRARED"""
"005f7b40",10,"""PARACHUTE"""
"005f7c2f",13,"""?fire_car"""
"005f7c40",12,"""fire_large"""
"005f7c80",12,"""heli_dust"""
"005f7c90",12,"""boat_prop"""
"005f7ca0",12,"""fire_car"""
"005f7d90",12,"""LANDSTAL"""
"005f7d9e",10,"""BRAVURA"""
"005f7dac",8,"""BUFFALO"""
"005f7dba",10,"""LINERUN"""
"005f7dc8",8,"""PEREN"""
"005f7dd6",10,"""SENTINEL"""
"005f7de4",8,"""DUMPER"""
"005f7df2",10,"""FIRETRUK"""
"005f7e00",8,"""TRASH"""
"005f7e0e",10,"""STRETCH"""
"005f7e1c",8,"""MANANA"""
"005f7e2a",10,"""INFERNUS"""
"005f7e62",10,"""CHEETAH"""
"005f7e70",8,"""AMBULAN"""
"005f7e7e",10,"""MOONBEAM"""
"005f7e8c",12,"""ESPERANT"""
"005f7ea8",8,"""WASHING"""
"005f7ed2",10,"""BFINJECT"""
"005f7ee0",8,"""PREMIER"""
"005f7eee",10,"""ENFORCER"""
"005f7efc",12,"""SECURICA"""
"005f7f0a",10,"""BANSHEE"""
"005f7f26",6,"""RHINO"""
"005f7f34",12,"""BARRACKS"""
"005f7f42",10,"""HOTKNIFE"""
"005f7f50",8,"""ARTICT1"""
"005f7f5e",10,"""PREVION"""
"005f7f6c",8,"""COACH"""
"005f7f7a",10,"""CABBIE"""
"005f7f88",12,"""STALLION"""
"005f7fa4",12,"""RCBANDIT"""
"005f7fb2",10,"""ROMERO"""
"005f7fc0",8,"""PACKER"""
"005f7fce",10,"""MONSTER"""
"005f7fdc",8,"""ADMIRAL"""
"005f7ff8",12,"""AIRTRAIN"""
"005f8006",10,"""ARTICT2"""
"005f8014",8,"""TURISMO"""
"005f8022",10,"""FLATBED"""
"005f8030",8,"""YANKEE"""
"005f803e",10,"""GOLFCART"""
"005f804c",8,"""SOLAIR"""
"005f8068",12,"""GLENDALE"""
"005f8076",10,"""OCEANIC"""
"005f8084",8,"""PATRIOT"""
"005f8092",10,"""HERMES"""
"005f80a0",8,"""SABRE"""
"005f80bc",8,"""WALTON"""
"005f80ca",10,"""REGINA"""
"005f80d8",8,"""COMET"""
"005f80e6",10,"""BURRITO"""
"005f80f4",8,"""CAMPER"""
"005f8102",10,"""BAGGAGE"""
"005f8110",8,"""DOZER"""
"005f811e",10,"""RANCHER"""
"005f812c",12,"""FBIRANCH"""
"005f8148",12,"""GREENWOO"""
"005f8156",10,"""HOTRING"""
"005f8164",12,"""SANDKING"""
"005f8172",10,"""BLISTAC"""
"005f8180",12,"""BOXVILLE"""
"005f818e",10,"""BENSON"""
"005f81aa",10,"""BLOODRA"""
"005f81c6",10,"""SUPERGT"""
"005f81d4",8,"""ELEGANT"""
"005f81e2",10,"""JOURNEY"""
"005f81f0",8,"""PETROL"""
"005f81fe",10,"""RDTRAIN"""
"005f820c",8,"""NEBULA"""
"005f821a",10,"""MAJESTIC"""
"005f8228",12,"""BUCCANEE"""
"005f8236",10,"""CEMENT"""
"005f8244",12,"""TOWTRUCK"""
"005f8252",10,"""FORTUNE"""
"005f8260",8,"""CADRONA"""
"005f826e",10,"""FBITRUCK"""
"005f827c",8,"""WILLARD"""
"005f828a",10,"""FORKLIFT"""
"005f8298",8,"""TRACTOR"""
"005f82a6",10,"""COMBINE"""
"005f82b4",8,"""FELTZER"""
"005f82c2",10,"""REMINGTN"""
"005f82de",6,"""BLADE"""
"005f82ec",8,"""FREIGHT"""
"005f82fa",10,"""STREAK"""
"005f8308",8,"""VINCENT"""
"005f8316",10,"""BULLET"""
"005f8324",8,"""CLOVER"""
"005f8332",10,"""SADLER"""
"005f8340",8,"""RANGER"""
"005f834e",10,"""HUSTLER"""
"005f835c",12,"""INTRUDER"""
"005f836a",6,"""PRIMO"""
"005f8378",8,"""TAMPA"""
"005f8386",10,"""SUNRISE"""
"005f8394",8,"""MERIT"""
"005f83a2",10,"""UTILITY"""
"005f83b0",12,"""YOSEMITE"""
"005f83be",10,"""WINDSOR"""
"005f83cc",12,"""MTRUCK_A"""
"005f83da",10,"""MTRUCK_B"""
"005f83e8",8,"""URANUS"""
"005f83f6",10,"""JESTER"""
"005f8404",8,"""SULTAN"""
"005f8412",10,"""STRATUM"""
"005f842e",10,"""RCTIGER"""
"005f843c",8,"""FLASH"""
"005f844a",10,"""TAHOMA"""
"005f8458",8,"""SAVANNA"""
"005f8466",10,"""BANDITO"""
"005f8474",12,"""FREIFLAT"""
"005f8482",10,"""CSTREAK"""
"005f849e",6,"""MOWER"""
"005f84ba",10,"""SWEEPER"""
"005f84c8",12,"""BROADWAY"""
"005f84d6",10,"""TORNADO"""
"005f84f2",10,"""HUNTLEY"""
"005f8500",12,"""STAFFORD"""
"005f852a",10,"""PETROTR"""
"005f8538",8,"""EMPEROR"""
"005f8546",6,"""FLOAT"""
"005f8554",8,"""EUROS"""
"005f857e",10,"""ARTICT3"""
"005f859a",10,"""POLICE_LA"""
"005f85a8",12,"""POLICE_SF"""
"005f85b6",10,"""POLICE_VG"""
"005f85c4",12,"""POLRANGER"""
"005f85d2",10,"""PICADOR"""
"005f85e0",8,"""SWATVAN"""
"005f85ee",6,"""ALPHA"""
"005f85fc",8,"""PHOENIX"""
"005f8626",10,"""STAIRS"""
"005f8642",10,"""FARM_TR1"""
"005f865e",10,"""ROLLER"""
"005f867a",6,"""MOPED"""
"005f8688",12,"""DIRTBIKE"""
"005f86ce",10,"""WAYFARER"""
"005f86dc",12,"""QUADBIKE"""
"005f86f8",12,"""CHOPPERB"""
"005f8714",8,"""FREEWAY"""
"005f8722",10,"""PREDATOR"""
"005f8730",8,"""SPEEDER"""
"005f873e",10,"""REEFER"""
"005f875a",10,"""SQUALO"""
"005f8768",8,"""TROPIC"""
"005f8776",10,"""COASTGRD"""
"005f8784",8,"""DINGHY"""
"005f8792",10,"""MARQUIS"""
"005f87a0",8,"""CUPBOAT"""
"005f87ae",10,"""LAUNCH"""
"005f87bc",12,"""SEAPLANE"""
"005f87ca",10,"""VORTEX"""
"005f87d8",8,"""RUSTLER"""
"005f87e6",10,"""BEAGLE"""
"005f87f4",12,"""CROPDUST"""
"005f8802",6,"""STUNT"""
"005f8810",8,"""SHAMAL"""
"005f881e",6,"""HYDRA"""
"005f8848",8,"""ANDROM"""
"005f8864",8,"""SPARROW"""
"005f8872",10,"""SEASPAR"""
"005f8880",12,"""MAVERICK"""
"005f888e",10,"""COASTMAV"""
"005f88aa",10,"""HUNTER"""
"005f88b8",12,"""LEVIATHN"""
"005f88c6",10,"""CARGOBOB"""
"005f88d4",12,"""RAINDANC"""
"005f88e2",10,"""RCBARON"""
"005f88f0",12,"""RCGOBLIN"""
"005f88fe",10,"""RCRAIDER"""
"005f8910",24,"""overheat_car_electric"""
"005f8928",16,"""overheat_car"""
"005f8a00",12,"""gunflash"""
"005f8a10",12,"""gunflash"""
"005f8a20",16,"""ReactToVhclDam"""
"005f8a30",16,"""ReactToVhclDam"""
"005f8a40",16,"""ReactToVhclDam"""
"005f8a50",16,"""ReactToVhclDam"""
"005f8a60",16,"""ReactToVhclDam"""
"005f8a70",16,"""DATA\\water.dat"""
"005f8a80",16,"""DATA\\water1.dat"""
"005f8a90",88,"""%f %f %f %f %f %f %f %f %f %f %f %f %f %f %f %f %f %f %f %f %f %f %f %f %f %f %f %f %d"""
"005f8af0",84,"""%f %f %f %f %f %f %f %f %f %f %f %f %f %f %f %f %f %f %f %f %f %f %f %f %f %f %f %f"""
"005f8b50",68,"""%f %f %f %f %f %f %f %f %f %f %f %f %f %f %f %f %f %f %f %f %f %d"""
"005f8b98",12,"""particle"""
"005f8ba8",16,"""waterclear256"""
"005f8bb8",12,"""waterwake"""
"005f8c28",16,"""AMERICAN.GXT"""
"005f8c38",12,"""FRENCH.GXT"""
"005f8c48",12,"""GERMAN.GXT"""
"005f8c58",12,"""ITALIAN.GXT"""
"005f8c68",12,"""SPANISH.GXT"""
"005f8c80",24,"""/BESLES-52927GTA50000"""
"005f8ca8",16,"""AMERICAN.GXT"""
"005f8cb8",12,"""FRENCH.GXT"""
"005f8cc8",12,"""GERMAN.GXT"""
"005f8cd8",12,"""ITALIAN.GXT"""
"005f8ce8",12,"""SPANISH.GXT"""
"005f8cf8",16,"""molotov_flame"""
"005f8d08",12,"""gunflash"""
"005f8d18",16,"""molotov_flame"""
"005f8d38",12,"""minigun2"""
"005f8d78",15,"""PLAYER_NETWORK"""
"005f8d88",14,"""PLAYER_UNUSED"""
"005f8d98",10,"""CIVFEMALE"""
"005f8da8",9,"""CRIMINAL"""
"005f8db8",11,"""PROSTITUTE"""
"005f8dc8",9,"""MISSION1"""
"005f8dd8",9,"""MISSION2"""
"005f8de8",9,"""MISSION3"""
"005f8df8",9,"""MISSION4"""
"005f8e08",9,"""MISSION5"""
"005f8e18",9,"""MISSION6"""
"005f8e28",9,"""MISSION7"""
"005f8e38",9,"""MISSION8"""
"005f8ed0",16,"""DATA\\PED.DAT"""
"005f8ee0",16,"""PLAYER_NETWORK"""
"005f8ef0",16,"""PLAYER_UNUSED"""
"005f8f00",12,"""playidles"""
"005f9140",40,"""tell Obbe it happened again %d/%d %d/%d"""
"005f9170",52,"""Removed random plane/heli that was stuck in map\n"""
"005f91c8",9,"""carrec%d"""
"005f91d8",9,"""CARREC%d"""
"005f91f0",24,"""data\\paths\\roadblox.dat"""
"005f9218",12,"""data\\script"""
"005f9228",12,"""main.scm"""
"005f9618",12,"""FollowPedSA"""
"005f9cb0",15,"""radio_playback"""
"005f9cc0",12,"""radio_krose"""
"005f9cd0",11,"""radio_KDST"""
"005f9ce0",13,"""radio_bounce"""
"005f9cf0",11,"""radio_SFUR"""
"005f9d00",10,"""radio_RLS"""
"005f9d10",13,"""radio_RADIOX"""
"005f9d20",10,"""radio_csr"""
"005f9d30",11,"""radio_kjah"""
"005f9d40",19,"""radio_mastersounds"""
"005f9d58",11,"""radio_WCTR"""
"005f9d68",15,"""CONTROLLER_PS2"""
"005f9d80",16,"""CONTROLLER_PS2A"""
"005f9d90",10,"""back8_top"""
"005f9da0",12,"""back8_right"""
"005f9e68",12,"""frontend1"""
"005f9e78",12,"""frontend1"""
"005f9e90",20,"""MODELS/FRONTEN1.TXD"""
"005f9ea8",12,"""frontend2"""
"005f9eb8",12,"""frontend2"""
"005f9ed0",20,"""MODELS/FRONTEN2.TXD"""
"005f9ee8",12,"""frontend1"""
"005f9ef8",12,"""frontend2"""
"005f9f08",12,"""frontend3"""
"005f9f18",12,"""frontend2"""
"005f9f28",12,"""frontend2"""
"005f9f40",20,"""MODELS/FRONTEN2.TXD"""
"005f9f58",12,"""frontend2"""
"005f9f68",12,"""frontend3"""
"005f9f78",12,"""frontend3"""
"005f9f90",20,"""MODELS/FRONTEN3.TXD"""
"005f9fa8",12,"""FEM_SL%d"""
"005f9fc0",24,"""/BESLES-52927GTA50000"""
"005f9fd8",12,"""GALLERY.DAT"""
"005f9fe8",12,"""GALLERY.DAT"""
"005f9ff8",12,"""%d/%d (%d)"""
"005fa008",12,"""MPACK.DAT"""
"005fa020",24,"""/BESLES-52927GTA50000"""
"005fa038",12,"""GALLERY.DAT"""
"005fa050",24,"""/BESLES-52927GTA50000"""
"005fa070",24,"""/BESLES-52927GTA50000"""
"005fa088",12,"""GALLERY.DAT"""
"005fa098",12,"""GALLERY.DAT"""
"005fa0b0",24,"""/BESLES-52927GTA50000"""
"005fa0c8",12,"""GALLERY.DAT"""
"005fa0e0",24,"""/BESLES-52927GTA50000"""
"005fa0f8",12,"""GALLERY.DAT"""
"005fa108",12,"""GALLERY.DAT"""
"005fa118",12,"""GALLERY.DAT"""
"005fa160",24,"""/BESLES-52927GTA50000"""
"005fa178",12,"""GALLERY.DAT"""
"005fa190",24,"""/BESLES-52927GTA50000"""
"005fa1a8",12,"""GALLERY.DAT"""
"005fa1b8",12,"""fileload.gm"""
"005fa1d0",17,"""DATA\\DEFAULT.DAT"""
"005fa1f0",17,"""Loading the Game"""
"005fa208",13,"""Start script"""
"005fa220",17,"""movies\\vcpal.pss"""
"005fa240",20,"""movies\\open1pal.pss"""
"005fa258",15,"""cdrom0:\\%s%s;1"""
"005fa268",13,"""IOPRP300.IMG"""
"005fa288",9,"""cdrom0:\\"""
"005fa298",12,"""Loading %s\n"""
"005fa2b0",24,"""Can't Load Module %s\n"""
"005fa2e8",12,"""Loading %s\n"""
"005fa300",24,"""Can't Load Module %s\n"""
"005fa338",12,"""Loading %s\n"""
"005fa350",24,"""Can't Load Module %s\n"""
"005fa388",12,"""Loading %s\n"""
"005fa3a0",24,"""Can't Load Module %s\n"""
"005fa3d8",12,"""Loading %s\n"""
"005fa3f0",24,"""Can't Load Module %s\n"""
"005fa428",12,"""Loading %s\n"""
"005fa440",24,"""Can't Load Module %s\n"""
"005fa458",16,"""CDSTREAM.IRX"""
"005fa468",9,"""cdrom0:\\"""
"005fa478",12,"""Loading %s\n"""
"005fa490",24,"""Can't Load Module %s\n"""
"005fa4a8",16,"""IOPAUDIO.IRX"""
"005fa4c8",12,"""Loading %s\n"""
"005fa4e0",24,"""Can't Load Module %s\n"""
"005fa500",20,"""Into TheGame!!!\n"""
"005fa518",16,"""DATA\\GTA.DAT"""
"005fa528",16,"""Starting Game"""
"005fa538",15,"""PtrNode Single"""
"005fa548",15,"""PtrNode Double"""
"005fa558",14,"""EntryInfoNode"""
"005fa568",9,"""Vehicles"""
"005fa578",10,"""Buildings"""
"005fa588",9,"""ColModel"""
"005fa598",11,"""PointRoute"""
"005fa5a8",12,"""PatrolRoute"""
"005fa5b8",10,"""NodeRoute"""
"005fa5c8",14,"""TaskAllocator"""
"005fa5e0",40,"""Offending object: MI:%d Coors:%f %f %f\n"""
"005fa610",28,"""pools have been cleared \n"""
"005fa66e",18,"""zDradar_centre"""
"005fa680",12,"""radar_north"""
"005fa690",14,"""radar_airYard"""
"005fa6a0",14,"""radar_ammugun"""
"005fa6b0",14,"""radar_barbers"""
"005fa6c0",15,"""radar_BIGSMOKE"""
"005fa6d0",15,"""radar_boatyard"""
"005fa6e0",17,"""radar_burgerShot"""
"005fa700",16,"""radar_bulldozer"""
"005fa710",19,"""radar_CATALINAPINK"""
"005fa730",20,"""radar_CESARVIAPANDO"""
"005fa748",14,"""radar_chicken"""
"005fa758",9,"""radar_CJ"""
"005fa768",13,"""radar_CRASH1"""
"005fa778",12,"""radar_diner"""
"005fa788",15,"""radar_emmetGun"""
"005fa7a0",18,"""radar_enemyAttack"""
"005fa7b8",11,"""radar_fire"""
"005fa7d0",17,"""radar_girlfriend"""
"005fa7f0",16,"""radar_hostpitaL"""
"005fa800",20,"""radar_LocoSyndicate"""
"005fa818",13,"""radar_MADDOG"""
"005fa830",18,"""radar_mafiaCasino"""
"005fa848",14,"""radar_MCSTRAP"""
"005fa860",16,"""radar_modGarage"""
"005fa870",12,"""radar_OGLOC"""
"005fa880",12,"""radar_pizza"""
"005fa890",13,"""radar_police"""
"005fa8a0",16,"""radar_propertyG"""
"005fa8b0",16,"""radar_propertyR"""
"005fa8c0",11,"""radar_race"""
"005fa8d0",12,"""radar_RYDER"""
"005fa8e0",15,"""radar_saveGame"""
"005fa8f0",13,"""radar_school"""
"005fa900",12,"""radar_qmark"""
"005fa910",12,"""radar_SWEET"""
"005fa920",13,"""radar_tattoo"""
"005fa930",15,"""radar_THETRUTH"""
"005fa940",15,"""radar_waypoint"""
"005fa950",18,"""radar_TorenoRanch"""
"005fa968",13,"""radar_triads"""
"005fa980",19,"""radar_triadsCasino"""
"005fa998",13,"""radar_tshirt"""
"005fa9a8",13,"""radar_WOOZIE"""
"005fa9b8",11,"""radar_ZERO"""
"005fa9d0",16,"""radar_dateDisco"""
"005fa9e0",16,"""radar_dateDrink"""
"005fa9f0",15,"""radar_dateFood"""
"005faa00",12,"""radar_truck"""
"005faa10",11,"""radar_cash"""
"005faa20",11,"""radar_flag"""
"005faa30",10,"""radar_gym"""
"005faa40",14,"""radar_impound"""
"005faa50",12,"""radar_light"""
"005faa60",13,"""radar_runway"""
"005faa70",12,"""radar_gangB"""
"005faa80",12,"""radar_gangP"""
"005faa90",12,"""radar_gangY"""
"005faaa0",12,"""radar_gangN"""
"005faab0",12,"""radar_gangG"""
"005faac0",12,"""radar_spray"""
"005facd0",10,"""radar%02d"""
"005fad00",20,"""data\\surface.dat"""
"005fad20",18,"""data\\surfinfo.dat"""
"005fad40",108,"""%s %s %f %f %s %s %d %d %d %d %d %d %d %d %d %d %d %d %d %d %d %d %d %d %d %d %d %d %d %d %d %d %d %d %d %s"""
"005fadb0",20,"""data\\surfaud.dat"""
"005fadd0",32,"""%s %d %d %d %d %d %d %d %d %d"""
"005fadf0",16,"""TARMAC_FUCKED"""
"005fae00",20,"""TARMAC_REALLYFUCKED"""
"005fae18",12,"""PAVEMENT"""
"005fae30",16,"""PAVEMENT_FUCKED"""
"005fae40",16,"""FUCKED_CONCRETE"""
"005fae50",16,"""PAINTED_GROUND"""
"005fae60",20,"""GRASS_SHORT_LUSH"""
"005fae80",20,"""GRASS_MEDIUM_LUSH"""
"005faea0",16,"""GRASS_LONG_LUSH"""
"005faeb0",16,"""GRASS_SHORT_DRY"""
"005faec0",20,"""GRASS_MEDIUM_DRY"""
"005faed8",16,"""GRASS_LONG_DRY"""
"005faef0",16,"""GOLFGRASS_ROUGH"""
"005faf00",20,"""GOLFGRASS_SMOOTH"""
"005faf20",20,"""STEEP_SLIDYGRASS"""
"005faf38",12,"""STEEP_CLIFF"""
"005faf48",12,"""FLOWERBED"""
"005faf58",12,"""WASTEGROUND"""
"005faf68",16,"""WOODLANDGROUND"""
"005faf78",12,"""VEGETATION"""
"005faf88",12,"""DIRTTRACK"""
"005faf98",12,"""SAND_DEEP"""
"005fafa8",12,"""SAND_MEDIUM"""
"005fafb8",16,"""SAND_COMPACT"""
"005fafc8",12,"""SAND_ARID"""
"005fafd8",12,"""SAND_MORE"""
"005fafe8",12,"""SAND_BEACH"""
"005faff8",16,"""CONCRETE_BEACH"""
"005fb008",12,"""ROCK_DRY"""
"005fb018",12,"""ROCK_WET"""
"005fb028",12,"""ROCK_CLIFF"""
"005fb038",16,"""WATER_RIVERBED"""
"005fb048",16,"""WATER_SHALLOW"""
"005fb058",12,"""CORNFIELD"""
"005fb068",12,"""WOOD_CRATES"""
"005fb078",12,"""WOOD_SOLID"""
"005fb088",12,"""WOOD_THIN"""
"005fb0a0",20,"""GLASS_WINDOWS_LARGE"""
"005fb0c0",20,"""GLASS_WINDOWS_SMALL"""
"005fb0d8",12,"""GARAGE_DOOR"""
"005fb0f0",20,"""THICK_METAL_PLATE"""
"005fb108",16,"""SCAFFOLD_POLE"""
"005fb118",12,"""LAMP_POST"""
"005fb128",12,"""METAL_GATE"""
"005fb140",20,"""METAL_CHAIN_FENCE"""
"005fb158",16,"""FIRE_HYDRANT"""
"005fb168",12,"""CONTAINER"""
"005fb178",12,"""NEWS_VENDOR"""
"005fb188",12,"""WHEELBASE"""
"005fb198",16,"""CARDBOARDBOX"""
"005fb1a8",12,"""CAR_PANEL"""
"005fb1c0",20,"""CAR_MOVINGCOMPONENT"""
"005fb1e0",20,"""TRANSPARENT_CLOTH"""
"005fb200",20,"""TRANSPARENT_STONE"""
"005fb218",12,"""WOOD_BENCH"""
"005fb228",12,"""FLOORBOARD"""
"005fb238",12,"""STAIRSWOOD"""
"005fb248",16,"""P_SAND_DENSE"""
"005fb258",12,"""P_SAND_ARID"""
"005fb268",16,"""P_SAND_COMPACT"""
"005fb278",16,"""P_SAND_ROCKY"""
"005fb288",12,"""P_SANDBEACH"""
"005fb298",16,"""P_GRASS_SHORT"""
"005fb2a8",16,"""P_GRASS_MEADOW"""
"005fb2b8",12,"""P_GRASS_DRY"""
"005fb2c8",12,"""P_WOODLAND"""
"005fb2d8",12,"""P_WOODDENSE"""
"005fb2e8",12,"""P_ROADSIDE"""
"005fb2f8",16,"""P_ROADSIDEDES"""
"005fb308",12,"""P_FLOWERBED"""
"005fb318",16,"""P_WASTEGROUND"""
"005fb328",12,"""P_CONCRETE"""
"005fb338",16,"""P_OFFICEDESK"""
"005fb380",20,"""P_RESTUARANTTABLE"""
"005fb398",12,"""P_BARTABLE"""
"005fb3b0",20,"""P_UNDERWATERLUSH"""
"005fb3d0",20,"""P_UNDERWATERBARREN"""
"005fb3f0",20,"""P_UNDERWATERCORAL"""
"005fb410",20,"""P_UNDERWATERDEEP"""
"005fb428",12,"""P_RIVERBED"""
"005fb438",12,"""P_RUBBLE"""
"005fb448",16,"""P_BEDROOMFLOOR"""
"005fb458",16,"""P_KIRCHENFLOOR"""
"005fb470",16,"""P_LIVINGRMFLOOR"""
"005fb480",16,"""P_CORRIDORFLOOR"""
"005fb4a0",16,"""P_FASTFOODFLOOR"""
"005fb4b0",16,"""P_SKANKYFLOOR"""
"005fb4c0",12,"""P_MOUNTAIN"""
"005fb4d0",12,"""P_BUSHYMIX"""
"005fb4e0",12,"""P_BUSHYDRY"""
"005fb4f0",12,"""P_BUSHYMID"""
"005fb500",20,"""P_GRASSWEEFLOWERS"""
"005fb518",16,"""P_GRASSDRYTALL"""
"005fb530",16,"""P_GRASSLUSHTALL"""
"005fb540",16,"""P_GRASSGRNMIX"""
"005fb550",16,"""P_GRASSBRNMIX"""
"005fb560",12,"""P_GRASSLOW"""
"005fb570",16,"""P_GRASSROCKY"""
"005fb580",20,"""P_GRASSSMALLTREES"""
"005fb598",12,"""P_DIRTROCKY"""
"005fb5a8",12,"""P_DIRTWEEDS"""
"005fb5b8",16,"""P_GRASSWEEDS"""
"005fb5c8",12,"""P_RIVEREDGE"""
"005fb5d8",12,"""P_POOLSIDE"""
"005fb5e8",16,"""P_FORESTSTUMPS"""
"005fb5f8",16,"""P_FORESTSTICKS"""
"005fb610",16,"""P_FORRESTLEAVES"""
"005fb620",16,"""P_DESERTROCKS"""
"005fb630",16,"""P_FORRESTDRY"""
"005fb640",16,"""P_SPARSEFLOWERS"""
"005fb650",16,"""P_BUILDINGSITE"""
"005fb660",12,"""P_DOCKLANDS"""
"005fb670",16,"""P_INDUSTRIAL"""
"005fb680",16,"""P_INDUSTJETTY"""
"005fb690",20,"""P_CONCRETELITTER"""
"005fb6a8",16,"""P_ALLEYRUBISH"""
"005fb6c0",16,"""P_JUNKYARDPILES"""
"005fb6d0",16,"""P_JUNKYARDGRND"""
"005fb6e0",16,"""P_CACTUSDENSE"""
"005fb6f0",16,"""P_AIRPORTGRND"""
"005fb700",12,"""P_CORNFIELD"""
"005fb710",16,"""P_GRASSLIGHT"""
"005fb720",16,"""P_GRASSLIGHTER"""
"005fb730",16,"""P_GRASSLIGHTER2"""
"005fb740",12,"""P_GRASSMID1"""
"005fb750",12,"""P_GRASSMID2"""
"005fb760",12,"""P_GRASSDARK"""
"005fb770",16,"""P_GRASSDARK2"""
"005fb780",16,"""P_GRASSDIRTMIX"""
"005fb790",16,"""P_RIVERBEDSTONE"""
"005fb7a0",20,"""P_RIVERBEDSHALLOW"""
"005fb7c0",16,"""P_RIVERBEDWEEDS"""
"005fb7d0",12,"""P_SEAWEED"""
"005fb7e0",16,"""PLASTICBARRIER"""
"005fb7f0",12,"""PARKGRASS"""
"005fb800",12,"""STAIRSSTONE"""
"005fb810",12,"""STAIRSMETAL"""
"005fb820",16,"""STAIRSCARPET"""
"005fb830",12,"""FLOORMETAL"""
"005fb840",16,"""FLOORCONCRETE"""
"005fb850",20,"""THIN_METAL_SHEET"""
"005fb868",16,"""METAL_BARREL"""
"005fb878",16,"""PLASTIC_CONE"""
"005fb890",20,"""PLASTIC_DUMPSTER"""
"005fb8a8",16,"""METAL_DUMPSTER"""
"005fb8c0",20,"""WOOD_PICKET_FENCE"""
"005fb8e0",20,"""WOOD_SLATTED_FENCE"""
"005fb900",20,"""WOOD_RANCH_FENCE"""
"005fb920",20,"""UNBREAKABLE_GLASS"""
"005fb938",12,"""HAY_BALE"""
"005fb948",12,"""RAILTRACK"""
"005fb970",40,"""CopPursuit total messed up: re-setting\n"""
"005fb9a0",48,"""CopPursuit pointer list messed up: re-sorting\n"""
"005fb9d0",80,"""THERE IS NO MAP BELOW THE FOLLOWING COORS:%f %f %f. (FindGroundZFor3DCoord)\n"""
"005fba20",12,"""Supperarml"""
"005fba30",12,"""Supperarmr"""
"005fba40",12,"""Supperlegl"""
"005fba50",12,"""Supperlegr"""
"005fba60",12,"""Slowerlegl"""
"005fba70",12,"""Slowerlegr"""
"005fbc80",16,"""wheel_rf_dummy"""
"005fbc90",16,"""wheel_rm_dummy"""
"005fbca0",16,"""wheel_rb_dummy"""
"005fbcb0",16,"""wheel_lf_dummy"""
"005fbcc0",16,"""wheel_lm_dummy"""
"005fbcd0",16,"""wheel_lb_dummy"""
"005fbce0",16,"""door_rf_dummy"""
"005fbcf0",16,"""door_rr_dummy"""
"005fbd00",16,"""door_lf_dummy"""
"005fbd10",16,"""door_lr_dummy"""
"005fbd20",20,"""bump_front_dummy"""
"005fbd40",16,"""bump_rear_dummy"""
"005fbd50",16,"""wing_rf_dummy"""
"005fbd60",16,"""wing_lf_dummy"""
"005fbd70",16,"""bonnet_dummy"""
"005fbd80",12,"""boot_dummy"""
"005fbd90",20,"""windscreen_dummy"""
"005fbda8",12,"""exhaust_ok"""
"005fbdb8",16,"""ped_frontseat"""
"005fbdc8",16,"""ped_backseat"""
"005fbdd8",12,"""headlights"""
"005fbde8",12,"""taillights"""
"005fbdf8",12,"""headlights2"""
"005fbe08",12,"""taillights2"""
"005fbe18",12,"""petrolcap"""
"005fbe28",12,"""miscpos_c"""
"005fbe38",12,"""miscpos_d"""
"005fbe48",12,"""miscpos_a"""
"005fbe58",12,"""miscpos_b"""
"005fbe68",12,"""ug_bonnet"""
"005fbe78",16,"""ug_bonnet_left"""
"005fbe90",16,"""ug_bonnet_right"""
"005fbea0",16,"""ug_bonnet_dam"""
"005fbeb0",20,"""ug_bonnet_left_dam"""
"005fbed0",20,"""ug_bonnet_right_dam"""
"005fbee8",12,"""ug_spoiler"""
"005fbef8",16,"""ug_spoiler_dam"""
"005fbf08",16,"""ug_wing_left"""
"005fbf18",16,"""ug_wing_right"""
"005fbf30",16,"""ug_frontbullbar"""
"005fbf40",16,"""ug_backbullbar"""
"005fbf50",12,"""ug_lights"""
"005fbf60",16,"""ug_lights_dam"""
"005fbf70",12,"""ug_nitro"""
"005fc268",16,"""wheel_rf_dummy"""
"005fc278",16,"""wheel_rm_dummy"""
"005fc288",16,"""wheel_rb_dummy"""
"005fc298",16,"""wheel_lf_dummy"""
"005fc2a8",16,"""wheel_lm_dummy"""
"005fc2b8",16,"""wheel_lb_dummy"""
"005fc2c8",16,"""door_rf_dummy"""
"005fc2d8",16,"""door_rr_dummy"""
"005fc2e8",16,"""door_lf_dummy"""
"005fc2f8",16,"""door_lr_dummy"""
"005fc308",12,"""static_prop"""
"005fc318",12,"""moving_prop"""
"005fc328",16,"""static_prop2"""
"005fc338",16,"""moving_prop2"""
"005fc348",12,"""elevator_l"""
"005fc358",12,"""elevator_r"""
"005fc368",12,"""aileron_l"""
"005fc378",12,"""aileron_r"""
"005fc388",16,"""ped_frontseat"""
"005fc398",16,"""ped_backseat"""
"005fc3a8",12,"""headlights"""
"005fc3b8",12,"""taillights"""
"005fc3c8",12,"""headlights2"""
"005fc3d8",12,"""taillights2"""
"005fc3e8",12,"""petrolcap"""
"005fc3f8",12,"""aileron_pos"""
"005fc408",16,"""elevator_pos"""
"005fc418",12,"""rudder_pos"""
"005fc428",12,"""wingtip_pos"""
"005fc438",12,"""miscpos_a"""
"005fc448",12,"""miscpos_b"""
"005fc688",16,"""wheel_rf_dummy"""
"005fc698",16,"""wheel_rm_dummy"""
"005fc6a8",16,"""wheel_rb_dummy"""
"005fc6b8",16,"""wheel_lf_dummy"""
"005fc6c8",16,"""wheel_lm_dummy"""
"005fc6d8",16,"""wheel_lb_dummy"""
"005fc6e8",16,"""door_rf_dummy"""
"005fc6f8",16,"""door_rr_dummy"""
"005fc708",16,"""door_lf_dummy"""
"005fc718",16,"""door_lr_dummy"""
"005fc728",16,"""static_rotor"""
"005fc738",16,"""moving_rotor"""
"005fc748",16,"""static_rotor2"""
"005fc758",16,"""moving_rotor2"""
"005fc768",12,"""elevators"""
"005fc778",16,"""ped_frontseat"""
"005fc788",16,"""ped_backseat"""
"005fc798",12,"""headlights"""
"005fc7a8",12,"""taillights"""
"005fc7b8",12,"""headlights2"""
"005fc7c8",12,"""taillights2"""
"005fc7d8",12,"""petrolcap"""
"005fc7e8",12,"""miscpos_c"""
"005fc7f8",12,"""miscpos_d"""
"005fc808",12,"""miscpos_a"""
"005fc818",12,"""miscpos_b"""
"005fca38",16,"""wheel_rf_dummy"""
"005fca48",16,"""wheel_rm_dummy"""
"005fca58",16,"""wheel_rb_dummy"""
"005fca68",16,"""wheel_lf_dummy"""
"005fca78",16,"""wheel_lm_dummy"""
"005fca88",16,"""wheel_lb_dummy"""
"005fca98",16,"""door_rf_dummy"""
"005fcaa8",16,"""door_rr_dummy"""
"005fcab8",16,"""door_lf_dummy"""
"005fcac8",16,"""door_lr_dummy"""
"005fcae0",20,"""bump_front_dummy"""
"005fcb00",16,"""bump_rear_dummy"""
"005fcb10",16,"""wing_rf_dummy"""
"005fcb20",16,"""wing_lf_dummy"""
"005fcb30",16,"""bonnet_dummy"""
"005fcb40",12,"""boot_dummy"""
"005fcb50",20,"""windscreen_dummy"""
"005fcb68",16,"""transmission_f"""
"005fcb78",16,"""transmission_r"""
"005fcb88",16,"""ped_frontseat"""
"005fcb98",16,"""ped_backseat"""
"005fcba8",12,"""headlights"""
"005fcbb8",12,"""taillights"""
"005fcbc8",12,"""headlights2"""
"005fcbd8",12,"""taillights2"""
"005fcbe8",12,"""petrolcap"""
"005fcbf8",12,"""miscpos_c"""
"005fcc08",12,"""miscpos_d"""
"005fcc18",12,"""miscpos_a"""
"005fcc28",12,"""miscpos_b"""
"005fce50",16,"""wheel_rf_dummy"""
"005fce60",16,"""wheel_rm_dummy"""
"005fce70",16,"""wheel_rb_dummy"""
"005fce80",16,"""wheel_lf_dummy"""
"005fce90",16,"""wheel_lm_dummy"""
"005fcea0",16,"""wheel_lb_dummy"""
"005fceb0",16,"""door_rf_dummy"""
"005fcec0",16,"""door_rr_dummy"""
"005fced0",16,"""door_lf_dummy"""
"005fcee0",16,"""door_lr_dummy"""
"005fcef0",20,"""body_front_dummy"""
"005fcf10",16,"""body_rear_dummy"""
"005fcf20",16,"""suspension_rf"""
"005fcf30",16,"""suspension_lf"""
"005fcf40",12,"""rear_axle"""
"005fcf50",12,"""handlebars"""
"005fcf60",16,"""ped_frontseat"""
"005fcf70",16,"""ped_backseat"""
"005fcf80",12,"""headlights"""
"005fcf90",12,"""taillights"""
"005fcfa0",12,"""headlights2"""
"005fcfb0",12,"""taillights2"""
"005fcfc0",12,"""petrolcap"""
"005fcfd0",12,"""miscpos_c"""
"005fcfe0",12,"""miscpos_d"""
"005fcff0",12,"""miscpos_a"""
"005fd000",12,"""miscpos_b"""
"005fd200",15,"""boat_moving_hi"""
"005fd210",16,"""boat_rudder_hi"""
"005fd220",16,"""boat_flap_left"""
"005fd230",16,"""boat_flap_right"""
"005fd240",20,"""boat_rearflap_left"""
"005fd260",20,"""boat_rearflap_right"""
"005fd278",12,"""static_prop"""
"005fd288",12,"""moving_prop"""
"005fd298",16,"""static_prop2"""
"005fd2a8",16,"""moving_prop2"""
"005fd2c0",20,"""windscreen_hi_ok"""
"005fd2d8",16,"""ped_frontseat"""
"005fd3d8",14,"""door_lf_dummy"""
"005fd3e8",16,"""door_rf_dummy"""
"005fd400",16,"""wheel_rf1_dummy"""
"005fd410",16,"""wheel_rf2_dummy"""
"005fd420",16,"""wheel_rf3_dummy"""
"005fd430",16,"""wheel_rb1_dummy"""
"005fd440",16,"""wheel_rb2_dummy"""
"005fd450",16,"""wheel_rb3_dummy"""
"005fd460",16,"""wheel_lf1_dummy"""
"005fd470",16,"""wheel_lf2_dummy"""
"005fd480",16,"""wheel_lf3_dummy"""
"005fd490",16,"""wheel_lb1_dummy"""
"005fd4a0",16,"""wheel_lb2_dummy"""
"005fd4b0",16,"""wheel_lb3_dummy"""
"005fd4c0",12,"""bogie_front"""
"005fd4d0",12,"""bogie_rear"""
"005fd4e0",16,"""ped_frontseat"""
"005fd4f0",16,"""ped_backseat"""
"005fd500",12,"""headlights"""
"005fd510",12,"""taillights"""
"005fd520",12,"""headlights2"""
"005fd530",12,"""taillights2"""
"005fd540",16,"""ped_left_entry"""
"005fd550",16,"""ped_mid_entry"""
"005fd560",16,"""ped_right_entry"""
"005fd6c0",14,"""chassis_dummy"""
"005fd6d0",12,"""toprotor"""
"005fd6e0",12,"""backrotor"""
"005fd6f0",12,"""skid_left"""
"005fd700",12,"""skid_right"""
"005fd770",18,"""wheel_front_dummy"""
"005fd790",20,"""wheel_rear_dummy"""
"005fd7a8",12,"""propeller"""
"005fd7c0",16,"""light_tailplane"""
"005fd7d0",12,"""light_left"""
"005fd7e0",12,"""light_right"""
"005fd848",14,"""chassis_dummy"""
"005fd858",12,"""forks_front"""
"005fd868",12,"""forks_rear"""
"005fd878",12,"""wheel_front"""
"005fd888",12,"""wheel_rear"""
"005fd898",12,"""mudguard"""
"005fd8a8",12,"""handlebars"""
"005fd8b8",16,"""ped_frontseat"""
"005fd8c8",16,"""ped_backseat"""
"005fd8d8",12,"""headlights"""
"005fd8e8",12,"""taillights"""
"005fd8f8",12,"""headlights2"""
"005fd908",12,"""taillights2"""
"005fd918",12,"""petrolcap"""
"005fd928",12,"""miscpos_a"""
"005fd938",12,"""miscpos_b"""
"005fdab0",14,"""chassis_dummy"""
"005fdac0",12,"""forks_front"""
"005fdad0",12,"""forks_rear"""
"005fdae0",12,"""wheel_front"""
"005fdaf0",12,"""wheel_rear"""
"005fdb00",12,"""handlebars"""
"005fdb10",12,"""chainset"""
"005fdb20",16,"""ped_frontseat"""
"005fdb30",16,"""ped_backseat"""
"005fdb40",12,"""headlights"""
"005fdb50",12,"""taillights"""
"005fdb60",12,"""headlights2"""
"005fdb70",12,"""taillights2"""
"005fdb80",12,"""petrolcap"""
"005fdb90",12,"""miscpos_a"""
"005fdba0",12,"""miscpos_b"""
"005fdd10",16,"""wheel_rf_dummy"""
"005fdd20",16,"""wheel_rm_dummy"""
"005fdd30",16,"""wheel_rb_dummy"""
"005fdd40",16,"""wheel_lf_dummy"""
"005fdd50",16,"""wheel_lm_dummy"""
"005fdd60",16,"""wheel_lb_dummy"""
"005fdd70",16,"""door_rf_dummy"""
"005fdd80",16,"""door_rr_dummy"""
"005fdd90",16,"""door_lf_dummy"""
"005fdda0",16,"""door_lr_dummy"""
"005fddb0",20,"""bump_front_dummy"""
"005fddd0",16,"""bump_rear_dummy"""
"005fdde0",16,"""wing_rf_dummy"""
"005fddf0",16,"""wing_lf_dummy"""
"005fde00",16,"""bonnet_dummy"""
"005fde10",12,"""boot_dummy"""
"005fde20",20,"""windscreen_dummy"""
"005fde38",12,"""exhaust_ok"""
"005fde48",16,"""ped_frontseat"""
"005fde58",16,"""ped_backseat"""
"005fde68",12,"""headlights"""
"005fde78",12,"""taillights"""
"005fde88",12,"""headlights2"""
"005fde98",12,"""taillights2"""
"005fdea8",12,"""petrolcap"""
"005fdeb8",12,"""miscpos_c"""
"005fdec8",12,"""miscpos_d"""
"005fded8",12,"""miscpos_a"""
"005fdee8",12,"""miscpos_b"""
"005fe150",12,"""windscreen"""
"005fe160",16,"""moving_rotor"""
"005fe170",16,"""moving_rotor2"""
"005fe180",12,"""windscreen"""
"005fe1a8",9,"""particle"""
"005fe1b8",8,"""DEFAULT"""
"005fe1e0",12,"""coronastar"""
"005fe1fa",14,"""coronastar"""
"005fe214",12,"""coronamoon"""
"005fe22e",14,"""coronareflect"""
"005fe248",20,"""coronaheadlightline"""
"005fe2ca",14,"""coronaringb"""
"005fe33e",18,"""coronareflectm"""
"005fe840",12,"""particle"""
"005fe860",12,"""riot_smoke"""
"005fe870",12,"""fire_med"""
"005fe880",12,"""fire_large"""
"005fe8b0",12,"""fire_med"""
"005fe8c0",12,"""fire_large"""
"005fe8d0",12,"""fire_med"""
"005fe8e0",12,"""fire_large"""
"005fe8f0",12,"""fire_med"""
"005fe900",12,"""fire_large"""
"005fe910",12,"""fire_med"""
"005fe920",12,"""fire_large"""
"005fe94f",17,"""@DATA\\FONTS.DAT"""
"005fe960",16,"""[TOTAL_FONTS]"""
"005fe970",12,"""[FONT_ID]"""
"005fe980",28,"""[REPLACEMENT_SPACE_CHAR]"""
"005fe9a0",32,"""%d  %d  %d  %d  %d  %d  %d  %d"""
"005fe9c0",12,"""[UNPROP]"""
"005fe9d0",12,"""CROSSHAIR"""
"005fea48",12,"""processed"""
"005fea58",12,"""%f %f %f %d"""
"005fea70",22,"""data\\paths\\tracks.dat"""
"005fea90",23,"""data\\paths\\tracks3.dat"""
"005feab0",23,"""data\\paths\\tracks2.dat"""
"005fead0",23,"""data\\paths\\tracks4.dat"""
"005ff10f",17,"""?MODELS\\GTA3.IMG"""
"005ff120",19,"""MODELS\\GTA_INT.IMG"""
"005ff1d8",9,"""particle"""
"005ff1e8",13,"""particleskid"""
"005ff820",12,"""ST_LAB%d"""
"005ff830",12,""" %d %s %d"""
"005ff840",16,"""%.2f %s %.2f"""
"005ff850",16,"""$%.2f %s $%.2f"""
"005ff860",20,"""DATA\\STATDISP.DAT"""
"005ff878",16,"""%d %s %s %f %s"""
"005ff888",12,"""lessthan"""
"005ff898",12,"""morethan"""
"005ff8b0",18,"""DATA\\AR_STATS.DAT"""
"005ff8c8",9,"""%d %s %f"""
"005ffc48",9,"""particle"""
"005ffc58",12,"""cloudmasked"""
"005ffc68",10,"""cloudhigh"""
"005ffc78",11,"""cloudhighm"""
"005ffec6",14,"""^Cparticle"""
"005ffed8",11,"""finishFlag"""
"005fff68",9,"""particle"""
"005fff78",9,"""cylinder"""
"005fff88",10,"""diamond_3"""
"00600040",14,"""TexDictionary"""
"00600050",12,"""cutscene.gm"""
"00600060",14,"""ANIM\\CUTS.IMG"""
"00600070",47,"""Too many objects without modelinfo structures\n"""
"006000a0",48,"""Too many objects without modelinfo structures\n"""
"006000d0",31,"""Trying to remove ped component"""
"006000f0",12,"""models\\txd\\"""
"00600100",12,"""jetthrust"""
"00600110",12,"""fire_med"""
"00600198",11,"""credits.gm"""
"006001b0",25,"""BikeNode missing: %d %d\n"""
"006001d0",12,"""fire_bike"""
"006001f0",24,"""data\\script\\main.scm"""
"00601240",28,"""PS2Im3DFastTransform.csl"""
"006012a0",12,"""PS2All.csl"""
"00601330",16,"""PS2AllMat.csl"""
"00601380",16,"""PS2DMAChain.csl"""
"00601390",20,"""PS2LightsBlock.csl"""
"006013a8",24,"""PS2DMASessionRecord.csl"""
"006013c0",12,"""PS2Mesh.csl"""
"00601420",16,"""PS2normal.csl"""
"00601430",13,"""PS2user1.csl"""
"00601440",16,"""PS2user2.csl"""
"00601450",16,"""PS2user3.csl"""
"00601460",16,"""PS2user4.csl"""
"006015b0",15,"""GTA: Vice City"""
"006015c0",8,"""FEP_STA"""
"006015c9",11,"""FES_PLA"""
"006015db",9,"""FES_MON"""
"006015ff",9,"""FES_CRI"""
"00601611",11,"""FES_GAN"""
"00601623",9,"""FES_ACH"""
"00601635",11,"""FES_MIS"""
"006016a0",8,"""FEH_LOA"""
"006016a9",8,"""FES_LOA"""
"006016cd",8,"""FES_DEL"""
"0060187b",9,"""FEA_MUS"""
"006018b1",8,"""FEA_ART"""
"00601940",8,"""FEH_DIS"""
"00601949",8,"""FED_BRI"""
"0060195b",9,"""FED_SUB"""
"0060196c",9,"""\rFED_WIS"""
"006019a2",10,"""%FED_POS"""
"00601a20",8,"""FEH_MAP"""
"00601b00",8,"""FEH_GAL"""
"00601e89",11,"""FES_SEL"""
"00601f60",8,"""FES_DEL"""
"00601f69",11,"""FES_SED"""
"00602120",8,"""FES_DEL"""
"006022e0",8,"""FES_DEL"""
"006023c0",8,"""FES_DEL"""
"006024a9",11,"""FES_SES"""
"006029e9",11,"""FES_CHE"""
"00602ac0",8,"""FEH_CON"""
"00602c80",8,"""FEH_GAL"""
"006030e9",7,"""SLONDR"""
"006032a9",11,"""FES_NOC"""
"00603380",8,"""FEH_LOA"""
"00603389",11,"""FES_NOC"""
"00603460",8,"""FES_LOA"""
"00603469",11,"""FES_NOC"""
"00603540",8,"""FES_DEL"""
"00603549",11,"""FES_NOC"""
"00603620",8,"""FEH_GAL"""
"00603700",8,"""FEH_GAL"""
"006037e0",8,"""FEH_GAL"""
"006038c0",8,"""FEH_GAL"""
"006039a0",8,"""FEH_GAL"""
"00603a80",8,"""FEH_GAL"""
"00603b60",8,"""FEH_GAL"""
"00603c40",8,"""FEH_GAL"""
"00603d20",8,"""FEH_GAL"""
"00603e00",8,"""FEH_GAL"""
"00603ee0",8,"""FEH_GAL"""
"00603fc0",8,"""FEH_GAL"""
"006040a0",8,"""FEH_GAL"""
"006040a9",11,"""FES_NOC"""
"00604180",8,"""FEH_GAL"""
"00604189",11,"""FES_NOC"""
"00604260",8,"""FEH_GAL"""
"00604269",11,"""FES_NOC"""
"00604340",8,"""FEH_GAL"""
"00604420",8,"""FEH_GAL"""
"00604429",11,"""FES_CMP"""
"00604500",8,"""FEH_GAL"""
"006046c0",12,"""gunflash"""
"006046d0",15,"""CollisionFiles"""
"006046e0",9,"""proc_int"""
"006046f0",10,"""proc_int2"""
"00604700",9,"""int_cont"""
"00604710",9,"""gen_int1"""
"00604720",9,"""gen_int2"""
"00604730",9,"""gen_int3"""
"00604740",9,"""gen_int4"""
"00604750",9,"""gen_int5"""
"00604760",9,"""gen_intb"""
"00604770",9,"""savehous"""
"00604780",9,"""levelmap"""
"00604790",32,"""vector::insert length error\n"""
"006047b0",32,"""vector::insert length error\n"""
"006047d0",32,"""vector::insert length error\n"""
"006049b0",28,"""COMMAND_TASK_LOOK_AT_CHAR"""
"006049d0",32,"""COMMAND_TASK_LOOK_AT_VEHICLE"""
"00624a80",28,"""Loading code overlay %s\n"""
"00624aa0",33,"""%d %s %d %f %f %f %f %f %f %f %d"""
"00624ac8",9,"""particle"""
"00624af0",40,"""Cannot Find Fx System Blueprint - %s"""
"00624b50",12,"""fire_med"""
"00624b60",12,"""fire_large"""
"00624b70",12,"""fire_car"""
"00624b80",12,"""fire_bike"""
"00624b90",16,"""molotov_flame"""
"00624ba0",16,"""water_hydrant"""
"00624bb0",16,"""water_fountain"""
"00624bc0",16,"""water_fnt_tme"""
"00624bd0",12,"""smoke_flare"""
"00624be0",12,"""heli_dust"""
"00624bf0",12,"""hydralics"""
"00624cc0",16,"""ChangeDirectory"""
"00624cd0",16,"""CreateDirectory"""
"00624ce0",9,"""OpenFile"""
"00624cf0",10,"""CloseFile"""
"00624d00",24,"""CEventEditableResponse"""
"00624d20",24,"""CEventEditableResponse"""
"00624d60",16,"""CEventAttractor"""
"00624d70",20,"""CompVehicleCollResp"""
"00624d90",20,"""CompVehicleCollResp"""
"00624db0",20,"""CompPedCollPedResp"""
"00624dd0",20,"""CompPedCollPedResp"""
"00624df0",20,"""CompPedCollPedResp"""
"00624e10",20,"""CompPedCollPedResp"""
"00624e30",20,"""CompPedCollPedResp"""
"00624e50",20,"""CompPedCollPedResp"""
"00624e70",20,"""CompPedCollPedResp"""
"00624e90",20,"""CompPedCollPedResp"""
"00624eb0",20,"""CompPedCollPedResp"""
"00624ed0",24,"""CompPedCollPlayerResp"""
"00624ef0",24,"""CompPedCollPlayerResp"""
"00624f10",24,"""CompPedCollPlayerResp"""
"00624f30",24,"""CompPedCollPlayerResp"""
"00624f50",24,"""CompPedCollPlayerResp"""
"00624f70",24,"""CompPedCollPlayerResp"""
"00624f90",24,"""CompPlayerCollPedResp"""
"00624fb0",24,"""CompPlayerCollPedResp"""
"00624fd0",24,"""CompPlayerCollPedResp"""
"00624ff0",24,"""CompPlayerCollPedResp"""
"00625010",24,"""CompPlayerCollPedResp"""
"00625030",24,"""CompPlayerCollPedResp"""
"00625050",24,"""CompPlayerCollPedResp"""
"00625070",20,"""CompBldgCollResp"""
"00625090",16,"""CompDeadPedResp"""
"006250a0",20,"""CompVhclPotCollResp"""
"006250c0",24,"""CompVehiclePotCollResp"""
"006250e0",24,"""CompVehiclePotCollResp"""
"00625100",28,"""EventChatPartnerResponse"""
"00625120",20,"""CompSexyVhclResp"""
"00625140",20,"""CompPotPedCollResp"""
"00625160",20,"""CompPartnerTaskResp"""
"00625180",20,"""CompPartnerTaskResp"""
"006251a8",12,"""BBALLBAT"""
"006251b8",12,"""GOLFCLUB"""
"006251c8",12,"""CHAINSAW"""
"006251e8",12,"""TaskUseGun"""
"00625200",20,"""CTaskSimpleUseGun"""
"00625220",20,"""CTaskSimpleUseGun"""
"00625238",12,"""TaskUseGun"""
"00625250",20,"""CTaskSimpleUseGun"""
"00625270",20,"""CTaskSimpleUseGun"""
"00625288",12,"""TaskUseGun"""
"006252a0",20,"""CTaskSimpleUseGun"""
"006252c0",20,"""CTaskSimpleUseGun"""
"006252d8",12,"""TaskUseGun"""
"006252f0",20,"""CTaskSimpleUseGun"""
"00625310",20,"""CTaskSimpleUseGun"""
"00625328",12,"""TaskSitIdle"""
"00625338",12,"""TaskSitIdle"""
"00625348",11,"""attractors"""
"00625358",11,"""attractors"""
"00625368",12,"""sunbathe"""
"00625378",12,"""sunbathe"""
"00625390",20,"""start sunbathing"""
"006253a8",12,"""sunbathe"""
"006253c0",16,"""idle sunbathing"""
"006253d0",16,"""stop sunbathing"""
"00625400",18,"""TaskTriggerLookAt"""
"00625418",12,"""PhoneChat"""
"00625428",12,"""PhoneOut"""
"00625438",12,"""PhoneOut"""
"00625448",12,"""GogglesOn"""
"00625458",12,"""GogglesOff"""
"00625468",16,"""TaskEnterCar"""
"00625478",16,"""TaskEnterCar"""
"00625490",40,"""CTaskComplexLeaveCar - ped not in car"""
"006254b8",12,"""DriveCar"""
"006254c8",12,"""DriveCar"""
"006254d8",12,"""DriveCar"""
"00625520",12,"""int_house"""
"00625530",12,"""int_office"""
"00625540",20,"""TaskTreatAccident"""
"00625558",12,"""TaskGoTo"""
"00625570",16,"""TaskAchvHeading"""
"00625580",16,"""TaskAvoidOthPed"""
"00625590",16,"""TaskInvDisturb"""
"006255a0",12,"""playidles"""
"006255b0",16,"""ProcPlyrWeapon"""
"006255e0",16,"""water_ripples"""
"006255f0",12,"""water_swim"""
"00625600",12,"""water_swim"""
"00625610",12,"""water_swim"""
"00625620",12,"""water_swim"""
"00625630",12,"""playidles"""
"00625640",16,"""TaskInvDeadPed"""
"00625650",16,"""TaskInvDeadPed"""
"00625660",16,"""PedEvent.txt"""
"00625670",12,"""m_empty.ped"""
"00625680",11,"""m_norm.ped"""
"00625690",12,"""m_tough.ped"""
"006256a0",11,"""m_weak.ped"""
"006256b0",12,"""m_steal.ped"""
"006256d8",12,"""MISSION.grp"""
"006256f0",24,"""data\\decision\\allowed\\"""
"00625710",324,"""%d, %d, %d, %f, %f, %f, %f, %d, %d, %f, %f, %f, %f, %f, %f, %d, %f, %f, %f, %f, %d, %d, %f, %f, %f, %f, %f, %f, %d, %f, %f, %f, %f, %d, %d, %f, %f, %f, %f, %f, %f, %d, %f, %f, %f, %f, %d, %d, %f, %f, %f, %f, %f, %f, %d, %f, %f, %f, %f, %d, %d, %f, %f, %f, %f, %f, %f, %d, %f, %f, %f, %f, %d, %d, %f, %f, %f, %f, %f, %f \n"""
"00625858",10,"""parachute"""
"00625870",20,"""InterestingEntities"""
"00625890",19,"""models\\effects.fxp"""
"006258a8",10,"""prt_blood"""
"006258b8",15,"""prt_boatsplash"""
"006258c8",11,"""prt_bubble"""
"006258d8",14,"""prt_cardebris"""
"006258f0",19,"""prt_collisionsmoke"""
"00625908",13,"""prt_gunshell"""
"00625918",9,"""prt_sand"""
"00625928",10,"""prt_sand2"""
"00625938",15,"""prt_smoke_huge"""
"00625950",21,"""prt_smokeII_3_expand"""
"00625968",10,"""prt_spark"""
"00625978",12,"""prt_spark_2"""
"00625988",11,"""prt_splash"""
"00625998",9,"""prt_wake"""
"006259b0",16,"""prt_watersplash"""
"006259c0",14,"""prt_wheeldirt"""
"006259d0",10,"""prt_glass"""
"006259e0",16,"""water_hydrant"""
"006259f0",12,"""gunflash"""
"00625a00",12,"""gunsmoke"""
"00625a10",12,"""tank_fire"""
"00625a20",20,"""water_splash_big"""
"00625a38",16,"""water_splash"""
"00625a50",16,"""water_splsh_sml"""
"00625b10",16,"""CompDoDealResp"""
"00625b20",16,"""CompDoDealResp"""
"00625b30",16,"""CompGreetResp"""
"00625b40",16,"""CompGreetResp"""
"00625b50",17,"""DATA\\GRIDREF.DAT"""
"00625b70",28,"""COMMAND_TASK_LOOK_AT_OBJECT"""
"00625b90",28,"""COMMAND_TASK_CHAT_WITH_CHAR"""
"00625bb0",28,"""COMMAND_TASK_LOOK_AT_COORD"""
"00625bd0",12,"""particle"""
"00625be0",13,"""platecharset"""
"00625bf0",11,"""plateback1"""
"00625c00",11,"""plateback2"""
"00625c10",11,"""plateback3"""
"00625c20",16,"""NUMPLATE.DAT"""
"00625c30",12,"""carplate"""
"00625c40",12,"""carpback"""
"00625c50",12,"""carplate"""
"00625c60",12,"""carpback"""
"00625c70",12,""";the end"""
"00625c90",10,"""int_house"""
"00625ca0",9,"""int_shop"""
"00625cb0",11,"""int_office"""
"00625ea0",16,"""TaskBeInShop"""
"00625eb0",16,"""TaskSitInChair"""
"00625fff",13,"""?Entry Exits"""
"00626130",10,"""balaclava"""
"00626140",12,"""balaclava"""
"00626150",12,"""necklace"""
"00626160",18,"""MODELS\\PLAYER.IMG"""
"00626180",20,"""DATA\\CLOTHES.DAT"""
"00626198",12,"""endignore"""
"006261a8",12,"""exclusive"""
"006261b8",16,"""endexclusive"""
"006261c8",11,"""clothes.gm"""
"006261d8",11,"""clothes.gm"""
"006261e8",12,"""muscular"""
"006262d0",12,"""jetball1"""
"006262e0",12,"""jetball2"""
"006262f0",9,"""jetball1"""
"00626300",9,"""jetball2"""
"00626390",16,"""Used in script"""
"006263a0",16,"""Used in script"""
"006267af",21,"""-Ped2Pl_Conversation"""
"006267d0",24,"""Ped2Pl_ConversationP"""
"006267e8",14,"""QuadTreeNodes"""
"006267f8",10,"""IPL Files"""
"00626808",12,"""gen_int1"""
"00626818",12,"""gen_int2"""
"00626828",12,"""gen_int3"""
"00626838",12,"""gen_int4"""
"00626848",12,"""gen_int5"""
"00626858",12,"""gen_intb"""
"00626868",12,"""savehous"""
"00626878",12,"""int_cont"""
"00626888",12,"""levelmap"""
"00626898",16,"""TaskGangLeader"""
"006268b0",20,"""TaskGangFollower"""
"006268d0",20,"""TaskHassleVehicle"""
"006268e8",16,"""TaskStareAtPed"""
"006268f8",16,"""TaskStareAtPed"""
"00626910",16,"""TaskSignalAtPed"""
"00626920",23,"""CTaskComplexPassObject"""
"00626938",12,"""TaskProzzy"""
"00626948",12,"""TaskProzzy"""
"00626960",24,"""CTaskComplexBeInCouple"""
"00626980",24,"""CTaskComplexBeInCouple"""
"00626998",16,"""TaskBeInCouple"""
"006269a8",16,"""TaskBeInCouple"""
"006269b8",16,"""TaskFleePoint"""
"006269c8",16,"""TaskFleeEntity"""
"006269d8",16,"""TaskFleeEntity"""
"006269f0",20,"""TaskSmartFleePoint"""
"00626a10",20,"""TaskSmartFleeEntity"""
"00626a30",20,"""TaskSmartFleeEntity"""
"00626a50",20,"""TaskSmartFleeEntity"""
"00626a70",20,"""TaskSmartFleeEntity"""
"00626a88",13,"""CarPaintJobs"""
"00626a98",10,"""Furniture"""
"00626aa8",9,"""Haircuts"""
"00626ab8",9,"""Property"""
"00626b28",12,"""calories"""
"00626b40",20,"""data\\shopping.dat"""
"00626b60",20,"""data\\shopping.dat"""
"00626b80",20,"""data\\shopping.dat"""
"00626be0",68,"""ComputeKillThreatsBasicResponse() - threat ped already in group\n"""
"00626c30",68,"""ComputeKillThreatsBasicResponse() - threat ped already in group\n"""
"00626c80",60,"""ComputeKillThreatsDriveby() - threat ped already in group\n"""
"006271c0",9,"""particle"""
"006271d0",13,"""roadsignfont"""
"00627320",10,"""CVCarPipe"""
"00627330",28,"""COMMAND_TASK_GREET_PARTNER"""
"00627350",28,"""COMMAND_TASK_GREET_PARTNER"""
"006273f0",16,"""CVCarEnvMapPipe"""
"00627400",19,"""CVCarEnvMapUV2Pipe"""
"00627418",10,"""int_house"""
"00627428",9,"""int_shop"""
"00627438",11,"""int_office"""
"00627448",10,"""int_house"""
"00627458",9,"""int_shop"""
"00627468",11,"""int_office"""
"00627478",12,"""Stunt Jumps"""
"006275c0",72,"""Cannot create procedural object aligned to surface - no matrices left\n"""
"00627610",20,"""data\\procobj.dat"""
"00627630",44,"""%s %s %f %f %d %d %f %f %f %f %f %f %d %d"""
"00627700",17,"""PsIIlibcdvd 3000"""
"00629340",23,"""CVBuildingDNEnvMapPipe"""
"006293e0",21,"""CVBuildingEnvMapPipe"""
"006293f8",17,"""PsIIlibpad  3000"""
"00629468",17,"""PsIIlibmc   3000"""
"00629488",17,"""PsIIlibkernl3000"""
"0062abd0",17,"""PsIIlibdma  3000"""
"0062d0a0",20,"""FALL_SkyDive_accel"""
"0062d0b8",12,"""Para_decel"""
"0062d0d0",20,"""VOICE_GEN_BBDYG1"""
"0062d0e4",20,"""VOICE_GEN_BBDYG2"""
"0062d0f8",16,"""VOICE_GEN_BFORI"""
"0062d10c",16,"""VOICE_GEN_BFOST"""
"0062d120",16,"""VOICE_GEN_BFYBE"""
"0062d134",16,"""VOICE_GEN_BFYBU"""
"0062d148",20,"""VOICE_GEN_BFYCRP"""
"0062d15c",20,"""VOICE_GEN_BFYPRO"""
"0062d170",16,"""VOICE_GEN_BFYRI"""
"0062d184",16,"""VOICE_GEN_BFYST"""
"0062d198",20,"""VOICE_GEN_BIKDRUG"""
"0062d1ac",20,"""VOICE_GEN_BIKERA"""
"0062d1c0",20,"""VOICE_GEN_BIKERB"""
"0062d1d4",16,"""VOICE_GEN_BMOCD"""
"0062d1e8",16,"""VOICE_GEN_BMORI"""
"0062d1fc",20,"""VOICE_GEN_BMOSEC"""
"0062d210",16,"""VOICE_GEN_BMOST"""
"0062d224",20,"""VOICE_GEN_BMOTR1"""
"0062d238",16,"""VOICE_GEN_BMYAP"""
"0062d24c",16,"""VOICE_GEN_BMYBE"""
"0062d260",20,"""VOICE_GEN_BMYBOUN"""
"0062d274",20,"""VOICE_GEN_BMYBOX"""
"0062d288",16,"""VOICE_GEN_BMYBU"""
"0062d29c",16,"""VOICE_GEN_BMYCG"""
"0062d2b0",20,"""VOICE_GEN_BMYCON"""
"0062d2c4",16,"""VOICE_GEN_BMYCR"""
"0062d2d8",16,"""VOICE_GEN_BMYDJ"""
"0062d2ec",20,"""VOICE_GEN_BMYDRUG"""
"0062d300",20,"""VOICE_GEN_BMYMOUN"""
"0062d314",20,"""VOICE_GEN_BMYPOL1"""
"0062d328",20,"""VOICE_GEN_BMYPOL2"""
"0062d33c",16,"""VOICE_GEN_BMYRI"""
"0062d350",16,"""VOICE_GEN_BMYST"""
"0062d364",16,"""VOICE_GEN_BYMPI"""
"0062d378",20,"""VOICE_GEN_CWFOFR"""
"0062d38c",20,"""VOICE_GEN_CWFOHB"""
"0062d3a0",20,"""VOICE_GEN_CWFYFR1"""
"0062d3b4",20,"""VOICE_GEN_CWFYFR2"""
"0062d3c8",20,"""VOICE_GEN_CWFYHB1"""
"0062d3dc",20,"""VOICE_GEN_CWMOFR1"""
"0062d3f0",20,"""VOICE_GEN_CWMOHB1"""
"0062d404",20,"""VOICE_GEN_CWMOHB2"""
"0062d418",20,"""VOICE_GEN_CWMYFR"""
"0062d42c",20,"""VOICE_GEN_CWMYHB1"""
"0062d440",20,"""VOICE_GEN_CWMYHB2"""
"0062d454",20,"""VOICE_GEN_DNFOLC1"""
"0062d468",20,"""VOICE_GEN_DNFOLC2"""
"0062d47c",20,"""VOICE_GEN_DNFYLC"""
"0062d490",20,"""VOICE_GEN_DNMOLC1"""
"0062d4a4",20,"""VOICE_GEN_DNMOLC2"""
"0062d4b8",20,"""VOICE_GEN_DNMYLC"""
"0062d4cc",20,"""VOICE_GEN_DWFOLC"""
"0062d4e0",20,"""VOICE_GEN_DWFYLC1"""
"0062d4f4",20,"""VOICE_GEN_DWFYLC2"""
"0062d508",20,"""VOICE_GEN_DWMOLC1"""
"0062d51c",20,"""VOICE_GEN_DWMOLC2"""
"0062d530",20,"""VOICE_GEN_DWMYLC1"""
"0062d544",20,"""VOICE_GEN_DWMYLC2"""
"0062d558",16,"""VOICE_GEN_HFORI"""
"0062d56c",16,"""VOICE_GEN_HFOST"""
"0062d580",16,"""VOICE_GEN_HFYBE"""
"0062d594",20,"""VOICE_GEN_HFYPRO"""
"0062d5a8",16,"""VOICE_GEN_HFYRI"""
"0062d5bc",16,"""VOICE_GEN_HFYST"""
"0062d5d0",16,"""VOICE_GEN_HMORI"""
"0062d5e4",16,"""VOICE_GEN_HMOST"""
"0062d5f8",16,"""VOICE_GEN_HMYBE"""
"0062d60c",16,"""VOICE_GEN_HMYCM"""
"0062d620",16,"""VOICE_GEN_HMYCR"""
"0062d634",20,"""VOICE_GEN_HMYDRUG"""
"0062d648",16,"""VOICE_GEN_HMYRI"""
"0062d65c",16,"""VOICE_GEN_HMYST"""
"0062d670",16,"""VOICE_GEN_IMYST"""
"0062d684",20,"""VOICE_GEN_IRFYST"""
"0062d698",20,"""VOICE_GEN_IRMYST"""
"0062d6ac",16,"""VOICE_GEN_MAFFA"""
"0062d6c0",16,"""VOICE_GEN_MAFFB"""
"0062d6d4",20,"""VOICE_GEN_MALE01"""
"0062d6e8",20,"""VOICE_GEN_NOVOICE"""
"0062d6fc",16,"""VOICE_GEN_OFORI"""
"0062d710",16,"""VOICE_GEN_OFOST"""
"0062d724",16,"""VOICE_GEN_OFYRI"""
"0062d738",16,"""VOICE_GEN_OFYST"""
"0062d74c",20,"""VOICE_GEN_OMOBOAT"""
"0062d760",20,"""VOICE_GEN_OMOKUNG"""
"0062d774",16,"""VOICE_GEN_OMORI"""
"0062d788",16,"""VOICE_GEN_OMOST"""
"0062d79c",16,"""VOICE_GEN_OMYRI"""
"0062d7b0",16,"""VOICE_GEN_OMYST"""
"0062d7c4",20,"""VOICE_GEN_SBFORI"""
"0062d7d8",20,"""VOICE_GEN_SBFOST"""
"0062d7ec",20,"""VOICE_GEN_SBFYPRO"""
"0062d800",20,"""VOICE_GEN_SBFYRI"""
"0062d814",20,"""VOICE_GEN_SBFYST"""
"0062d828",20,"""VOICE_GEN_SBFYSTR"""
"0062d83c",20,"""VOICE_GEN_SBMOCD"""
"0062d850",20,"""VOICE_GEN_SBMORI"""
"0062d864",20,"""VOICE_GEN_SBMOST"""
"0062d878",20,"""VOICE_GEN_SBMOTR1"""
"0062d88c",20,"""VOICE_GEN_SBMOTR2"""
"0062d8a0",20,"""VOICE_GEN_SBMYCR"""
"0062d8b4",20,"""VOICE_GEN_SBMYRI"""
"0062d8c8",20,"""VOICE_GEN_SBMYST"""
"0062d8dc",20,"""VOICE_GEN_SBMYTR3"""
"0062d8f0",20,"""VOICE_GEN_SFYPRO"""
"0062d904",20,"""VOICE_GEN_SHFYPRO"""
"0062d918",20,"""VOICE_GEN_SHMYCR"""
"0062d92c",16,"""VOICE_GEN_SMYST"""
"0062d940",20,"""VOICE_GEN_SMYST2"""
"0062d954",20,"""VOICE_GEN_SOFORI"""
"0062d968",20,"""VOICE_GEN_SOFOST"""
"0062d97c",20,"""VOICE_GEN_SOFYBU"""
"0062d990",20,"""VOICE_GEN_SOFYRI"""
"0062d9a4",20,"""VOICE_GEN_SOFYST"""
"0062d9b8",20,"""VOICE_GEN_SOMOBU"""
"0062d9cc",20,"""VOICE_GEN_SOMORI"""
"0062d9e0",20,"""VOICE_GEN_SOMOST"""
"0062d9f4",20,"""VOICE_GEN_SOMYAP"""
"0062da08",20,"""VOICE_GEN_SOMYBU"""
"0062da1c",20,"""VOICE_GEN_SOMYRI"""
"0062da30",20,"""VOICE_GEN_SOMYST"""
"0062da44",20,"""VOICE_GEN_SWFOPRO"""
"0062da58",20,"""VOICE_GEN_SWFORI"""
"0062da6c",20,"""VOICE_GEN_SWFOST"""
"0062da80",20,"""VOICE_GEN_SWFYRI"""
"0062da94",20,"""VOICE_GEN_SWFYST"""
"0062daa8",20,"""VOICE_GEN_SWFYSTR"""
"0062dabc",20,"""VOICE_GEN_SWMOCD"""
"0062dad0",20,"""VOICE_GEN_SWMORI"""
"0062dae4",20,"""VOICE_GEN_SWMOST"""
"0062daf8",20,"""VOICE_GEN_SWMOTR1"""
"0062db0c",20,"""VOICE_GEN_SWMOTR2"""
"0062db20",20,"""VOICE_GEN_SWMOTR3"""
"0062db34",20,"""VOICE_GEN_SWMOTR4"""
"0062db48",20,"""VOICE_GEN_SWMOTR5"""
"0062db5c",20,"""VOICE_GEN_SWMYCR"""
"0062db70",20,"""VOICE_GEN_SWMYHP1"""
"0062db84",20,"""VOICE_GEN_SWMYHP2"""
"0062db98",20,"""VOICE_GEN_SWMYRI"""
"0062dbac",20,"""VOICE_GEN_SWMYST"""
"0062dbc0",20,"""VOICE_GEN_VBFYPRO"""
"0062dbd4",20,"""VOICE_GEN_VBFYST2"""
"0062dbe8",20,"""VOICE_GEN_VBMOCD"""
"0062dbfc",20,"""VOICE_GEN_VBMYCR"""
"0062dc10",20,"""VOICE_GEN_VBMYELV"""
"0062dc24",20,"""VOICE_GEN_VHFYPRO"""
"0062dc38",20,"""VOICE_GEN_VHFYST3"""
"0062dc4c",20,"""VOICE_GEN_VHMYCR"""
"0062dc60",20,"""VOICE_GEN_VHMYELV"""
"0062dc74",20,"""VOICE_GEN_VIMYELV"""
"0062dc88",20,"""VOICE_GEN_VWFYPRO"""
"0062dc9c",20,"""VOICE_GEN_VWFYST1"""
"0062dcb0",20,"""VOICE_GEN_VWFYWAI"""
"0062dcc4",20,"""VOICE_GEN_VWMOTR1"""
"0062dcd8",20,"""VOICE_GEN_VWMOTR2"""
"0062dcec",20,"""VOICE_GEN_VWMYAP"""
"0062dd00",20,"""VOICE_GEN_VWMYBJD"""
"0062dd14",20,"""VOICE_GEN_VWMYCD"""
"0062dd28",20,"""VOICE_GEN_VWMYCR"""
"0062dd3c",16,"""VOICE_GEN_WFOPJ"""
"0062dd50",16,"""VOICE_GEN_WFORI"""
"0062dd64",16,"""VOICE_GEN_WFOST"""
"0062dd78",16,"""VOICE_GEN_WFYBE"""
"0062dd8c",16,"""VOICE_GEN_WFYBU"""
"0062dda0",20,"""VOICE_GEN_WFYCRK"""
"0062ddb4",20,"""VOICE_GEN_WFYCRP"""
"0062ddc8",16,"""VOICE_GEN_WFYJG"""
"0062dddc",16,"""VOICE_GEN_WFYLG"""
"0062ddf0",20,"""VOICE_GEN_WFYPRO"""
"0062de04",16,"""VOICE_GEN_WFYRI"""
"0062de18",16,"""VOICE_GEN_WFYRO"""
"0062de2c",16,"""VOICE_GEN_WFYST"""
"0062de40",20,"""VOICE_GEN_WFYSTEW"""
"0062de54",20,"""VOICE_GEN_WMOMIB"""
"0062de68",16,"""VOICE_GEN_WMOPJ"""
"0062de7c",20,"""VOICE_GEN_WMOPREA"""
"0062de90",16,"""VOICE_GEN_WMORI"""
"0062dea4",20,"""VOICE_GEN_WMOSCI"""
"0062deb8",16,"""VOICE_GEN_WMOST"""
"0062decc",20,"""VOICE_GEN_WMOTR1"""
"0062dee0",16,"""VOICE_GEN_WMYBE"""
"0062def4",20,"""VOICE_GEN_WMYBMX"""
"0062df08",20,"""VOICE_GEN_WMYBOUN"""
"0062df1c",20,"""VOICE_GEN_WMYBOX"""
"0062df30",16,"""VOICE_GEN_WMYBP"""
"0062df44",16,"""VOICE_GEN_WMYBU"""
"0062df58",20,"""VOICE_GEN_WMYCD1"""
"0062df6c",20,"""VOICE_GEN_WMYCD2"""
"0062df80",16,"""VOICE_GEN_WMYCH"""
"0062df94",20,"""VOICE_GEN_WMYCON"""
"0062dfa8",20,"""VOICE_GEN_WMYCONB"""
"0062dfbc",16,"""VOICE_GEN_WMYCR"""
"0062dfd0",20,"""VOICE_GEN_WMYDRUG"""
"0062dfe4",20,"""VOICE_GEN_WMYGAR"""
"0062dff8",20,"""VOICE_GEN_WMYGOL1"""
"0062e00c",20,"""VOICE_GEN_WMYGOL2"""
"0062e020",16,"""VOICE_GEN_WMYJG"""
"0062e034",16,"""VOICE_GEN_WMYLG"""
"0062e048",20,"""VOICE_GEN_WMYMECH"""
"0062e05c",20,"""VOICE_GEN_WMYMOUN"""
"0062e070",20,"""VOICE_GEN_WMYPLT"""
"0062e084",16,"""VOICE_GEN_WMYRI"""
"0062e098",16,"""VOICE_GEN_WMYRO"""
"0062e0ac",20,"""VOICE_GEN_WMYSGRD"""
"0062e0c0",20,"""VOICE_GEN_WMYSKAT"""
"0062e0d4",16,"""VOICE_GEN_WMYST"""
"0062e0e8",20,"""VOICE_GEN_WMYTX1"""
"0062e0fc",20,"""VOICE_GEN_WMYTX2"""
"0062e110",16,"""VOICE_GEN_WMYVA"""
"00638b10",16,"""VOICE_EMG_ARMY1"""
"00638b24",16,"""VOICE_EMG_ARMY2"""
"00638b38",16,"""VOICE_EMG_ARMY3"""
"00638b4c",16,"""VOICE_EMG_EMT1"""
"00638b60",16,"""VOICE_EMG_EMT2"""
"00638b74",16,"""VOICE_EMG_EMT3"""
"00638b88",16,"""VOICE_EMG_EMT4"""
"00638b9c",16,"""VOICE_EMG_EMT5"""
"00638bb0",16,"""VOICE_EMG_FBI2"""
"00638bc4",16,"""VOICE_EMG_FBI3"""
"00638bd8",16,"""VOICE_EMG_FBI4"""
"00638bec",16,"""VOICE_EMG_FBI5"""
"00638c00",16,"""VOICE_EMG_FBI6"""
"00638c14",16,"""VOICE_EMG_LAPD1"""
"00638c28",16,"""VOICE_EMG_LAPD2"""
"00638c3c",16,"""VOICE_EMG_LAPD3"""
"00638c50",16,"""VOICE_EMG_LAPD4"""
"00638c64",16,"""VOICE_EMG_LAPD5"""
"00638c78",16,"""VOICE_EMG_LAPD6"""
"00638c8c",16,"""VOICE_EMG_LAPD7"""
"00638ca0",16,"""VOICE_EMG_LAPD8"""
"00638cb4",16,"""VOICE_EMG_LVPD1"""
"00638cc8",16,"""VOICE_EMG_LVPD2"""
"00638cdc",16,"""VOICE_EMG_LVPD3"""
"00638cf0",16,"""VOICE_EMG_LVPD4"""
"00638d04",16,"""VOICE_EMG_LVPD5"""
"00638d18",16,"""VOICE_EMG_MCOP1"""
"00638d2c",16,"""VOICE_EMG_MCOP2"""
"00638d40",16,"""VOICE_EMG_MCOP3"""
"00638d54",16,"""VOICE_EMG_MCOP4"""
"00638d68",16,"""VOICE_EMG_MCOP5"""
"00638d7c",16,"""VOICE_EMG_MCOP6"""
"00638d90",20,"""VOICE_EMG_PULASKI"""
"00638da4",16,"""VOICE_EMG_RCOP1"""
"00638db8",16,"""VOICE_EMG_RCOP2"""
"00638dcc",16,"""VOICE_EMG_RCOP3"""
"00638de0",16,"""VOICE_EMG_RCOP4"""
"00638df4",16,"""VOICE_EMG_SFPD1"""
"00638e08",16,"""VOICE_EMG_SFPD2"""
"00638e1c",16,"""VOICE_EMG_SFPD3"""
"00638e30",16,"""VOICE_EMG_SFPD4"""
"00638e44",16,"""VOICE_EMG_SFPD5"""
"00638e58",16,"""VOICE_EMG_SWAT1"""
"00638e6c",16,"""VOICE_EMG_SWAT2"""
"00638e80",16,"""VOICE_EMG_SWAT4"""
"00638e94",16,"""VOICE_EMG_SWAT6"""
"0063a780",16,"""VOICE_PLY_AG"""
"0063a794",16,"""VOICE_PLY_AG2"""
"0063a7a8",16,"""VOICE_PLY_AR"""
"0063a7bc",16,"""VOICE_PLY_AR2"""
"0063a7d0",16,"""VOICE_PLY_CD"""
"0063a7e4",16,"""VOICE_PLY_CD2"""
"0063a7f8",16,"""VOICE_PLY_CF"""
"0063a80c",16,"""VOICE_PLY_CF2"""
"0063a820",16,"""VOICE_PLY_CG"""
"0063a834",16,"""VOICE_PLY_CG2"""
"0063a848",16,"""VOICE_PLY_CR"""
"0063a85c",16,"""VOICE_PLY_CR2"""
"0063a870",16,"""VOICE_PLY_PG"""
"0063a884",16,"""VOICE_PLY_PG2"""
"0063a898",16,"""VOICE_PLY_PR"""
"0063a8ac",16,"""VOICE_PLY_PR2"""
"0063a8c0",16,"""VOICE_PLY_WG"""
"0063a8d4",16,"""VOICE_PLY_WG2"""
"0063a8e8",16,"""VOICE_PLY_WR"""
"0063a8fc",16,"""VOICE_PLY_WR2"""
"0063cab0",20,"""VOICE_GNG_BALLAS1"""
"0063cac4",20,"""VOICE_GNG_BALLAS2"""
"0063cad8",20,"""VOICE_GNG_BALLAS3"""
"0063caec",20,"""VOICE_GNG_BALLAS4"""
"0063cb00",20,"""VOICE_GNG_BALLAS5"""
"0063cb14",20,"""VOICE_GNG_BIG_BEAR"""
"0063cb28",16,"""VOICE_GNG_CESAR"""
"0063cb3c",16,"""VOICE_GNG_DNB1"""
"0063cb50",16,"""VOICE_GNG_DNB2"""
"0063cb64",16,"""VOICE_GNG_DNB3"""
"0063cb78",16,"""VOICE_GNG_DNB5"""
"0063cb8c",20,"""VOICE_GNG_DWAINE"""
"0063cba0",16,"""VOICE_GNG_FAM1"""
"0063cbb4",16,"""VOICE_GNG_FAM2"""
"0063cbc8",16,"""VOICE_GNG_FAM3"""
"0063cbdc",16,"""VOICE_GNG_FAM4"""
"0063cbf0",16,"""VOICE_GNG_FAM5"""
"0063cc04",16,"""VOICE_GNG_JIZZY"""
"0063cc18",16,"""VOICE_GNG_LSV1"""
"0063cc2c",16,"""VOICE_GNG_LSV2"""
"0063cc40",16,"""VOICE_GNG_LSV3"""
"0063cc54",16,"""VOICE_GNG_LSV4"""
"0063cc68",16,"""VOICE_GNG_LSV5"""
"0063cc7c",20,"""VOICE_GNG_MACCER"""
"0063cc90",20,"""VOICE_GNG_MAFBOSS"""
"0063cca4",16,"""VOICE_GNG_OGLOC"""
"0063ccb8",16,"""VOICE_GNG_RYDER"""
"0063cccc",16,"""VOICE_GNG_SFR1"""
"0063cce0",16,"""VOICE_GNG_SFR2"""
"0063ccf4",16,"""VOICE_GNG_SFR3"""
"0063cd08",16,"""VOICE_GNG_SFR4"""
"0063cd1c",16,"""VOICE_GNG_SFR5"""
"0063cd30",16,"""VOICE_GNG_SMOKE"""
"0063cd44",16,"""VOICE_GNG_STRI1"""
"0063cd58",16,"""VOICE_GNG_STRI2"""
"0063cd6c",16,"""VOICE_GNG_STRI4"""
"0063cd80",16,"""VOICE_GNG_STRI5"""
"0063cd94",16,"""VOICE_GNG_SWEET"""
"0063cda8",16,"""VOICE_GNG_TBONE"""
"0063cdbc",20,"""VOICE_GNG_TORENO"""
"0063cdd0",16,"""VOICE_GNG_TRUTH"""
"0063cde4",16,"""VOICE_GNG_VLA1"""
"0063cdf8",16,"""VOICE_GNG_VLA2"""
"0063ce0c",16,"""VOICE_GNG_VLA3"""
"0063ce20",16,"""VOICE_GNG_VLA4"""
"0063ce34",16,"""VOICE_GNG_VLA5"""
"0063ce48",20,"""VOICE_GNG_VMAFF1"""
"0063ce5c",20,"""VOICE_GNG_VMAFF2"""
"0063ce70",20,"""VOICE_GNG_VMAFF3"""
"0063ce84",20,"""VOICE_GNG_VMAFF4"""
"0063ce98",20,"""VOICE_GNG_VMAFF5"""
"0063ceac",20,"""VOICE_GNG_WOOZIE"""
"00642a30",20,"""VOICE_GFD_BARBARA"""
"00642a44",20,"""VOICE_GFD_BMOBAR"""
"00642a58",20,"""VOICE_GFD_BMYBARB"""
"00642a6c",20,"""VOICE_GFD_BMYTATT"""
"00642a80",20,"""VOICE_GFD_CATALINA"""
"00642a94",20,"""VOICE_GFD_DENISE"""
"00642aa8",20,"""VOICE_GFD_HELENA"""
"00642abc",16,"""VOICE_GFD_KATIE"""
"00642ad0",20,"""VOICE_GFD_MICHELLE"""
"00642ae4",20,"""VOICE_GFD_MILLIE"""
"00642af8",20,"""VOICE_GFD_POL_ANN"""
"00642b0c",20,"""VOICE_GFD_WFYBURG"""
"00642b20",20,"""VOICE_GFD_WFYCLOT"""
"00642b34",20,"""VOICE_GFD_WMYAMMO"""
"00642b48",20,"""VOICE_GFD_WMYBARB"""
"00642b5c",20,"""VOICE_GFD_WMYBELL"""
"00642b70",20,"""VOICE_GFD_WMYCLOT"""
"00642b84",20,"""VOICE_GFD_WMYPIZZ"""
"00644ee8",8,"""maddogg"""
"00644efc",8,"""janitor"""
"00644f24",8,"""macca"""
"00644f38",8,"""claude"""
"00644f4c",8,"""pulaski"""
"00644f60",8,"""sindaco"""
"00644f9c",8,"""ryder"""
"00644fc4",8,"""cesar"""
"00644fd8",8,"""truth"""
"00644fec",8,"""tbone"""
"00645000",8,"""tenpen"""
"00645064",8,"""jethro"""
"00645078",8,"""sweet"""
"006450dc",8,"""torino"""
"00646850",13,"""PED_TYPE_GEN"""
"00646860",13,"""PED_TYPE_EMG"""
"00646870",16,"""PED_TYPE_PLAYER"""
"00646880",14,"""PED_TYPE_GANG"""
"00646890",13,"""PED_TYPE_GFD"""
"006468a0",13,"""PED_TYPE_SPC"""
"006468c8",12,"""hoodyagreen"""
"006468d8",12,"""shirtbgang"""
"006468e8",12,"""tracktrgang"""
"006468f8",12,"""denimsgang"""
"00646908",12,"""bandgang"""
"00646918",12,"""capgangback"""
"00646928",12,"""capgangside"""
"00646938",12,"""capgangover"""
"00646948",12,"""capgangup"""
"00646958",12,"""bandred3"""
"00646968",12,"""bandblue3"""
"00646978",12,"""bandgang3"""
"00646988",12,"""bandblack3"""
"0064a2b0",20,"""CVBuildingDNUVAPipe"""
"0064a350",18,"""CVBuildingUVAPipe"""
"0064a380",20,"""MODELS\\CINFO.BIN"""
"0064a4e0",12,"""MODELS\\TXD\\"""
"0064a500",12,"""loadscuk"""
"0064a510",12,"""loadsc%d"""
"0064a8a0",12,"""shortskhaki"""
"0064a8b0",12,"""flipflop"""
"0064a8c0",12,"""flipflop"""
"0064a8d0",16,"""glasses04dark"""
"0064a8e0",12,"""glasses04"""
"0064a970",12,"""legsheart"""
"0064a980",12,"""timberhike"""
"0064a990",12,"""grouchos"""
"0064a9a0",12,"""hairpink"""
"0064a9d8",12,"""timberfawn"""
"0064a9e8",12,"""captruck"""
"0064a9f8",12,"""captruck"""
"0064aa08",12,"""countrytr"""
"0064aa18",12,"""countrytr"""
"0064aa60",8,"""ALDEA"""
"0064aa98",8,"""SUNMA"""
"0064aaa8",8,"""BEACO"""
"0064ab20",8,"""DILLI"""
"0064aba0",8,"""FALLO"""
"0064abc0",8,"""FLINTC"""
"0064abc8",8,"""FLINTI"""
"0064abd0",8,"""FLINTR"""
"0064abe0",8,"""CARSO"""
"0064abe8",8,"""SILLY"""
"0064ac58",8,"""QUARY"""
"0064acb0",8,"""BARRA"""
"0064acd8",8,"""PROBE"""
"0064ace8",8,"""LINDEN"""
"0064ad40",8,"""MARKST"""
"0064ad60",8,"""MONINT"""
"0064ad68",8,"""MTCHI"""
"0064ad78",8,"""MULINT"""
"0064ad98",8,"""OCTAN"""
"0064ae68",8,"""CREEK"""
"0064ae70",8,"""SHERR"""
"0064aee0",8,"""PANOP"""
"0064af08",8,"""ROBAD"""
"0064af10",8,"""UNITY"""
"0064af18",8,"""VALLE"""
"0064af60",8,"""YELLOW"""
"0064af80",8,"""SAN_AND"""
"0064afa8",8,"""STRIP"""
"0064b068",8,"""CONST1"""
"0064b6d0",16,"""MemoryHeap.cpp"""
"0064b6e0",24,"""ASSERT File:%s Line:%d\n"""
"0064b6f8",16,"""MemoryHeap.cpp"""
"0064b710",24,"""ASSERT File:%s Line:%d\n"""
"0064e070",68,"""@@(#)$Id: //RenderWare/RW36Active/rwsdk/src/plcore/babinary.c#1 $"""
"0064e128",68,"""@@(#)$Id: //RenderWare/RW36Active/rwsdk/src/plcore/bamatrix.c#1 $"""
"0064e180",25,"""Invalid combination type"""
"0064e1a0",60,"""@@(#)$Id: //RenderWare/RW36Active/rwsdk/src/bacamera.c#2 $"""
"0064e1e0",34,"""Invalid projection type specified"""
"0064e210",60,"""@@(#)$Id: //RenderWare/RW36Active/rwsdk/src/badevice.c#2 $"""
"0064e250",40,"""\nCore built at Sep  4 2003 06:47:49\n"""
"0064e278",28,"""Only rendering sub system"""
"0064e2b8",60,"""@@(#)$Id: //RenderWare/RW36Active/rwsdk/src/batextur.c#2 $"""
"0064e2f8",20,"""0123456789abcdef"""
"0064ee90",68,"""@@(#)$Id: //RenderWare/RW36Active/rwsdk/driver/sky2/skyblit.c#1 $"""
"0064f120",68,"""@@(#)$Id: //RenderWare/RW36Active/rwsdk/driver/sky2/skyconv.c#1 $"""
"0064f358",68,"""@@(#)$Id: //RenderWare/RW36Active/rwsdk/driver/sky2/skyinst.c#1 $"""
"0064f3c0",72,"""@@@@(#)$Id: //RenderWare/RW36Active/rwsdk/driver/sky2/texcache.c#1 $"""
"0064f4b0",68,"""@@(#)$Id: //RenderWare/RW36Active/rwsdk/src/pipe/p2/baim3d.c#1 $"""
"0064f598",68,"""@@(#)$Id: //RenderWare/RW36Active/rwsdk/src/pipe/p2/p2heap.c#1 $"""
"0064f5e0",36,"""Heap resized from %d to %d bytes"""
"0064f608",76,"""@@@@(#)$Id: //RenderWare/RW36Active/rwsdk/world/pipe/p2/sky2/fastim3d.c#1 $"""
"0064f658",20,"""FastIm3DTransform"""
"0064f670",80,"""@@@@(#)$Id: //RenderWare/RW36Active/rwsdk/world/pipe/p2/sky2/matinstance.c#1 $"""
"0064f7b0",76,"""@@@@(#)$Id: //RenderWare/RW36Active/rwsdk/world/pipe/p2/sky2/native.c#1 $"""
"0064f8c0",80,"""@@@@(#)$Id: //RenderWare/RW36Active/rwsdk/world/pipe/p2/sky2/ps2allatomic.c#1 $"""
"0064f928",80,"""@@@@(#)$Id: //RenderWare/RW36Active/rwsdk/world/pipe/p2/sky2/ps2allim3d.c#2 $"""
"0064f990",80,"""@@@@(#)$Id: //RenderWare/RW36Active/rwsdk/world/pipe/p2/sky2/ps2allmat.c#1 $"""
"0064f9e0",124,"""PS2AllMatProcessInitData; cluster %s has both CL_ATTRIB_REQUIRED and CL_ATTRIB_PLACEHOLDER set in its attributes - illegal!"""
"0064fa60",140,"""PS2AllMatProcessInitData; cluster %s has both (CL_ATTRIB_READ or CL_ATTRIB_WRITE) and CL_ATTRIB_OPAQUE set, these are mutually incompatible"""
"0064faf0",140,"""PS2AllMatProcessInitData; user clusters must have attributes set to CL_ATTRIB_PLACEHOLDER or CL_ATTRIB_WRITE or they will have no effect!"""
"0064fb80",200,"""PS2AllMatProcessInitData; non-user clusters with CL_ATTRIB_DONTFILL attributes must also have either CL_ATTRIB_PLACEHOLDER or CL_ATTRIB_WRITE attributes, or uninitialised junk will be uploaded to VU1"""
"0064fc48",12,"""!UNKNOWN!"""
"0064fc58",68,"""PS2AllMatProcessInitData; %s cluster has unrecognised attributes"""
"0064fd08",80,"""@@@@(#)$Id: //RenderWare/RW36Active/rwsdk/world/pipe/p2/sky2/ps2allsector.c#2 $"""
"0064fd70",76,"""@@@@(#)$Id: //RenderWare/RW36Active/rwsdk/world/pipe/p2/sky2/wrldpipe.c#1 $"""
"0064fdc0",20,"""PS2 material pipes"""
"0064fdd8",20,"""PS2 sector pipes"""
"0064fdf0",20,"""PS2 stomic pipes"""
"0064fe08",64,"""@@(#)$Id: //RenderWare/RW36Active/rwsdk/tool/quat/rtquat.c#1 $"""
"0064fe48",25,"""Invalid combination type"""
"0064fe70",72,"""@@@@(#)$Id: //RenderWare/RW36Active/rwsdk/plugin/matfx/rpmatfx.c#1 $"""
"0064ff80",84,"""@@@@(#)$Id: //RenderWare/RW36Active/rwsdk/plugin/matfx/sky2/effectpipesdriver.c#1 $"""
"00650450",28,"""Memory allocation failure"""
"00650470",28,"""Memory allocation failure"""
"00650490",28,"""Memory allocation failure"""
"006509f8",12,"""LookAbout"""
"00650a08",8,"""HandsUp"""
"00650a18",12,"""ScratchHead"""
"00650a28",8,"""Cower"""
"00651138",16,"""HitFromRight"""
"00651148",12,"""HitFromLeft"""
"00651158",12,"""HitFromBack"""
"00651168",16,"""HitFromFront"""
"00651248",8,"""HitWall"""
"00651250",16,"""HitFromBehind"""
"00652018",64,"""@@@@(#)$Id: //RenderWare/dev/rwsdk/plugin/hanim/stdkey.c#27 $"""
"00652068",68,"""@@@@(#)$Id: //RenderWare/dev/rwsdk/plugin/uvanim/rpuvanim.c#18 $"""
"00652420",37,"""sceCdCbfunc= %d sceCdCbfunc_num= %d\n"""
"00652448",20,"""SceCdCallbackThread"""
"00652460",14,"""SceCdNcmdSema"""
"00652470",16,"""SceCdScmdSema"""
"00652480",16,"""SceCdRcmdSema"""
"00652490",20,"""SceCdCallbackSema"""
"006524a8",32,"""Libcdvd bind err CdSearchFile\n"""
"006524c8",23,"""ee call cmd search %s\n"""
"006524e0",16,"""search name %s\n"""
"006524f0",16,"""search size %d\n"""
"00652500",20,"""search loc lbn %d\n"""
"00652518",39,"""Ncmd fail sema cur_cmd:%d keep_cmd:%d\n"""
"00652540",24,"""Libcdvd bind err N CMD\n"""
"00652558",12,"""N cmd wait\n"""
"00652568",12,"""S cmd wait\n"""
"00652578",39,"""Scmd fail sema cur_cmd:%d keep_cmd:%d\n"""
"006525a0",24,"""Libcdvd bind err S cmd\n"""
"006525b8",32,"""Libcdvd bind err %d CD_Init %d\n"""
"006525d8",16,"""Libcdvd Exit\n"""
"006525e8",20,"""OLD DiskReady Call\n"""
"00652600",32,"""Libcdvd bind err CdDiskReady\n"""
"00652620",20,"""DiskReady ended\n"""
"00652638",20,"""NEW DiskReady Call\n"""
"00652650",36,"""sceCdChgSys: Illegal_function_call\n"""
"00653138",36,"""libpad: tPadDma Structure Invalid\n"""
"00653160",36,"""libpad: Module version mismatch """
"00653188",40,"""[libpad.a = %d.%d, padman.irx = %d.%d]\n"""
"006531b0",28,"""libpad: sceSifSetDma faild\n"""
"006531d0",48,"""libpad: buffer addr is not 64 byte align. %08x\n"""
"00653200",44,"""libpad: pad port is already open [%d][%d]\n"""
"00653230",6,"""ERROR"""
"00653238",7,"""STABLE"""
"00653240",8,"""EXECCMD"""
"00653248",9,"""FINDCTP1"""
"00653260",11,"""DISCONNECT"""
"00653278",7,"""FAILED"""
"00653280",9,"""COMPLETE"""
"00653290",12,"""rom0:ROMVER"""
"006532b0",16,"""sceMc_sema_regs"""
"006532c0",20,"""sceMc_sema_timer"""
"006532d8",20,"""bind error libmc \n"""
"006532f0",40,"""libmc: too old release of mcserv.irx\n"""
"00653318",40,"""libmc: too old release of mcman.irx\n"""
"00653340",32,"""sceMcUdCheckNewCard RPC faild\n"""
"00653fb0",34,"""## internel error in libkernl.a!\n"""
"00653fd8",19,"""SceKerneltopThread"""
"00653ff0",24,"""SceKernelDelayThread"""
"00654008",40,"""TTY: packet size larger than expect\n"""
"00654030",20,"""TTY: receive error"""
"00654048",20,"""TTY: send err %d\n"""
"00654060",24,"""TTY: err ti->wlen=%08x\n"""
"006540ae",22,""".A0123456789abcdef"""
"006540c8",20,"""0123456789ABCDEF"""
"00654248",13,"""SceSifrpcGod"""
"00654258",14,"""SceSifrpcBind"""
"00654268",14,"""SceSifrpcCall"""
"00654280",16,"""SceStdioIobSema"""
"00654308",16,"""SceStdioFioSema"""
"00654320",20,"""SceStdioOpenSema"""
"00654338",20,"""SceStdioCloseSema"""
"00654350",20,"""SceStdioLseekSema"""
"00654368",20,"""SceStdioReadSema"""
"00654380",20,"""SceStdioWriteSema"""
"00654398",20,"""SceStdioIoctlSema"""
"006543b0",20,"""SceStdioIoctl2Sema"""
"006543c8",20,"""SceStdioCCodeSema"""
"006543e0",20,"""SceStdioMkdirSema"""
"006543f8",20,"""SceStdioFormatSema"""
"00654410",20,"""SceStdioAddDrvSema"""
"00654428",20,"""SceStdioDcloseSema"""
"00654440",20,"""SceStdioDreadSema"""
"00654458",20,"""SceStdioGetstatSema"""
"00654470",20,"""SceStdioChstatSema"""
"00654488",20,"""SceStdioRenameSema"""
"006544a0",20,"""SceStdioSyncSema"""
"006544b8",20,"""SceStdioMountSema"""
"006544d0",20,"""SceStdioLseek64Sema"""
"006544e8",20,"""SceStdioDevctlSema"""
"00654500",20,"""SceStdioSymlinkSema"""
"00654518",24,"""SceStdioReadlinkSema"""
"00654542",9,"""m0:UDNL """
"00654550",25,"""too long parameter '%s'\n"""
"00654570",55,"""# TLB spad=0 kernel=1:%d default=%d:%d extended=%d:%d\n"""
"006545a8",20,"""# TLB over flow (1)"""
"006545c0",20,"""# TLB over flow (2)"""
"006545d8",20,"""# TLB over flow (3)"""
"006545f0",14,"""SceKernelLibc"""
"00654600",16,"""SceKernelLibcEh"""
"00654618",12,"""rom0:ROMVER"""
"00654628",52,"""sceGsDefDispEnv:Not support displaymode for 0x%x!!\n"""
"00654660",47,"""sceGsPutDrawEnv: DMA Ch.2 does not terminate\r\n"""
"00654690",45,"""sceGsSyncPath: DMA Ch.1 does not terminate\r\n"""
"006546c0",16,"""\t<D1_CHCR=%08x:"""
"006546d0",14,"""D1_TADR=%08x:"""
"006546e0",14,"""D1_MADR=%08x:"""
"006546f0",15,"""D1_QWC=%08x>\r\n"""
"00654700",16,"""\t<D2_CHCR=%08x:"""
"00654710",14,"""D2_TADR=%08x:"""
"00654720",14,"""D2_MADR=%08x:"""
"00654730",15,"""D2_QWC=%08x>\r\n"""
"00654740",18,"""\t<VIF1_STAT=%08x:"""
"00654758",17,"""GIF_STAT=%08x>\r\n"""
"00654770",45,"""sceGsSyncPath: DMA Ch.2 does not terminate\r\n"""
"006547a0",41,"""sceGsSyncPath: VIF1 does not terminate\r\n"""
"006547d0",40,"""sceGsSyncPath: VU1 does not terminate\r\n"""
"006547f8",40,"""sceGsSyncPath: GIF does not terminate\r\n"""
"00654820",40,"""sceGsSetDefLoadImage: too big size\r\n"""
"00654940",50,"""sceGsExecLoadImage: DMA Ch.2 does not terminate\r\n"""
"00654980",51,"""sceGsExecStoreImage: DMA Ch.1 does not terminate\r\n"""
"006549b8",45,"""sceGsExecStoreImage: GS does not terminate\r\n"""
"006549e8",61,"""sceGsExecStoreImage: DMA Ch.1 (GS->MEM) does not terminate\r\n"""
"00654a28",54,"""sceGsExecStoreImage: Enough data does not reach VIF1\n"""
"00654b50",22,"""libdma: sync timeout\n"""
"00654cd0",12,"""Infinity"""
"00654f6f",37,"""?                0000000000000000Inf"""
"00654fa0",20,"""0123456789abcdef"""
"00654fc0",20,"""0123456789ABCDEF"""
"00654fd8",28,"""bug in vfprintf: bad base"""
"00663db8",8,"""WF_Ride"""
"00663dc0",8,"""WF_Left"""
"00663dc8",8,"""WF_Back"""
"00663dd0",7,"""WF_Fwd"""
"00663dd8",7,"""WF_hit"""
"00663de0",8,"""BMX_fwd"""
"00663de8",8,"""MTB_fwd"""
"00663e10",7,"""HitA_1"""
"00663e18",7,"""HitA_2"""
"00663e20",7,"""HitA_3"""
"00663e28",7,"""HitB_1"""
"00663e30",7,"""HitB_2"""
"00663e38",7,"""HitB_3"""
"00663e40",7,"""HitC_1"""
"00663e48",7,"""HitC_2"""
"00663e50",7,"""HitC_3"""
"00663e58",7,"""HitD_1"""
"00663e60",7,"""HitD_2"""
"00663e68",7,"""HitD_3"""
"00663e70",6,"""Bat_1"""
"00663e78",6,"""Bat_2"""
"00663e80",6,"""Bat_3"""
"00663e88",6,"""Bat_4"""
"00663e90",8,"""knife_1"""
"00663e98",8,"""knife_2"""
"00663ea0",8,"""knife_3"""
"00663ea8",8,"""knife_G"""
"00663eb0",8,"""sword_1"""
"00663eb8",8,"""sword_2"""
"00663ec0",8,"""sword_3"""
"00663ec8",8,"""sword_4"""
"00663ed0",8,"""Dildo_1"""
"00663ed8",8,"""Dildo_2"""
"00663ee0",8,"""Dildo_3"""
"00663ee8",8,"""Dildo_G"""
"00663ef0",8,"""Dildo_1"""
"00663ef8",7,"""CSaw_1"""
"00663f00",7,"""CSaw_2"""
"00663f08",7,"""CSaw_3"""
"00663f10",7,"""CSaw_G"""
"00663f18",7,"""bather"""
"00663f20",7,"""leanIN"""
"00663f28",8,"""leanOUT"""
"00663f30",7,"""LOU_In"""
"00663f38",8,"""LOU_Out"""
"00663f40",8,"""wash_up"""
"00663f58",8,"""stretch"""
"00663f68",6,"""shldr"""
"00663f70",7,"""strleg"""
"00663f78",8,"""strip_A"""
"00663f80",8,"""strip_B"""
"00663f88",8,"""strip_C"""
"00663f90",8,"""strip_D"""
"00663f98",8,"""strip_E"""
"00663fa0",8,"""strip_F"""
"00663fa8",8,"""strip_G"""
"00663fb0",7,"""gsign1"""
"00663fb8",7,"""gsign2"""
"00663fc0",7,"""gsign3"""
"00663fc8",7,"""gsign4"""
"00663fd0",7,"""gsign5"""
"00663fd8",8,"""fatwalk"""
"00663fe0",7,"""fatrun"""
"00663fe8",8,"""fatidle"""
"00663ff0",8,"""fatidle"""
"00663ff8",8,"""fatwalk"""
"00664000",7,"""fatrun"""
"00664008",7,"""fatrun"""
"00664010",8,"""fatidle"""
"00664018",8,"""fatidle"""
"006642e0",8,"""wf_kick"""
"00664b40",8,"""Spine1"""
"00664b48",8,"""Spine"""
"00664b50",8,"""Pelvis"""
"00664b78",8,"""R Hand"""
"00664b80",8,"""L Hand"""
"00664b88",8,"""L Thigh"""
"00664b98",8,"""L Foot"""
"00664ba8",8,"""R Thigh"""
"00664bb8",8,"""R Foot"""
"00664bc8",8,"""Belly"""
"00664bf8",8,"""CDERROR"""
"00664c08",8,"""handman"""
"00664c5f",9,"""?lockon"""
"00664c68",8,"""lockonA"""
"00664c80",8,"""UNARMED"""
"00664c88",6,"""KNIFE"""
"00664c90",7,"""SHOVEL"""
"00664c98",8,"""POOLCUE"""
"00664ca0",7,"""KATANA"""
"00664ca8",7,"""DILDO1"""
"00664cb0",7,"""DILDO2"""
"00664cb8",6,"""VIBE1"""
"00664cc0",6,"""VIBE2"""
"00664cc8",8,"""FLOWERS"""
"00664cd8",8,"""GRENADE"""
"00664ce0",8,"""TEARGAS"""
"00664ce8",8,"""MOLOTOV"""
"00664cf0",7,"""ROCKET"""
"00664cf8",7,"""PISTOL"""
"00664d00",8,"""SHOTGUN"""
"00664d08",8,"""SAWNOFF"""
"00664d10",7,"""SPAS12"""
"00664d38",8,"""MINIGUN"""
"00664d40",7,"""CAMERA"""
"00664d50",7,"""ARMOUR"""
"00664df8",8,"""nitro"""
"00664e00",8,"""nitro"""
"00664f20",8,"""seabd32"""
"00664f98",8,"""CDERROR"""
"00664fc0",8,"""MPNAME"""
"00665038",8,"""PLAYER1"""
"00665040",8,"""PLAYER2"""
"00665048",8,"""CIVMALE"""
"00665058",6,"""GANG1"""
"00665060",6,"""GANG2"""
"00665068",6,"""GANG3"""
"00665070",6,"""GANG4"""
"00665078",6,"""GANG5"""
"00665080",6,"""GANG6"""
"00665088",6,"""GANG7"""
"00665090",6,"""GANG8"""
"00665098",6,"""GANG9"""
"006650a0",7,"""GANG10"""
"006650a8",7,"""DEALER"""
"006650b0",6,"""MEDIC"""
"006650b8",8,"""FIREMAN"""
"006650c8",8,"""SPECIAL"""
"006650e8",8,"""Dislike"""
"006650f8",8,"""Respect"""
"00665120",8,"""CODEPLR"""
"00665140",8,"""COPSIT"""
"00665148",8,"""COPLOOK"""
"00665150",8,"""BROWSE"""
"00665158",8,"""DANCER"""
"00665168",8,"""PEDROUL"""
"00665170",8,"""PEDCARD"""
"00665178",8,"""PEDSLOT"""
"00665180",8,"""STRIPW"""
"00665188",8,"""STRIPM"""
"00665190",8,"""jogger"""
"006651e0",8,"""noname"""
"006651e8",8,"""script"""
"00665200",8,"""main.sc"""
"00665210",8,"""script"""
"00665218",8,"""player"""
"006653e8",8,"""BUSTED"""
"00665468",8,"""CINCAM"""
"00665478",8,"""CINCAM"""
"00665488",8,"""CINCAM"""
"00665498",8,"""CINCAM"""
"006654a8",8,"""CINCAM"""
"00665648",6,"""arrow"""
"00665650",7,"""arrowA"""
"00665688",6,"""back2"""
"00665698",6,"""back3"""
"006656a8",6,"""back4"""
"006656b8",6,"""back5"""
"006656c8",6,"""back6"""
"006656d8",6,"""back7"""
"006656e8",6,"""back8"""
"00665728",8,"""FEA_MON"""
"00665748",8,"""FEM_OFF"""
"00665758",8,"""FEM_OFF"""
"00665768",8,"""FEM_OFF"""
"00665778",8,"""FEM_OFF"""
"00665788",8,"""FEM_OFF"""
"00665798",8,"""FEM_OFF"""
"006657a0",8,"""FEL_ENG"""
"006657a8",8,"""FEL_FRE"""
"006657b0",8,"""FEL_GER"""
"006657b8",8,"""FEL_ITA"""
"006657c0",8,"""FEL_SPA"""
"006657d8",8,"""FEM_OFF"""
"006657e8",8,"""FEM_OFF"""
"006657f8",8,"""FEC_INC"""
"00665808",8,"""FEM_OFF"""
"00665818",8,"""FEM_OFF"""
"00665828",8,"""FEM_OFF"""
"00665838",8,"""FEM_OFF"""
"00665880",8,"""EMPTY"""
"00665888",8,"""EMPTY"""
"00665890",8,"""EMPTY"""
"006658a8",8,"""FES_NOC"""
"006658b0",8,"""FES_NOF"""
"006658d0",8,"""FEH_GAL"""
"006658e8",8,"""FEH_GAL"""
"00665900",8,"""GAL_SES"""
"00665910",8,"""FEH_GAL"""
"00665920",8,"""FEH_GAL"""
"00665930",8,"""FEH_GAL"""
"00665980",8,"""FEH_GAL"""
"00665990",8,"""RESTART"""
"006659a8",8,"""CODEWAY"""
"006659b0",8,"""FEP_OPT"""
"006659e8",8,"""FEM_OFF"""
"006659f8",8,"""FEM_OFF"""
"00665a08",8,"""FEM_OFF"""
"00665a18",8,"""FEM_OFF"""
"00665a28",8,"""FEM_OFF"""
"00665a38",8,"""FEM_OFF"""
"00665a48",8,"""FEM_OFF"""
"00665a58",8,"""FEM_OFF"""
"00665a68",8,"""FEM_OFF"""
"00665a78",8,"""FEM_OFF"""
"00665a88",8,"""FEH_GAL"""
"00665aa8",8,"""EMPTY"""
"00665ab8",8,"""FEH_GAL"""
"00665ac0",8,"""FES_DEE"""
"00665ac8",8,"""FEH_GAL"""
"00665ad8",8,"""FEH_GAL"""
"00665af0",8,"""FEH_GAL"""
"00665af8",8,"""FES_DEE"""
"00665b00",8,"""FEH_GAL"""
"00665b18",8,"""EMPTY"""
"00665b20",8,"""FEH_GAL"""
"00665b30",8,"""FEH_GAL"""
"00665b40",8,"""FEH_GAL"""
"00665b60",8,"""FEH_GAL"""
"00665b70",8,"""FES_DEL"""
"00665b78",8,"""FES_DEE"""
"00665bc0",8,"""FES_CMP"""
"00665c00",8,"""CDERROR"""
"00665c30",8,"""FEC_LOF"""
"00665c50",8,"""FEC_MOV"""
"00665c58",8,"""FEC_STR"""
"00665c60",8,"""FEC_MOV"""
"00665c68",8,"""FEC_STR"""
"00665c98",8,"""FEC_GAM"""
"00665cb0",8,"""FEC_CAM"""
"00665cd8",8,"""FEC_TAR"""
"00665d38",8,"""FEC_USE"""
"00665d48",8,"""FEC_ATT"""
"00665d68",8,"""FEC_RUN"""
"00665d88",8,"""FEC_PAU"""
"00665da8",8,"""FEC_VES"""
"00665de0",8,"""FEC_CAM"""
"00665e18",8,"""FEC_GER"""
"00665e20",8,"""FEC_BRA"""
"00665e28",8,"""FEC_REV"""
"00665e50",8,"""FEC_ACC"""
"00665e60",8,"""FEC_THR"""
"00665e68",8,"""FEC_PAU"""
"00665e78",8,"""FES_LOE"""
"00665e80",8,"""FES_LOC"""
"00665e88",8,"""FES_LOE"""
"00665e90",8,"""FES_LOC"""
"00665eb0",8,"""FEM_RET"""
"00665ee0",8,"""FEM_RET"""
"00665ef8",8,"""RESTART"""
"00665f10",8,"""NOCONTE"""
"00666038",8,"""EMPTY"""
"00666048",8,"""EMPTY"""
"00666050",8,"""FEH_STA"""
"00666058",8,"""FEH_MAP"""
"00666060",8,"""FEH_LOA"""
"00666070",8,"""FEH_DIS"""
"00666078",8,"""FEH_GAL"""
"00666080",8,"""FEH_CON"""
"00666090",8,"""FEH_LOA"""
"006660a0",8,"""FEH_MAP"""
"006660a8",8,"""FEH_CON"""
"006660b8",8,"""FEH_GAL"""
"006660c0",8,"""FEH_DIS"""
"006660d0",8,"""FEH_MAP"""
"006660d8",8,"""FEH_STA"""
"006660e0",8,"""FEH_CON"""
"006660f0",8,"""FEH_GAL"""
"006660f8",8,"""FEH_DIS"""
"00666100",8,"""FEH_LOA"""
"00666108",8,"""FEH_LOA"""
"00666118",8,"""FEH_MAP"""
"00666120",8,"""FEH_STA"""
"00666128",8,"""FEH_CON"""
"00666138",8,"""FEH_GAL"""
"00666140",8,"""FEH_DIS"""
"00666168",8,"""RESTART"""
"006661a0",8,"""fonts"""
"006661d8",8,"""SYSTEM\\"""
"006661e0",8,"""SYSTEM\\"""
"006661e8",8,"""SYSTEM\\"""
"006661f0",8,"""SYSTEM\\"""
"006661f8",8,"""SYSTEM\\"""
"00666200",8,"""SYSTEM\\"""
"00666208",8,"""SYSTEM\\"""
"00666210",8,"""SYSTEM\\"""
"00666218",8,"""SYSTEM\\"""
"006662c0",8,"""NOTEAT"""
"006662d8",8,"""Objects"""
"006662f0",8,"""Event"""
"00666310",6,"""arrow"""
"00666610",8,"""CODEAIR"""
"00666648",8,"""RUBBER"""
"00666660",8,"""LOOSE"""
"00666678",8,"""DEFAULT"""
"00666680",8,"""SANDY"""
"00666698",8,"""SPARKS"""
"006666a8",8,"""SPARKS"""
"006666d0",8,"""DEFAULT"""
"006666d8",8,"""TARMAC"""
"006666e0",8,"""GRAVEL"""
"006666e8",8,"""MEADOW"""
"00666708",8,"""HEDGE"""
"00666710",8,"""GLASS"""
"00666728",8,"""GIRDER"""
"00666738",8,"""RUBBER"""
"00666740",8,"""PLASTIC"""
"00666748",8,"""CARPET"""
"00666750",8,"""P_SAND"""
"00666758",8,"""P_MARSH"""
"00666760",8,"""P_BUSHY"""
"00666778",8,"""BIN_BAG"""
"006667b8",8,"""generic"""
"006667c0",8,"""generic"""
"006667c8",8,"""generic"""
"006667d0",8,"""generic"""
"006667d8",8,"""generic"""
"006667e0",8,"""generic"""
"006667e8",8,"""generic"""
"006667f0",8,"""generic"""
"00666800",8,"""Shead"""
"00666808",8,"""SLhand"""
"00666810",8,"""SRhand"""
"00666830",8,"""chassis"""
"00666860",8,"""exhaust"""
"00666868",8,"""engine"""
"00666870",8,"""hookup"""
"00666878",8,"""ped_arm"""
"006668b8",8,"""chassis"""
"006668c0",8,"""rudder"""
"006668e8",8,"""exhaust"""
"006668f0",8,"""engine"""
"00666928",8,"""chassis"""
"00666930",8,"""rudder"""
"00666958",8,"""exhaust"""
"00666960",8,"""engine"""
"00666968",8,"""hookup"""
"00666970",8,"""ped_arm"""
"006669a8",8,"""chassis"""
"006669b0",8,"""loadbay"""
"006669c0",8,"""exhaust"""
"006669c8",8,"""engine"""
"006669d0",8,"""hookup"""
"006669d8",8,"""ped_arm"""
"00666a10",8,"""chassis"""
"00666a28",8,"""exhaust"""
"00666a30",8,"""engine"""
"00666a38",8,"""hookup"""
"00666a40",8,"""ped_arm"""
"00666aa8",8,"""exhaust"""
"00666ab0",8,"""engine"""
"00666ac0",8,"""topknot"""
"00666ad8",8,"""exhaust"""
"00666ae0",8,"""engine"""
"00666ae8",8,"""hookup"""
"00666af0",8,"""bargrip"""
"00666b28",8,"""pedal_r"""
"00666b30",8,"""pedal_l"""
"00666b38",8,"""exhaust"""
"00666b40",8,"""engine"""
"00666b48",8,"""hookup"""
"00666b50",8,"""bargrip"""
"00666b88",8,"""chassis"""
"00666ba8",8,"""exhaust"""
"00666bb0",8,"""engine"""
"00666bb8",8,"""hookup"""
"00666bc0",8,"""ped_arm"""
"00666bf8",8,"""remap"""
"00666c50",8,"""boat_hi"""
"00666c87",9,"""?white"""
"00666ca8",8,"""SAN_AND"""
"00666cb0",8,"""SAN_AND"""
"00666cb8",8,"""THEMAP"""
"00666cc0",8,"""THEMAP"""
"00666d48",8,"""BUSTED"""
"00666d80",8,"""fonts"""
"00666de0",8,"""FEH_STA"""
"00666de8",8,"""FEH_STA"""
"00666eb0",8,"""CDERROR"""
"00666eb8",8,"""generic"""
"00667130",8,"""INSTUN"""
"00667138",8,"""PRINST"""
"00667140",8,"""DBINST"""
"00667150",8,"""TRINST"""
"00667158",8,"""PRTRST"""
"00667160",8,"""QUINST"""
"006671f0",8,"""ST_PR16"""
"00667238",8,"""WS_PRO"""
"00667240",8,"""WS_POOR"""
"00667260",8,"""FEST_OO"""
"00667268",8,"""FEST_OO"""
"00667270",8,"""FEST_OO"""
"006672c0",8,"""ST_MILE"""
"006672c8",8,"""%d %s"""
"006672d0",8,"""ST_SECS"""
"00667380",8,"""PROP_1"""
"00667398",8,"""SN_ALL"""
"006673a0",8,"""SN_ONE"""
"006673b8",8,"""HO_ALL"""
"006673c0",8,"""HO_ONE"""
"006674a0",8,"""lunar"""
"006674a8",8,"""lunarm"""
"00667798",8,"""script"""
"006677a8",8,"""script"""
"006677b0",8,"""script"""
"00667ba0",8,"""Normal"""
"00667c18",8,"""generic"""
"00667c20",8,"""procobj"""
"00667c28",8,"""int_la"""
"00667c38",8,"""int_veg"""
"00667c40",8,"""props"""
"00667c48",8,"""props2"""
"00667c50",8,"""stadint"""
"00667c58",8,"""LOADCOL"""
"00667cf0",8,"""CDERROR"""
"00667cf8",8,"""CDERROR"""
"00667d08",8,"""BLOCK"""
"00667d28",8,"""remap"""
"00667d30",8,"""remap"""
"00667d58",8,"""Flame"""
"00667d60",8,"""teargas"""
"00667dc0",8,"""stereo"""
"00667e20",8,"""Write"""
"00667e78",8,"""ghands"""
"00667e90",8,"""UNARMED"""
"00667ea0",8,"""SWORD"""
"00667eb0",8,"""FLOWERS"""
"00667f00",8,"""beach"""
"00667f08",8,"""beach"""
"00667f30",8,"""PhoneIn"""
"00667ff0",8,"""%c%d %s"""
"00668018",8,"""vehicle"""
"00668058",8,"""strip2"""
"00668060",8,"""LAstrip"""
"00668070",8,"""TRICAS"""
"00668078",8,"""POLICE1"""
"00668080",8,"""POLICE2"""
"00668088",8,"""POLICE3"""
"00668090",8,"""POLICE4"""
"006680c0",8,"""hands"""
"006680d8",8,"""watch"""
"006680e0",8,"""glasses"""
"00668130",8,"""ignore"""
"00668148",8,"""TAG_ALL"""
"00668150",8,"""TAG_ONE"""
"006681df",9,"""Bjetpack"""
"006681e8",8,"""jetpack"""
"00668218",8,"""generic"""
"00668230",8,"""stadint"""
"00668238",8,"""int_la"""
"00668248",8,"""int_veg"""
"00668250",8,"""_stream"""
"00668258",8,"""LOADCOL"""
"00668260",8,"""gangs"""
"00668268",8,"""gangs"""
"00668270",8,"""gangs"""
"00668278",8,"""exhale"""
"00668288",8,"""gangs"""
"00668290",8,"""gangs"""
"00668298",8,"""gangs"""
"006682a0",8,"""exhale"""
"006682a8",8,"""gangs"""
"006682b0",8,"""gangs"""
"006682b8",8,"""gangs"""
"006682c0",8,"""gangs"""
"006682c8",8,"""gangs"""
"006682d0",8,"""gangs"""
"006682d8",8,"""gangs"""
"006682e0",8,"""gangs"""
"006682e8",8,"""gangs"""
"006682f0",8,"""gangs"""
"006682f8",8,"""gangs"""
"00668300",8,"""gangs"""
"00668308",8,"""gangs"""
"00668310",8,"""gangs"""
"00668318",8,"""gangs"""
"00668320",8,"""gangs"""
"00668328",8,"""gangs"""
"00668330",8,"""gangs"""
"00668390",8,"""gangs"""
"00668398",8,"""gangs"""
"006683a0",8,"""gangs"""
"006683a8",8,"""gangs"""
"006683b8",8,"""CarMods"""
"006683c0",8,"""Clothes"""
"006683c8",8,"""Tattoos"""
"006683d0",6,"""Gifts"""
"006683e0",8,"""Weapons"""
"006683f0",8,"""respect"""
"00668400",8,"""health"""
"00668408",8,"""stamina"""
"00668418",8,"""prices"""
"00668448",8,"""prices"""
"00668480",8,"""bought"""
"00668490",8,"""shops"""
"006684c0",8,"""section"""
"006684d0",8,"""section"""
"00668500",7,"""UVAnim"""
"00668530",8,"""house"""
"00668548",8,"""REWARD"""
"006688ce",10,"""HChockey"""
"006688d8",8,"""capgang"""
"00668910",8,"""FEA_NON"""
"00668920",8,"""FEA_NON"""
"00668d58",8,"""CHEAT1"""
"00668d68",8,"""shorts"""
"00668d70",8,"""gimpleg"""
"00668d78",8,"""gimpleg"""
"00668da0",8,"""groucho"""
"00669568",8,"""CRED256"""
"0066a0a0",8,"""config"""
"0066a0a8",8,"""system"""
"0066a0c8",8,"""generic"""
"0066a0d0",8,"""fonts"""
"0066a100",8,"""cross"""
"0066a108",8,"""crossA"""
"0066a110",8,"""circle"""
"0066a118",8,"""circleA"""
"0066a120",8,"""square"""
"0066a128",8,"""squareA"""
"0066a158",8,"""right"""
"0066a160",8,"""rightA"""
"0066a1a8",8,"""siteM16"""
"0066a1f0",8,"""%s %d"""
"0066a1f8",8,"""Cop.ped"""
"0066a240",8,"""memory"""
"0066a248",8,"""pe_topy"""
"0066a270",8,"""MELEE"""
"0066a278",8,"""CAMERA"""
"0066a2b0",8,"""%s %s"""
"0066a2e0",8,"""%s %s"""
"0066a2e8",8,"""%s %s"""
"0066a308",8,"""%s %d"""
"0066a318",8,"""%s %d"""
"0066a328",8,"""%s %d"""
"0066a330",8,"""%s %s"""
"0066a388",8,"""%s %s"""
"0066a390",8,"""%s %s"""
"0066a398",8,"""%s %s"""
"0066a3a0",8,"""%s %s"""
"0066a3a8",8,"""%s %s"""
"0066a3b0",8,"""%s %d"""
"0066a3b8",8,"""%s %d"""
"0066a3c0",8,"""%s %d"""
"0066a3c8",8,"""%s %d"""
"0066a3d8",8,"""%s %d"""
"0066a3e0",8,"""%s %d"""
"0066a3e8",8,"""%s %d"""
"0066a3f0",8,"""%s %d"""
"0066a3f8",8,"""%s %d"""
"0066a400",8,"""%s %d"""
"0066a408",8,"""%s %d"""
"0066a410",8,"""%s %d"""
"0066a418",8,"""%s %d"""
"0066a420",8,"""%s %d"""
"0066a428",8,"""%s %d"""
"0066a430",8,"""%s %d"""
"0066a438",8,"""%s %d"""
"0066a440",8,"""%s %d"""
"0066a448",8,"""%s %d"""
"0066a450",8,"""%s %d"""
"0066a458",8,"""%s %d"""
"0066a460",8,"""%s %d"""
"0066a468",8,"""%s %d"""
"0066a470",8,"""%s %d"""
"0066a478",8,"""%s %d"""
"0066a480",8,"""%s %d"""
"0066a488",8,"""%s %d"""
"0066a498",8,"""%s %d"""
"0066a4a0",8,"""%s %d"""
"0066a4c8",8,"""%s %d"""
"0066a4d0",8,"""%s %d"""
"0066a4f8",8,"""%s %d"""
"0066a500",8,"""%s %d"""
"0066a528",8,"""%s %d"""
"0066a530",8,"""%s %d"""
"0066a5b8",8,"""%s %s"""
"0066a5c8",8,"""IT_SHOP"""
"0066a5d0",8,"""IT_MISC"""
"0066a5f8",8,"""bomber"""
"0066a600",8,"""CAR_sit"""
"0066a608",8,"""DRIVE_L"""
"0066a610",8,"""Drive_R"""
"0066a638",8,"""Getup"""
"0066a640",8,"""Getup"""
"0066a648",8,"""Getup"""
"0066a650",8,"""EV_step"""
"0066a658",8,"""EV_dive"""
"0066a670",8,"""DROWN"""
"0066a678",8,"""handsup"""
"0066a688",8,"""SEAT_up"""
"0066a6a8",8,"""factalk"""
"0066a6c0",8,"""OctTree"""
"0066a6e8",8,"""hands"""
"0066a790",8,"""watch"""
"0066a798",8,"""glasses"""
"0066a808",8,"""normal"""
"0066a818",8,"""ripped"""
"0066a820",8,"""normal"""
"0066a858",8,"""COLFILE"""
"0066a868",8,"""SPLASH"""
"0066a880",8,"""vehicle"""
"0066a888",8,"""vehicle"""
"0066a898",8,"""mtruck"""
"0066a8b0",8,"""plane"""
"0066a8c0",8,"""train"""
"0066a8d0",8,"""f_plane"""
"0066a8e8",8,"""trailer"""
"0066a8f0",8,"""normal"""
"0066a8f8",8,"""worker"""
"0066a910",8,"""moped"""
"0066a918",8,"""bicycle"""
"0066a920",8,"""ignore"""
"0066a928",8,"""%s %s"""
"0066a950",8,"""Money"""
"0066a958",8,"""barrel1"""
"0066a960",8,"""barrel2"""
"0066a970",8,"""health"""
"0066a978",8,"""bonus"""
"0066a980",8,"""bribe"""
"0066a988",8,"""2player"""
"0066a9a8",8,"""Money"""
"0066a9d0",8,"""turtle"""
"0066a9d8",8,"""dolphin"""
"0066a9e0",8,"""shark"""
"0066a9e8",8,"""lotion"""
"0066a9f0",8,"""barrel4"""
"0066aa00",8,"""flare"""
"0066aa08",8,"""stereo"""
"0066aa38",8,"""vehicle"""
"0066aa40",8,"""vehicle"""
"0066aa60",8,"""wheel"""
"0066aa70",8,"""stereo"""
"0066aa78",8,"""stereo"""
"0066aa88",8,"""vehicle"""
"0066aa90",8,"""SCRIPTS"""
"0066aa98",8,"""POOLS"""
"0066aaa0",8,"""GARAGES"""
"0066aab0",8,"""PICKUPS"""
"0066aab8",8,"""RESTART"""
"0066aac0",8,"""RADAR"""
"0066aac8",8,"""ZONES"""
"0066aad0",8,"""GANGS"""
"0066aad8",8,"""STATS"""
"0066ab00",8,"""MPACKID"""
"0066ab40",8,"""SLONDR"""
"0066ac10",8,"""MPACKID"""
"0066ad78",8,"""DESERT1"""
"0066ad80",8,"""DESERT2"""
"0066ad88",8,"""DESERT3"""
"0066ad90",8,"""DESERT4"""
"0066ada0",8,"""DESERT8"""
"0066adc8",8,"""EPILOG"""
"0066ae90",8,"""PROLOG1"""
"0066ae98",8,"""PROLOG2"""
"0066aea0",8,"""PROLOG3"""
"0066af08",8,"""SCRASH1"""
"0066af10",8,"""SCRASH2"""
"0066af48",8,"""STEAL_1"""
"0066af50",8,"""STEAL_2"""
"0066b0d8",8,"""finale"""
"0066b100",8,"""model"""
"0066b110",8,"""attach"""
"0066b118",8,"""remove"""
"0066b120",8,"""peffect"""
"0066b130",8,"""offset"""
"0066b180",8,"""csplay"""
"0066b198",8,"""%s.DAT"""
"0066b1a0",8,"""finale"""
"0066b1a8",8,"""finale"""
"0066b1b0",8,"""finale"""
".comment::00000000",30,"u8""MW MIPS C Compiler (2.4.1.01)"""
".comment::0000001e",13,"u8""PlayStation2"""
".shstrtab::00000001",10,"u8"".shstrtab"""
".shstrtab::0000000b",8,"u8"".strtab"""
".shstrtab::00000013",8,"u8"".symtab"""
".shstrtab::0000001b",9,"u8"".comment"""
".shstrtab::00000024",9,"u8"".reginfo"""
"_elfHeader::00000001",3,"""ELF"""
